#VRML V2.0 utf8


Group {
  children 
    DEF o0 Group {
      children 
        DEF o1 Group {
          children 
            DEF o2 Transform {
              translation -0 -0 -0
              rotation 0 0 1  0
              scale 1 1 1
              scaleOrientation 0 0 1  0
              center 0 0 0
              children 
                DEF o3 Group {
                  children [ 
                    DEF o4 Group {
                      children 
                        DEF o5 Transform {
                          translation 0 0 0
                          rotation 0 0 1  0
                          scale 1 1 1
                          scaleOrientation 0 0 1  0
                          center 0 0 0

                        }

                    },
                      
                    DEF o6 Group {
                      children 
                        DEF o7 Transform {
                          translation 25.1 19.799999 16.1
                          rotation 0 0 1  0
                          scale 1 1 1
                          scaleOrientation 0 0 1  0
                          center 0 0 0

                        }

                    },
                      
                    DEF o8 Group {
                      children 
                        DEF o9 Transform {
                          translation 25.1 19.799999 16.1
                          rotation 0 0 1  0
                          scale 1 1 1
                          scaleOrientation 0 0 1  0
                          center 0 0 0

                        }

                    },
                      
                    DEF o10 Group {
                      children 
                        DEF o11 Transform {
                          translation 25.1 19.799999 16.1
                          rotation 0 0 1  0
                          scale 1 1 1
                          scaleOrientation 0 0 1  0
                          center 0 0 0

                        }

                    },
                      
                    DEF o12 Group {
                      children 
                        DEF o13 Transform {
                          translation 25.1 19.799999 16.1
                          rotation 0 0 1  0
                          scale 1 1 1
                          scaleOrientation 0 0 1  0
                          center 0 0 0

                        }

                    },
                      
                    DEF o14 Group {
                      children 
                        DEF o15 Transform {
                          translation 25.1 19.799999 16.1
                          rotation 0 0 1  0
                          scale 1 1 1
                          scaleOrientation 0 0 1  0
                          center 0 0 0

                        }

                    },
                      
                    DEF o16 Group {
                      children 
                        DEF o17 Transform {
                          translation 25.1 19.799999 16.1
                          rotation 0 0 1  0
                          scale 1 1 1
                          scaleOrientation 0 0 1  0
                          center 0 0 0

                        }

                    },
                      
                    DEF o18 Group {
                      children 
                        DEF o19 Transform {
                          translation 25.1 19.799999 16.1
                          rotation 0 0 1  0
                          scale 1 1 1
                          scaleOrientation 0 0 1  0
                          center 0 0 0
                          children 
                            DEF o20 Group {
                              children [ 
                                DEF o21 Group {
                                  children 
                                    DEF o22 Shape {
                                      appearance 
                                      Appearance {
                                        material 
                                        Material {
                                          emissiveColor 0.098039217 0.098039217 0.098039217

                                        }

                                      }
                                      geometry 
                                      PointSet {
                                        coord 
                                        Coordinate {
                                          point [ 2.9000001 0 0.2,
                                              2.9000001 0 6.8000002,
                                              1 -2.7221315 0.2,
                                              1.1491877 -2.6625867 0.2,
                                              1.2948495 -2.5948727 0.2,
                                              1.4365387 -2.5191977 0.2,
                                              1.5738204 -2.4357934 0.2,
                                              1.7062736 -2.3449159 0.2,
                                              1.8334917 -2.2468441 0.2,
                                              1.9550846 -2.1418786 0.2,
                                              2.0706789 -2.0303419 0.2,
                                              2.1799204 -1.9125758 0.2,
                                              2.2824738 -1.7889419 0.2,
                                              2.3780243 -1.6598192 0.2,
                                              2.466279 -1.5256042 0.2,
                                              2.5469668 -1.3867085 0.2,
                                              2.6198401 -1.2435582 0.2,
                                              2.6846759 -1.0965927 0.2,
                                              2.7412748 -0.9462626 0.2,
                                              2.789463 -0.79302937 0.2,
                                              2.8290932 -0.63736302 0.2,
                                              2.8600435 -0.47974122 0.2,
                                              2.8822188 -0.32064754 0.2,
                                              2.8955512 -0.1605701 0.2,
                                              1 -2.7221315 3.3,
                                              0.9504528 -2.7398248 3.3495471,
                                              0.90059274 -2.7566161 3.3994071,
                                              0.85043633 -2.7725003 3.4495637,
                                              0.80000001 -2.787472 3.5,
                                              0.65738088 -2.8245089 3.5,
                                              0.51306462 -2.8542538 3.5,
                                              0.3674238 -2.8766298 3.5,
                                              0.22083439 -2.8915796 3.5,
                                              0.073674865 -2.8990641 3.5,
                                              -0.073674865 -2.8990641 3.5,
                                              -0.22083439 -2.8915796 3.5,
                                              -0.3674238 -2.8766298 3.5,
                                              -0.51306462 -2.8542538 3.5,
                                              -0.65738088 -2.8245089 3.5,
                                              -0.80000001 -2.787472 3.5,
                                              -0.85043633 -2.7725003 3.4495637,
                                              -0.90059274 -2.7566161 3.3994071,
                                              -0.9504528 -2.7398248 3.3495471,
                                              -1 -2.7221315 3.3,
                                              -1 -2.7221315 0.2,
                                              -1 2.7221315 0.2,
                                              -1.1491877 2.6625867 0.2,
                                              -1.2948495 2.5948727 0.2,
                                              -1.4365387 2.5191977 0.2,
                                              -1.5738204 2.4357934 0.2,
                                              -1.7062736 2.3449159 0.2,
                                              -1.8334917 2.2468441 0.2,
                                              -1.9550846 2.1418786 0.2,
                                              -2.0706789 2.0303419 0.2,
                                              -2.1799204 1.9125758 0.2,
                                              -2.2824738 1.7889419 0.2,
                                              -2.3780243 1.6598192 0.2,
                                              -2.466279 1.5256042 0.2,
                                              -2.5469668 1.3867085 0.2,
                                              -2.6198401 1.2435582 0.2,
                                              -2.6846759 1.0965927 0.2,
                                              -2.7412748 0.9462626 0.2,
                                              -2.789463 0.79302937 0.2,
                                              -2.8290932 0.63736302 0.2,
                                              -2.8600435 0.47974122 0.2,
                                              -2.8822188 0.32064754 0.2,
                                              -2.8955512 0.1605701 0.2,
                                              -2.9000001 0 0.2,
                                              -2.8955512 -0.1605701 0.2,
                                              -2.8822188 -0.32064754 0.2,
                                              -2.8600435 -0.47974122 0.2,
                                              -2.8290932 -0.63736302 0.2,
                                              -2.789463 -0.79302937 0.2,
                                              -2.7412748 -0.9462626 0.2,
                                              -2.6846759 -1.0965927 0.2,
                                              -2.6198401 -1.2435582 0.2,
                                              -2.5469668 -1.3867085 0.2,
                                              -2.466279 -1.5256042 0.2,
                                              -2.3780243 -1.6598192 0.2,
                                              -2.2824738 -1.7889419 0.2,
                                              -2.1799204 -1.9125758 0.2,
                                              -2.0706789 -2.0303419 0.2,
                                              -1.9550846 -2.1418786 0.2,
                                              -1.8334917 -2.2468441 0.2,
                                              -1.7062736 -2.3449159 0.2,
                                              -1.5738204 -2.4357934 0.2,
                                              -1.4365387 -2.5191977 0.2,
                                              -1.2948495 -2.5948727 0.2,
                                              -1.1491877 -2.6625867 0.2,
                                              -1 2.7221315 3.3,
                                              -0.80000001 2.787472 3.5,
                                              -0.85043633 2.7725003 3.4495637,
                                              -0.90059274 2.7566161 3.3994071,
                                              -0.9504528 2.7398248 3.3495471,
                                              -0.65738088 2.8245089 3.5,
                                              -0.51306462 2.8542538 3.5,
                                              -0.3674238 2.8766298 3.5,
                                              -0.22083439 2.8915796 3.5,
                                              -0.073674865 2.8990641 3.5,
                                              0.073674865 2.8990641 3.5,
                                              0.22083439 2.8915796 3.5,
                                              0.3674238 2.8766298 3.5,
                                              0.51306462 2.8542538 3.5,
                                              0.65738088 2.8245089 3.5,
                                              0.80000001 2.787472 3.5,
                                              1 2.7221315 3.3,
                                              0.9504528 2.7398248 3.3495471,
                                              0.90059274 2.7566161 3.3994071,
                                              0.85043633 2.7725003 3.4495637,
                                              1 2.7221315 0.2,
                                              2.9000001 0 0.2,
                                              2.8955512 0.1605701 0.2,
                                              2.8822188 0.32064754 0.2,
                                              2.8600435 0.47974122 0.2,
                                              2.8290932 0.63736302 0.2,
                                              2.789463 0.79302937 0.2,
                                              2.7412748 0.9462626 0.2,
                                              2.6846759 1.0965927 0.2,
                                              2.6198401 1.2435582 0.2,
                                              2.5469668 1.3867085 0.2,
                                              2.466279 1.5256042 0.2,
                                              2.3780243 1.6598192 0.2,
                                              2.2824738 1.7889419 0.2,
                                              2.1799204 1.9125758 0.2,
                                              2.0706789 2.0303419 0.2,
                                              1.9550846 2.1418786 0.2,
                                              1.8334917 2.2468441 0.2,
                                              1.7062736 2.3449159 0.2,
                                              1.5738204 2.4357934 0.2,
                                              1.4365387 2.5191977 0.2,
                                              1.2948495 2.5948727 0.2,
                                              1.1491877 2.6625867 0.2,
                                              2.9000001 0 6.8000002,
                                              2.8955181 0.16116682 6.8000002,
                                              2.8820863 0.32183546 6.8000002,
                                              2.8597462 0.48150933 6.8000002,
                                              2.8285668 0.63969493 6.8000002,
                                              2.7886446 0.79590321 6.8000002,
                                              2.7401025 0.94965142 6.8000002,
                                              2.6830912 1.1004643 6.8000002,
                                              2.6177864 1.2478757 6.8000002,
                                              2.5443904 1.39143 6.8000002,
                                              2.4631298 1.5306835 6.8000002,
                                              2.3742557 1.6652057 6.8000002,
                                              2.2780428 1.7945809 6.8000002,
                                              2.174789 1.9184091 6.8000002,
                                              2.0648127 2.0363076 6.8000002,
                                              1.9484543 2.147912 6.8000002,
                                              1.8260732 2.2528775 6.8000002,
                                              1.698048 2.3508792 6.8000002,
                                              1.5647742 2.4416146 6.8000002,
                                              1.4266636 2.5248032 6.8000002,
                                              1.2841434 2.6001875 6.8000002,
                                              1.1376541 2.6675351 6.8000002,
                                              0.98764819 2.7266374 6.8000002,
                                              0.8345896 2.7773118 6.8000002,
                                              0.67895132 2.8194015 6.8000002,
                                              0.52121443 2.8527768 6.8000002,
                                              0.36186653 2.8773344 6.8000002,
                                              0.20140012 2.892998 6.8000002,
                                              0.040311173 2.8997197 6.8000002,
                                              -0.12090237 2.8974786 6.8000002,
                                              -0.28174222 2.8862815 6.8000002,
                                              -0.44171119 2.8661633 6.8000002,
                                              -0.60031486 2.8371856 6.8000002,
                                              -0.75706303 2.7994385 6.8000002,
                                              -0.91147113 2.7530384 6.8000002,
                                              -1.063062 2.6981289 6.8000002,
                                              -1.2113669 2.6348796 6.8000002,
                                              -1.3559276 2.5634861 6.8000002,
                                              -1.4962971 2.4841688 6.8000002,
                                              -1.6320417 2.3971734 6.8000002,
                                              -1.7627418 2.3027682 6.8000002,
                                              -1.8879933 2.2012453 6.8000002,
                                              -2.0074091 2.0929186 6.8000002,
                                              -2.1206203 1.9781228 6.8000002,
                                              -2.2272766 1.8572127 6.8000002,
                                              -2.3270485 1.7305621 6.8000002,
                                              -2.4196277 1.5985624 6.8000002,
                                              -2.5047281 1.4616216 6.8000002,
                                              -2.5820863 1.320163 6.8000002,
                                              -2.6514635 1.174624 6.8000002,
                                              -2.7126451 1.0254542 6.8000002,
                                              -2.7654421 0.87311471 6.8000002,
                                              -2.8096914 0.71807653 6.8000002,
                                              -2.8452561 0.56081885 6.8000002,
                                              -2.8720262 0.40182769 6.8000002,
                                              -2.889919 0.24159449 6.8000002,
                                              -2.8988793 0.080614559 6.8000002,
                                              -2.8988793 -0.080614559 6.8000002,
                                              -2.889919 -0.24159449 6.8000002,
                                              -2.8720262 -0.40182769 6.8000002,
                                              -2.8452561 -0.56081885 6.8000002,
                                              -2.8096914 -0.71807653 6.8000002,
                                              -2.7654421 -0.87311471 6.8000002,
                                              -2.7126451 -1.0254542 6.8000002,
                                              -2.6514635 -1.174624 6.8000002,
                                              -2.5820863 -1.320163 6.8000002,
                                              -2.5047281 -1.4616216 6.8000002,
                                              -2.4196277 -1.5985624 6.8000002,
                                              -2.3270485 -1.7305621 6.8000002,
                                              -2.2272766 -1.8572127 6.8000002,
                                              -2.1206203 -1.9781228 6.8000002,
                                              -2.0074091 -2.0929186 6.8000002,
                                              -1.8879933 -2.2012453 6.8000002,
                                              -1.7627418 -2.3027682 6.8000002,
                                              -1.6320417 -2.3971734 6.8000002,
                                              -1.4962971 -2.4841688 6.8000002,
                                              -1.3559276 -2.5634861 6.8000002,
                                              -1.2113669 -2.6348796 6.8000002,
                                              -1.063062 -2.6981289 6.8000002,
                                              -0.91147113 -2.7530384 6.8000002,
                                              -0.75706303 -2.7994385 6.8000002,
                                              -0.60031486 -2.8371856 6.8000002,
                                              -0.44171119 -2.8661633 6.8000002,
                                              -0.28174222 -2.8862815 6.8000002,
                                              -0.12090237 -2.8974786 6.8000002,
                                              0.040311173 -2.8997197 6.8000002,
                                              0.20140012 -2.892998 6.8000002,
                                              0.36186653 -2.8773344 6.8000002,
                                              0.52121443 -2.8527768 6.8000002,
                                              0.67895132 -2.8194015 6.8000002,
                                              0.8345896 -2.7773118 6.8000002,
                                              0.98764819 -2.7266374 6.8000002,
                                              1.1376541 -2.6675351 6.8000002,
                                              1.2841434 -2.6001875 6.8000002,
                                              1.4266636 -2.5248032 6.8000002,
                                              1.5647742 -2.4416146 6.8000002,
                                              1.698048 -2.3508792 6.8000002,
                                              1.8260732 -2.2528775 6.8000002,
                                              1.9484543 -2.147912 6.8000002,
                                              2.0648127 -2.0363076 6.8000002,
                                              2.174789 -1.9184091 6.8000002,
                                              2.2780428 -1.7945809 6.8000002,
                                              2.3742557 -1.6652057 6.8000002,
                                              2.4631298 -1.5306835 6.8000002,
                                              2.5443904 -1.39143 6.8000002,
                                              2.6177864 -1.2478757 6.8000002,
                                              2.6830912 -1.1004643 6.8000002,
                                              2.7401025 -0.94965142 6.8000002,
                                              2.7886446 -0.79590321 6.8000002,
                                              2.8285668 -0.63969493 6.8000002,
                                              2.8597462 -0.48150933 6.8000002,
                                              2.8820863 -0.32183546 6.8000002,
                                              2.8955181 -0.16116682 6.8000002,
                                              1 -2.7221315 0.2,
                                              0.94898576 -2.6862886 0.14898574,
                                              0.89864767 -2.6504455 0.098647662,
                                              0.84898573 -2.6146023 0.048985746,
                                              0.80000001 -2.5787594 0,
                                              1.1491877 -2.6625867 0.2,
                                              1.2948495 -2.5948727 0.2,
                                              1.4365387 -2.5191977 0.2,
                                              1.5738204 -2.4357934 0.2,
                                              1.7062736 -2.3449159 0.2,
                                              1.8334917 -2.2468441 0.2,
                                              1.9550846 -2.1418786 0.2,
                                              2.0706789 -2.0303419 0.2,
                                              2.1799204 -1.9125758 0.2,
                                              2.2824738 -1.7889419 0.2,
                                              2.3780243 -1.6598192 0.2,
                                              2.466279 -1.5256042 0.2,
                                              2.5469668 -1.3867085 0.2,
                                              2.6198401 -1.2435582 0.2,
                                              2.6846759 -1.0965927 0.2,
                                              2.7412748 -0.9462626 0.2,
                                              2.789463 -0.79302937 0.2,
                                              2.8290932 -0.63736302 0.2,
                                              2.8600435 -0.47974122 0.2,
                                              2.8822188 -0.32064754 0.2,
                                              2.8955512 -0.1605701 0.2,
                                              2.9000001 0 0.2,
                                              2.7 0 0,
                                              0.94109899 -2.5306783 0,
                                              1.0793294 -2.4748836 0,
                                              1.2142699 -2.4115448 0,
                                              1.3455091 -2.3408556 0,
                                              1.4726471 -2.2630312 0,
                                              1.5952963 -2.178309 0,
                                              1.7130829 -2.0869467 0,
                                              1.8256478 -1.9892235 0,
                                              1.9326479 -1.8854368 0,
                                              2.0337572 -1.7759031 0,
                                              2.1286674 -1.6609563 0,
                                              2.2170889 -1.5409466 0,
                                              2.2987528 -1.41624 0,
                                              2.3734097 -1.2872165 0,
                                              2.4408321 -1.1542695 0,
                                              2.5008149 -1.0178041 0,
                                              2.5531747 -0.87823641 0,
                                              2.5977521 -0.73599166 0,
                                              2.6344113 -0.59150362 0,
                                              2.6630406 -0.44521254 0,
                                              2.6835527 -0.29756445 0,
                                              2.6958849 -0.14900932 0,
                                              2.9000001 0 6.8000002,
                                              2.6333334 0 7.0666666,
                                              2.3666666 0 7.3333335,
                                              2.0999999 0 7.5999999,
                                              2.8955181 0.16116682 6.8000002,
                                              2.8820863 0.32183546 6.8000002,
                                              2.8597462 0.48150933 6.8000002,
                                              2.8285668 0.63969493 6.8000002,
                                              2.7886446 0.79590321 6.8000002,
                                              2.7401025 0.94965142 6.8000002,
                                              2.6830912 1.1004643 6.8000002,
                                              2.6177864 1.2478757 6.8000002,
                                              2.5443904 1.39143 6.8000002,
                                              2.4631298 1.5306835 6.8000002,
                                              2.3742557 1.6652057 6.8000002,
                                              2.2780428 1.7945809 6.8000002,
                                              2.174789 1.9184091 6.8000002,
                                              2.0648127 2.0363076 6.8000002,
                                              1.9484543 2.147912 6.8000002,
                                              1.8260732 2.2528775 6.8000002,
                                              1.698048 2.3508792 6.8000002,
                                              1.5647742 2.4416146 6.8000002,
                                              1.4266636 2.5248032 6.8000002,
                                              1.2841434 2.6001875 6.8000002,
                                              1.1376541 2.6675351 6.8000002,
                                              0.98764819 2.7266374 6.8000002,
                                              0.8345896 2.7773118 6.8000002,
                                              0.67895132 2.8194015 6.8000002,
                                              0.52121443 2.8527768 6.8000002,
                                              0.36186653 2.8773344 6.8000002,
                                              0.20140012 2.892998 6.8000002,
                                              0.040311173 2.8997197 6.8000002,
                                              -0.12090237 2.8974786 6.8000002,
                                              -0.28174222 2.8862815 6.8000002,
                                              -0.44171119 2.8661633 6.8000002,
                                              -0.60031486 2.8371856 6.8000002,
                                              -0.75706303 2.7994385 6.8000002,
                                              -0.91147113 2.7530384 6.8000002,
                                              -1.063062 2.6981289 6.8000002,
                                              -1.2113669 2.6348796 6.8000002,
                                              -1.3559276 2.5634861 6.8000002,
                                              -1.4962971 2.4841688 6.8000002,
                                              -1.6320417 2.3971734 6.8000002,
                                              -1.7627418 2.3027682 6.8000002,
                                              -1.8879933 2.2012453 6.8000002,
                                              -2.0074091 2.0929186 6.8000002,
                                              -2.1206203 1.9781228 6.8000002,
                                              -2.2272766 1.8572127 6.8000002,
                                              -2.3270485 1.7305621 6.8000002,
                                              -2.4196277 1.5985624 6.8000002,
                                              -2.5047281 1.4616216 6.8000002,
                                              -2.5820863 1.320163 6.8000002,
                                              -2.6514635 1.174624 6.8000002,
                                              -2.7126451 1.0254542 6.8000002,
                                              -2.7654421 0.87311471 6.8000002,
                                              -2.8096914 0.71807653 6.8000002,
                                              -2.8452561 0.56081885 6.8000002,
                                              -2.8720262 0.40182769 6.8000002,
                                              -2.889919 0.24159449 6.8000002,
                                              -2.8988793 0.080614559 6.8000002,
                                              -2.8988793 -0.080614559 6.8000002,
                                              -2.889919 -0.24159449 6.8000002,
                                              -2.8720262 -0.40182769 6.8000002,
                                              -2.8452561 -0.56081885 6.8000002,
                                              -2.8096914 -0.71807653 6.8000002,
                                              -2.7654421 -0.87311471 6.8000002,
                                              -2.7126451 -1.0254542 6.8000002,
                                              -2.6514635 -1.174624 6.8000002,
                                              -2.5820863 -1.320163 6.8000002,
                                              -2.5047281 -1.4616216 6.8000002,
                                              -2.4196277 -1.5985624 6.8000002,
                                              -2.3270485 -1.7305621 6.8000002,
                                              -2.2272766 -1.8572127 6.8000002,
                                              -2.1206203 -1.9781228 6.8000002,
                                              -2.0074091 -2.0929186 6.8000002,
                                              -1.8879933 -2.2012453 6.8000002,
                                              -1.7627418 -2.3027682 6.8000002,
                                              -1.6320417 -2.3971734 6.8000002,
                                              -1.4962971 -2.4841688 6.8000002,
                                              -1.3559276 -2.5634861 6.8000002,
                                              -1.2113669 -2.6348796 6.8000002,
                                              -1.063062 -2.6981289 6.8000002,
                                              -0.91147113 -2.7530384 6.8000002,
                                              -0.75706303 -2.7994385 6.8000002,
                                              -0.60031486 -2.8371856 6.8000002,
                                              -0.44171119 -2.8661633 6.8000002,
                                              -0.28174222 -2.8862815 6.8000002,
                                              -0.12090237 -2.8974786 6.8000002,
                                              0.040311173 -2.8997197 6.8000002,
                                              0.20140012 -2.892998 6.8000002,
                                              0.36186653 -2.8773344 6.8000002,
                                              0.52121443 -2.8527768 6.8000002,
                                              0.67895132 -2.8194015 6.8000002,
                                              0.8345896 -2.7773118 6.8000002,
                                              0.98764819 -2.7266374 6.8000002,
                                              1.1376541 -2.6675351 6.8000002,
                                              1.2841434 -2.6001875 6.8000002,
                                              1.4266636 -2.5248032 6.8000002,
                                              1.5647742 -2.4416146 6.8000002,
                                              1.698048 -2.3508792 6.8000002,
                                              1.8260732 -2.2528775 6.8000002,
                                              1.9484543 -2.147912 6.8000002,
                                              2.0648127 -2.0363076 6.8000002,
                                              2.174789 -1.9184091 6.8000002,
                                              2.2780428 -1.7945809 6.8000002,
                                              2.3742557 -1.6652057 6.8000002,
                                              2.4631298 -1.5306835 6.8000002,
                                              2.5443904 -1.39143 6.8000002,
                                              2.6177864 -1.2478757 6.8000002,
                                              2.6830912 -1.1004643 6.8000002,
                                              2.7401025 -0.94965142 6.8000002,
                                              2.7886446 -0.79590321 6.8000002,
                                              2.8285668 -0.63969493 6.8000002,
                                              2.8597462 -0.48150933 6.8000002,
                                              2.8820863 -0.32183546 6.8000002,
                                              2.8955181 -0.16116682 6.8000002,
                                              2.9000001 0 6.8000002,
                                              2.6333334 0 7.0666666,
                                              2.3666666 0 7.3333335,
                                              2.0999999 0 7.5999999,
                                              2.0967546 0.116707 7.5999999,
                                              2.087028 0.23305327 7.5999999,
                                              2.0708508 0.34867918 7.5999999,
                                              2.0482726 0.46322733 7.5999999,
                                              2.0193632 0.57634372 7.5999999,
                                              1.9842122 0.68767864 7.5999999,
                                              1.9429281 0.79688793 7.5999999,
                                              1.8956385 0.90363413 7.5999999,
                                              1.8424896 1.0075873 7.5999999,
                                              1.7836456 1.108426 7.5999999,
                                              1.7192886 1.2058387 7.5999999,
                                              1.6496173 1.2995241 7.5999999,
                                              1.5748471 1.3891928 7.5999999,
                                              1.4952091 1.4745677 7.5999999,
                                              1.4109496 1.5553846 7.5999999,
                                              1.3223289 1.631394 7.5999999,
                                              1.2296209 1.7023609 7.5999999,
                                              1.1331123 1.7680658 7.5999999,
                                              1.0331013 1.8283057 7.5999999,
                                              0.92989701 1.8828945 7.5999999,
                                              0.82381845 1.9316633 7.5999999,
                                              0.71519351 1.9744616 7.5999999,
                                              0.60435796 2.0111568 7.5999999,
                                              0.4916544 2.0416355 7.5999999,
                                              0.37743115 2.065804 7.5999999,
                                              0.2620413 2.0835869 7.5999999,
                                              0.14584146 2.0949297 7.5999999,
                                              0.02919085 2.099797 7.5999999,
                                              -0.087549992 2.0981741 7.5999999,
                                              -0.20402022 2.090066 7.5999999,
                                              -0.31985983 2.0754974 7.5999999,
                                              -0.43471077 2.0545137 7.5999999,
                                              -0.54821807 2.0271795 7.5999999,
                                              -0.66003084 1.9935795 7.5999999,
                                              -0.76980346 1.9538175 7.5999999,
                                              -0.87719667 1.9080162 7.5999999,
                                              -0.98187858 1.8563174 7.5999999,
                                              -1.0835255 1.7988809 7.5999999,
                                              -1.1818234 1.7358841 7.5999999,
                                              -1.2764682 1.6675218 7.5999999,
                                              -1.3671676 1.5940052 7.5999999,
                                              -1.4536412 1.5155618 7.5999999,
                                              -1.5356215 1.4324337 7.5999999,
                                              -1.6128554 1.3448782 7.5999999,
                                              -1.6851041 1.2531656 7.5999999,
                                              -1.7521442 1.1575797 7.5999999,
                                              -1.8137685 1.0584157 7.5999999,
                                              -1.8697866 0.95598012 7.5999999,
                                              -1.9200252 0.85058975 7.5999999,
                                              -1.9643292 0.74257022 7.5999999,
                                              -2.0025616 0.63225549 7.5999999,
                                              -2.0346041 0.51998645 7.5999999,
                                              -2.0603578 0.4061102 7.5999999,
                                              -2.0797431 0.29097867 7.5999999,
                                              -2.0927 0.17494774 7.5999999,
                                              -2.0991886 0.058376059 7.5999999,
                                              -2.0991886 -0.058376059 7.5999999,
                                              -2.0927 -0.17494774 7.5999999,
                                              -2.0797431 -0.29097867 7.5999999,
                                              -2.0603578 -0.4061102 7.5999999,
                                              -2.0346041 -0.51998645 7.5999999,
                                              -2.0025616 -0.63225549 7.5999999,
                                              -1.9643292 -0.74257022 7.5999999,
                                              -1.9200252 -0.85058975 7.5999999,
                                              -1.8697866 -0.95598012 7.5999999,
                                              -1.8137685 -1.0584157 7.5999999,
                                              -1.7521442 -1.1575797 7.5999999,
                                              -1.6851041 -1.2531656 7.5999999,
                                              -1.6128554 -1.3448782 7.5999999,
                                              -1.5356215 -1.4324337 7.5999999,
                                              -1.4536412 -1.5155618 7.5999999,
                                              -1.3671676 -1.5940052 7.5999999,
                                              -1.2764682 -1.6675218 7.5999999,
                                              -1.1818234 -1.7358841 7.5999999,
                                              -1.0835255 -1.7988809 7.5999999,
                                              -0.98187858 -1.8563174 7.5999999,
                                              -0.87719667 -1.9080162 7.5999999,
                                              -0.76980346 -1.9538175 7.5999999,
                                              -0.66003084 -1.9935795 7.5999999,
                                              -0.54821807 -2.0271795 7.5999999,
                                              -0.43471077 -2.0545137 7.5999999,
                                              -0.31985983 -2.0754974 7.5999999,
                                              -0.20402022 -2.090066 7.5999999,
                                              -0.087549992 -2.0981741 7.5999999,
                                              0.02919085 -2.099797 7.5999999,
                                              0.14584146 -2.0949297 7.5999999,
                                              0.2620413 -2.0835869 7.5999999,
                                              0.37743115 -2.065804 7.5999999,
                                              0.4916544 -2.0416355 7.5999999,
                                              0.60435796 -2.0111568 7.5999999,
                                              0.71519351 -1.9744616 7.5999999,
                                              0.82381845 -1.9316633 7.5999999,
                                              0.92989701 -1.8828945 7.5999999,
                                              1.0331013 -1.8283057 7.5999999,
                                              1.1331123 -1.7680658 7.5999999,
                                              1.2296209 -1.7023609 7.5999999,
                                              1.3223289 -1.631394 7.5999999,
                                              1.4109496 -1.5553846 7.5999999,
                                              1.4952091 -1.4745677 7.5999999,
                                              1.5748471 -1.3891928 7.5999999,
                                              1.6496173 -1.2995241 7.5999999,
                                              1.7192886 -1.2058387 7.5999999,
                                              1.7836456 -1.108426 7.5999999,
                                              1.8424896 -1.0075873 7.5999999,
                                              1.8956385 -0.90363413 7.5999999,
                                              1.9429281 -0.79688793 7.5999999,
                                              1.9842122 -0.68767864 7.5999999,
                                              2.0193632 -0.57634372 7.5999999,
                                              2.0482726 -0.46322733 7.5999999,
                                              2.0708508 -0.34867918 7.5999999,
                                              2.087028 -0.23305327 7.5999999,
                                              2.0967546 -0.116707 7.5999999,
                                              2.6173508 0.28968832 7.0666666,
                                              2.5695972 0.5758602 7.0666666,
                                              2.3523026 0.26035279 7.3333335,
                                              2.4906521 0.85504192 7.0666666,
                                              2.3093848 0.51754522 7.3333335,
                                              2.3814738 1.1238446 7.0666666,
                                              2.2384341 0.76845539 7.3333335,
                                              2.2433877 1.3790053 7.0666666,
                                              2.140312 1.0100375 7.3333335,
                                              2.0780699 1.6174268 7.0666666,
                                              2.0162094 1.2393593 7.3333335,
                                              1.8875272 1.8362149 7.0666666,
                                              1.8676325 1.4536368 7.3333335,
                                              1.6740725 2.0327139 7.0666666,
                                              1.6963853 1.6502692 7.3333335,
                                              1.4402968 2.2045383 7.0666666,
                                              1.5045462 1.8268694 7.3333335,
                                              1.1890378 2.3496029 7.0666666,
                                              1.294444 1.981294 7.3333335,
                                              0.92334557 2.4661462 7.0666666,
                                              1.0686289 2.1116683 7.3333335,
                                              0.6464451 2.5527539 7.0666666,
                                              0.82984221 2.2164099 7.3333335,
                                              0.3616977 2.6083748 7.0666666,
                                              0.58098233 2.2942474 7.3333335,
                                              0.072559766 2.6323335 7.0666666,
                                              0.32507008 2.3442357 7.3333335,
                                              -0.21745895 2.6243391 7.0666666,
                                              0.065211944 2.365768 7.3333335,
                                              -0.50483799 2.5844889 7.0666666,
                                              -0.19543779 2.3585832 7.3333335,
                                              -0.786089 2.5132666 7.0666666,
                                              -0.45371518 2.3227684 7.3333335,
                                              -1.0577979 2.4115365 7.0666666,
                                              -0.70648503 2.2587585 7.3333335,
                                              -1.3166667 2.2805336 7.0666666,
                                              -0.95067918 2.1673303 7.3333335,
                                              -1.5595528 2.1218481 7.0666666,
                                              -1.1833333 2.0495934 7.3333335,
                                              -1.7835082 1.9374063 7.0666666,
                                              -1.4016235 1.9069774 7.3333335,
                                              -1.9858141 1.729447 7.0666666,
                                              -1.6028997 1.7412132 7.3333335,
                                              -2.1640148 1.5004946 7.0666666,
                                              -1.784719 1.5543132 7.3333335,
                                              -2.3159475 1.2533281 7.0666666,
                                              -1.9448742 1.3485458 7.3333335,
                                              -2.4397676 0.99094802 7.0666666,
                                              -2.0814211 1.1264088 7.3333335,
                                              -2.5339725 0.71653914 7.0666666,
                                              -2.1927025 0.89059883 7.3333335,
                                              -2.5974181 0.43343243 7.0666666,
                                              -2.2773676 0.64397818 7.3333335,
                                              -2.6293347 0.14506443 7.0666666,
                                              -2.3343885 0.38954052 7.3333335,
                                              -2.6293347 -0.14506443 7.0666666,
                                              -2.3630729 0.13037437 7.3333335,
                                              -2.5974181 -0.43343243 7.0666666,
                                              -2.3630729 -0.13037437 7.3333335,
                                              -2.5339725 -0.71653914 7.0666666,
                                              -2.3343885 -0.38954052 7.3333335,
                                              -2.4397676 -0.99094802 7.0666666,
                                              -2.2773676 -0.64397818 7.3333335,
                                              -2.3159475 -1.2533281 7.0666666,
                                              -2.1927025 -0.89059883 7.3333335,
                                              -2.1640148 -1.5004946 7.0666666,
                                              -2.0814211 -1.1264088 7.3333335,
                                              -1.9858141 -1.729447 7.0666666,
                                              -1.9448742 -1.3485458 7.3333335,
                                              -1.7835082 -1.9374063 7.0666666,
                                              -1.784719 -1.5543132 7.3333335,
                                              -1.5595528 -2.1218481 7.0666666,
                                              -1.6028997 -1.7412132 7.3333335,
                                              -1.3166667 -2.2805336 7.0666666,
                                              -1.4016235 -1.9069774 7.3333335,
                                              -1.0577979 -2.4115365 7.0666666,
                                              -1.1833333 -2.0495934 7.3333335,
                                              -0.786089 -2.5132666 7.0666666,
                                              -0.95067918 -2.1673303 7.3333335,
                                              -0.50483799 -2.5844889 7.0666666,
                                              -0.70648503 -2.2587585 7.3333335,
                                              -0.21745895 -2.6243391 7.0666666,
                                              -0.45371518 -2.3227684 7.3333335,
                                              0.072559766 -2.6323335 7.0666666,
                                              -0.19543779 -2.3585832 7.3333335,
                                              0.3616977 -2.6083748 7.0666666,
                                              0.065211944 -2.365768 7.3333335,
                                              0.6464451 -2.5527539 7.0666666,
                                              0.32507008 -2.3442357 7.3333335,
                                              0.92334557 -2.4661462 7.0666666,
                                              0.58098233 -2.2942474 7.3333335,
                                              1.1890378 -2.3496029 7.0666666,
                                              0.82984221 -2.2164099 7.3333335,
                                              1.4402968 -2.2045383 7.0666666,
                                              1.0686289 -2.1116683 7.3333335,
                                              1.6740725 -2.0327139 7.0666666,
                                              1.294444 -1.981294 7.3333335,
                                              1.8875272 -1.8362149 7.0666666,
                                              1.5045462 -1.8268694 7.3333335,
                                              2.0780699 -1.6174268 7.0666666,
                                              1.6963853 -1.6502692 7.3333335,
                                              2.2433877 -1.3790053 7.0666666,
                                              1.8676325 -1.4536368 7.3333335,
                                              2.3814738 -1.1238446 7.0666666,
                                              2.0162094 -1.2393593 7.3333335,
                                              2.4906521 -0.85504192 7.0666666,
                                              2.140312 -1.0100375 7.3333335,
                                              2.5695972 -0.5758602 7.0666666,
                                              2.2384341 -0.76845539 7.3333335,
                                              2.6173508 -0.28968832 7.0666666,
                                              2.3093848 -0.51754522 7.3333335,
                                              2.3523026 -0.26035279 7.3333335,
                                              1 -2.7221315 3.3,
                                              1 -2.7221315 0.2,
                                              1 -3.8 0.2,
                                              1 -3.8 3.3,
                                              0.80000001 -3.8 3.5,
                                              1 -3.8 3.3,
                                              1 -2.7221315 3.3,
                                              0.9504528 -2.7398248 3.3495471,
                                              0.90059274 -2.7566161 3.3994071,
                                              0.85043633 -2.7725003 3.4495637,
                                              0.80000001 -2.787472 3.5,
                                              2.9000001 0 0.2,
                                              2.7 0 0,
                                              2.8955512 0.1605701 0.2,
                                              2.8822188 0.32064754 0.2,
                                              2.8600435 0.47974122 0.2,
                                              2.8290932 0.63736302 0.2,
                                              2.789463 0.79302937 0.2,
                                              2.7412748 0.9462626 0.2,
                                              2.6846759 1.0965927 0.2,
                                              2.6198401 1.2435582 0.2,
                                              2.5469668 1.3867085 0.2,
                                              2.466279 1.5256042 0.2,
                                              2.3780243 1.6598192 0.2,
                                              2.2824738 1.7889419 0.2,
                                              2.1799204 1.9125758 0.2,
                                              2.0706789 2.0303419 0.2,
                                              1.9550846 2.1418786 0.2,
                                              1.8334917 2.2468441 0.2,
                                              1.7062736 2.3449159 0.2,
                                              1.5738204 2.4357934 0.2,
                                              1.4365387 2.5191977 0.2,
                                              1.2948495 2.5948727 0.2,
                                              1.1491877 2.6625867 0.2,
                                              1 2.7221315 0.2,
                                              0.94898576 2.6862886 0.14898574,
                                              0.89864767 2.6504455 0.098647662,
                                              0.84898573 2.6146023 0.048985746,
                                              0.80000001 2.5787594 0,
                                              2.6958849 0.14900932 0,
                                              2.6835527 0.29756445 0,
                                              2.6630406 0.44521254 0,
                                              2.6344113 0.59150362 0,
                                              2.5977521 0.73599166 0,
                                              2.5531747 0.87823641 0,
                                              2.5008149 1.0178041 0,
                                              2.4408321 1.1542695 0,
                                              2.3734097 1.2872165 0,
                                              2.2987528 1.41624 0,
                                              2.2170889 1.5409466 0,
                                              2.1286674 1.6609563 0,
                                              2.0337572 1.7759031 0,
                                              1.9326479 1.8854368 0,
                                              1.8256478 1.9892235 0,
                                              1.7130829 2.0869467 0,
                                              1.5952963 2.178309 0,
                                              1.4726471 2.2630312 0,
                                              1.3455091 2.3408556 0,
                                              1.2142699 2.4115448 0,
                                              1.0793294 2.4748836 0,
                                              0.94109899 2.5306783 0,
                                              0.80000001 -2.787472 3.5,
                                              0.65738088 -2.8245089 3.5,
                                              0.51306462 -2.8542538 3.5,
                                              0.3674238 -2.8766298 3.5,
                                              0.22083439 -2.8915796 3.5,
                                              0.073674865 -2.8990641 3.5,
                                              -0.073674865 -2.8990641 3.5,
                                              -0.22083439 -2.8915796 3.5,
                                              -0.3674238 -2.8766298 3.5,
                                              -0.51306462 -2.8542538 3.5,
                                              -0.65738088 -2.8245089 3.5,
                                              -0.80000001 -2.787472 3.5,
                                              -0.80000001 -3.8 3.5,
                                              0.80000001 -3.8 3.5,
                                              1 2.7221315 3.3,
                                              1 2.7221315 0.2,
                                              1 3.8 3.3,
                                              1 3.8 0.2,
                                              -0.80000001 -2.787472 3.5,
                                              -0.85043633 -2.7725003 3.4495637,
                                              -0.90059274 -2.7566161 3.3994071,
                                              -0.9504528 -2.7398248 3.3495471,
                                              -1 -2.7221315 3.3,
                                              -0.80000001 -3.8 3.5,
                                              -1 -3.8 3.3,
                                              1 2.7221315 3.3,
                                              0.9504528 2.7398248 3.3495471,
                                              0.90059274 2.7566161 3.3994071,
                                              0.85043633 2.7725003 3.4495637,
                                              0.80000001 2.787472 3.5,
                                              1 3.8 3.3,
                                              0.80000001 3.8 3.5,
                                              -1 -2.7221315 3.3,
                                              -1 -2.7221315 0.2,
                                              -1 -3.8 3.3,
                                              -1 -3.8 0.2,
                                              -0.80000001 2.787472 3.5,
                                              -0.65738088 2.8245089 3.5,
                                              -0.51306462 2.8542538 3.5,
                                              -0.3674238 2.8766298 3.5,
                                              -0.22083439 2.8915796 3.5,
                                              -0.073674865 2.8990641 3.5,
                                              0.073674865 2.8990641 3.5,
                                              0.22083439 2.8915796 3.5,
                                              0.3674238 2.8766298 3.5,
                                              0.51306462 2.8542538 3.5,
                                              0.65738088 2.8245089 3.5,
                                              0.80000001 2.787472 3.5,
                                              0.80000001 3.8 3.5,
                                              -0.80000001 3.8 3.5,
                                              -1 2.7221315 0.2,
                                              -0.94898576 2.6862886 0.14898574,
                                              -0.89864767 2.6504455 0.098647662,
                                              -0.84898573 2.6146023 0.048985746,
                                              -0.80000001 2.5787594 0,
                                              -1.1491877 2.6625867 0.2,
                                              -1.2948495 2.5948727 0.2,
                                              -1.4365387 2.5191977 0.2,
                                              -1.5738204 2.4357934 0.2,
                                              -1.7062736 2.3449159 0.2,
                                              -1.8334917 2.2468441 0.2,
                                              -1.9550846 2.1418786 0.2,
                                              -2.0706789 2.0303419 0.2,
                                              -2.1799204 1.9125758 0.2,
                                              -2.2824738 1.7889419 0.2,
                                              -2.3780243 1.6598192 0.2,
                                              -2.466279 1.5256042 0.2,
                                              -2.5469668 1.3867085 0.2,
                                              -2.6198401 1.2435582 0.2,
                                              -2.6846759 1.0965927 0.2,
                                              -2.7412748 0.9462626 0.2,
                                              -2.789463 0.79302937 0.2,
                                              -2.8290932 0.63736302 0.2,
                                              -2.8600435 0.47974122 0.2,
                                              -2.8822188 0.32064754 0.2,
                                              -2.8955512 0.1605701 0.2,
                                              -2.9000001 0 0.2,
                                              -2.8955512 -0.1605701 0.2,
                                              -2.8822188 -0.32064754 0.2,
                                              -2.8600435 -0.47974122 0.2,
                                              -2.8290932 -0.63736302 0.2,
                                              -2.789463 -0.79302937 0.2,
                                              -2.7412748 -0.9462626 0.2,
                                              -2.6846759 -1.0965927 0.2,
                                              -2.6198401 -1.2435582 0.2,
                                              -2.5469668 -1.3867085 0.2,
                                              -2.466279 -1.5256042 0.2,
                                              -2.3780243 -1.6598192 0.2,
                                              -2.2824738 -1.7889419 0.2,
                                              -2.1799204 -1.9125758 0.2,
                                              -2.0706789 -2.0303419 0.2,
                                              -1.9550846 -2.1418786 0.2,
                                              -1.8334917 -2.2468441 0.2,
                                              -1.7062736 -2.3449159 0.2,
                                              -1.5738204 -2.4357934 0.2,
                                              -1.4365387 -2.5191977 0.2,
                                              -1.2948495 -2.5948727 0.2,
                                              -1.1491877 -2.6625867 0.2,
                                              -1 -2.7221315 0.2,
                                              -0.80000001 -2.5787594 0,
                                              -0.84898573 -2.6146023 0.048985746,
                                              -0.89864767 -2.6504455 0.098647662,
                                              -0.94898576 -2.6862886 0.14898574,
                                              -0.94109899 2.5306783 0,
                                              -1.0793294 2.4748836 0,
                                              -1.2142699 2.4115448 0,
                                              -1.3455091 2.3408556 0,
                                              -1.4726471 2.2630312 0,
                                              -1.5952963 2.178309 0,
                                              -1.7130829 2.0869467 0,
                                              -1.8256478 1.9892235 0,
                                              -1.9326479 1.8854368 0,
                                              -2.0337572 1.7759031 0,
                                              -2.1286674 1.6609563 0,
                                              -2.2170889 1.5409466 0,
                                              -2.2987528 1.41624 0,
                                              -2.3734097 1.2872165 0,
                                              -2.4408321 1.1542695 0,
                                              -2.5008149 1.0178041 0,
                                              -2.5531747 0.87823641 0,
                                              -2.5977521 0.73599166 0,
                                              -2.6344113 0.59150362 0,
                                              -2.6630406 0.44521254 0,
                                              -2.6835527 0.29756445 0,
                                              -2.6958849 0.14900932 0,
                                              -2.7 0 0,
                                              -2.6958849 -0.14900932 0,
                                              -2.6835527 -0.29756445 0,
                                              -2.6630406 -0.44521254 0,
                                              -2.6344113 -0.59150362 0,
                                              -2.5977521 -0.73599166 0,
                                              -2.5531747 -0.87823641 0,
                                              -2.5008149 -1.0178041 0,
                                              -2.4408321 -1.1542695 0,
                                              -2.3734097 -1.2872165 0,
                                              -2.2987528 -1.41624 0,
                                              -2.2170889 -1.5409466 0,
                                              -2.1286674 -1.6609563 0,
                                              -2.0337572 -1.7759031 0,
                                              -1.9326479 -1.8854368 0,
                                              -1.8256478 -1.9892235 0,
                                              -1.7130829 -2.0869467 0,
                                              -1.5952963 -2.178309 0,
                                              -1.4726471 -2.2630312 0,
                                              -1.3455091 -2.3408556 0,
                                              -1.2142699 -2.4115448 0,
                                              -1.0793294 -2.4748836 0,
                                              -0.94109899 -2.5306783 0,
                                              -0.80000001 3.8 3.5,
                                              -1 3.8 3.3,
                                              -0.80000001 2.787472 3.5,
                                              -0.85043633 2.7725003 3.4495637,
                                              -0.90059274 2.7566161 3.3994071,
                                              -0.9504528 2.7398248 3.3495471,
                                              -1 2.7221315 3.3,
                                              -1 2.7221315 3.3,
                                              -1 2.7221315 0.2,
                                              -1 3.8 0.2,
                                              -1 3.8 3.3,
                                              0.80000001 -3.8 0,
                                              0.80000001 -2.5787594 0,
                                              1 -2.7221315 0.2,
                                              0.94898576 -2.6862886 0.14898574,
                                              0.89864767 -2.6504455 0.098647662,
                                              0.84898573 -2.6146023 0.048985746,
                                              1 -3.8 0.2,
                                              0.80000001 -2.5787594 0,
                                              0.94109899 -2.5306783 0,
                                              1.0793294 -2.4748836 0,
                                              1.2142699 -2.4115448 0,
                                              1.3455091 -2.3408556 0,
                                              1.4726471 -2.2630312 0,
                                              1.5952963 -2.178309 0,
                                              1.7130829 -2.0869467 0,
                                              1.8256478 -1.9892235 0,
                                              1.9326479 -1.8854368 0,
                                              2.0337572 -1.7759031 0,
                                              2.1286674 -1.6609563 0,
                                              2.2170889 -1.5409466 0,
                                              2.2987528 -1.41624 0,
                                              2.3734097 -1.2872165 0,
                                              2.4408321 -1.1542695 0,
                                              2.5008149 -1.0178041 0,
                                              2.5531747 -0.87823641 0,
                                              2.5977521 -0.73599166 0,
                                              2.6344113 -0.59150362 0,
                                              2.6630406 -0.44521254 0,
                                              2.6835527 -0.29756445 0,
                                              2.6958849 -0.14900932 0,
                                              2.7 0 0,
                                              0.80000001 -3.8 0,
                                              -0.80000001 -3.8 0,
                                              -0.80000001 -2.5787594 0,
                                              -0.80000001 2.5787594 0,
                                              -0.94109899 2.5306783 0,
                                              -1.0793294 2.4748836 0,
                                              -1.2142699 2.4115448 0,
                                              -1.3455091 2.3408556 0,
                                              -1.4726471 2.2630312 0,
                                              -1.5952963 2.178309 0,
                                              -1.7130829 2.0869467 0,
                                              -1.8256478 1.9892235 0,
                                              -1.9326479 1.8854368 0,
                                              -2.0337572 1.7759031 0,
                                              -2.1286674 1.6609563 0,
                                              -2.2170889 1.5409466 0,
                                              -2.2987528 1.41624 0,
                                              -2.3734097 1.2872165 0,
                                              -2.4408321 1.1542695 0,
                                              -2.5008149 1.0178041 0,
                                              -2.5531747 0.87823641 0,
                                              -2.5977521 0.73599166 0,
                                              -2.6344113 0.59150362 0,
                                              -2.6630406 0.44521254 0,
                                              -2.6835527 0.29756445 0,
                                              -2.6958849 0.14900932 0,
                                              -2.7 0 0,
                                              -2.6958849 -0.14900932 0,
                                              -2.6835527 -0.29756445 0,
                                              -2.6630406 -0.44521254 0,
                                              -2.6344113 -0.59150362 0,
                                              -2.5977521 -0.73599166 0,
                                              -2.5531747 -0.87823641 0,
                                              -2.5008149 -1.0178041 0,
                                              -2.4408321 -1.1542695 0,
                                              -2.3734097 -1.2872165 0,
                                              -2.2987528 -1.41624 0,
                                              -2.2170889 -1.5409466 0,
                                              -2.1286674 -1.6609563 0,
                                              -2.0337572 -1.7759031 0,
                                              -1.9326479 -1.8854368 0,
                                              -1.8256478 -1.9892235 0,
                                              -1.7130829 -2.0869467 0,
                                              -1.5952963 -2.178309 0,
                                              -1.4726471 -2.2630312 0,
                                              -1.3455091 -2.3408556 0,
                                              -1.2142699 -2.4115448 0,
                                              -1.0793294 -2.4748836 0,
                                              -0.94109899 -2.5306783 0,
                                              -0.80000001 3.8 0,
                                              0.80000001 3.8 0,
                                              0.80000001 2.5787594 0,
                                              2.6958849 0.14900932 0,
                                              2.6835527 0.29756445 0,
                                              2.6630406 0.44521254 0,
                                              2.6344113 0.59150362 0,
                                              2.5977521 0.73599166 0,
                                              2.5531747 0.87823641 0,
                                              2.5008149 1.0178041 0,
                                              2.4408321 1.1542695 0,
                                              2.3734097 1.2872165 0,
                                              2.2987528 1.41624 0,
                                              2.2170889 1.5409466 0,
                                              2.1286674 1.6609563 0,
                                              2.0337572 1.7759031 0,
                                              1.9326479 1.8854368 0,
                                              1.8256478 1.9892235 0,
                                              1.7130829 2.0869467 0,
                                              1.5952963 2.178309 0,
                                              1.4726471 2.2630312 0,
                                              1.3455091 2.3408556 0,
                                              1.2142699 2.4115448 0,
                                              1.0793294 2.4748836 0,
                                              0.94109899 2.5306783 0,
                                              2.0999999 0 7.5999999,
                                              2.0967546 0.116707 7.5999999,
                                              2.087028 0.23305327 7.5999999,
                                              2.0708508 0.34867918 7.5999999,
                                              2.0482726 0.46322733 7.5999999,
                                              2.0193632 0.57634372 7.5999999,
                                              1.9842122 0.68767864 7.5999999,
                                              1.9429281 0.79688793 7.5999999,
                                              1.8956385 0.90363413 7.5999999,
                                              1.8424896 1.0075873 7.5999999,
                                              1.7836456 1.108426 7.5999999,
                                              1.7192886 1.2058387 7.5999999,
                                              1.6496173 1.2995241 7.5999999,
                                              1.5748471 1.3891928 7.5999999,
                                              1.4952091 1.4745677 7.5999999,
                                              1.4109496 1.5553846 7.5999999,
                                              1.3223289 1.631394 7.5999999,
                                              1.2296209 1.7023609 7.5999999,
                                              1.1331123 1.7680658 7.5999999,
                                              1.0331013 1.8283057 7.5999999,
                                              0.92989701 1.8828945 7.5999999,
                                              0.82381845 1.9316633 7.5999999,
                                              0.71519351 1.9744616 7.5999999,
                                              0.60435796 2.0111568 7.5999999,
                                              0.4916544 2.0416355 7.5999999,
                                              0.37743115 2.065804 7.5999999,
                                              0.2620413 2.0835869 7.5999999,
                                              0.14584146 2.0949297 7.5999999,
                                              0.02919085 2.099797 7.5999999,
                                              -0.087549992 2.0981741 7.5999999,
                                              -0.20402022 2.090066 7.5999999,
                                              -0.31985983 2.0754974 7.5999999,
                                              -0.43471077 2.0545137 7.5999999,
                                              -0.54821807 2.0271795 7.5999999,
                                              -0.66003084 1.9935795 7.5999999,
                                              -0.76980346 1.9538175 7.5999999,
                                              -0.87719667 1.9080162 7.5999999,
                                              -0.98187858 1.8563174 7.5999999,
                                              -1.0835255 1.7988809 7.5999999,
                                              -1.1818234 1.7358841 7.5999999,
                                              -1.2764682 1.6675218 7.5999999,
                                              -1.3671676 1.5940052 7.5999999,
                                              -1.4536412 1.5155618 7.5999999,
                                              -1.5356215 1.4324337 7.5999999,
                                              -1.6128554 1.3448782 7.5999999,
                                              -1.6851041 1.2531656 7.5999999,
                                              -1.7521442 1.1575797 7.5999999,
                                              -1.8137685 1.0584157 7.5999999,
                                              -1.8697866 0.95598012 7.5999999,
                                              -1.9200252 0.85058975 7.5999999,
                                              -1.9643292 0.74257022 7.5999999,
                                              -2.0025616 0.63225549 7.5999999,
                                              -2.0346041 0.51998645 7.5999999,
                                              -2.0603578 0.4061102 7.5999999,
                                              -2.0797431 0.29097867 7.5999999,
                                              -2.0927 0.17494774 7.5999999,
                                              -2.0991886 0.058376059 7.5999999,
                                              -2.0991886 -0.058376059 7.5999999,
                                              -2.0927 -0.17494774 7.5999999,
                                              -2.0797431 -0.29097867 7.5999999,
                                              -2.0603578 -0.4061102 7.5999999,
                                              -2.0346041 -0.51998645 7.5999999,
                                              -2.0025616 -0.63225549 7.5999999,
                                              -1.9643292 -0.74257022 7.5999999,
                                              -1.9200252 -0.85058975 7.5999999,
                                              -1.8697866 -0.95598012 7.5999999,
                                              -1.8137685 -1.0584157 7.5999999,
                                              -1.7521442 -1.1575797 7.5999999,
                                              -1.6851041 -1.2531656 7.5999999,
                                              -1.6128554 -1.3448782 7.5999999,
                                              -1.5356215 -1.4324337 7.5999999,
                                              -1.4536412 -1.5155618 7.5999999,
                                              -1.3671676 -1.5940052 7.5999999,
                                              -1.2764682 -1.6675218 7.5999999,
                                              -1.1818234 -1.7358841 7.5999999,
                                              -1.0835255 -1.7988809 7.5999999,
                                              -0.98187858 -1.8563174 7.5999999,
                                              -0.87719667 -1.9080162 7.5999999,
                                              -0.76980346 -1.9538175 7.5999999,
                                              -0.66003084 -1.9935795 7.5999999,
                                              -0.54821807 -2.0271795 7.5999999,
                                              -0.43471077 -2.0545137 7.5999999,
                                              -0.31985983 -2.0754974 7.5999999,
                                              -0.20402022 -2.090066 7.5999999,
                                              -0.087549992 -2.0981741 7.5999999,
                                              0.02919085 -2.099797 7.5999999,
                                              0.14584146 -2.0949297 7.5999999,
                                              0.2620413 -2.0835869 7.5999999,
                                              0.37743115 -2.065804 7.5999999,
                                              0.4916544 -2.0416355 7.5999999,
                                              0.60435796 -2.0111568 7.5999999,
                                              0.71519351 -1.9744616 7.5999999,
                                              0.82381845 -1.9316633 7.5999999,
                                              0.92989701 -1.8828945 7.5999999,
                                              1.0331013 -1.8283057 7.5999999,
                                              1.1331123 -1.7680658 7.5999999,
                                              1.2296209 -1.7023609 7.5999999,
                                              1.3223289 -1.631394 7.5999999,
                                              1.4109496 -1.5553846 7.5999999,
                                              1.4952091 -1.4745677 7.5999999,
                                              1.5748471 -1.3891928 7.5999999,
                                              1.6496173 -1.2995241 7.5999999,
                                              1.7192886 -1.2058387 7.5999999,
                                              1.7836456 -1.108426 7.5999999,
                                              1.8424896 -1.0075873 7.5999999,
                                              1.8956385 -0.90363413 7.5999999,
                                              1.9429281 -0.79688793 7.5999999,
                                              1.9842122 -0.68767864 7.5999999,
                                              2.0193632 -0.57634372 7.5999999,
                                              2.0482726 -0.46322733 7.5999999,
                                              2.0708508 -0.34867918 7.5999999,
                                              2.087028 -0.23305327 7.5999999,
                                              2.0967546 -0.116707 7.5999999,
                                              0.80000001 -4 0.2,
                                              1 -3.8 0.2,
                                              1 -3.8 3.3,
                                              0.80000001 -4 3.3,
                                              0.80000001 -3.8 3.5,
                                              0.80000001 -4 3.3,
                                              1 -3.8 3.3,
                                              1 2.7221315 0.2,
                                              0.94898576 2.6862886 0.14898574,
                                              0.89864767 2.6504455 0.098647662,
                                              0.84898573 2.6146023 0.048985746,
                                              0.80000001 2.5787594 0,
                                              0.80000001 3.8 0,
                                              1 3.8 0.2,
                                              -0.80000001 -3.8 3.5,
                                              -0.80000001 -4 3.3,
                                              0.80000001 -3.8 3.5,
                                              0.80000001 -4 3.3,
                                              1 3.8 0.2,
                                              0.80000001 4 0.2,
                                              1 3.8 3.3,
                                              0.80000001 4 3.3,
                                              -0.80000001 -3.8 3.5,
                                              -0.80000001 -4 3.3,
                                              -1 -3.8 3.3,
                                              0.80000001 3.8 3.5,
                                              0.80000001 4 3.3,
                                              1 3.8 3.3,
                                              -0.80000001 -2.5787594 0,
                                              -0.84898573 -2.6146023 0.048985746,
                                              -0.89864767 -2.6504455 0.098647662,
                                              -0.94898576 -2.6862886 0.14898574,
                                              -1 -2.7221315 0.2,
                                              -0.80000001 -3.8 0,
                                              -1 -3.8 0.2,
                                              -1 -3.8 0.2,
                                              -0.80000001 -4 0.2,
                                              -1 -3.8 3.3,
                                              -0.80000001 -4 3.3,
                                              0.80000001 3.8 3.5,
                                              0.80000001 4 3.3,
                                              -0.80000001 3.8 3.5,
                                              -0.80000001 4 3.3,
                                              -0.80000001 3.8 0,
                                              -0.80000001 2.5787594 0,
                                              -1 2.7221315 0.2,
                                              -0.94898576 2.6862886 0.14898574,
                                              -0.89864767 2.6504455 0.098647662,
                                              -0.84898573 2.6146023 0.048985746,
                                              -1 3.8 0.2,
                                              -0.80000001 3.8 3.5,
                                              -0.80000001 4 3.3,
                                              -1 3.8 3.3,
                                              -0.80000001 4 0.2,
                                              -1 3.8 0.2,
                                              -1 3.8 3.3,
                                              -0.80000001 4 3.3,
                                              0.80000001 -4 0.2,
                                              0.80000001 -3.8 0,
                                              1 -3.8 0.2,
                                              -0.80000001 -3.8 0,
                                              0.80000001 -3.8 0,
                                              0.80000001 -4 0.2,
                                              -0.80000001 -4 0.2,
                                              0.80000001 3.8 0,
                                              -0.80000001 3.8 0,
                                              -0.80000001 4 0.2,
                                              0.80000001 4 0.2,
                                              -0.80000001 -4 0.2,
                                              0.80000001 -4 0.2,
                                              -0.80000001 -4 3.3,
                                              0.80000001 -4 3.3,
                                              1 3.8 0.2,
                                              0.80000001 3.8 0,
                                              0.80000001 4 0.2,
                                              0.80000001 4 0.2,
                                              -0.80000001 4 0.2,
                                              0.80000001 4 3.3,
                                              -0.80000001 4 3.3,
                                              -1 -3.8 0.2,
                                              -0.80000001 -3.8 0,
                                              -0.80000001 -4 0.2,
                                              -0.80000001 4 0.2,
                                              -0.80000001 3.8 0,
                                              -1 3.8 0.2,
                                              2.9000001 -6.6613381e-016 0.2,
                                              2.9000001 0 6.8000002,
                                              1 -2.7221315 0.2,
                                              1 -2.7221315 3.3,
                                              0.80000001 -2.787472 3.5,
                                              1 2.7221315 0.2,
                                              -0.80000001 -2.787472 3.5,
                                              1 2.7221315 3.3,
                                              -1 -2.7221315 3.3,
                                              0.80000001 2.787472 3.5,
                                              -1 -2.7221315 0.2,
                                              -0.80000001 2.787472 3.5,
                                              -1 2.7221315 0.2,
                                              -1 2.7221315 3.3,
                                              0.80000001 -2.5787594 0,
                                              2.7 -6.6613381e-016 0,
                                              2.0999999 0 7.5999999,
                                              1 -3.8 3.3,
                                              1 -3.8 0.2,
                                              0.80000001 -3.8 3.5,
                                              0.80000001 2.5787594 0,
                                              -0.80000001 -3.8 3.5,
                                              1 3.8 3.3,
                                              1 3.8 0.2,
                                              -1 -3.8 3.3,
                                              0.80000001 3.8 3.5,
                                              -1 -3.8 0.2,
                                              -0.80000001 3.8 3.5,
                                              -0.80000001 2.5787594 0,
                                              -0.80000001 -2.5787594 2.7755576e-017,
                                              -1 3.8 3.3,
                                              -1 3.8 0.2,
                                              0.80000001 -3.8 1.3975958e-016,
                                              -0.80000001 -3.8 1.3823924e-016,
                                              0.80000001 3.8 1.3823924e-016,
                                              -0.80000001 3.8 1.3975958e-016,
                                              0.80000001 -4 0.2,
                                              0.80000001 -4 3.3,
                                              -0.80000001 -4 3.3,
                                              0.80000001 4 0.2,
                                              0.80000001 4 3.3,
                                              -0.80000001 -4 0.2,
                                              -0.80000001 4 3.3,
                                              -0.80000001 4 0.2 ]

                                        }

                                      }

                                    }

                                },
                                  
                                DEF o23 Group {
                                  children 
                                    DEF o24 Shape {
                                      appearance 
                                      Appearance {
                                        material 
                                        Material {
                                          diffuseColor 0.098039217 0.098039217 0.098039217
                                          shininess 1

                                        }

                                      }
                                      geometry 
                                      IndexedLineSet {
                                        coord 
                                        Coordinate {
                                          point [ 2.9000001 0 0.2,
                                              2.9000001 0 6.8000002,
                                              1 -2.7221315 0.2,
                                              1.1491877 -2.6625867 0.2,
                                              1.2948495 -2.5948727 0.2,
                                              1.4365387 -2.5191977 0.2,
                                              1.5738204 -2.4357934 0.2,
                                              1.7062736 -2.3449159 0.2,
                                              1.8334917 -2.2468441 0.2,
                                              1.9550846 -2.1418786 0.2,
                                              2.0706789 -2.0303419 0.2,
                                              2.1799204 -1.9125758 0.2,
                                              2.2824738 -1.7889419 0.2,
                                              2.3780243 -1.6598192 0.2,
                                              2.466279 -1.5256042 0.2,
                                              2.5469668 -1.3867085 0.2,
                                              2.6198401 -1.2435582 0.2,
                                              2.6846759 -1.0965927 0.2,
                                              2.7412748 -0.9462626 0.2,
                                              2.789463 -0.79302937 0.2,
                                              2.8290932 -0.63736302 0.2,
                                              2.8600435 -0.47974122 0.2,
                                              2.8822188 -0.32064754 0.2,
                                              2.8955512 -0.1605701 0.2,
                                              1 -2.7221315 3.3,
                                              0.9504528 -2.7398248 3.3495471,
                                              0.90059274 -2.7566161 3.3994071,
                                              0.85043633 -2.7725003 3.4495637,
                                              0.80000001 -2.787472 3.5,
                                              0.65738088 -2.8245089 3.5,
                                              0.51306462 -2.8542538 3.5,
                                              0.3674238 -2.8766298 3.5,
                                              0.22083439 -2.8915796 3.5,
                                              0.073674865 -2.8990641 3.5,
                                              -0.073674865 -2.8990641 3.5,
                                              -0.22083439 -2.8915796 3.5,
                                              -0.3674238 -2.8766298 3.5,
                                              -0.51306462 -2.8542538 3.5,
                                              -0.65738088 -2.8245089 3.5,
                                              -0.80000001 -2.787472 3.5,
                                              -0.85043633 -2.7725003 3.4495637,
                                              -0.90059274 -2.7566161 3.3994071,
                                              -0.9504528 -2.7398248 3.3495471,
                                              -1 -2.7221315 3.3,
                                              -1 -2.7221315 0.2,
                                              -1 2.7221315 0.2,
                                              -1.1491877 2.6625867 0.2,
                                              -1.2948495 2.5948727 0.2,
                                              -1.4365387 2.5191977 0.2,
                                              -1.5738204 2.4357934 0.2,
                                              -1.7062736 2.3449159 0.2,
                                              -1.8334917 2.2468441 0.2,
                                              -1.9550846 2.1418786 0.2,
                                              -2.0706789 2.0303419 0.2,
                                              -2.1799204 1.9125758 0.2,
                                              -2.2824738 1.7889419 0.2,
                                              -2.3780243 1.6598192 0.2,
                                              -2.466279 1.5256042 0.2,
                                              -2.5469668 1.3867085 0.2,
                                              -2.6198401 1.2435582 0.2,
                                              -2.6846759 1.0965927 0.2,
                                              -2.7412748 0.9462626 0.2,
                                              -2.789463 0.79302937 0.2,
                                              -2.8290932 0.63736302 0.2,
                                              -2.8600435 0.47974122 0.2,
                                              -2.8822188 0.32064754 0.2,
                                              -2.8955512 0.1605701 0.2,
                                              -2.9000001 0 0.2,
                                              -2.8955512 -0.1605701 0.2,
                                              -2.8822188 -0.32064754 0.2,
                                              -2.8600435 -0.47974122 0.2,
                                              -2.8290932 -0.63736302 0.2,
                                              -2.789463 -0.79302937 0.2,
                                              -2.7412748 -0.9462626 0.2,
                                              -2.6846759 -1.0965927 0.2,
                                              -2.6198401 -1.2435582 0.2,
                                              -2.5469668 -1.3867085 0.2,
                                              -2.466279 -1.5256042 0.2,
                                              -2.3780243 -1.6598192 0.2,
                                              -2.2824738 -1.7889419 0.2,
                                              -2.1799204 -1.9125758 0.2,
                                              -2.0706789 -2.0303419 0.2,
                                              -1.9550846 -2.1418786 0.2,
                                              -1.8334917 -2.2468441 0.2,
                                              -1.7062736 -2.3449159 0.2,
                                              -1.5738204 -2.4357934 0.2,
                                              -1.4365387 -2.5191977 0.2,
                                              -1.2948495 -2.5948727 0.2,
                                              -1.1491877 -2.6625867 0.2,
                                              -1 2.7221315 3.3,
                                              -0.80000001 2.787472 3.5,
                                              -0.85043633 2.7725003 3.4495637,
                                              -0.90059274 2.7566161 3.3994071,
                                              -0.9504528 2.7398248 3.3495471,
                                              -0.65738088 2.8245089 3.5,
                                              -0.51306462 2.8542538 3.5,
                                              -0.3674238 2.8766298 3.5,
                                              -0.22083439 2.8915796 3.5,
                                              -0.073674865 2.8990641 3.5,
                                              0.073674865 2.8990641 3.5,
                                              0.22083439 2.8915796 3.5,
                                              0.3674238 2.8766298 3.5,
                                              0.51306462 2.8542538 3.5,
                                              0.65738088 2.8245089 3.5,
                                              0.80000001 2.787472 3.5,
                                              1 2.7221315 3.3,
                                              0.9504528 2.7398248 3.3495471,
                                              0.90059274 2.7566161 3.3994071,
                                              0.85043633 2.7725003 3.4495637,
                                              1 2.7221315 0.2,
                                              2.9000001 0 0.2,
                                              2.8955512 0.1605701 0.2,
                                              2.8822188 0.32064754 0.2,
                                              2.8600435 0.47974122 0.2,
                                              2.8290932 0.63736302 0.2,
                                              2.789463 0.79302937 0.2,
                                              2.7412748 0.9462626 0.2,
                                              2.6846759 1.0965927 0.2,
                                              2.6198401 1.2435582 0.2,
                                              2.5469668 1.3867085 0.2,
                                              2.466279 1.5256042 0.2,
                                              2.3780243 1.6598192 0.2,
                                              2.2824738 1.7889419 0.2,
                                              2.1799204 1.9125758 0.2,
                                              2.0706789 2.0303419 0.2,
                                              1.9550846 2.1418786 0.2,
                                              1.8334917 2.2468441 0.2,
                                              1.7062736 2.3449159 0.2,
                                              1.5738204 2.4357934 0.2,
                                              1.4365387 2.5191977 0.2,
                                              1.2948495 2.5948727 0.2,
                                              1.1491877 2.6625867 0.2,
                                              2.9000001 0 6.8000002,
                                              2.8955181 0.16116682 6.8000002,
                                              2.8820863 0.32183546 6.8000002,
                                              2.8597462 0.48150933 6.8000002,
                                              2.8285668 0.63969493 6.8000002,
                                              2.7886446 0.79590321 6.8000002,
                                              2.7401025 0.94965142 6.8000002,
                                              2.6830912 1.1004643 6.8000002,
                                              2.6177864 1.2478757 6.8000002,
                                              2.5443904 1.39143 6.8000002,
                                              2.4631298 1.5306835 6.8000002,
                                              2.3742557 1.6652057 6.8000002,
                                              2.2780428 1.7945809 6.8000002,
                                              2.174789 1.9184091 6.8000002,
                                              2.0648127 2.0363076 6.8000002,
                                              1.9484543 2.147912 6.8000002,
                                              1.8260732 2.2528775 6.8000002,
                                              1.698048 2.3508792 6.8000002,
                                              1.5647742 2.4416146 6.8000002,
                                              1.4266636 2.5248032 6.8000002,
                                              1.2841434 2.6001875 6.8000002,
                                              1.1376541 2.6675351 6.8000002,
                                              0.98764819 2.7266374 6.8000002,
                                              0.8345896 2.7773118 6.8000002,
                                              0.67895132 2.8194015 6.8000002,
                                              0.52121443 2.8527768 6.8000002,
                                              0.36186653 2.8773344 6.8000002,
                                              0.20140012 2.892998 6.8000002,
                                              0.040311173 2.8997197 6.8000002,
                                              -0.12090237 2.8974786 6.8000002,
                                              -0.28174222 2.8862815 6.8000002,
                                              -0.44171119 2.8661633 6.8000002,
                                              -0.60031486 2.8371856 6.8000002,
                                              -0.75706303 2.7994385 6.8000002,
                                              -0.91147113 2.7530384 6.8000002,
                                              -1.063062 2.6981289 6.8000002,
                                              -1.2113669 2.6348796 6.8000002,
                                              -1.3559276 2.5634861 6.8000002,
                                              -1.4962971 2.4841688 6.8000002,
                                              -1.6320417 2.3971734 6.8000002,
                                              -1.7627418 2.3027682 6.8000002,
                                              -1.8879933 2.2012453 6.8000002,
                                              -2.0074091 2.0929186 6.8000002,
                                              -2.1206203 1.9781228 6.8000002,
                                              -2.2272766 1.8572127 6.8000002,
                                              -2.3270485 1.7305621 6.8000002,
                                              -2.4196277 1.5985624 6.8000002,
                                              -2.5047281 1.4616216 6.8000002,
                                              -2.5820863 1.320163 6.8000002,
                                              -2.6514635 1.174624 6.8000002,
                                              -2.7126451 1.0254542 6.8000002,
                                              -2.7654421 0.87311471 6.8000002,
                                              -2.8096914 0.71807653 6.8000002,
                                              -2.8452561 0.56081885 6.8000002,
                                              -2.8720262 0.40182769 6.8000002,
                                              -2.889919 0.24159449 6.8000002,
                                              -2.8988793 0.080614559 6.8000002,
                                              -2.8988793 -0.080614559 6.8000002,
                                              -2.889919 -0.24159449 6.8000002,
                                              -2.8720262 -0.40182769 6.8000002,
                                              -2.8452561 -0.56081885 6.8000002,
                                              -2.8096914 -0.71807653 6.8000002,
                                              -2.7654421 -0.87311471 6.8000002,
                                              -2.7126451 -1.0254542 6.8000002,
                                              -2.6514635 -1.174624 6.8000002,
                                              -2.5820863 -1.320163 6.8000002,
                                              -2.5047281 -1.4616216 6.8000002,
                                              -2.4196277 -1.5985624 6.8000002,
                                              -2.3270485 -1.7305621 6.8000002,
                                              -2.2272766 -1.8572127 6.8000002,
                                              -2.1206203 -1.9781228 6.8000002,
                                              -2.0074091 -2.0929186 6.8000002,
                                              -1.8879933 -2.2012453 6.8000002,
                                              -1.7627418 -2.3027682 6.8000002,
                                              -1.6320417 -2.3971734 6.8000002,
                                              -1.4962971 -2.4841688 6.8000002,
                                              -1.3559276 -2.5634861 6.8000002,
                                              -1.2113669 -2.6348796 6.8000002,
                                              -1.063062 -2.6981289 6.8000002,
                                              -0.91147113 -2.7530384 6.8000002,
                                              -0.75706303 -2.7994385 6.8000002,
                                              -0.60031486 -2.8371856 6.8000002,
                                              -0.44171119 -2.8661633 6.8000002,
                                              -0.28174222 -2.8862815 6.8000002,
                                              -0.12090237 -2.8974786 6.8000002,
                                              0.040311173 -2.8997197 6.8000002,
                                              0.20140012 -2.892998 6.8000002,
                                              0.36186653 -2.8773344 6.8000002,
                                              0.52121443 -2.8527768 6.8000002,
                                              0.67895132 -2.8194015 6.8000002,
                                              0.8345896 -2.7773118 6.8000002,
                                              0.98764819 -2.7266374 6.8000002,
                                              1.1376541 -2.6675351 6.8000002,
                                              1.2841434 -2.6001875 6.8000002,
                                              1.4266636 -2.5248032 6.8000002,
                                              1.5647742 -2.4416146 6.8000002,
                                              1.698048 -2.3508792 6.8000002,
                                              1.8260732 -2.2528775 6.8000002,
                                              1.9484543 -2.147912 6.8000002,
                                              2.0648127 -2.0363076 6.8000002,
                                              2.174789 -1.9184091 6.8000002,
                                              2.2780428 -1.7945809 6.8000002,
                                              2.3742557 -1.6652057 6.8000002,
                                              2.4631298 -1.5306835 6.8000002,
                                              2.5443904 -1.39143 6.8000002,
                                              2.6177864 -1.2478757 6.8000002,
                                              2.6830912 -1.1004643 6.8000002,
                                              2.7401025 -0.94965142 6.8000002,
                                              2.7886446 -0.79590321 6.8000002,
                                              2.8285668 -0.63969493 6.8000002,
                                              2.8597462 -0.48150933 6.8000002,
                                              2.8820863 -0.32183546 6.8000002,
                                              2.8955181 -0.16116682 6.8000002,
                                              1 -2.7221315 0.2,
                                              0.94898576 -2.6862886 0.14898574,
                                              0.89864767 -2.6504455 0.098647662,
                                              0.84898573 -2.6146023 0.048985746,
                                              0.80000001 -2.5787594 0,
                                              1.1491877 -2.6625867 0.2,
                                              1.2948495 -2.5948727 0.2,
                                              1.4365387 -2.5191977 0.2,
                                              1.5738204 -2.4357934 0.2,
                                              1.7062736 -2.3449159 0.2,
                                              1.8334917 -2.2468441 0.2,
                                              1.9550846 -2.1418786 0.2,
                                              2.0706789 -2.0303419 0.2,
                                              2.1799204 -1.9125758 0.2,
                                              2.2824738 -1.7889419 0.2,
                                              2.3780243 -1.6598192 0.2,
                                              2.466279 -1.5256042 0.2,
                                              2.5469668 -1.3867085 0.2,
                                              2.6198401 -1.2435582 0.2,
                                              2.6846759 -1.0965927 0.2,
                                              2.7412748 -0.9462626 0.2,
                                              2.789463 -0.79302937 0.2,
                                              2.8290932 -0.63736302 0.2,
                                              2.8600435 -0.47974122 0.2,
                                              2.8822188 -0.32064754 0.2,
                                              2.8955512 -0.1605701 0.2,
                                              2.9000001 0 0.2,
                                              2.7 0 0,
                                              0.94109899 -2.5306783 0,
                                              1.0793294 -2.4748836 0,
                                              1.2142699 -2.4115448 0,
                                              1.3455091 -2.3408556 0,
                                              1.4726471 -2.2630312 0,
                                              1.5952963 -2.178309 0,
                                              1.7130829 -2.0869467 0,
                                              1.8256478 -1.9892235 0,
                                              1.9326479 -1.8854368 0,
                                              2.0337572 -1.7759031 0,
                                              2.1286674 -1.6609563 0,
                                              2.2170889 -1.5409466 0,
                                              2.2987528 -1.41624 0,
                                              2.3734097 -1.2872165 0,
                                              2.4408321 -1.1542695 0,
                                              2.5008149 -1.0178041 0,
                                              2.5531747 -0.87823641 0,
                                              2.5977521 -0.73599166 0,
                                              2.6344113 -0.59150362 0,
                                              2.6630406 -0.44521254 0,
                                              2.6835527 -0.29756445 0,
                                              2.6958849 -0.14900932 0,
                                              2.9000001 0 6.8000002,
                                              2.6333334 0 7.0666666,
                                              2.3666666 0 7.3333335,
                                              2.0999999 0 7.5999999,
                                              2.8955181 0.16116682 6.8000002,
                                              2.8820863 0.32183546 6.8000002,
                                              2.8597462 0.48150933 6.8000002,
                                              2.8285668 0.63969493 6.8000002,
                                              2.7886446 0.79590321 6.8000002,
                                              2.7401025 0.94965142 6.8000002,
                                              2.6830912 1.1004643 6.8000002,
                                              2.6177864 1.2478757 6.8000002,
                                              2.5443904 1.39143 6.8000002,
                                              2.4631298 1.5306835 6.8000002,
                                              2.3742557 1.6652057 6.8000002,
                                              2.2780428 1.7945809 6.8000002,
                                              2.174789 1.9184091 6.8000002,
                                              2.0648127 2.0363076 6.8000002,
                                              1.9484543 2.147912 6.8000002,
                                              1.8260732 2.2528775 6.8000002,
                                              1.698048 2.3508792 6.8000002,
                                              1.5647742 2.4416146 6.8000002,
                                              1.4266636 2.5248032 6.8000002,
                                              1.2841434 2.6001875 6.8000002,
                                              1.1376541 2.6675351 6.8000002,
                                              0.98764819 2.7266374 6.8000002,
                                              0.8345896 2.7773118 6.8000002,
                                              0.67895132 2.8194015 6.8000002,
                                              0.52121443 2.8527768 6.8000002,
                                              0.36186653 2.8773344 6.8000002,
                                              0.20140012 2.892998 6.8000002,
                                              0.040311173 2.8997197 6.8000002,
                                              -0.12090237 2.8974786 6.8000002,
                                              -0.28174222 2.8862815 6.8000002,
                                              -0.44171119 2.8661633 6.8000002,
                                              -0.60031486 2.8371856 6.8000002,
                                              -0.75706303 2.7994385 6.8000002,
                                              -0.91147113 2.7530384 6.8000002,
                                              -1.063062 2.6981289 6.8000002,
                                              -1.2113669 2.6348796 6.8000002,
                                              -1.3559276 2.5634861 6.8000002,
                                              -1.4962971 2.4841688 6.8000002,
                                              -1.6320417 2.3971734 6.8000002,
                                              -1.7627418 2.3027682 6.8000002,
                                              -1.8879933 2.2012453 6.8000002,
                                              -2.0074091 2.0929186 6.8000002,
                                              -2.1206203 1.9781228 6.8000002,
                                              -2.2272766 1.8572127 6.8000002,
                                              -2.3270485 1.7305621 6.8000002,
                                              -2.4196277 1.5985624 6.8000002,
                                              -2.5047281 1.4616216 6.8000002,
                                              -2.5820863 1.320163 6.8000002,
                                              -2.6514635 1.174624 6.8000002,
                                              -2.7126451 1.0254542 6.8000002,
                                              -2.7654421 0.87311471 6.8000002,
                                              -2.8096914 0.71807653 6.8000002,
                                              -2.8452561 0.56081885 6.8000002,
                                              -2.8720262 0.40182769 6.8000002,
                                              -2.889919 0.24159449 6.8000002,
                                              -2.8988793 0.080614559 6.8000002,
                                              -2.8988793 -0.080614559 6.8000002,
                                              -2.889919 -0.24159449 6.8000002,
                                              -2.8720262 -0.40182769 6.8000002,
                                              -2.8452561 -0.56081885 6.8000002,
                                              -2.8096914 -0.71807653 6.8000002,
                                              -2.7654421 -0.87311471 6.8000002,
                                              -2.7126451 -1.0254542 6.8000002,
                                              -2.6514635 -1.174624 6.8000002,
                                              -2.5820863 -1.320163 6.8000002,
                                              -2.5047281 -1.4616216 6.8000002,
                                              -2.4196277 -1.5985624 6.8000002,
                                              -2.3270485 -1.7305621 6.8000002,
                                              -2.2272766 -1.8572127 6.8000002,
                                              -2.1206203 -1.9781228 6.8000002,
                                              -2.0074091 -2.0929186 6.8000002,
                                              -1.8879933 -2.2012453 6.8000002,
                                              -1.7627418 -2.3027682 6.8000002,
                                              -1.6320417 -2.3971734 6.8000002,
                                              -1.4962971 -2.4841688 6.8000002,
                                              -1.3559276 -2.5634861 6.8000002,
                                              -1.2113669 -2.6348796 6.8000002,
                                              -1.063062 -2.6981289 6.8000002,
                                              -0.91147113 -2.7530384 6.8000002,
                                              -0.75706303 -2.7994385 6.8000002,
                                              -0.60031486 -2.8371856 6.8000002,
                                              -0.44171119 -2.8661633 6.8000002,
                                              -0.28174222 -2.8862815 6.8000002,
                                              -0.12090237 -2.8974786 6.8000002,
                                              0.040311173 -2.8997197 6.8000002,
                                              0.20140012 -2.892998 6.8000002,
                                              0.36186653 -2.8773344 6.8000002,
                                              0.52121443 -2.8527768 6.8000002,
                                              0.67895132 -2.8194015 6.8000002,
                                              0.8345896 -2.7773118 6.8000002,
                                              0.98764819 -2.7266374 6.8000002,
                                              1.1376541 -2.6675351 6.8000002,
                                              1.2841434 -2.6001875 6.8000002,
                                              1.4266636 -2.5248032 6.8000002,
                                              1.5647742 -2.4416146 6.8000002,
                                              1.698048 -2.3508792 6.8000002,
                                              1.8260732 -2.2528775 6.8000002,
                                              1.9484543 -2.147912 6.8000002,
                                              2.0648127 -2.0363076 6.8000002,
                                              2.174789 -1.9184091 6.8000002,
                                              2.2780428 -1.7945809 6.8000002,
                                              2.3742557 -1.6652057 6.8000002,
                                              2.4631298 -1.5306835 6.8000002,
                                              2.5443904 -1.39143 6.8000002,
                                              2.6177864 -1.2478757 6.8000002,
                                              2.6830912 -1.1004643 6.8000002,
                                              2.7401025 -0.94965142 6.8000002,
                                              2.7886446 -0.79590321 6.8000002,
                                              2.8285668 -0.63969493 6.8000002,
                                              2.8597462 -0.48150933 6.8000002,
                                              2.8820863 -0.32183546 6.8000002,
                                              2.8955181 -0.16116682 6.8000002,
                                              2.9000001 0 6.8000002,
                                              2.6333334 0 7.0666666,
                                              2.3666666 0 7.3333335,
                                              2.0999999 0 7.5999999,
                                              2.0967546 0.116707 7.5999999,
                                              2.087028 0.23305327 7.5999999,
                                              2.0708508 0.34867918 7.5999999,
                                              2.0482726 0.46322733 7.5999999,
                                              2.0193632 0.57634372 7.5999999,
                                              1.9842122 0.68767864 7.5999999,
                                              1.9429281 0.79688793 7.5999999,
                                              1.8956385 0.90363413 7.5999999,
                                              1.8424896 1.0075873 7.5999999,
                                              1.7836456 1.108426 7.5999999,
                                              1.7192886 1.2058387 7.5999999,
                                              1.6496173 1.2995241 7.5999999,
                                              1.5748471 1.3891928 7.5999999,
                                              1.4952091 1.4745677 7.5999999,
                                              1.4109496 1.5553846 7.5999999,
                                              1.3223289 1.631394 7.5999999,
                                              1.2296209 1.7023609 7.5999999,
                                              1.1331123 1.7680658 7.5999999,
                                              1.0331013 1.8283057 7.5999999,
                                              0.92989701 1.8828945 7.5999999,
                                              0.82381845 1.9316633 7.5999999,
                                              0.71519351 1.9744616 7.5999999,
                                              0.60435796 2.0111568 7.5999999,
                                              0.4916544 2.0416355 7.5999999,
                                              0.37743115 2.065804 7.5999999,
                                              0.2620413 2.0835869 7.5999999,
                                              0.14584146 2.0949297 7.5999999,
                                              0.02919085 2.099797 7.5999999,
                                              -0.087549992 2.0981741 7.5999999,
                                              -0.20402022 2.090066 7.5999999,
                                              -0.31985983 2.0754974 7.5999999,
                                              -0.43471077 2.0545137 7.5999999,
                                              -0.54821807 2.0271795 7.5999999,
                                              -0.66003084 1.9935795 7.5999999,
                                              -0.76980346 1.9538175 7.5999999,
                                              -0.87719667 1.9080162 7.5999999,
                                              -0.98187858 1.8563174 7.5999999,
                                              -1.0835255 1.7988809 7.5999999,
                                              -1.1818234 1.7358841 7.5999999,
                                              -1.2764682 1.6675218 7.5999999,
                                              -1.3671676 1.5940052 7.5999999,
                                              -1.4536412 1.5155618 7.5999999,
                                              -1.5356215 1.4324337 7.5999999,
                                              -1.6128554 1.3448782 7.5999999,
                                              -1.6851041 1.2531656 7.5999999,
                                              -1.7521442 1.1575797 7.5999999,
                                              -1.8137685 1.0584157 7.5999999,
                                              -1.8697866 0.95598012 7.5999999,
                                              -1.9200252 0.85058975 7.5999999,
                                              -1.9643292 0.74257022 7.5999999,
                                              -2.0025616 0.63225549 7.5999999,
                                              -2.0346041 0.51998645 7.5999999,
                                              -2.0603578 0.4061102 7.5999999,
                                              -2.0797431 0.29097867 7.5999999,
                                              -2.0927 0.17494774 7.5999999,
                                              -2.0991886 0.058376059 7.5999999,
                                              -2.0991886 -0.058376059 7.5999999,
                                              -2.0927 -0.17494774 7.5999999,
                                              -2.0797431 -0.29097867 7.5999999,
                                              -2.0603578 -0.4061102 7.5999999,
                                              -2.0346041 -0.51998645 7.5999999,
                                              -2.0025616 -0.63225549 7.5999999,
                                              -1.9643292 -0.74257022 7.5999999,
                                              -1.9200252 -0.85058975 7.5999999,
                                              -1.8697866 -0.95598012 7.5999999,
                                              -1.8137685 -1.0584157 7.5999999,
                                              -1.7521442 -1.1575797 7.5999999,
                                              -1.6851041 -1.2531656 7.5999999,
                                              -1.6128554 -1.3448782 7.5999999,
                                              -1.5356215 -1.4324337 7.5999999,
                                              -1.4536412 -1.5155618 7.5999999,
                                              -1.3671676 -1.5940052 7.5999999,
                                              -1.2764682 -1.6675218 7.5999999,
                                              -1.1818234 -1.7358841 7.5999999,
                                              -1.0835255 -1.7988809 7.5999999,
                                              -0.98187858 -1.8563174 7.5999999,
                                              -0.87719667 -1.9080162 7.5999999,
                                              -0.76980346 -1.9538175 7.5999999,
                                              -0.66003084 -1.9935795 7.5999999,
                                              -0.54821807 -2.0271795 7.5999999,
                                              -0.43471077 -2.0545137 7.5999999,
                                              -0.31985983 -2.0754974 7.5999999,
                                              -0.20402022 -2.090066 7.5999999,
                                              -0.087549992 -2.0981741 7.5999999,
                                              0.02919085 -2.099797 7.5999999,
                                              0.14584146 -2.0949297 7.5999999,
                                              0.2620413 -2.0835869 7.5999999,
                                              0.37743115 -2.065804 7.5999999,
                                              0.4916544 -2.0416355 7.5999999,
                                              0.60435796 -2.0111568 7.5999999,
                                              0.71519351 -1.9744616 7.5999999,
                                              0.82381845 -1.9316633 7.5999999,
                                              0.92989701 -1.8828945 7.5999999,
                                              1.0331013 -1.8283057 7.5999999,
                                              1.1331123 -1.7680658 7.5999999,
                                              1.2296209 -1.7023609 7.5999999,
                                              1.3223289 -1.631394 7.5999999,
                                              1.4109496 -1.5553846 7.5999999,
                                              1.4952091 -1.4745677 7.5999999,
                                              1.5748471 -1.3891928 7.5999999,
                                              1.6496173 -1.2995241 7.5999999,
                                              1.7192886 -1.2058387 7.5999999,
                                              1.7836456 -1.108426 7.5999999,
                                              1.8424896 -1.0075873 7.5999999,
                                              1.8956385 -0.90363413 7.5999999,
                                              1.9429281 -0.79688793 7.5999999,
                                              1.9842122 -0.68767864 7.5999999,
                                              2.0193632 -0.57634372 7.5999999,
                                              2.0482726 -0.46322733 7.5999999,
                                              2.0708508 -0.34867918 7.5999999,
                                              2.087028 -0.23305327 7.5999999,
                                              2.0967546 -0.116707 7.5999999,
                                              2.6173508 0.28968832 7.0666666,
                                              2.5695972 0.5758602 7.0666666,
                                              2.3523026 0.26035279 7.3333335,
                                              2.4906521 0.85504192 7.0666666,
                                              2.3093848 0.51754522 7.3333335,
                                              2.3814738 1.1238446 7.0666666,
                                              2.2384341 0.76845539 7.3333335,
                                              2.2433877 1.3790053 7.0666666,
                                              2.140312 1.0100375 7.3333335,
                                              2.0780699 1.6174268 7.0666666,
                                              2.0162094 1.2393593 7.3333335,
                                              1.8875272 1.8362149 7.0666666,
                                              1.8676325 1.4536368 7.3333335,
                                              1.6740725 2.0327139 7.0666666,
                                              1.6963853 1.6502692 7.3333335,
                                              1.4402968 2.2045383 7.0666666,
                                              1.5045462 1.8268694 7.3333335,
                                              1.1890378 2.3496029 7.0666666,
                                              1.294444 1.981294 7.3333335,
                                              0.92334557 2.4661462 7.0666666,
                                              1.0686289 2.1116683 7.3333335,
                                              0.6464451 2.5527539 7.0666666,
                                              0.82984221 2.2164099 7.3333335,
                                              0.3616977 2.6083748 7.0666666,
                                              0.58098233 2.2942474 7.3333335,
                                              0.072559766 2.6323335 7.0666666,
                                              0.32507008 2.3442357 7.3333335,
                                              -0.21745895 2.6243391 7.0666666,
                                              0.065211944 2.365768 7.3333335,
                                              -0.50483799 2.5844889 7.0666666,
                                              -0.19543779 2.3585832 7.3333335,
                                              -0.786089 2.5132666 7.0666666,
                                              -0.45371518 2.3227684 7.3333335,
                                              -1.0577979 2.4115365 7.0666666,
                                              -0.70648503 2.2587585 7.3333335,
                                              -1.3166667 2.2805336 7.0666666,
                                              -0.95067918 2.1673303 7.3333335,
                                              -1.5595528 2.1218481 7.0666666,
                                              -1.1833333 2.0495934 7.3333335,
                                              -1.7835082 1.9374063 7.0666666,
                                              -1.4016235 1.9069774 7.3333335,
                                              -1.9858141 1.729447 7.0666666,
                                              -1.6028997 1.7412132 7.3333335,
                                              -2.1640148 1.5004946 7.0666666,
                                              -1.784719 1.5543132 7.3333335,
                                              -2.3159475 1.2533281 7.0666666,
                                              -1.9448742 1.3485458 7.3333335,
                                              -2.4397676 0.99094802 7.0666666,
                                              -2.0814211 1.1264088 7.3333335,
                                              -2.5339725 0.71653914 7.0666666,
                                              -2.1927025 0.89059883 7.3333335,
                                              -2.5974181 0.43343243 7.0666666,
                                              -2.2773676 0.64397818 7.3333335,
                                              -2.6293347 0.14506443 7.0666666,
                                              -2.3343885 0.38954052 7.3333335,
                                              -2.6293347 -0.14506443 7.0666666,
                                              -2.3630729 0.13037437 7.3333335,
                                              -2.5974181 -0.43343243 7.0666666,
                                              -2.3630729 -0.13037437 7.3333335,
                                              -2.5339725 -0.71653914 7.0666666,
                                              -2.3343885 -0.38954052 7.3333335,
                                              -2.4397676 -0.99094802 7.0666666,
                                              -2.2773676 -0.64397818 7.3333335,
                                              -2.3159475 -1.2533281 7.0666666,
                                              -2.1927025 -0.89059883 7.3333335,
                                              -2.1640148 -1.5004946 7.0666666,
                                              -2.0814211 -1.1264088 7.3333335,
                                              -1.9858141 -1.729447 7.0666666,
                                              -1.9448742 -1.3485458 7.3333335,
                                              -1.7835082 -1.9374063 7.0666666,
                                              -1.784719 -1.5543132 7.3333335,
                                              -1.5595528 -2.1218481 7.0666666,
                                              -1.6028997 -1.7412132 7.3333335,
                                              -1.3166667 -2.2805336 7.0666666,
                                              -1.4016235 -1.9069774 7.3333335,
                                              -1.0577979 -2.4115365 7.0666666,
                                              -1.1833333 -2.0495934 7.3333335,
                                              -0.786089 -2.5132666 7.0666666,
                                              -0.95067918 -2.1673303 7.3333335,
                                              -0.50483799 -2.5844889 7.0666666,
                                              -0.70648503 -2.2587585 7.3333335,
                                              -0.21745895 -2.6243391 7.0666666,
                                              -0.45371518 -2.3227684 7.3333335,
                                              0.072559766 -2.6323335 7.0666666,
                                              -0.19543779 -2.3585832 7.3333335,
                                              0.3616977 -2.6083748 7.0666666,
                                              0.065211944 -2.365768 7.3333335,
                                              0.6464451 -2.5527539 7.0666666,
                                              0.32507008 -2.3442357 7.3333335,
                                              0.92334557 -2.4661462 7.0666666,
                                              0.58098233 -2.2942474 7.3333335,
                                              1.1890378 -2.3496029 7.0666666,
                                              0.82984221 -2.2164099 7.3333335,
                                              1.4402968 -2.2045383 7.0666666,
                                              1.0686289 -2.1116683 7.3333335,
                                              1.6740725 -2.0327139 7.0666666,
                                              1.294444 -1.981294 7.3333335,
                                              1.8875272 -1.8362149 7.0666666,
                                              1.5045462 -1.8268694 7.3333335,
                                              2.0780699 -1.6174268 7.0666666,
                                              1.6963853 -1.6502692 7.3333335,
                                              2.2433877 -1.3790053 7.0666666,
                                              1.8676325 -1.4536368 7.3333335,
                                              2.3814738 -1.1238446 7.0666666,
                                              2.0162094 -1.2393593 7.3333335,
                                              2.4906521 -0.85504192 7.0666666,
                                              2.140312 -1.0100375 7.3333335,
                                              2.5695972 -0.5758602 7.0666666,
                                              2.2384341 -0.76845539 7.3333335,
                                              2.6173508 -0.28968832 7.0666666,
                                              2.3093848 -0.51754522 7.3333335,
                                              2.3523026 -0.26035279 7.3333335,
                                              1 -2.7221315 3.3,
                                              1 -2.7221315 0.2,
                                              1 -3.8 0.2,
                                              1 -3.8 3.3,
                                              0.80000001 -3.8 3.5,
                                              1 -3.8 3.3,
                                              1 -2.7221315 3.3,
                                              0.9504528 -2.7398248 3.3495471,
                                              0.90059274 -2.7566161 3.3994071,
                                              0.85043633 -2.7725003 3.4495637,
                                              0.80000001 -2.787472 3.5,
                                              2.9000001 0 0.2,
                                              2.7 0 0,
                                              2.8955512 0.1605701 0.2,
                                              2.8822188 0.32064754 0.2,
                                              2.8600435 0.47974122 0.2,
                                              2.8290932 0.63736302 0.2,
                                              2.789463 0.79302937 0.2,
                                              2.7412748 0.9462626 0.2,
                                              2.6846759 1.0965927 0.2,
                                              2.6198401 1.2435582 0.2,
                                              2.5469668 1.3867085 0.2,
                                              2.466279 1.5256042 0.2,
                                              2.3780243 1.6598192 0.2,
                                              2.2824738 1.7889419 0.2,
                                              2.1799204 1.9125758 0.2,
                                              2.0706789 2.0303419 0.2,
                                              1.9550846 2.1418786 0.2,
                                              1.8334917 2.2468441 0.2,
                                              1.7062736 2.3449159 0.2,
                                              1.5738204 2.4357934 0.2,
                                              1.4365387 2.5191977 0.2,
                                              1.2948495 2.5948727 0.2,
                                              1.1491877 2.6625867 0.2,
                                              1 2.7221315 0.2,
                                              0.94898576 2.6862886 0.14898574,
                                              0.89864767 2.6504455 0.098647662,
                                              0.84898573 2.6146023 0.048985746,
                                              0.80000001 2.5787594 0,
                                              2.6958849 0.14900932 0,
                                              2.6835527 0.29756445 0,
                                              2.6630406 0.44521254 0,
                                              2.6344113 0.59150362 0,
                                              2.5977521 0.73599166 0,
                                              2.5531747 0.87823641 0,
                                              2.5008149 1.0178041 0,
                                              2.4408321 1.1542695 0,
                                              2.3734097 1.2872165 0,
                                              2.2987528 1.41624 0,
                                              2.2170889 1.5409466 0,
                                              2.1286674 1.6609563 0,
                                              2.0337572 1.7759031 0,
                                              1.9326479 1.8854368 0,
                                              1.8256478 1.9892235 0,
                                              1.7130829 2.0869467 0,
                                              1.5952963 2.178309 0,
                                              1.4726471 2.2630312 0,
                                              1.3455091 2.3408556 0,
                                              1.2142699 2.4115448 0,
                                              1.0793294 2.4748836 0,
                                              0.94109899 2.5306783 0,
                                              0.80000001 -2.787472 3.5,
                                              0.65738088 -2.8245089 3.5,
                                              0.51306462 -2.8542538 3.5,
                                              0.3674238 -2.8766298 3.5,
                                              0.22083439 -2.8915796 3.5,
                                              0.073674865 -2.8990641 3.5,
                                              -0.073674865 -2.8990641 3.5,
                                              -0.22083439 -2.8915796 3.5,
                                              -0.3674238 -2.8766298 3.5,
                                              -0.51306462 -2.8542538 3.5,
                                              -0.65738088 -2.8245089 3.5,
                                              -0.80000001 -2.787472 3.5,
                                              -0.80000001 -3.8 3.5,
                                              0.80000001 -3.8 3.5,
                                              1 2.7221315 3.3,
                                              1 2.7221315 0.2,
                                              1 3.8 3.3,
                                              1 3.8 0.2,
                                              -0.80000001 -2.787472 3.5,
                                              -0.85043633 -2.7725003 3.4495637,
                                              -0.90059274 -2.7566161 3.3994071,
                                              -0.9504528 -2.7398248 3.3495471,
                                              -1 -2.7221315 3.3,
                                              -0.80000001 -3.8 3.5,
                                              -1 -3.8 3.3,
                                              1 2.7221315 3.3,
                                              0.9504528 2.7398248 3.3495471,
                                              0.90059274 2.7566161 3.3994071,
                                              0.85043633 2.7725003 3.4495637,
                                              0.80000001 2.787472 3.5,
                                              1 3.8 3.3,
                                              0.80000001 3.8 3.5,
                                              -1 -2.7221315 3.3,
                                              -1 -2.7221315 0.2,
                                              -1 -3.8 3.3,
                                              -1 -3.8 0.2,
                                              -0.80000001 2.787472 3.5,
                                              -0.65738088 2.8245089 3.5,
                                              -0.51306462 2.8542538 3.5,
                                              -0.3674238 2.8766298 3.5,
                                              -0.22083439 2.8915796 3.5,
                                              -0.073674865 2.8990641 3.5,
                                              0.073674865 2.8990641 3.5,
                                              0.22083439 2.8915796 3.5,
                                              0.3674238 2.8766298 3.5,
                                              0.51306462 2.8542538 3.5,
                                              0.65738088 2.8245089 3.5,
                                              0.80000001 2.787472 3.5,
                                              0.80000001 3.8 3.5,
                                              -0.80000001 3.8 3.5,
                                              -1 2.7221315 0.2,
                                              -0.94898576 2.6862886 0.14898574,
                                              -0.89864767 2.6504455 0.098647662,
                                              -0.84898573 2.6146023 0.048985746,
                                              -0.80000001 2.5787594 0,
                                              -1.1491877 2.6625867 0.2,
                                              -1.2948495 2.5948727 0.2,
                                              -1.4365387 2.5191977 0.2,
                                              -1.5738204 2.4357934 0.2,
                                              -1.7062736 2.3449159 0.2,
                                              -1.8334917 2.2468441 0.2,
                                              -1.9550846 2.1418786 0.2,
                                              -2.0706789 2.0303419 0.2,
                                              -2.1799204 1.9125758 0.2,
                                              -2.2824738 1.7889419 0.2,
                                              -2.3780243 1.6598192 0.2,
                                              -2.466279 1.5256042 0.2,
                                              -2.5469668 1.3867085 0.2,
                                              -2.6198401 1.2435582 0.2,
                                              -2.6846759 1.0965927 0.2,
                                              -2.7412748 0.9462626 0.2,
                                              -2.789463 0.79302937 0.2,
                                              -2.8290932 0.63736302 0.2,
                                              -2.8600435 0.47974122 0.2,
                                              -2.8822188 0.32064754 0.2,
                                              -2.8955512 0.1605701 0.2,
                                              -2.9000001 0 0.2,
                                              -2.8955512 -0.1605701 0.2,
                                              -2.8822188 -0.32064754 0.2,
                                              -2.8600435 -0.47974122 0.2,
                                              -2.8290932 -0.63736302 0.2,
                                              -2.789463 -0.79302937 0.2,
                                              -2.7412748 -0.9462626 0.2,
                                              -2.6846759 -1.0965927 0.2,
                                              -2.6198401 -1.2435582 0.2,
                                              -2.5469668 -1.3867085 0.2,
                                              -2.466279 -1.5256042 0.2,
                                              -2.3780243 -1.6598192 0.2,
                                              -2.2824738 -1.7889419 0.2,
                                              -2.1799204 -1.9125758 0.2,
                                              -2.0706789 -2.0303419 0.2,
                                              -1.9550846 -2.1418786 0.2,
                                              -1.8334917 -2.2468441 0.2,
                                              -1.7062736 -2.3449159 0.2,
                                              -1.5738204 -2.4357934 0.2,
                                              -1.4365387 -2.5191977 0.2,
                                              -1.2948495 -2.5948727 0.2,
                                              -1.1491877 -2.6625867 0.2,
                                              -1 -2.7221315 0.2,
                                              -0.80000001 -2.5787594 0,
                                              -0.84898573 -2.6146023 0.048985746,
                                              -0.89864767 -2.6504455 0.098647662,
                                              -0.94898576 -2.6862886 0.14898574,
                                              -0.94109899 2.5306783 0,
                                              -1.0793294 2.4748836 0,
                                              -1.2142699 2.4115448 0,
                                              -1.3455091 2.3408556 0,
                                              -1.4726471 2.2630312 0,
                                              -1.5952963 2.178309 0,
                                              -1.7130829 2.0869467 0,
                                              -1.8256478 1.9892235 0,
                                              -1.9326479 1.8854368 0,
                                              -2.0337572 1.7759031 0,
                                              -2.1286674 1.6609563 0,
                                              -2.2170889 1.5409466 0,
                                              -2.2987528 1.41624 0,
                                              -2.3734097 1.2872165 0,
                                              -2.4408321 1.1542695 0,
                                              -2.5008149 1.0178041 0,
                                              -2.5531747 0.87823641 0,
                                              -2.5977521 0.73599166 0,
                                              -2.6344113 0.59150362 0,
                                              -2.6630406 0.44521254 0,
                                              -2.6835527 0.29756445 0,
                                              -2.6958849 0.14900932 0,
                                              -2.7 0 0,
                                              -2.6958849 -0.14900932 0,
                                              -2.6835527 -0.29756445 0,
                                              -2.6630406 -0.44521254 0,
                                              -2.6344113 -0.59150362 0,
                                              -2.5977521 -0.73599166 0,
                                              -2.5531747 -0.87823641 0,
                                              -2.5008149 -1.0178041 0,
                                              -2.4408321 -1.1542695 0,
                                              -2.3734097 -1.2872165 0,
                                              -2.2987528 -1.41624 0,
                                              -2.2170889 -1.5409466 0,
                                              -2.1286674 -1.6609563 0,
                                              -2.0337572 -1.7759031 0,
                                              -1.9326479 -1.8854368 0,
                                              -1.8256478 -1.9892235 0,
                                              -1.7130829 -2.0869467 0,
                                              -1.5952963 -2.178309 0,
                                              -1.4726471 -2.2630312 0,
                                              -1.3455091 -2.3408556 0,
                                              -1.2142699 -2.4115448 0,
                                              -1.0793294 -2.4748836 0,
                                              -0.94109899 -2.5306783 0,
                                              -0.80000001 3.8 3.5,
                                              -1 3.8 3.3,
                                              -0.80000001 2.787472 3.5,
                                              -0.85043633 2.7725003 3.4495637,
                                              -0.90059274 2.7566161 3.3994071,
                                              -0.9504528 2.7398248 3.3495471,
                                              -1 2.7221315 3.3,
                                              -1 2.7221315 3.3,
                                              -1 2.7221315 0.2,
                                              -1 3.8 0.2,
                                              -1 3.8 3.3,
                                              0.80000001 -3.8 0,
                                              0.80000001 -2.5787594 0,
                                              1 -2.7221315 0.2,
                                              0.94898576 -2.6862886 0.14898574,
                                              0.89864767 -2.6504455 0.098647662,
                                              0.84898573 -2.6146023 0.048985746,
                                              1 -3.8 0.2,
                                              0.80000001 -2.5787594 0,
                                              0.94109899 -2.5306783 0,
                                              1.0793294 -2.4748836 0,
                                              1.2142699 -2.4115448 0,
                                              1.3455091 -2.3408556 0,
                                              1.4726471 -2.2630312 0,
                                              1.5952963 -2.178309 0,
                                              1.7130829 -2.0869467 0,
                                              1.8256478 -1.9892235 0,
                                              1.9326479 -1.8854368 0,
                                              2.0337572 -1.7759031 0,
                                              2.1286674 -1.6609563 0,
                                              2.2170889 -1.5409466 0,
                                              2.2987528 -1.41624 0,
                                              2.3734097 -1.2872165 0,
                                              2.4408321 -1.1542695 0,
                                              2.5008149 -1.0178041 0,
                                              2.5531747 -0.87823641 0,
                                              2.5977521 -0.73599166 0,
                                              2.6344113 -0.59150362 0,
                                              2.6630406 -0.44521254 0,
                                              2.6835527 -0.29756445 0,
                                              2.6958849 -0.14900932 0,
                                              2.7 0 0,
                                              0.80000001 -3.8 0,
                                              -0.80000001 -3.8 0,
                                              -0.80000001 -2.5787594 0,
                                              -0.80000001 2.5787594 0,
                                              -0.94109899 2.5306783 0,
                                              -1.0793294 2.4748836 0,
                                              -1.2142699 2.4115448 0,
                                              -1.3455091 2.3408556 0,
                                              -1.4726471 2.2630312 0,
                                              -1.5952963 2.178309 0,
                                              -1.7130829 2.0869467 0,
                                              -1.8256478 1.9892235 0,
                                              -1.9326479 1.8854368 0,
                                              -2.0337572 1.7759031 0,
                                              -2.1286674 1.6609563 0,
                                              -2.2170889 1.5409466 0,
                                              -2.2987528 1.41624 0,
                                              -2.3734097 1.2872165 0,
                                              -2.4408321 1.1542695 0,
                                              -2.5008149 1.0178041 0,
                                              -2.5531747 0.87823641 0,
                                              -2.5977521 0.73599166 0,
                                              -2.6344113 0.59150362 0,
                                              -2.6630406 0.44521254 0,
                                              -2.6835527 0.29756445 0,
                                              -2.6958849 0.14900932 0,
                                              -2.7 0 0,
                                              -2.6958849 -0.14900932 0,
                                              -2.6835527 -0.29756445 0,
                                              -2.6630406 -0.44521254 0,
                                              -2.6344113 -0.59150362 0,
                                              -2.5977521 -0.73599166 0,
                                              -2.5531747 -0.87823641 0,
                                              -2.5008149 -1.0178041 0,
                                              -2.4408321 -1.1542695 0,
                                              -2.3734097 -1.2872165 0,
                                              -2.2987528 -1.41624 0,
                                              -2.2170889 -1.5409466 0,
                                              -2.1286674 -1.6609563 0,
                                              -2.0337572 -1.7759031 0,
                                              -1.9326479 -1.8854368 0,
                                              -1.8256478 -1.9892235 0,
                                              -1.7130829 -2.0869467 0,
                                              -1.5952963 -2.178309 0,
                                              -1.4726471 -2.2630312 0,
                                              -1.3455091 -2.3408556 0,
                                              -1.2142699 -2.4115448 0,
                                              -1.0793294 -2.4748836 0,
                                              -0.94109899 -2.5306783 0,
                                              -0.80000001 3.8 0,
                                              0.80000001 3.8 0,
                                              0.80000001 2.5787594 0,
                                              2.6958849 0.14900932 0,
                                              2.6835527 0.29756445 0,
                                              2.6630406 0.44521254 0,
                                              2.6344113 0.59150362 0,
                                              2.5977521 0.73599166 0,
                                              2.5531747 0.87823641 0,
                                              2.5008149 1.0178041 0,
                                              2.4408321 1.1542695 0,
                                              2.3734097 1.2872165 0,
                                              2.2987528 1.41624 0,
                                              2.2170889 1.5409466 0,
                                              2.1286674 1.6609563 0,
                                              2.0337572 1.7759031 0,
                                              1.9326479 1.8854368 0,
                                              1.8256478 1.9892235 0,
                                              1.7130829 2.0869467 0,
                                              1.5952963 2.178309 0,
                                              1.4726471 2.2630312 0,
                                              1.3455091 2.3408556 0,
                                              1.2142699 2.4115448 0,
                                              1.0793294 2.4748836 0,
                                              0.94109899 2.5306783 0,
                                              2.0999999 0 7.5999999,
                                              2.0967546 0.116707 7.5999999,
                                              2.087028 0.23305327 7.5999999,
                                              2.0708508 0.34867918 7.5999999,
                                              2.0482726 0.46322733 7.5999999,
                                              2.0193632 0.57634372 7.5999999,
                                              1.9842122 0.68767864 7.5999999,
                                              1.9429281 0.79688793 7.5999999,
                                              1.8956385 0.90363413 7.5999999,
                                              1.8424896 1.0075873 7.5999999,
                                              1.7836456 1.108426 7.5999999,
                                              1.7192886 1.2058387 7.5999999,
                                              1.6496173 1.2995241 7.5999999,
                                              1.5748471 1.3891928 7.5999999,
                                              1.4952091 1.4745677 7.5999999,
                                              1.4109496 1.5553846 7.5999999,
                                              1.3223289 1.631394 7.5999999,
                                              1.2296209 1.7023609 7.5999999,
                                              1.1331123 1.7680658 7.5999999,
                                              1.0331013 1.8283057 7.5999999,
                                              0.92989701 1.8828945 7.5999999,
                                              0.82381845 1.9316633 7.5999999,
                                              0.71519351 1.9744616 7.5999999,
                                              0.60435796 2.0111568 7.5999999,
                                              0.4916544 2.0416355 7.5999999,
                                              0.37743115 2.065804 7.5999999,
                                              0.2620413 2.0835869 7.5999999,
                                              0.14584146 2.0949297 7.5999999,
                                              0.02919085 2.099797 7.5999999,
                                              -0.087549992 2.0981741 7.5999999,
                                              -0.20402022 2.090066 7.5999999,
                                              -0.31985983 2.0754974 7.5999999,
                                              -0.43471077 2.0545137 7.5999999,
                                              -0.54821807 2.0271795 7.5999999,
                                              -0.66003084 1.9935795 7.5999999,
                                              -0.76980346 1.9538175 7.5999999,
                                              -0.87719667 1.9080162 7.5999999,
                                              -0.98187858 1.8563174 7.5999999,
                                              -1.0835255 1.7988809 7.5999999,
                                              -1.1818234 1.7358841 7.5999999,
                                              -1.2764682 1.6675218 7.5999999,
                                              -1.3671676 1.5940052 7.5999999,
                                              -1.4536412 1.5155618 7.5999999,
                                              -1.5356215 1.4324337 7.5999999,
                                              -1.6128554 1.3448782 7.5999999,
                                              -1.6851041 1.2531656 7.5999999,
                                              -1.7521442 1.1575797 7.5999999,
                                              -1.8137685 1.0584157 7.5999999,
                                              -1.8697866 0.95598012 7.5999999,
                                              -1.9200252 0.85058975 7.5999999,
                                              -1.9643292 0.74257022 7.5999999,
                                              -2.0025616 0.63225549 7.5999999,
                                              -2.0346041 0.51998645 7.5999999,
                                              -2.0603578 0.4061102 7.5999999,
                                              -2.0797431 0.29097867 7.5999999,
                                              -2.0927 0.17494774 7.5999999,
                                              -2.0991886 0.058376059 7.5999999,
                                              -2.0991886 -0.058376059 7.5999999,
                                              -2.0927 -0.17494774 7.5999999,
                                              -2.0797431 -0.29097867 7.5999999,
                                              -2.0603578 -0.4061102 7.5999999,
                                              -2.0346041 -0.51998645 7.5999999,
                                              -2.0025616 -0.63225549 7.5999999,
                                              -1.9643292 -0.74257022 7.5999999,
                                              -1.9200252 -0.85058975 7.5999999,
                                              -1.8697866 -0.95598012 7.5999999,
                                              -1.8137685 -1.0584157 7.5999999,
                                              -1.7521442 -1.1575797 7.5999999,
                                              -1.6851041 -1.2531656 7.5999999,
                                              -1.6128554 -1.3448782 7.5999999,
                                              -1.5356215 -1.4324337 7.5999999,
                                              -1.4536412 -1.5155618 7.5999999,
                                              -1.3671676 -1.5940052 7.5999999,
                                              -1.2764682 -1.6675218 7.5999999,
                                              -1.1818234 -1.7358841 7.5999999,
                                              -1.0835255 -1.7988809 7.5999999,
                                              -0.98187858 -1.8563174 7.5999999,
                                              -0.87719667 -1.9080162 7.5999999,
                                              -0.76980346 -1.9538175 7.5999999,
                                              -0.66003084 -1.9935795 7.5999999,
                                              -0.54821807 -2.0271795 7.5999999,
                                              -0.43471077 -2.0545137 7.5999999,
                                              -0.31985983 -2.0754974 7.5999999,
                                              -0.20402022 -2.090066 7.5999999,
                                              -0.087549992 -2.0981741 7.5999999,
                                              0.02919085 -2.099797 7.5999999,
                                              0.14584146 -2.0949297 7.5999999,
                                              0.2620413 -2.0835869 7.5999999,
                                              0.37743115 -2.065804 7.5999999,
                                              0.4916544 -2.0416355 7.5999999,
                                              0.60435796 -2.0111568 7.5999999,
                                              0.71519351 -1.9744616 7.5999999,
                                              0.82381845 -1.9316633 7.5999999,
                                              0.92989701 -1.8828945 7.5999999,
                                              1.0331013 -1.8283057 7.5999999,
                                              1.1331123 -1.7680658 7.5999999,
                                              1.2296209 -1.7023609 7.5999999,
                                              1.3223289 -1.631394 7.5999999,
                                              1.4109496 -1.5553846 7.5999999,
                                              1.4952091 -1.4745677 7.5999999,
                                              1.5748471 -1.3891928 7.5999999,
                                              1.6496173 -1.2995241 7.5999999,
                                              1.7192886 -1.2058387 7.5999999,
                                              1.7836456 -1.108426 7.5999999,
                                              1.8424896 -1.0075873 7.5999999,
                                              1.8956385 -0.90363413 7.5999999,
                                              1.9429281 -0.79688793 7.5999999,
                                              1.9842122 -0.68767864 7.5999999,
                                              2.0193632 -0.57634372 7.5999999,
                                              2.0482726 -0.46322733 7.5999999,
                                              2.0708508 -0.34867918 7.5999999,
                                              2.087028 -0.23305327 7.5999999,
                                              2.0967546 -0.116707 7.5999999,
                                              0.80000001 -4 0.2,
                                              1 -3.8 0.2,
                                              1 -3.8 3.3,
                                              0.80000001 -4 3.3,
                                              0.80000001 -3.8 3.5,
                                              0.80000001 -4 3.3,
                                              1 -3.8 3.3,
                                              1 2.7221315 0.2,
                                              0.94898576 2.6862886 0.14898574,
                                              0.89864767 2.6504455 0.098647662,
                                              0.84898573 2.6146023 0.048985746,
                                              0.80000001 2.5787594 0,
                                              0.80000001 3.8 0,
                                              1 3.8 0.2,
                                              -0.80000001 -3.8 3.5,
                                              -0.80000001 -4 3.3,
                                              0.80000001 -3.8 3.5,
                                              0.80000001 -4 3.3,
                                              1 3.8 0.2,
                                              0.80000001 4 0.2,
                                              1 3.8 3.3,
                                              0.80000001 4 3.3,
                                              -0.80000001 -3.8 3.5,
                                              -0.80000001 -4 3.3,
                                              -1 -3.8 3.3,
                                              0.80000001 3.8 3.5,
                                              0.80000001 4 3.3,
                                              1 3.8 3.3,
                                              -0.80000001 -2.5787594 0,
                                              -0.84898573 -2.6146023 0.048985746,
                                              -0.89864767 -2.6504455 0.098647662,
                                              -0.94898576 -2.6862886 0.14898574,
                                              -1 -2.7221315 0.2,
                                              -0.80000001 -3.8 0,
                                              -1 -3.8 0.2,
                                              -1 -3.8 0.2,
                                              -0.80000001 -4 0.2,
                                              -1 -3.8 3.3,
                                              -0.80000001 -4 3.3,
                                              0.80000001 3.8 3.5,
                                              0.80000001 4 3.3,
                                              -0.80000001 3.8 3.5,
                                              -0.80000001 4 3.3,
                                              -0.80000001 3.8 0,
                                              -0.80000001 2.5787594 0,
                                              -1 2.7221315 0.2,
                                              -0.94898576 2.6862886 0.14898574,
                                              -0.89864767 2.6504455 0.098647662,
                                              -0.84898573 2.6146023 0.048985746,
                                              -1 3.8 0.2,
                                              -0.80000001 3.8 3.5,
                                              -0.80000001 4 3.3,
                                              -1 3.8 3.3,
                                              -0.80000001 4 0.2,
                                              -1 3.8 0.2,
                                              -1 3.8 3.3,
                                              -0.80000001 4 3.3,
                                              0.80000001 -4 0.2,
                                              0.80000001 -3.8 0,
                                              1 -3.8 0.2,
                                              -0.80000001 -3.8 0,
                                              0.80000001 -3.8 0,
                                              0.80000001 -4 0.2,
                                              -0.80000001 -4 0.2,
                                              0.80000001 3.8 0,
                                              -0.80000001 3.8 0,
                                              -0.80000001 4 0.2,
                                              0.80000001 4 0.2,
                                              -0.80000001 -4 0.2,
                                              0.80000001 -4 0.2,
                                              -0.80000001 -4 3.3,
                                              0.80000001 -4 3.3,
                                              1 3.8 0.2,
                                              0.80000001 3.8 0,
                                              0.80000001 4 0.2,
                                              0.80000001 4 0.2,
                                              -0.80000001 4 0.2,
                                              0.80000001 4 3.3,
                                              -0.80000001 4 3.3,
                                              -1 -3.8 0.2,
                                              -0.80000001 -3.8 0,
                                              -0.80000001 -4 0.2,
                                              -0.80000001 4 0.2,
                                              -0.80000001 3.8 0,
                                              -1 3.8 0.2,
                                              2.9000001 -6.6613381e-016 0.2,
                                              2.9000001 0 6.8000002,
                                              1 -2.7221315 0.2,
                                              1 -2.7221315 3.3,
                                              0.80000001 -2.787472 3.5,
                                              1 2.7221315 0.2,
                                              -0.80000001 -2.787472 3.5,
                                              1 2.7221315 3.3,
                                              -1 -2.7221315 3.3,
                                              0.80000001 2.787472 3.5,
                                              -1 -2.7221315 0.2,
                                              -0.80000001 2.787472 3.5,
                                              -1 2.7221315 0.2,
                                              -1 2.7221315 3.3,
                                              0.80000001 -2.5787594 0,
                                              2.7 -6.6613381e-016 0,
                                              2.0999999 0 7.5999999,
                                              1 -3.8 3.3,
                                              1 -3.8 0.2,
                                              0.80000001 -3.8 3.5,
                                              0.80000001 2.5787594 0,
                                              -0.80000001 -3.8 3.5,
                                              1 3.8 3.3,
                                              1 3.8 0.2,
                                              -1 -3.8 3.3,
                                              0.80000001 3.8 3.5,
                                              -1 -3.8 0.2,
                                              -0.80000001 3.8 3.5,
                                              -0.80000001 2.5787594 0,
                                              -0.80000001 -2.5787594 2.7755576e-017,
                                              -1 3.8 3.3,
                                              -1 3.8 0.2,
                                              0.80000001 -3.8 1.3975958e-016,
                                              -0.80000001 -3.8 1.3823924e-016,
                                              0.80000001 3.8 1.3823924e-016,
                                              -0.80000001 3.8 1.3975958e-016,
                                              0.80000001 -4 0.2,
                                              0.80000001 -4 3.3,
                                              -0.80000001 -4 3.3,
                                              0.80000001 4 0.2,
                                              0.80000001 4 3.3,
                                              -0.80000001 -4 0.2,
                                              -0.80000001 4 3.3,
                                              -0.80000001 4 0.2 ]

                                        }
                                        coordIndex [ 0, 1, -1, 2, 3, 4, 5, 6,
                                            7, 8, 9, 10, 11, 12, 13, 14,
                                            15, 16, 17, 18, 19, 20, 21, 22,
                                            23, 0, -1, 132, 133, 134, 135, 136,
                                            137, 138, 139, 140, 141, 142, 143, 144,
                                            145, 146, 147, 148, 149, 150, 151, 152,
                                            153, 154, 155, 156, 157, 158, 159, 160,
                                            161, 162, 163, 164, 165, 166, 167, 168,
                                            169, 170, 171, 172, 173, 174, 175, 176,
                                            177, 178, 179, 180, 181, 182, 183, 184,
                                            185, 186, 187, 188, 189, 190, 191, 192,
                                            193, 194, 195, 196, 197, 198, 199, 200,
                                            201, 202, 203, 204, 205, 206, 207, 208,
                                            209, 210, 211, 212, 213, 214, 215, 216,
                                            217, 218, 219, 220, 221, 222, 223, 224,
                                            225, 226, 227, 228, 229, 230, 231, 232,
                                            233, 234, 235, 236, 237, 238, 239, 240,
                                            241, 242, 243, 244, 1, -1, 24, 2,
                                            -1, 24, 25, 26, 27, 28, -1, 110,
                                            111, 112, 113, 114, 115, 116, 117, 118,
                                            119, 120, 121, 122, 123, 124, 125, 126,
                                            127, 128, 129, 130, 131, 109, -1, 28,
                                            29, 30, 31, 32, 33, 34, 35, 36,
                                            37, 38, 39, -1, 105, 109, -1, 39,
                                            40, 41, 42, 43, -1, 105, 106, 107,
                                            108, 104, -1, 43, 44, -1, 90, 94,
                                            95, 96, 97, 98, 99, 100, 101, 102,
                                            103, 104, -1, 45, 46, 47, 48, 49,
                                            50, 51, 52, 53, 54, 55, 56, 57,
                                            58, 59, 60, 61, 62, 63, 64, 65,
                                            66, 67, 68, 69, 70, 71, 72, 73,
                                            74, 75, 76, 77, 78, 79, 80, 81,
                                            82, 83, 84, 85, 86, 87, 88, 44,
                                            -1, 90, 91, 92, 93, 89, -1, 89,
                                            45, -1, 245, 246, 247, 248, 249, -1,
                                            249, 273, 274, 275, 276, 277, 278, 279,
                                            280, 281, 282, 283, 284, 285, 286, 287,
                                            288, 289, 290, 291, 292, 293, 294, 272,
                                            -1, 271, 272, -1, 411, 412, 413, 414,
                                            -1, 298, 415, 416, 417, 418, 419, 420,
                                            421, 422, 423, 424, 425, 426, 427, 428,
                                            429, 430, 431, 432, 433, 434, 435, 436,
                                            437, 438, 439, 440, 441, 442, 443, 444,
                                            445, 446, 447, 448, 449, 450, 451, 452,
                                            453, 454, 455, 456, 457, 458, 459, 460,
                                            461, 462, 463, 464, 465, 466, 467, 468,
                                            469, 470, 471, 472, 473, 474, 475, 476,
                                            477, 478, 479, 480, 481, 482, 483, 484,
                                            485, 486, 487, 488, 489, 490, 491, 492,
                                            493, 494, 495, 496, 497, 498, 499, 500,
                                            501, 502, 503, 504, 505, 506, 507, 508,
                                            509, 510, 511, 512, 513, 514, 515, 516,
                                            517, 518, 519, 520, 521, 522, 523, 524,
                                            525, 526, 414, -1, 642, 639, -1, 641,
                                            640, -1, 641, 642, -1, 643, 644, -1,
                                            643, 649, -1, 651, 678, 679, 680, 681,
                                            682, 683, 684, 685, 686, 687, 688, 689,
                                            690, 691, 692, 693, 694, 695, 696, 697,
                                            698, 699, 677, -1, 673, 674, 675, 676,
                                            677, -1, 711, 712, -1, 712, 713, -1,
                                            714, 716, -1, 715, 717, -1, 717, 716,
                                            -1, 722, 724, -1, 723, 724, -1, 729,
                                            731, -1, 731, 730, -1, 733, 735, -1,
                                            735, 734, -1, 749, 736, -1, 748, 749,
                                            -1, 750, 751, 752, 753, 754, -1, 754,
                                            803, 804, 805, 806, 807, 808, 809, 810,
                                            811, 812, 813, 814, 815, 816, 817, 818,
                                            819, 820, 821, 822, 823, 824, 825, 826,
                                            827, 828, 829, 830, 831, 832, 833, 834,
                                            835, 836, 837, 838, 839, 840, 841, 842,
                                            843, 844, 845, 846, 847, 799, -1, 799,
                                            800, 801, 802, 798, -1, 848, 849, -1,
                                            849, 854, -1, 857, 856, -1, 857, 858,
                                            -1, 859, 860, -1, 859, 865, -1, 891,
                                            890, -1, 941, 940, -1, 892, 891, -1,
                                            940, 939, -1, 939, 893, -1, 1077, 1078,
                                            -1, 1077, 1080, -1, 1080, 1079, -1, 1081,
                                            1082, -1, 1090, 1089, -1, 1091, 1092, -1,
                                            1092, 1094, -1, 1095, 1096, -1, 1096, 1098,
                                            -1, 1098, 1097, -1, 1100, 1101, -1, 1102,
                                            1103, -1, 1111, 1110, -1, 1112, 1113, -1,
                                            1113, 1115, -1, 1117, 1119, -1, 1118, 1119,
                                            -1, 1120, 1126, -1, 1128, 1129, -1, 1130,
                                            1131, -1, 1130, 1133, -1, 1134, 1135, -1,
                                            1137, 1140, -1, 1140, 1139, -1, 1141, 1144,
                                            -1, 1143, 1142, -1, 1144, 1143, -1 ]

                                      }

                                    }

                                },
                                  
                                DEF o25 Group {
                                  children 
                                    DEF o26 Shape {
                                      appearance 
                                      Appearance {
                                        material 
                                        Material {
                                          diffuseColor 0.67843097 0.709804 0.74117601
                                          ambientIntensity 0.33333299
                                          specularColor 0.533333 0.533333 0.533333
                                          shininess 0.89999998

                                        }

                                      }
                                      geometry 
                                      IndexedFaceSet {
                                        coord 
                                        Coordinate {
                                          point [ 2.9000001 0 0.2,
                                              2.9000001 0 6.8000002,
                                              1 -2.7221315 0.2,
                                              1.1491877 -2.6625867 0.2,
                                              1.2948495 -2.5948727 0.2,
                                              1.4365387 -2.5191977 0.2,
                                              1.5738204 -2.4357934 0.2,
                                              1.7062736 -2.3449159 0.2,
                                              1.8334917 -2.2468441 0.2,
                                              1.9550846 -2.1418786 0.2,
                                              2.0706789 -2.0303419 0.2,
                                              2.1799204 -1.9125758 0.2,
                                              2.2824738 -1.7889419 0.2,
                                              2.3780243 -1.6598192 0.2,
                                              2.466279 -1.5256042 0.2,
                                              2.5469668 -1.3867085 0.2,
                                              2.6198401 -1.2435582 0.2,
                                              2.6846759 -1.0965927 0.2,
                                              2.7412748 -0.9462626 0.2,
                                              2.789463 -0.79302937 0.2,
                                              2.8290932 -0.63736302 0.2,
                                              2.8600435 -0.47974122 0.2,
                                              2.8822188 -0.32064754 0.2,
                                              2.8955512 -0.1605701 0.2,
                                              1 -2.7221315 3.3,
                                              0.9504528 -2.7398248 3.3495471,
                                              0.90059274 -2.7566161 3.3994071,
                                              0.85043633 -2.7725003 3.4495637,
                                              0.80000001 -2.787472 3.5,
                                              0.65738088 -2.8245089 3.5,
                                              0.51306462 -2.8542538 3.5,
                                              0.3674238 -2.8766298 3.5,
                                              0.22083439 -2.8915796 3.5,
                                              0.073674865 -2.8990641 3.5,
                                              -0.073674865 -2.8990641 3.5,
                                              -0.22083439 -2.8915796 3.5,
                                              -0.3674238 -2.8766298 3.5,
                                              -0.51306462 -2.8542538 3.5,
                                              -0.65738088 -2.8245089 3.5,
                                              -0.80000001 -2.787472 3.5,
                                              -0.85043633 -2.7725003 3.4495637,
                                              -0.90059274 -2.7566161 3.3994071,
                                              -0.9504528 -2.7398248 3.3495471,
                                              -1 -2.7221315 3.3,
                                              -1 -2.7221315 0.2,
                                              -1 2.7221315 0.2,
                                              -1.1491877 2.6625867 0.2,
                                              -1.2948495 2.5948727 0.2,
                                              -1.4365387 2.5191977 0.2,
                                              -1.5738204 2.4357934 0.2,
                                              -1.7062736 2.3449159 0.2,
                                              -1.8334917 2.2468441 0.2,
                                              -1.9550846 2.1418786 0.2,
                                              -2.0706789 2.0303419 0.2,
                                              -2.1799204 1.9125758 0.2,
                                              -2.2824738 1.7889419 0.2,
                                              -2.3780243 1.6598192 0.2,
                                              -2.466279 1.5256042 0.2,
                                              -2.5469668 1.3867085 0.2,
                                              -2.6198401 1.2435582 0.2,
                                              -2.6846759 1.0965927 0.2,
                                              -2.7412748 0.9462626 0.2,
                                              -2.789463 0.79302937 0.2,
                                              -2.8290932 0.63736302 0.2,
                                              -2.8600435 0.47974122 0.2,
                                              -2.8822188 0.32064754 0.2,
                                              -2.8955512 0.1605701 0.2,
                                              -2.9000001 0 0.2,
                                              -2.8955512 -0.1605701 0.2,
                                              -2.8822188 -0.32064754 0.2,
                                              -2.8600435 -0.47974122 0.2,
                                              -2.8290932 -0.63736302 0.2,
                                              -2.789463 -0.79302937 0.2,
                                              -2.7412748 -0.9462626 0.2,
                                              -2.6846759 -1.0965927 0.2,
                                              -2.6198401 -1.2435582 0.2,
                                              -2.5469668 -1.3867085 0.2,
                                              -2.466279 -1.5256042 0.2,
                                              -2.3780243 -1.6598192 0.2,
                                              -2.2824738 -1.7889419 0.2,
                                              -2.1799204 -1.9125758 0.2,
                                              -2.0706789 -2.0303419 0.2,
                                              -1.9550846 -2.1418786 0.2,
                                              -1.8334917 -2.2468441 0.2,
                                              -1.7062736 -2.3449159 0.2,
                                              -1.5738204 -2.4357934 0.2,
                                              -1.4365387 -2.5191977 0.2,
                                              -1.2948495 -2.5948727 0.2,
                                              -1.1491877 -2.6625867 0.2,
                                              -1 2.7221315 3.3,
                                              -0.80000001 2.787472 3.5,
                                              -0.85043633 2.7725003 3.4495637,
                                              -0.90059274 2.7566161 3.3994071,
                                              -0.9504528 2.7398248 3.3495471,
                                              -0.65738088 2.8245089 3.5,
                                              -0.51306462 2.8542538 3.5,
                                              -0.3674238 2.8766298 3.5,
                                              -0.22083439 2.8915796 3.5,
                                              -0.073674865 2.8990641 3.5,
                                              0.073674865 2.8990641 3.5,
                                              0.22083439 2.8915796 3.5,
                                              0.3674238 2.8766298 3.5,
                                              0.51306462 2.8542538 3.5,
                                              0.65738088 2.8245089 3.5,
                                              0.80000001 2.787472 3.5,
                                              1 2.7221315 3.3,
                                              0.9504528 2.7398248 3.3495471,
                                              0.90059274 2.7566161 3.3994071,
                                              0.85043633 2.7725003 3.4495637,
                                              1 2.7221315 0.2,
                                              2.9000001 0 0.2,
                                              2.8955512 0.1605701 0.2,
                                              2.8822188 0.32064754 0.2,
                                              2.8600435 0.47974122 0.2,
                                              2.8290932 0.63736302 0.2,
                                              2.789463 0.79302937 0.2,
                                              2.7412748 0.9462626 0.2,
                                              2.6846759 1.0965927 0.2,
                                              2.6198401 1.2435582 0.2,
                                              2.5469668 1.3867085 0.2,
                                              2.466279 1.5256042 0.2,
                                              2.3780243 1.6598192 0.2,
                                              2.2824738 1.7889419 0.2,
                                              2.1799204 1.9125758 0.2,
                                              2.0706789 2.0303419 0.2,
                                              1.9550846 2.1418786 0.2,
                                              1.8334917 2.2468441 0.2,
                                              1.7062736 2.3449159 0.2,
                                              1.5738204 2.4357934 0.2,
                                              1.4365387 2.5191977 0.2,
                                              1.2948495 2.5948727 0.2,
                                              1.1491877 2.6625867 0.2,
                                              2.9000001 0 6.8000002,
                                              2.8955181 0.16116682 6.8000002,
                                              2.8820863 0.32183546 6.8000002,
                                              2.8597462 0.48150933 6.8000002,
                                              2.8285668 0.63969493 6.8000002,
                                              2.7886446 0.79590321 6.8000002,
                                              2.7401025 0.94965142 6.8000002,
                                              2.6830912 1.1004643 6.8000002,
                                              2.6177864 1.2478757 6.8000002,
                                              2.5443904 1.39143 6.8000002,
                                              2.4631298 1.5306835 6.8000002,
                                              2.3742557 1.6652057 6.8000002,
                                              2.2780428 1.7945809 6.8000002,
                                              2.174789 1.9184091 6.8000002,
                                              2.0648127 2.0363076 6.8000002,
                                              1.9484543 2.147912 6.8000002,
                                              1.8260732 2.2528775 6.8000002,
                                              1.698048 2.3508792 6.8000002,
                                              1.5647742 2.4416146 6.8000002,
                                              1.4266636 2.5248032 6.8000002,
                                              1.2841434 2.6001875 6.8000002,
                                              1.1376541 2.6675351 6.8000002,
                                              0.98764819 2.7266374 6.8000002,
                                              0.8345896 2.7773118 6.8000002,
                                              0.67895132 2.8194015 6.8000002,
                                              0.52121443 2.8527768 6.8000002,
                                              0.36186653 2.8773344 6.8000002,
                                              0.20140012 2.892998 6.8000002,
                                              0.040311173 2.8997197 6.8000002,
                                              -0.12090237 2.8974786 6.8000002,
                                              -0.28174222 2.8862815 6.8000002,
                                              -0.44171119 2.8661633 6.8000002,
                                              -0.60031486 2.8371856 6.8000002,
                                              -0.75706303 2.7994385 6.8000002,
                                              -0.91147113 2.7530384 6.8000002,
                                              -1.063062 2.6981289 6.8000002,
                                              -1.2113669 2.6348796 6.8000002,
                                              -1.3559276 2.5634861 6.8000002,
                                              -1.4962971 2.4841688 6.8000002,
                                              -1.6320417 2.3971734 6.8000002,
                                              -1.7627418 2.3027682 6.8000002,
                                              -1.8879933 2.2012453 6.8000002,
                                              -2.0074091 2.0929186 6.8000002,
                                              -2.1206203 1.9781228 6.8000002,
                                              -2.2272766 1.8572127 6.8000002,
                                              -2.3270485 1.7305621 6.8000002,
                                              -2.4196277 1.5985624 6.8000002,
                                              -2.5047281 1.4616216 6.8000002,
                                              -2.5820863 1.320163 6.8000002,
                                              -2.6514635 1.174624 6.8000002,
                                              -2.7126451 1.0254542 6.8000002,
                                              -2.7654421 0.87311471 6.8000002,
                                              -2.8096914 0.71807653 6.8000002,
                                              -2.8452561 0.56081885 6.8000002,
                                              -2.8720262 0.40182769 6.8000002,
                                              -2.889919 0.24159449 6.8000002,
                                              -2.8988793 0.080614559 6.8000002,
                                              -2.8988793 -0.080614559 6.8000002,
                                              -2.889919 -0.24159449 6.8000002,
                                              -2.8720262 -0.40182769 6.8000002,
                                              -2.8452561 -0.56081885 6.8000002,
                                              -2.8096914 -0.71807653 6.8000002,
                                              -2.7654421 -0.87311471 6.8000002,
                                              -2.7126451 -1.0254542 6.8000002,
                                              -2.6514635 -1.174624 6.8000002,
                                              -2.5820863 -1.320163 6.8000002,
                                              -2.5047281 -1.4616216 6.8000002,
                                              -2.4196277 -1.5985624 6.8000002,
                                              -2.3270485 -1.7305621 6.8000002,
                                              -2.2272766 -1.8572127 6.8000002,
                                              -2.1206203 -1.9781228 6.8000002,
                                              -2.0074091 -2.0929186 6.8000002,
                                              -1.8879933 -2.2012453 6.8000002,
                                              -1.7627418 -2.3027682 6.8000002,
                                              -1.6320417 -2.3971734 6.8000002,
                                              -1.4962971 -2.4841688 6.8000002,
                                              -1.3559276 -2.5634861 6.8000002,
                                              -1.2113669 -2.6348796 6.8000002,
                                              -1.063062 -2.6981289 6.8000002,
                                              -0.91147113 -2.7530384 6.8000002,
                                              -0.75706303 -2.7994385 6.8000002,
                                              -0.60031486 -2.8371856 6.8000002,
                                              -0.44171119 -2.8661633 6.8000002,
                                              -0.28174222 -2.8862815 6.8000002,
                                              -0.12090237 -2.8974786 6.8000002,
                                              0.040311173 -2.8997197 6.8000002,
                                              0.20140012 -2.892998 6.8000002,
                                              0.36186653 -2.8773344 6.8000002,
                                              0.52121443 -2.8527768 6.8000002,
                                              0.67895132 -2.8194015 6.8000002,
                                              0.8345896 -2.7773118 6.8000002,
                                              0.98764819 -2.7266374 6.8000002,
                                              1.1376541 -2.6675351 6.8000002,
                                              1.2841434 -2.6001875 6.8000002,
                                              1.4266636 -2.5248032 6.8000002,
                                              1.5647742 -2.4416146 6.8000002,
                                              1.698048 -2.3508792 6.8000002,
                                              1.8260732 -2.2528775 6.8000002,
                                              1.9484543 -2.147912 6.8000002,
                                              2.0648127 -2.0363076 6.8000002,
                                              2.174789 -1.9184091 6.8000002,
                                              2.2780428 -1.7945809 6.8000002,
                                              2.3742557 -1.6652057 6.8000002,
                                              2.4631298 -1.5306835 6.8000002,
                                              2.5443904 -1.39143 6.8000002,
                                              2.6177864 -1.2478757 6.8000002,
                                              2.6830912 -1.1004643 6.8000002,
                                              2.7401025 -0.94965142 6.8000002,
                                              2.7886446 -0.79590321 6.8000002,
                                              2.8285668 -0.63969493 6.8000002,
                                              2.8597462 -0.48150933 6.8000002,
                                              2.8820863 -0.32183546 6.8000002,
                                              2.8955181 -0.16116682 6.8000002,
                                              1 -2.7221315 0.2,
                                              0.94898576 -2.6862886 0.14898574,
                                              0.89864767 -2.6504455 0.098647662,
                                              0.84898573 -2.6146023 0.048985746,
                                              0.80000001 -2.5787594 0,
                                              1.1491877 -2.6625867 0.2,
                                              1.2948495 -2.5948727 0.2,
                                              1.4365387 -2.5191977 0.2,
                                              1.5738204 -2.4357934 0.2,
                                              1.7062736 -2.3449159 0.2,
                                              1.8334917 -2.2468441 0.2,
                                              1.9550846 -2.1418786 0.2,
                                              2.0706789 -2.0303419 0.2,
                                              2.1799204 -1.9125758 0.2,
                                              2.2824738 -1.7889419 0.2,
                                              2.3780243 -1.6598192 0.2,
                                              2.466279 -1.5256042 0.2,
                                              2.5469668 -1.3867085 0.2,
                                              2.6198401 -1.2435582 0.2,
                                              2.6846759 -1.0965927 0.2,
                                              2.7412748 -0.9462626 0.2,
                                              2.789463 -0.79302937 0.2,
                                              2.8290932 -0.63736302 0.2,
                                              2.8600435 -0.47974122 0.2,
                                              2.8822188 -0.32064754 0.2,
                                              2.8955512 -0.1605701 0.2,
                                              2.9000001 0 0.2,
                                              2.7 0 0,
                                              0.94109899 -2.5306783 0,
                                              1.0793294 -2.4748836 0,
                                              1.2142699 -2.4115448 0,
                                              1.3455091 -2.3408556 0,
                                              1.4726471 -2.2630312 0,
                                              1.5952963 -2.178309 0,
                                              1.7130829 -2.0869467 0,
                                              1.8256478 -1.9892235 0,
                                              1.9326479 -1.8854368 0,
                                              2.0337572 -1.7759031 0,
                                              2.1286674 -1.6609563 0,
                                              2.2170889 -1.5409466 0,
                                              2.2987528 -1.41624 0,
                                              2.3734097 -1.2872165 0,
                                              2.4408321 -1.1542695 0,
                                              2.5008149 -1.0178041 0,
                                              2.5531747 -0.87823641 0,
                                              2.5977521 -0.73599166 0,
                                              2.6344113 -0.59150362 0,
                                              2.6630406 -0.44521254 0,
                                              2.6835527 -0.29756445 0,
                                              2.6958849 -0.14900932 0,
                                              2.9000001 0 6.8000002,
                                              2.6333334 0 7.0666666,
                                              2.3666666 0 7.3333335,
                                              2.0999999 0 7.5999999,
                                              2.8955181 0.16116682 6.8000002,
                                              2.8820863 0.32183546 6.8000002,
                                              2.8597462 0.48150933 6.8000002,
                                              2.8285668 0.63969493 6.8000002,
                                              2.7886446 0.79590321 6.8000002,
                                              2.7401025 0.94965142 6.8000002,
                                              2.6830912 1.1004643 6.8000002,
                                              2.6177864 1.2478757 6.8000002,
                                              2.5443904 1.39143 6.8000002,
                                              2.4631298 1.5306835 6.8000002,
                                              2.3742557 1.6652057 6.8000002,
                                              2.2780428 1.7945809 6.8000002,
                                              2.174789 1.9184091 6.8000002,
                                              2.0648127 2.0363076 6.8000002,
                                              1.9484543 2.147912 6.8000002,
                                              1.8260732 2.2528775 6.8000002,
                                              1.698048 2.3508792 6.8000002,
                                              1.5647742 2.4416146 6.8000002,
                                              1.4266636 2.5248032 6.8000002,
                                              1.2841434 2.6001875 6.8000002,
                                              1.1376541 2.6675351 6.8000002,
                                              0.98764819 2.7266374 6.8000002,
                                              0.8345896 2.7773118 6.8000002,
                                              0.67895132 2.8194015 6.8000002,
                                              0.52121443 2.8527768 6.8000002,
                                              0.36186653 2.8773344 6.8000002,
                                              0.20140012 2.892998 6.8000002,
                                              0.040311173 2.8997197 6.8000002,
                                              -0.12090237 2.8974786 6.8000002,
                                              -0.28174222 2.8862815 6.8000002,
                                              -0.44171119 2.8661633 6.8000002,
                                              -0.60031486 2.8371856 6.8000002,
                                              -0.75706303 2.7994385 6.8000002,
                                              -0.91147113 2.7530384 6.8000002,
                                              -1.063062 2.6981289 6.8000002,
                                              -1.2113669 2.6348796 6.8000002,
                                              -1.3559276 2.5634861 6.8000002,
                                              -1.4962971 2.4841688 6.8000002,
                                              -1.6320417 2.3971734 6.8000002,
                                              -1.7627418 2.3027682 6.8000002,
                                              -1.8879933 2.2012453 6.8000002,
                                              -2.0074091 2.0929186 6.8000002,
                                              -2.1206203 1.9781228 6.8000002,
                                              -2.2272766 1.8572127 6.8000002,
                                              -2.3270485 1.7305621 6.8000002,
                                              -2.4196277 1.5985624 6.8000002,
                                              -2.5047281 1.4616216 6.8000002,
                                              -2.5820863 1.320163 6.8000002,
                                              -2.6514635 1.174624 6.8000002,
                                              -2.7126451 1.0254542 6.8000002,
                                              -2.7654421 0.87311471 6.8000002,
                                              -2.8096914 0.71807653 6.8000002,
                                              -2.8452561 0.56081885 6.8000002,
                                              -2.8720262 0.40182769 6.8000002,
                                              -2.889919 0.24159449 6.8000002,
                                              -2.8988793 0.080614559 6.8000002,
                                              -2.8988793 -0.080614559 6.8000002,
                                              -2.889919 -0.24159449 6.8000002,
                                              -2.8720262 -0.40182769 6.8000002,
                                              -2.8452561 -0.56081885 6.8000002,
                                              -2.8096914 -0.71807653 6.8000002,
                                              -2.7654421 -0.87311471 6.8000002,
                                              -2.7126451 -1.0254542 6.8000002,
                                              -2.6514635 -1.174624 6.8000002,
                                              -2.5820863 -1.320163 6.8000002,
                                              -2.5047281 -1.4616216 6.8000002,
                                              -2.4196277 -1.5985624 6.8000002,
                                              -2.3270485 -1.7305621 6.8000002,
                                              -2.2272766 -1.8572127 6.8000002,
                                              -2.1206203 -1.9781228 6.8000002,
                                              -2.0074091 -2.0929186 6.8000002,
                                              -1.8879933 -2.2012453 6.8000002,
                                              -1.7627418 -2.3027682 6.8000002,
                                              -1.6320417 -2.3971734 6.8000002,
                                              -1.4962971 -2.4841688 6.8000002,
                                              -1.3559276 -2.5634861 6.8000002,
                                              -1.2113669 -2.6348796 6.8000002,
                                              -1.063062 -2.6981289 6.8000002,
                                              -0.91147113 -2.7530384 6.8000002,
                                              -0.75706303 -2.7994385 6.8000002,
                                              -0.60031486 -2.8371856 6.8000002,
                                              -0.44171119 -2.8661633 6.8000002,
                                              -0.28174222 -2.8862815 6.8000002,
                                              -0.12090237 -2.8974786 6.8000002,
                                              0.040311173 -2.8997197 6.8000002,
                                              0.20140012 -2.892998 6.8000002,
                                              0.36186653 -2.8773344 6.8000002,
                                              0.52121443 -2.8527768 6.8000002,
                                              0.67895132 -2.8194015 6.8000002,
                                              0.8345896 -2.7773118 6.8000002,
                                              0.98764819 -2.7266374 6.8000002,
                                              1.1376541 -2.6675351 6.8000002,
                                              1.2841434 -2.6001875 6.8000002,
                                              1.4266636 -2.5248032 6.8000002,
                                              1.5647742 -2.4416146 6.8000002,
                                              1.698048 -2.3508792 6.8000002,
                                              1.8260732 -2.2528775 6.8000002,
                                              1.9484543 -2.147912 6.8000002,
                                              2.0648127 -2.0363076 6.8000002,
                                              2.174789 -1.9184091 6.8000002,
                                              2.2780428 -1.7945809 6.8000002,
                                              2.3742557 -1.6652057 6.8000002,
                                              2.4631298 -1.5306835 6.8000002,
                                              2.5443904 -1.39143 6.8000002,
                                              2.6177864 -1.2478757 6.8000002,
                                              2.6830912 -1.1004643 6.8000002,
                                              2.7401025 -0.94965142 6.8000002,
                                              2.7886446 -0.79590321 6.8000002,
                                              2.8285668 -0.63969493 6.8000002,
                                              2.8597462 -0.48150933 6.8000002,
                                              2.8820863 -0.32183546 6.8000002,
                                              2.8955181 -0.16116682 6.8000002,
                                              2.9000001 0 6.8000002,
                                              2.6333334 0 7.0666666,
                                              2.3666666 0 7.3333335,
                                              2.0999999 0 7.5999999,
                                              2.0967546 0.116707 7.5999999,
                                              2.087028 0.23305327 7.5999999,
                                              2.0708508 0.34867918 7.5999999,
                                              2.0482726 0.46322733 7.5999999,
                                              2.0193632 0.57634372 7.5999999,
                                              1.9842122 0.68767864 7.5999999,
                                              1.9429281 0.79688793 7.5999999,
                                              1.8956385 0.90363413 7.5999999,
                                              1.8424896 1.0075873 7.5999999,
                                              1.7836456 1.108426 7.5999999,
                                              1.7192886 1.2058387 7.5999999,
                                              1.6496173 1.2995241 7.5999999,
                                              1.5748471 1.3891928 7.5999999,
                                              1.4952091 1.4745677 7.5999999,
                                              1.4109496 1.5553846 7.5999999,
                                              1.3223289 1.631394 7.5999999,
                                              1.2296209 1.7023609 7.5999999,
                                              1.1331123 1.7680658 7.5999999,
                                              1.0331013 1.8283057 7.5999999,
                                              0.92989701 1.8828945 7.5999999,
                                              0.82381845 1.9316633 7.5999999,
                                              0.71519351 1.9744616 7.5999999,
                                              0.60435796 2.0111568 7.5999999,
                                              0.4916544 2.0416355 7.5999999,
                                              0.37743115 2.065804 7.5999999,
                                              0.2620413 2.0835869 7.5999999,
                                              0.14584146 2.0949297 7.5999999,
                                              0.02919085 2.099797 7.5999999,
                                              -0.087549992 2.0981741 7.5999999,
                                              -0.20402022 2.090066 7.5999999,
                                              -0.31985983 2.0754974 7.5999999,
                                              -0.43471077 2.0545137 7.5999999,
                                              -0.54821807 2.0271795 7.5999999,
                                              -0.66003084 1.9935795 7.5999999,
                                              -0.76980346 1.9538175 7.5999999,
                                              -0.87719667 1.9080162 7.5999999,
                                              -0.98187858 1.8563174 7.5999999,
                                              -1.0835255 1.7988809 7.5999999,
                                              -1.1818234 1.7358841 7.5999999,
                                              -1.2764682 1.6675218 7.5999999,
                                              -1.3671676 1.5940052 7.5999999,
                                              -1.4536412 1.5155618 7.5999999,
                                              -1.5356215 1.4324337 7.5999999,
                                              -1.6128554 1.3448782 7.5999999,
                                              -1.6851041 1.2531656 7.5999999,
                                              -1.7521442 1.1575797 7.5999999,
                                              -1.8137685 1.0584157 7.5999999,
                                              -1.8697866 0.95598012 7.5999999,
                                              -1.9200252 0.85058975 7.5999999,
                                              -1.9643292 0.74257022 7.5999999,
                                              -2.0025616 0.63225549 7.5999999,
                                              -2.0346041 0.51998645 7.5999999,
                                              -2.0603578 0.4061102 7.5999999,
                                              -2.0797431 0.29097867 7.5999999,
                                              -2.0927 0.17494774 7.5999999,
                                              -2.0991886 0.058376059 7.5999999,
                                              -2.0991886 -0.058376059 7.5999999,
                                              -2.0927 -0.17494774 7.5999999,
                                              -2.0797431 -0.29097867 7.5999999,
                                              -2.0603578 -0.4061102 7.5999999,
                                              -2.0346041 -0.51998645 7.5999999,
                                              -2.0025616 -0.63225549 7.5999999,
                                              -1.9643292 -0.74257022 7.5999999,
                                              -1.9200252 -0.85058975 7.5999999,
                                              -1.8697866 -0.95598012 7.5999999,
                                              -1.8137685 -1.0584157 7.5999999,
                                              -1.7521442 -1.1575797 7.5999999,
                                              -1.6851041 -1.2531656 7.5999999,
                                              -1.6128554 -1.3448782 7.5999999,
                                              -1.5356215 -1.4324337 7.5999999,
                                              -1.4536412 -1.5155618 7.5999999,
                                              -1.3671676 -1.5940052 7.5999999,
                                              -1.2764682 -1.6675218 7.5999999,
                                              -1.1818234 -1.7358841 7.5999999,
                                              -1.0835255 -1.7988809 7.5999999,
                                              -0.98187858 -1.8563174 7.5999999,
                                              -0.87719667 -1.9080162 7.5999999,
                                              -0.76980346 -1.9538175 7.5999999,
                                              -0.66003084 -1.9935795 7.5999999,
                                              -0.54821807 -2.0271795 7.5999999,
                                              -0.43471077 -2.0545137 7.5999999,
                                              -0.31985983 -2.0754974 7.5999999,
                                              -0.20402022 -2.090066 7.5999999,
                                              -0.087549992 -2.0981741 7.5999999,
                                              0.02919085 -2.099797 7.5999999,
                                              0.14584146 -2.0949297 7.5999999,
                                              0.2620413 -2.0835869 7.5999999,
                                              0.37743115 -2.065804 7.5999999,
                                              0.4916544 -2.0416355 7.5999999,
                                              0.60435796 -2.0111568 7.5999999,
                                              0.71519351 -1.9744616 7.5999999,
                                              0.82381845 -1.9316633 7.5999999,
                                              0.92989701 -1.8828945 7.5999999,
                                              1.0331013 -1.8283057 7.5999999,
                                              1.1331123 -1.7680658 7.5999999,
                                              1.2296209 -1.7023609 7.5999999,
                                              1.3223289 -1.631394 7.5999999,
                                              1.4109496 -1.5553846 7.5999999,
                                              1.4952091 -1.4745677 7.5999999,
                                              1.5748471 -1.3891928 7.5999999,
                                              1.6496173 -1.2995241 7.5999999,
                                              1.7192886 -1.2058387 7.5999999,
                                              1.7836456 -1.108426 7.5999999,
                                              1.8424896 -1.0075873 7.5999999,
                                              1.8956385 -0.90363413 7.5999999,
                                              1.9429281 -0.79688793 7.5999999,
                                              1.9842122 -0.68767864 7.5999999,
                                              2.0193632 -0.57634372 7.5999999,
                                              2.0482726 -0.46322733 7.5999999,
                                              2.0708508 -0.34867918 7.5999999,
                                              2.087028 -0.23305327 7.5999999,
                                              2.0967546 -0.116707 7.5999999,
                                              2.6173508 0.28968832 7.0666666,
                                              2.5695972 0.5758602 7.0666666,
                                              2.3523026 0.26035279 7.3333335,
                                              2.4906521 0.85504192 7.0666666,
                                              2.3093848 0.51754522 7.3333335,
                                              2.3814738 1.1238446 7.0666666,
                                              2.2384341 0.76845539 7.3333335,
                                              2.2433877 1.3790053 7.0666666,
                                              2.140312 1.0100375 7.3333335,
                                              2.0780699 1.6174268 7.0666666,
                                              2.0162094 1.2393593 7.3333335,
                                              1.8875272 1.8362149 7.0666666,
                                              1.8676325 1.4536368 7.3333335,
                                              1.6740725 2.0327139 7.0666666,
                                              1.6963853 1.6502692 7.3333335,
                                              1.4402968 2.2045383 7.0666666,
                                              1.5045462 1.8268694 7.3333335,
                                              1.1890378 2.3496029 7.0666666,
                                              1.294444 1.981294 7.3333335,
                                              0.92334557 2.4661462 7.0666666,
                                              1.0686289 2.1116683 7.3333335,
                                              0.6464451 2.5527539 7.0666666,
                                              0.82984221 2.2164099 7.3333335,
                                              0.3616977 2.6083748 7.0666666,
                                              0.58098233 2.2942474 7.3333335,
                                              0.072559766 2.6323335 7.0666666,
                                              0.32507008 2.3442357 7.3333335,
                                              -0.21745895 2.6243391 7.0666666,
                                              0.065211944 2.365768 7.3333335,
                                              -0.50483799 2.5844889 7.0666666,
                                              -0.19543779 2.3585832 7.3333335,
                                              -0.786089 2.5132666 7.0666666,
                                              -0.45371518 2.3227684 7.3333335,
                                              -1.0577979 2.4115365 7.0666666,
                                              -0.70648503 2.2587585 7.3333335,
                                              -1.3166667 2.2805336 7.0666666,
                                              -0.95067918 2.1673303 7.3333335,
                                              -1.5595528 2.1218481 7.0666666,
                                              -1.1833333 2.0495934 7.3333335,
                                              -1.7835082 1.9374063 7.0666666,
                                              -1.4016235 1.9069774 7.3333335,
                                              -1.9858141 1.729447 7.0666666,
                                              -1.6028997 1.7412132 7.3333335,
                                              -2.1640148 1.5004946 7.0666666,
                                              -1.784719 1.5543132 7.3333335,
                                              -2.3159475 1.2533281 7.0666666,
                                              -1.9448742 1.3485458 7.3333335,
                                              -2.4397676 0.99094802 7.0666666,
                                              -2.0814211 1.1264088 7.3333335,
                                              -2.5339725 0.71653914 7.0666666,
                                              -2.1927025 0.89059883 7.3333335,
                                              -2.5974181 0.43343243 7.0666666,
                                              -2.2773676 0.64397818 7.3333335,
                                              -2.6293347 0.14506443 7.0666666,
                                              -2.3343885 0.38954052 7.3333335,
                                              -2.6293347 -0.14506443 7.0666666,
                                              -2.3630729 0.13037437 7.3333335,
                                              -2.5974181 -0.43343243 7.0666666,
                                              -2.3630729 -0.13037437 7.3333335,
                                              -2.5339725 -0.71653914 7.0666666,
                                              -2.3343885 -0.38954052 7.3333335,
                                              -2.4397676 -0.99094802 7.0666666,
                                              -2.2773676 -0.64397818 7.3333335,
                                              -2.3159475 -1.2533281 7.0666666,
                                              -2.1927025 -0.89059883 7.3333335,
                                              -2.1640148 -1.5004946 7.0666666,
                                              -2.0814211 -1.1264088 7.3333335,
                                              -1.9858141 -1.729447 7.0666666,
                                              -1.9448742 -1.3485458 7.3333335,
                                              -1.7835082 -1.9374063 7.0666666,
                                              -1.784719 -1.5543132 7.3333335,
                                              -1.5595528 -2.1218481 7.0666666,
                                              -1.6028997 -1.7412132 7.3333335,
                                              -1.3166667 -2.2805336 7.0666666,
                                              -1.4016235 -1.9069774 7.3333335,
                                              -1.0577979 -2.4115365 7.0666666,
                                              -1.1833333 -2.0495934 7.3333335,
                                              -0.786089 -2.5132666 7.0666666,
                                              -0.95067918 -2.1673303 7.3333335,
                                              -0.50483799 -2.5844889 7.0666666,
                                              -0.70648503 -2.2587585 7.3333335,
                                              -0.21745895 -2.6243391 7.0666666,
                                              -0.45371518 -2.3227684 7.3333335,
                                              0.072559766 -2.6323335 7.0666666,
                                              -0.19543779 -2.3585832 7.3333335,
                                              0.3616977 -2.6083748 7.0666666,
                                              0.065211944 -2.365768 7.3333335,
                                              0.6464451 -2.5527539 7.0666666,
                                              0.32507008 -2.3442357 7.3333335,
                                              0.92334557 -2.4661462 7.0666666,
                                              0.58098233 -2.2942474 7.3333335,
                                              1.1890378 -2.3496029 7.0666666,
                                              0.82984221 -2.2164099 7.3333335,
                                              1.4402968 -2.2045383 7.0666666,
                                              1.0686289 -2.1116683 7.3333335,
                                              1.6740725 -2.0327139 7.0666666,
                                              1.294444 -1.981294 7.3333335,
                                              1.8875272 -1.8362149 7.0666666,
                                              1.5045462 -1.8268694 7.3333335,
                                              2.0780699 -1.6174268 7.0666666,
                                              1.6963853 -1.6502692 7.3333335,
                                              2.2433877 -1.3790053 7.0666666,
                                              1.8676325 -1.4536368 7.3333335,
                                              2.3814738 -1.1238446 7.0666666,
                                              2.0162094 -1.2393593 7.3333335,
                                              2.4906521 -0.85504192 7.0666666,
                                              2.140312 -1.0100375 7.3333335,
                                              2.5695972 -0.5758602 7.0666666,
                                              2.2384341 -0.76845539 7.3333335,
                                              2.6173508 -0.28968832 7.0666666,
                                              2.3093848 -0.51754522 7.3333335,
                                              2.3523026 -0.26035279 7.3333335,
                                              1 -2.7221315 3.3,
                                              1 -2.7221315 0.2,
                                              1 -3.8 0.2,
                                              1 -3.8 3.3,
                                              0.80000001 -3.8 3.5,
                                              1 -3.8 3.3,
                                              1 -2.7221315 3.3,
                                              0.9504528 -2.7398248 3.3495471,
                                              0.90059274 -2.7566161 3.3994071,
                                              0.85043633 -2.7725003 3.4495637,
                                              0.80000001 -2.787472 3.5,
                                              2.9000001 0 0.2,
                                              2.7 0 0,
                                              2.8955512 0.1605701 0.2,
                                              2.8822188 0.32064754 0.2,
                                              2.8600435 0.47974122 0.2,
                                              2.8290932 0.63736302 0.2,
                                              2.789463 0.79302937 0.2,
                                              2.7412748 0.9462626 0.2,
                                              2.6846759 1.0965927 0.2,
                                              2.6198401 1.2435582 0.2,
                                              2.5469668 1.3867085 0.2,
                                              2.466279 1.5256042 0.2,
                                              2.3780243 1.6598192 0.2,
                                              2.2824738 1.7889419 0.2,
                                              2.1799204 1.9125758 0.2,
                                              2.0706789 2.0303419 0.2,
                                              1.9550846 2.1418786 0.2,
                                              1.8334917 2.2468441 0.2,
                                              1.7062736 2.3449159 0.2,
                                              1.5738204 2.4357934 0.2,
                                              1.4365387 2.5191977 0.2,
                                              1.2948495 2.5948727 0.2,
                                              1.1491877 2.6625867 0.2,
                                              1 2.7221315 0.2,
                                              0.94898576 2.6862886 0.14898574,
                                              0.89864767 2.6504455 0.098647662,
                                              0.84898573 2.6146023 0.048985746,
                                              0.80000001 2.5787594 0,
                                              2.6958849 0.14900932 0,
                                              2.6835527 0.29756445 0,
                                              2.6630406 0.44521254 0,
                                              2.6344113 0.59150362 0,
                                              2.5977521 0.73599166 0,
                                              2.5531747 0.87823641 0,
                                              2.5008149 1.0178041 0,
                                              2.4408321 1.1542695 0,
                                              2.3734097 1.2872165 0,
                                              2.2987528 1.41624 0,
                                              2.2170889 1.5409466 0,
                                              2.1286674 1.6609563 0,
                                              2.0337572 1.7759031 0,
                                              1.9326479 1.8854368 0,
                                              1.8256478 1.9892235 0,
                                              1.7130829 2.0869467 0,
                                              1.5952963 2.178309 0,
                                              1.4726471 2.2630312 0,
                                              1.3455091 2.3408556 0,
                                              1.2142699 2.4115448 0,
                                              1.0793294 2.4748836 0,
                                              0.94109899 2.5306783 0,
                                              0.80000001 -2.787472 3.5,
                                              0.65738088 -2.8245089 3.5,
                                              0.51306462 -2.8542538 3.5,
                                              0.3674238 -2.8766298 3.5,
                                              0.22083439 -2.8915796 3.5,
                                              0.073674865 -2.8990641 3.5,
                                              -0.073674865 -2.8990641 3.5,
                                              -0.22083439 -2.8915796 3.5,
                                              -0.3674238 -2.8766298 3.5,
                                              -0.51306462 -2.8542538 3.5,
                                              -0.65738088 -2.8245089 3.5,
                                              -0.80000001 -2.787472 3.5,
                                              -0.80000001 -3.8 3.5,
                                              0.80000001 -3.8 3.5,
                                              1 2.7221315 3.3,
                                              1 2.7221315 0.2,
                                              1 3.8 3.3,
                                              1 3.8 0.2,
                                              -0.80000001 -2.787472 3.5,
                                              -0.85043633 -2.7725003 3.4495637,
                                              -0.90059274 -2.7566161 3.3994071,
                                              -0.9504528 -2.7398248 3.3495471,
                                              -1 -2.7221315 3.3,
                                              -0.80000001 -3.8 3.5,
                                              -1 -3.8 3.3,
                                              1 2.7221315 3.3,
                                              0.9504528 2.7398248 3.3495471,
                                              0.90059274 2.7566161 3.3994071,
                                              0.85043633 2.7725003 3.4495637,
                                              0.80000001 2.787472 3.5,
                                              1 3.8 3.3,
                                              0.80000001 3.8 3.5,
                                              -1 -2.7221315 3.3,
                                              -1 -2.7221315 0.2,
                                              -1 -3.8 3.3,
                                              -1 -3.8 0.2,
                                              -0.80000001 2.787472 3.5,
                                              -0.65738088 2.8245089 3.5,
                                              -0.51306462 2.8542538 3.5,
                                              -0.3674238 2.8766298 3.5,
                                              -0.22083439 2.8915796 3.5,
                                              -0.073674865 2.8990641 3.5,
                                              0.073674865 2.8990641 3.5,
                                              0.22083439 2.8915796 3.5,
                                              0.3674238 2.8766298 3.5,
                                              0.51306462 2.8542538 3.5,
                                              0.65738088 2.8245089 3.5,
                                              0.80000001 2.787472 3.5,
                                              0.80000001 3.8 3.5,
                                              -0.80000001 3.8 3.5,
                                              -1 2.7221315 0.2,
                                              -0.94898576 2.6862886 0.14898574,
                                              -0.89864767 2.6504455 0.098647662,
                                              -0.84898573 2.6146023 0.048985746,
                                              -0.80000001 2.5787594 0,
                                              -1.1491877 2.6625867 0.2,
                                              -1.2948495 2.5948727 0.2,
                                              -1.4365387 2.5191977 0.2,
                                              -1.5738204 2.4357934 0.2,
                                              -1.7062736 2.3449159 0.2,
                                              -1.8334917 2.2468441 0.2,
                                              -1.9550846 2.1418786 0.2,
                                              -2.0706789 2.0303419 0.2,
                                              -2.1799204 1.9125758 0.2,
                                              -2.2824738 1.7889419 0.2,
                                              -2.3780243 1.6598192 0.2,
                                              -2.466279 1.5256042 0.2,
                                              -2.5469668 1.3867085 0.2,
                                              -2.6198401 1.2435582 0.2,
                                              -2.6846759 1.0965927 0.2,
                                              -2.7412748 0.9462626 0.2,
                                              -2.789463 0.79302937 0.2,
                                              -2.8290932 0.63736302 0.2,
                                              -2.8600435 0.47974122 0.2,
                                              -2.8822188 0.32064754 0.2,
                                              -2.8955512 0.1605701 0.2,
                                              -2.9000001 0 0.2,
                                              -2.8955512 -0.1605701 0.2,
                                              -2.8822188 -0.32064754 0.2,
                                              -2.8600435 -0.47974122 0.2,
                                              -2.8290932 -0.63736302 0.2,
                                              -2.789463 -0.79302937 0.2,
                                              -2.7412748 -0.9462626 0.2,
                                              -2.6846759 -1.0965927 0.2,
                                              -2.6198401 -1.2435582 0.2,
                                              -2.5469668 -1.3867085 0.2,
                                              -2.466279 -1.5256042 0.2,
                                              -2.3780243 -1.6598192 0.2,
                                              -2.2824738 -1.7889419 0.2,
                                              -2.1799204 -1.9125758 0.2,
                                              -2.0706789 -2.0303419 0.2,
                                              -1.9550846 -2.1418786 0.2,
                                              -1.8334917 -2.2468441 0.2,
                                              -1.7062736 -2.3449159 0.2,
                                              -1.5738204 -2.4357934 0.2,
                                              -1.4365387 -2.5191977 0.2,
                                              -1.2948495 -2.5948727 0.2,
                                              -1.1491877 -2.6625867 0.2,
                                              -1 -2.7221315 0.2,
                                              -0.80000001 -2.5787594 0,
                                              -0.84898573 -2.6146023 0.048985746,
                                              -0.89864767 -2.6504455 0.098647662,
                                              -0.94898576 -2.6862886 0.14898574,
                                              -0.94109899 2.5306783 0,
                                              -1.0793294 2.4748836 0,
                                              -1.2142699 2.4115448 0,
                                              -1.3455091 2.3408556 0,
                                              -1.4726471 2.2630312 0,
                                              -1.5952963 2.178309 0,
                                              -1.7130829 2.0869467 0,
                                              -1.8256478 1.9892235 0,
                                              -1.9326479 1.8854368 0,
                                              -2.0337572 1.7759031 0,
                                              -2.1286674 1.6609563 0,
                                              -2.2170889 1.5409466 0,
                                              -2.2987528 1.41624 0,
                                              -2.3734097 1.2872165 0,
                                              -2.4408321 1.1542695 0,
                                              -2.5008149 1.0178041 0,
                                              -2.5531747 0.87823641 0,
                                              -2.5977521 0.73599166 0,
                                              -2.6344113 0.59150362 0,
                                              -2.6630406 0.44521254 0,
                                              -2.6835527 0.29756445 0,
                                              -2.6958849 0.14900932 0,
                                              -2.7 0 0,
                                              -2.6958849 -0.14900932 0,
                                              -2.6835527 -0.29756445 0,
                                              -2.6630406 -0.44521254 0,
                                              -2.6344113 -0.59150362 0,
                                              -2.5977521 -0.73599166 0,
                                              -2.5531747 -0.87823641 0,
                                              -2.5008149 -1.0178041 0,
                                              -2.4408321 -1.1542695 0,
                                              -2.3734097 -1.2872165 0,
                                              -2.2987528 -1.41624 0,
                                              -2.2170889 -1.5409466 0,
                                              -2.1286674 -1.6609563 0,
                                              -2.0337572 -1.7759031 0,
                                              -1.9326479 -1.8854368 0,
                                              -1.8256478 -1.9892235 0,
                                              -1.7130829 -2.0869467 0,
                                              -1.5952963 -2.178309 0,
                                              -1.4726471 -2.2630312 0,
                                              -1.3455091 -2.3408556 0,
                                              -1.2142699 -2.4115448 0,
                                              -1.0793294 -2.4748836 0,
                                              -0.94109899 -2.5306783 0,
                                              -0.80000001 3.8 3.5,
                                              -1 3.8 3.3,
                                              -0.80000001 2.787472 3.5,
                                              -0.85043633 2.7725003 3.4495637,
                                              -0.90059274 2.7566161 3.3994071,
                                              -0.9504528 2.7398248 3.3495471,
                                              -1 2.7221315 3.3,
                                              -1 2.7221315 3.3,
                                              -1 2.7221315 0.2,
                                              -1 3.8 0.2,
                                              -1 3.8 3.3,
                                              0.80000001 -3.8 0,
                                              0.80000001 -2.5787594 0,
                                              1 -2.7221315 0.2,
                                              0.94898576 -2.6862886 0.14898574,
                                              0.89864767 -2.6504455 0.098647662,
                                              0.84898573 -2.6146023 0.048985746,
                                              1 -3.8 0.2,
                                              0.80000001 -2.5787594 0,
                                              0.94109899 -2.5306783 0,
                                              1.0793294 -2.4748836 0,
                                              1.2142699 -2.4115448 0,
                                              1.3455091 -2.3408556 0,
                                              1.4726471 -2.2630312 0,
                                              1.5952963 -2.178309 0,
                                              1.7130829 -2.0869467 0,
                                              1.8256478 -1.9892235 0,
                                              1.9326479 -1.8854368 0,
                                              2.0337572 -1.7759031 0,
                                              2.1286674 -1.6609563 0,
                                              2.2170889 -1.5409466 0,
                                              2.2987528 -1.41624 0,
                                              2.3734097 -1.2872165 0,
                                              2.4408321 -1.1542695 0,
                                              2.5008149 -1.0178041 0,
                                              2.5531747 -0.87823641 0,
                                              2.5977521 -0.73599166 0,
                                              2.6344113 -0.59150362 0,
                                              2.6630406 -0.44521254 0,
                                              2.6835527 -0.29756445 0,
                                              2.6958849 -0.14900932 0,
                                              2.7 0 0,
                                              0.80000001 -3.8 0,
                                              -0.80000001 -3.8 0,
                                              -0.80000001 -2.5787594 0,
                                              -0.80000001 2.5787594 0,
                                              -0.94109899 2.5306783 0,
                                              -1.0793294 2.4748836 0,
                                              -1.2142699 2.4115448 0,
                                              -1.3455091 2.3408556 0,
                                              -1.4726471 2.2630312 0,
                                              -1.5952963 2.178309 0,
                                              -1.7130829 2.0869467 0,
                                              -1.8256478 1.9892235 0,
                                              -1.9326479 1.8854368 0,
                                              -2.0337572 1.7759031 0,
                                              -2.1286674 1.6609563 0,
                                              -2.2170889 1.5409466 0,
                                              -2.2987528 1.41624 0,
                                              -2.3734097 1.2872165 0,
                                              -2.4408321 1.1542695 0,
                                              -2.5008149 1.0178041 0,
                                              -2.5531747 0.87823641 0,
                                              -2.5977521 0.73599166 0,
                                              -2.6344113 0.59150362 0,
                                              -2.6630406 0.44521254 0,
                                              -2.6835527 0.29756445 0,
                                              -2.6958849 0.14900932 0,
                                              -2.7 0 0,
                                              -2.6958849 -0.14900932 0,
                                              -2.6835527 -0.29756445 0,
                                              -2.6630406 -0.44521254 0,
                                              -2.6344113 -0.59150362 0,
                                              -2.5977521 -0.73599166 0,
                                              -2.5531747 -0.87823641 0,
                                              -2.5008149 -1.0178041 0,
                                              -2.4408321 -1.1542695 0,
                                              -2.3734097 -1.2872165 0,
                                              -2.2987528 -1.41624 0,
                                              -2.2170889 -1.5409466 0,
                                              -2.1286674 -1.6609563 0,
                                              -2.0337572 -1.7759031 0,
                                              -1.9326479 -1.8854368 0,
                                              -1.8256478 -1.9892235 0,
                                              -1.7130829 -2.0869467 0,
                                              -1.5952963 -2.178309 0,
                                              -1.4726471 -2.2630312 0,
                                              -1.3455091 -2.3408556 0,
                                              -1.2142699 -2.4115448 0,
                                              -1.0793294 -2.4748836 0,
                                              -0.94109899 -2.5306783 0,
                                              -0.80000001 3.8 0,
                                              0.80000001 3.8 0,
                                              0.80000001 2.5787594 0,
                                              2.6958849 0.14900932 0,
                                              2.6835527 0.29756445 0,
                                              2.6630406 0.44521254 0,
                                              2.6344113 0.59150362 0,
                                              2.5977521 0.73599166 0,
                                              2.5531747 0.87823641 0,
                                              2.5008149 1.0178041 0,
                                              2.4408321 1.1542695 0,
                                              2.3734097 1.2872165 0,
                                              2.2987528 1.41624 0,
                                              2.2170889 1.5409466 0,
                                              2.1286674 1.6609563 0,
                                              2.0337572 1.7759031 0,
                                              1.9326479 1.8854368 0,
                                              1.8256478 1.9892235 0,
                                              1.7130829 2.0869467 0,
                                              1.5952963 2.178309 0,
                                              1.4726471 2.2630312 0,
                                              1.3455091 2.3408556 0,
                                              1.2142699 2.4115448 0,
                                              1.0793294 2.4748836 0,
                                              0.94109899 2.5306783 0,
                                              2.0999999 0 7.5999999,
                                              2.0967546 0.116707 7.5999999,
                                              2.087028 0.23305327 7.5999999,
                                              2.0708508 0.34867918 7.5999999,
                                              2.0482726 0.46322733 7.5999999,
                                              2.0193632 0.57634372 7.5999999,
                                              1.9842122 0.68767864 7.5999999,
                                              1.9429281 0.79688793 7.5999999,
                                              1.8956385 0.90363413 7.5999999,
                                              1.8424896 1.0075873 7.5999999,
                                              1.7836456 1.108426 7.5999999,
                                              1.7192886 1.2058387 7.5999999,
                                              1.6496173 1.2995241 7.5999999,
                                              1.5748471 1.3891928 7.5999999,
                                              1.4952091 1.4745677 7.5999999,
                                              1.4109496 1.5553846 7.5999999,
                                              1.3223289 1.631394 7.5999999,
                                              1.2296209 1.7023609 7.5999999,
                                              1.1331123 1.7680658 7.5999999,
                                              1.0331013 1.8283057 7.5999999,
                                              0.92989701 1.8828945 7.5999999,
                                              0.82381845 1.9316633 7.5999999,
                                              0.71519351 1.9744616 7.5999999,
                                              0.60435796 2.0111568 7.5999999,
                                              0.4916544 2.0416355 7.5999999,
                                              0.37743115 2.065804 7.5999999,
                                              0.2620413 2.0835869 7.5999999,
                                              0.14584146 2.0949297 7.5999999,
                                              0.02919085 2.099797 7.5999999,
                                              -0.087549992 2.0981741 7.5999999,
                                              -0.20402022 2.090066 7.5999999,
                                              -0.31985983 2.0754974 7.5999999,
                                              -0.43471077 2.0545137 7.5999999,
                                              -0.54821807 2.0271795 7.5999999,
                                              -0.66003084 1.9935795 7.5999999,
                                              -0.76980346 1.9538175 7.5999999,
                                              -0.87719667 1.9080162 7.5999999,
                                              -0.98187858 1.8563174 7.5999999,
                                              -1.0835255 1.7988809 7.5999999,
                                              -1.1818234 1.7358841 7.5999999,
                                              -1.2764682 1.6675218 7.5999999,
                                              -1.3671676 1.5940052 7.5999999,
                                              -1.4536412 1.5155618 7.5999999,
                                              -1.5356215 1.4324337 7.5999999,
                                              -1.6128554 1.3448782 7.5999999,
                                              -1.6851041 1.2531656 7.5999999,
                                              -1.7521442 1.1575797 7.5999999,
                                              -1.8137685 1.0584157 7.5999999,
                                              -1.8697866 0.95598012 7.5999999,
                                              -1.9200252 0.85058975 7.5999999,
                                              -1.9643292 0.74257022 7.5999999,
                                              -2.0025616 0.63225549 7.5999999,
                                              -2.0346041 0.51998645 7.5999999,
                                              -2.0603578 0.4061102 7.5999999,
                                              -2.0797431 0.29097867 7.5999999,
                                              -2.0927 0.17494774 7.5999999,
                                              -2.0991886 0.058376059 7.5999999,
                                              -2.0991886 -0.058376059 7.5999999,
                                              -2.0927 -0.17494774 7.5999999,
                                              -2.0797431 -0.29097867 7.5999999,
                                              -2.0603578 -0.4061102 7.5999999,
                                              -2.0346041 -0.51998645 7.5999999,
                                              -2.0025616 -0.63225549 7.5999999,
                                              -1.9643292 -0.74257022 7.5999999,
                                              -1.9200252 -0.85058975 7.5999999,
                                              -1.8697866 -0.95598012 7.5999999,
                                              -1.8137685 -1.0584157 7.5999999,
                                              -1.7521442 -1.1575797 7.5999999,
                                              -1.6851041 -1.2531656 7.5999999,
                                              -1.6128554 -1.3448782 7.5999999,
                                              -1.5356215 -1.4324337 7.5999999,
                                              -1.4536412 -1.5155618 7.5999999,
                                              -1.3671676 -1.5940052 7.5999999,
                                              -1.2764682 -1.6675218 7.5999999,
                                              -1.1818234 -1.7358841 7.5999999,
                                              -1.0835255 -1.7988809 7.5999999,
                                              -0.98187858 -1.8563174 7.5999999,
                                              -0.87719667 -1.9080162 7.5999999,
                                              -0.76980346 -1.9538175 7.5999999,
                                              -0.66003084 -1.9935795 7.5999999,
                                              -0.54821807 -2.0271795 7.5999999,
                                              -0.43471077 -2.0545137 7.5999999,
                                              -0.31985983 -2.0754974 7.5999999,
                                              -0.20402022 -2.090066 7.5999999,
                                              -0.087549992 -2.0981741 7.5999999,
                                              0.02919085 -2.099797 7.5999999,
                                              0.14584146 -2.0949297 7.5999999,
                                              0.2620413 -2.0835869 7.5999999,
                                              0.37743115 -2.065804 7.5999999,
                                              0.4916544 -2.0416355 7.5999999,
                                              0.60435796 -2.0111568 7.5999999,
                                              0.71519351 -1.9744616 7.5999999,
                                              0.82381845 -1.9316633 7.5999999,
                                              0.92989701 -1.8828945 7.5999999,
                                              1.0331013 -1.8283057 7.5999999,
                                              1.1331123 -1.7680658 7.5999999,
                                              1.2296209 -1.7023609 7.5999999,
                                              1.3223289 -1.631394 7.5999999,
                                              1.4109496 -1.5553846 7.5999999,
                                              1.4952091 -1.4745677 7.5999999,
                                              1.5748471 -1.3891928 7.5999999,
                                              1.6496173 -1.2995241 7.5999999,
                                              1.7192886 -1.2058387 7.5999999,
                                              1.7836456 -1.108426 7.5999999,
                                              1.8424896 -1.0075873 7.5999999,
                                              1.8956385 -0.90363413 7.5999999,
                                              1.9429281 -0.79688793 7.5999999,
                                              1.9842122 -0.68767864 7.5999999,
                                              2.0193632 -0.57634372 7.5999999,
                                              2.0482726 -0.46322733 7.5999999,
                                              2.0708508 -0.34867918 7.5999999,
                                              2.087028 -0.23305327 7.5999999,
                                              2.0967546 -0.116707 7.5999999,
                                              0.80000001 -4 0.2,
                                              1 -3.8 0.2,
                                              1 -3.8 3.3,
                                              0.80000001 -4 3.3,
                                              0.80000001 -3.8 3.5,
                                              0.80000001 -4 3.3,
                                              1 -3.8 3.3,
                                              1 2.7221315 0.2,
                                              0.94898576 2.6862886 0.14898574,
                                              0.89864767 2.6504455 0.098647662,
                                              0.84898573 2.6146023 0.048985746,
                                              0.80000001 2.5787594 0,
                                              0.80000001 3.8 0,
                                              1 3.8 0.2,
                                              -0.80000001 -3.8 3.5,
                                              -0.80000001 -4 3.3,
                                              0.80000001 -3.8 3.5,
                                              0.80000001 -4 3.3,
                                              1 3.8 0.2,
                                              0.80000001 4 0.2,
                                              1 3.8 3.3,
                                              0.80000001 4 3.3,
                                              -0.80000001 -3.8 3.5,
                                              -0.80000001 -4 3.3,
                                              -1 -3.8 3.3,
                                              0.80000001 3.8 3.5,
                                              0.80000001 4 3.3,
                                              1 3.8 3.3,
                                              -0.80000001 -2.5787594 0,
                                              -0.84898573 -2.6146023 0.048985746,
                                              -0.89864767 -2.6504455 0.098647662,
                                              -0.94898576 -2.6862886 0.14898574,
                                              -1 -2.7221315 0.2,
                                              -0.80000001 -3.8 0,
                                              -1 -3.8 0.2,
                                              -1 -3.8 0.2,
                                              -0.80000001 -4 0.2,
                                              -1 -3.8 3.3,
                                              -0.80000001 -4 3.3,
                                              0.80000001 3.8 3.5,
                                              0.80000001 4 3.3,
                                              -0.80000001 3.8 3.5,
                                              -0.80000001 4 3.3,
                                              -0.80000001 3.8 0,
                                              -0.80000001 2.5787594 0,
                                              -1 2.7221315 0.2,
                                              -0.94898576 2.6862886 0.14898574,
                                              -0.89864767 2.6504455 0.098647662,
                                              -0.84898573 2.6146023 0.048985746,
                                              -1 3.8 0.2,
                                              -0.80000001 3.8 3.5,
                                              -0.80000001 4 3.3,
                                              -1 3.8 3.3,
                                              -0.80000001 4 0.2,
                                              -1 3.8 0.2,
                                              -1 3.8 3.3,
                                              -0.80000001 4 3.3,
                                              0.80000001 -4 0.2,
                                              0.80000001 -3.8 0,
                                              1 -3.8 0.2,
                                              -0.80000001 -3.8 0,
                                              0.80000001 -3.8 0,
                                              0.80000001 -4 0.2,
                                              -0.80000001 -4 0.2,
                                              0.80000001 3.8 0,
                                              -0.80000001 3.8 0,
                                              -0.80000001 4 0.2,
                                              0.80000001 4 0.2,
                                              -0.80000001 -4 0.2,
                                              0.80000001 -4 0.2,
                                              -0.80000001 -4 3.3,
                                              0.80000001 -4 3.3,
                                              1 3.8 0.2,
                                              0.80000001 3.8 0,
                                              0.80000001 4 0.2,
                                              0.80000001 4 0.2,
                                              -0.80000001 4 0.2,
                                              0.80000001 4 3.3,
                                              -0.80000001 4 3.3,
                                              -1 -3.8 0.2,
                                              -0.80000001 -3.8 0,
                                              -0.80000001 -4 0.2,
                                              -0.80000001 4 0.2,
                                              -0.80000001 3.8 0,
                                              -1 3.8 0.2,
                                              2.9000001 -6.6613381e-016 0.2,
                                              2.9000001 0 6.8000002,
                                              1 -2.7221315 0.2,
                                              1 -2.7221315 3.3,
                                              0.80000001 -2.787472 3.5,
                                              1 2.7221315 0.2,
                                              -0.80000001 -2.787472 3.5,
                                              1 2.7221315 3.3,
                                              -1 -2.7221315 3.3,
                                              0.80000001 2.787472 3.5,
                                              -1 -2.7221315 0.2,
                                              -0.80000001 2.787472 3.5,
                                              -1 2.7221315 0.2,
                                              -1 2.7221315 3.3,
                                              0.80000001 -2.5787594 0,
                                              2.7 -6.6613381e-016 0,
                                              2.0999999 0 7.5999999,
                                              1 -3.8 3.3,
                                              1 -3.8 0.2,
                                              0.80000001 -3.8 3.5,
                                              0.80000001 2.5787594 0,
                                              -0.80000001 -3.8 3.5,
                                              1 3.8 3.3,
                                              1 3.8 0.2,
                                              -1 -3.8 3.3,
                                              0.80000001 3.8 3.5,
                                              -1 -3.8 0.2,
                                              -0.80000001 3.8 3.5,
                                              -0.80000001 2.5787594 0,
                                              -0.80000001 -2.5787594 2.7755576e-017,
                                              -1 3.8 3.3,
                                              -1 3.8 0.2,
                                              0.80000001 -3.8 1.3975958e-016,
                                              -0.80000001 -3.8 1.3823924e-016,
                                              0.80000001 3.8 1.3823924e-016,
                                              -0.80000001 3.8 1.3975958e-016,
                                              0.80000001 -4 0.2,
                                              0.80000001 -4 3.3,
                                              -0.80000001 -4 3.3,
                                              0.80000001 4 0.2,
                                              0.80000001 4 3.3,
                                              -0.80000001 -4 0.2,
                                              -0.80000001 4 3.3,
                                              -0.80000001 4 0.2 ]

                                        }
                                        coordIndex [ 110, 111, 132, -1, 132, 111, 133, -1,
                                            133, 112, 134, -1, 111, 112, 133, -1,
                                            134, 113, 135, -1, 112, 113, 134, -1,
                                            135, 114, 136, -1, 113, 114, 135, -1,
                                            136, 115, 137, -1, 114, 115, 136, -1,
                                            137, 116, 138, -1, 115, 116, 137, -1,
                                            138, 117, 139, -1, 116, 117, 138, -1,
                                            139, 118, 140, -1, 117, 118, 139, -1,
                                            140, 119, 141, -1, 118, 119, 140, -1,
                                            141, 120, 142, -1, 119, 120, 141, -1,
                                            142, 121, 143, -1, 120, 121, 142, -1,
                                            143, 122, 144, -1, 121, 122, 143, -1,
                                            144, 123, 145, -1, 122, 123, 144, -1,
                                            123, 124, 145, -1, 145, 124, 146, -1,
                                            124, 125, 146, -1, 146, 125, 147, -1,
                                            125, 126, 147, -1, 147, 126, 148, -1,
                                            126, 127, 148, -1, 148, 127, 149, -1,
                                            127, 128, 149, -1, 149, 128, 150, -1,
                                            128, 129, 150, -1, 150, 129, 151, -1,
                                            129, 130, 151, -1, 151, 130, 152, -1,
                                            130, 131, 152, -1, 152, 131, 153, -1,
                                            131, 105, 153, -1, 153, 105, 154, -1,
                                            105, 106, 154, -1, 106, 107, 154, -1,
                                            154, 107, 155, -1, 107, 108, 155, -1,
                                            131, 109, 105, -1, 108, 104, 155, -1,
                                            155, 104, 156, -1, 104, 103, 156, -1,
                                            156, 103, 157, -1, 103, 102, 157, -1,
                                            157, 102, 158, -1, 102, 101, 158, -1,
                                            158, 100, 159, -1, 101, 100, 158, -1,
                                            159, 99, 160, -1, 100, 99, 159, -1,
                                            160, 98, 161, -1, 99, 98, 160, -1,
                                            161, 97, 162, -1, 98, 97, 161, -1,
                                            162, 96, 163, -1, 97, 96, 162, -1,
                                            163, 95, 164, -1, 96, 95, 163, -1,
                                            164, 94, 165, -1, 95, 94, 164, -1,
                                            94, 90, 165, -1, 165, 91, 166, -1,
                                            90, 91, 165, -1, 91, 92, 166, -1,
                                            92, 93, 166, -1, 166, 89, 167, -1,
                                            93, 89, 166, -1, 89, 168, 167, -1,
                                            45, 46, 89, -1, 89, 46, 168, -1,
                                            46, 47, 168, -1, 168, 47, 169, -1,
                                            47, 48, 169, -1, 169, 48, 170, -1,
                                            48, 49, 170, -1, 170, 49, 171, -1,
                                            49, 50, 171, -1, 171, 50, 172, -1,
                                            50, 51, 172, -1, 172, 51, 173, -1,
                                            51, 52, 173, -1, 173, 52, 174, -1,
                                            52, 53, 174, -1, 174, 53, 175, -1,
                                            53, 54, 175, -1, 175, 54, 176, -1,
                                            54, 55, 176, -1, 176, 55, 177, -1,
                                            55, 56, 177, -1, 177, 56, 178, -1,
                                            56, 57, 178, -1, 178, 57, 179, -1,
                                            57, 58, 179, -1, 179, 58, 180, -1,
                                            58, 59, 180, -1, 180, 59, 181, -1,
                                            59, 60, 181, -1, 181, 60, 182, -1,
                                            60, 61, 182, -1, 182, 61, 183, -1,
                                            61, 62, 183, -1, 183, 62, 184, -1,
                                            62, 63, 184, -1, 184, 63, 185, -1,
                                            63, 64, 185, -1, 185, 64, 186, -1,
                                            64, 65, 186, -1, 186, 65, 187, -1,
                                            187, 66, 188, -1, 65, 66, 187, -1,
                                            188, 67, 189, -1, 66, 67, 188, -1,
                                            189, 68, 190, -1, 67, 68, 189, -1,
                                            190, 69, 191, -1, 68, 69, 190, -1,
                                            191, 70, 192, -1, 69, 70, 191, -1,
                                            70, 71, 192, -1, 192, 71, 193, -1,
                                            71, 72, 193, -1, 193, 72, 194, -1,
                                            72, 73, 194, -1, 194, 73, 195, -1,
                                            73, 74, 195, -1, 195, 74, 196, -1,
                                            74, 75, 196, -1, 196, 75, 197, -1,
                                            75, 76, 197, -1, 197, 76, 198, -1,
                                            76, 77, 198, -1, 198, 77, 199, -1,
                                            77, 78, 199, -1, 199, 78, 200, -1,
                                            78, 79, 200, -1, 200, 79, 201, -1,
                                            201, 80, 202, -1, 79, 80, 201, -1,
                                            202, 81, 203, -1, 80, 81, 202, -1,
                                            203, 82, 204, -1, 81, 82, 203, -1,
                                            204, 83, 205, -1, 82, 83, 204, -1,
                                            205, 84, 206, -1, 83, 84, 205, -1,
                                            206, 85, 207, -1, 84, 85, 206, -1,
                                            207, 86, 208, -1, 85, 86, 207, -1,
                                            208, 87, 209, -1, 86, 87, 208, -1,
                                            87, 88, 209, -1, 209, 43, 210, -1,
                                            210, 43, 211, -1, 88, 43, 209, -1,
                                            43, 42, 211, -1, 42, 41, 211, -1,
                                            211, 40, 212, -1, 41, 40, 211, -1,
                                            88, 44, 43, -1, 40, 39, 212, -1,
                                            212, 38, 213, -1, 39, 38, 212, -1,
                                            213, 37, 214, -1, 38, 37, 213, -1,
                                            214, 36, 215, -1, 37, 36, 214, -1,
                                            36, 35, 215, -1, 215, 35, 216, -1,
                                            35, 34, 216, -1, 216, 34, 217, -1,
                                            34, 33, 217, -1, 217, 33, 218, -1,
                                            33, 32, 218, -1, 218, 32, 219, -1,
                                            32, 31, 219, -1, 219, 30, 220, -1,
                                            31, 30, 219, -1, 220, 29, 221, -1,
                                            30, 29, 220, -1, 221, 28, 222, -1,
                                            29, 28, 221, -1, 28, 27, 222, -1,
                                            222, 26, 223, -1, 27, 26, 222, -1,
                                            26, 25, 223, -1, 223, 24, 224, -1,
                                            25, 24, 223, -1, 224, 3, 225, -1,
                                            2, 3, 24, -1, 24, 3, 224, -1,
                                            225, 4, 226, -1, 3, 4, 225, -1,
                                            226, 5, 227, -1, 4, 5, 226, -1,
                                            227, 6, 228, -1, 5, 6, 227, -1,
                                            228, 7, 229, -1, 6, 7, 228, -1,
                                            229, 8, 230, -1, 7, 8, 229, -1,
                                            230, 9, 231, -1, 8, 9, 230, -1,
                                            231, 10, 232, -1, 9, 10, 231, -1,
                                            232, 11, 233, -1, 10, 11, 232, -1,
                                            233, 12, 234, -1, 11, 12, 233, -1,
                                            234, 13, 235, -1, 12, 13, 234, -1,
                                            235, 14, 236, -1, 13, 14, 235, -1,
                                            236, 15, 237, -1, 14, 15, 236, -1,
                                            237, 16, 238, -1, 15, 16, 237, -1,
                                            16, 17, 238, -1, 238, 17, 239, -1,
                                            17, 18, 239, -1, 239, 18, 240, -1,
                                            18, 19, 240, -1, 240, 19, 241, -1,
                                            19, 20, 241, -1, 241, 20, 242, -1,
                                            20, 21, 242, -1, 242, 21, 243, -1,
                                            21, 22, 243, -1, 243, 22, 244, -1,
                                            22, 23, 244, -1, 244, 23, 1, -1,
                                            23, 0, 1, -1, 246, 250, 245, -1,
                                            247, 273, 246, -1, 248, 273, 247, -1,
                                            249, 273, 248, -1, 250, 274, 251, -1,
                                            246, 274, 250, -1, 273, 274, 246, -1,
                                            251, 275, 252, -1, 274, 275, 251, -1,
                                            252, 276, 253, -1, 275, 276, 252, -1,
                                            253, 277, 254, -1, 276, 277, 253, -1,
                                            254, 278, 255, -1, 277, 278, 254, -1,
                                            255, 279, 256, -1, 278, 279, 255, -1,
                                            256, 280, 257, -1, 279, 280, 256, -1,
                                            257, 281, 258, -1, 280, 281, 257, -1,
                                            258, 282, 259, -1, 281, 282, 258, -1,
                                            282, 283, 259, -1, 259, 283, 260, -1,
                                            283, 284, 260, -1, 260, 284, 261, -1,
                                            284, 285, 261, -1, 261, 285, 262, -1,
                                            285, 286, 262, -1, 262, 286, 263, -1,
                                            286, 287, 263, -1, 263, 287, 264, -1,
                                            264, 288, 265, -1, 287, 288, 264, -1,
                                            265, 289, 266, -1, 288, 289, 265, -1,
                                            266, 290, 267, -1, 289, 290, 266, -1,
                                            267, 291, 268, -1, 290, 291, 267, -1,
                                            268, 292, 269, -1, 291, 292, 268, -1,
                                            269, 293, 270, -1, 292, 293, 269, -1,
                                            270, 294, 271, -1, 293, 294, 270, -1,
                                            294, 272, 271, -1, 296, 295, 299, -1,
                                            415, 298, 297, -1, 412, 410, 411, -1,
                                            414, 526, 413, -1, 527, 299, 300, -1,
                                            527, 300, 301, -1, 527, 296, 299, -1,
                                            528, 301, 302, -1, 528, 302, 303, -1,
                                            528, 527, 301, -1, 529, 297, 296, -1,
                                            529, 416, 415, -1, 529, 417, 416, -1,
                                            529, 296, 527, -1, 529, 415, 297, -1,
                                            530, 303, 304, -1, 530, 304, 305, -1,
                                            530, 528, 303, -1, 531, 527, 528, -1,
                                            531, 529, 527, -1, 531, 418, 417, -1,
                                            531, 417, 529, -1, 531, 419, 418, -1,
                                            532, 305, 306, -1, 532, 306, 307, -1,
                                            532, 530, 305, -1, 533, 419, 531, -1,
                                            533, 420, 419, -1, 533, 421, 420, -1,
                                            533, 528, 530, -1, 533, 531, 528, -1,
                                            534, 307, 308, -1, 534, 308, 309, -1,
                                            534, 532, 307, -1, 535, 421, 533, -1,
                                            535, 533, 530, -1, 535, 422, 421, -1,
                                            535, 423, 422, -1, 535, 530, 532, -1,
                                            536, 309, 310, -1, 536, 310, 311, -1,
                                            536, 534, 309, -1, 537, 535, 532, -1,
                                            537, 424, 423, -1, 537, 425, 424, -1,
                                            537, 532, 534, -1, 537, 423, 535, -1,
                                            538, 311, 312, -1, 538, 312, 313, -1,
                                            538, 536, 311, -1, 539, 426, 425, -1,
                                            539, 427, 426, -1, 539, 425, 537, -1,
                                            539, 534, 536, -1, 539, 537, 534, -1,
                                            540, 313, 314, -1, 540, 314, 315, -1,
                                            540, 538, 313, -1, 541, 536, 538, -1,
                                            541, 539, 536, -1, 541, 428, 427, -1,
                                            541, 429, 428, -1, 541, 427, 539, -1,
                                            542, 315, 316, -1, 542, 316, 317, -1,
                                            542, 540, 315, -1, 543, 541, 538, -1,
                                            543, 430, 429, -1, 543, 431, 430, -1,
                                            543, 429, 541, -1, 543, 538, 540, -1,
                                            544, 317, 318, -1, 544, 318, 319, -1,
                                            544, 542, 317, -1, 545, 431, 543, -1,
                                            545, 543, 540, -1, 545, 432, 431, -1,
                                            545, 433, 432, -1, 545, 540, 542, -1,
                                            545, 542, 544, -1, 546, 319, 320, -1,
                                            546, 320, 321, -1, 546, 544, 319, -1,
                                            547, 433, 545, -1, 547, 545, 544, -1,
                                            547, 434, 433, -1, 547, 435, 434, -1,
                                            548, 546, 321, -1, 548, 321, 322, -1,
                                            548, 322, 323, -1, 549, 436, 435, -1,
                                            549, 437, 436, -1, 549, 544, 546, -1,
                                            549, 547, 544, -1, 549, 435, 547, -1,
                                            550, 323, 324, -1, 550, 324, 325, -1,
                                            550, 548, 323, -1, 551, 546, 548, -1,
                                            551, 438, 437, -1, 551, 439, 438, -1,
                                            551, 549, 546, -1, 551, 437, 549, -1,
                                            552, 325, 326, -1, 552, 326, 327, -1,
                                            552, 550, 325, -1, 553, 440, 439, -1,
                                            553, 441, 440, -1, 553, 551, 548, -1,
                                            553, 439, 551, -1, 553, 548, 550, -1,
                                            554, 327, 328, -1, 554, 328, 329, -1,
                                            554, 552, 327, -1, 555, 442, 441, -1,
                                            555, 443, 442, -1, 555, 441, 553, -1,
                                            555, 553, 550, -1, 555, 550, 552, -1,
                                            556, 329, 330, -1, 556, 330, 331, -1,
                                            556, 554, 329, -1, 557, 555, 552, -1,
                                            557, 554, 556, -1, 557, 443, 555, -1,
                                            557, 552, 554, -1, 557, 444, 443, -1,
                                            557, 445, 444, -1, 558, 331, 332, -1,
                                            558, 332, 333, -1, 558, 556, 331, -1,
                                            559, 445, 557, -1, 559, 557, 556, -1,
                                            559, 446, 445, -1, 559, 447, 446, -1,
                                            560, 333, 334, -1, 560, 334, 335, -1,
                                            560, 558, 333, -1, 561, 447, 559, -1,
                                            561, 556, 558, -1, 561, 559, 556, -1,
                                            561, 448, 447, -1, 561, 449, 448, -1,
                                            562, 335, 336, -1, 562, 336, 337, -1,
                                            562, 560, 335, -1, 563, 449, 561, -1,
                                            563, 558, 560, -1, 563, 450, 449, -1,
                                            563, 451, 450, -1, 563, 561, 558, -1,
                                            563, 560, 562, -1, 564, 562, 337, -1,
                                            564, 337, 338, -1, 564, 338, 339, -1,
                                            565, 563, 562, -1, 565, 452, 451, -1,
                                            565, 453, 452, -1, 565, 451, 563, -1,
                                            566, 339, 340, -1, 566, 564, 339, -1,
                                            566, 340, 341, -1, 567, 562, 564, -1,
                                            567, 565, 562, -1, 567, 454, 453, -1,
                                            567, 455, 454, -1, 567, 453, 565, -1,
                                            568, 341, 342, -1, 568, 342, 343, -1,
                                            568, 566, 341, -1, 569, 567, 564, -1,
                                            569, 456, 455, -1, 569, 457, 456, -1,
                                            569, 566, 568, -1, 569, 564, 566, -1,
                                            569, 455, 567, -1, 570, 343, 344, -1,
                                            570, 344, 345, -1, 570, 568, 343, -1,
                                            571, 458, 457, -1, 571, 569, 568, -1,
                                            571, 459, 458, -1, 571, 457, 569, -1,
                                            572, 345, 346, -1, 572, 346, 347, -1,
                                            572, 570, 345, -1, 573, 459, 571, -1,
                                            573, 570, 572, -1, 573, 568, 570, -1,
                                            573, 460, 459, -1, 573, 461, 460, -1,
                                            573, 571, 568, -1, 574, 347, 348, -1,
                                            574, 348, 349, -1, 574, 572, 347, -1,
                                            575, 572, 574, -1, 575, 573, 572, -1,
                                            575, 461, 573, -1, 575, 462, 461, -1,
                                            575, 463, 462, -1, 576, 349, 350, -1,
                                            576, 350, 351, -1, 576, 574, 349, -1,
                                            577, 463, 575, -1, 577, 575, 574, -1,
                                            577, 464, 463, -1, 577, 465, 464, -1,
                                            578, 576, 351, -1, 578, 351, 352, -1,
                                            578, 352, 353, -1, 579, 576, 578, -1,
                                            579, 574, 576, -1, 579, 577, 574, -1,
                                            579, 466, 465, -1, 579, 467, 466, -1,
                                            579, 465, 577, -1, 580, 578, 353, -1,
                                            580, 353, 354, -1, 580, 354, 355, -1,
                                            581, 578, 580, -1, 581, 579, 578, -1,
                                            581, 468, 467, -1, 581, 469, 468, -1,
                                            581, 467, 579, -1, 582, 355, 356, -1,
                                            582, 580, 355, -1, 583, 469, 581, -1,
                                            583, 470, 469, -1, 583, 471, 470, -1,
                                            583, 581, 580, -1, 584, 356, 357, -1,
                                            584, 357, 358, -1, 584, 582, 356, -1,
                                            585, 583, 580, -1, 585, 471, 583, -1,
                                            585, 580, 582, -1, 585, 472, 471, -1,
                                            586, 584, 358, -1, 586, 358, 359, -1,
                                            586, 359, 360, -1, 587, 472, 585, -1,
                                            587, 582, 584, -1, 587, 473, 472, -1,
                                            587, 474, 473, -1, 587, 585, 582, -1,
                                            588, 586, 360, -1, 588, 360, 361, -1,
                                            588, 361, 362, -1, 589, 584, 586, -1,
                                            589, 587, 584, -1, 589, 475, 474, -1,
                                            589, 476, 475, -1, 589, 474, 587, -1,
                                            590, 362, 363, -1, 590, 363, 364, -1,
                                            590, 588, 362, -1, 591, 589, 586, -1,
                                            591, 586, 588, -1, 591, 476, 589, -1,
                                            591, 477, 476, -1, 591, 478, 477, -1,
                                            592, 590, 364, -1, 592, 364, 365, -1,
                                            592, 365, 366, -1, 593, 478, 591, -1,
                                            593, 479, 478, -1, 593, 480, 479, -1,
                                            593, 588, 590, -1, 593, 591, 588, -1,
                                            594, 366, 367, -1, 594, 367, 368, -1,
                                            594, 592, 366, -1, 595, 593, 590, -1,
                                            595, 480, 593, -1, 595, 590, 592, -1,
                                            595, 481, 480, -1, 595, 482, 481, -1,
                                            596, 594, 368, -1, 596, 368, 369, -1,
                                            596, 369, 370, -1, 597, 595, 592, -1,
                                            597, 592, 594, -1, 597, 483, 482, -1,
                                            597, 484, 483, -1, 597, 482, 595, -1,
                                            598, 596, 370, -1, 598, 370, 371, -1,
                                            598, 371, 372, -1, 599, 484, 597, -1,
                                            599, 597, 594, -1, 599, 594, 596, -1,
                                            599, 485, 484, -1, 599, 486, 485, -1,
                                            600, 598, 372, -1, 600, 372, 373, -1,
                                            600, 373, 374, -1, 601, 596, 598, -1,
                                            601, 599, 596, -1, 601, 486, 599, -1,
                                            601, 487, 486, -1, 601, 488, 487, -1,
                                            602, 600, 374, -1, 602, 374, 375, -1,
                                            602, 375, 376, -1, 603, 601, 598, -1,
                                            603, 488, 601, -1, 603, 598, 600, -1,
                                            603, 489, 488, -1, 603, 490, 489, -1,
                                            604, 602, 376, -1, 604, 376, 377, -1,
                                            604, 377, 378, -1, 605, 600, 602, -1,
                                            605, 603, 600, -1, 605, 490, 603, -1,
                                            605, 491, 490, -1, 605, 492, 491, -1,
                                            606, 604, 378, -1, 606, 378, 379, -1,
                                            606, 379, 380, -1, 607, 492, 605, -1,
                                            607, 602, 604, -1, 607, 605, 602, -1,
                                            607, 493, 492, -1, 607, 494, 493, -1,
                                            608, 606, 380, -1, 608, 380, 381, -1,
                                            608, 381, 382, -1, 609, 604, 606, -1,
                                            609, 607, 604, -1, 609, 494, 607, -1,
                                            609, 495, 494, -1, 609, 496, 495, -1,
                                            610, 608, 382, -1, 610, 382, 383, -1,
                                            610, 383, 384, -1, 611, 497, 496, -1,
                                            611, 498, 497, -1, 611, 496, 609, -1,
                                            611, 606, 608, -1, 611, 609, 606, -1,
                                            612, 610, 384, -1, 612, 384, 385, -1,
                                            612, 385, 386, -1, 613, 498, 611, -1,
                                            613, 499, 498, -1, 613, 500, 499, -1,
                                            613, 611, 608, -1, 613, 608, 610, -1,
                                            614, 612, 386, -1, 614, 386, 387, -1,
                                            614, 387, 388, -1, 615, 501, 500, -1,
                                            615, 502, 501, -1, 615, 610, 612, -1,
                                            615, 500, 613, -1, 615, 613, 610, -1,
                                            616, 614, 388, -1, 616, 388, 389, -1,
                                            616, 389, 390, -1, 617, 615, 612, -1,
                                            617, 503, 502, -1, 617, 504, 503, -1,
                                            617, 502, 615, -1, 617, 612, 614, -1,
                                            618, 616, 390, -1, 618, 390, 391, -1,
                                            618, 391, 392, -1, 619, 505, 504, -1,
                                            619, 506, 505, -1, 619, 504, 617, -1,
                                            619, 617, 614, -1, 619, 614, 616, -1,
                                            620, 618, 392, -1, 620, 392, 393, -1,
                                            620, 393, 394, -1, 621, 507, 506, -1,
                                            621, 508, 507, -1, 621, 616, 618, -1,
                                            621, 619, 616, -1, 621, 506, 619, -1,
                                            622, 395, 396, -1, 622, 620, 394, -1,
                                            622, 394, 395, -1, 623, 508, 621, -1,
                                            623, 509, 508, -1, 623, 510, 509, -1,
                                            623, 621, 618, -1, 623, 618, 620, -1,
                                            624, 396, 397, -1, 624, 397, 398, -1,
                                            624, 622, 396, -1, 625, 511, 510, -1,
                                            625, 512, 511, -1, 625, 510, 623, -1,
                                            625, 620, 622, -1, 625, 623, 620, -1,
                                            626, 398, 399, -1, 626, 399, 400, -1,
                                            626, 624, 398, -1, 627, 513, 512, -1,
                                            627, 514, 513, -1, 627, 622, 624, -1,
                                            627, 625, 622, -1, 627, 512, 625, -1,
                                            628, 400, 401, -1, 628, 401, 402, -1,
                                            628, 626, 400, -1, 629, 515, 514, -1,
                                            629, 516, 515, -1, 629, 624, 626, -1,
                                            629, 627, 624, -1, 629, 514, 627, -1,
                                            630, 402, 403, -1, 630, 403, 404, -1,
                                            630, 628, 402, -1, 631, 517, 516, -1,
                                            631, 518, 517, -1, 631, 626, 628, -1,
                                            631, 629, 626, -1, 631, 516, 629, -1,
                                            632, 404, 405, -1, 632, 405, 406, -1,
                                            632, 630, 404, -1, 633, 519, 518, -1,
                                            633, 520, 519, -1, 633, 518, 631, -1,
                                            633, 628, 630, -1, 633, 631, 628, -1,
                                            634, 406, 407, -1, 634, 407, 408, -1,
                                            634, 632, 406, -1, 635, 521, 520, -1,
                                            635, 522, 521, -1, 635, 630, 632, -1,
                                            635, 633, 630, -1, 635, 520, 633, -1,
                                            636, 410, 412, -1, 636, 408, 409, -1,
                                            636, 409, 410, -1, 636, 634, 408, -1,
                                            637, 522, 635, -1, 637, 523, 522, -1,
                                            637, 524, 523, -1, 637, 632, 634, -1,
                                            637, 635, 632, -1, 638, 412, 413, -1,
                                            638, 525, 524, -1, 638, 526, 525, -1,
                                            638, 636, 412, -1, 638, 524, 637, -1,
                                            638, 634, 636, -1, 638, 637, 634, -1,
                                            638, 413, 526, -1, 641, 640, 642, -1,
                                            642, 640, 639, -1, 646, 644, 645, -1,
                                            647, 644, 646, -1, 648, 644, 647, -1,
                                            649, 643, 644, -1, 649, 644, 648, -1,
                                            651, 678, 650, -1, 650, 678, 652, -1,
                                            652, 679, 653, -1, 678, 679, 652, -1,
                                            653, 680, 654, -1, 679, 680, 653, -1,
                                            654, 681, 655, -1, 680, 681, 654, -1,
                                            655, 682, 656, -1, 681, 682, 655, -1,
                                            656, 683, 657, -1, 682, 683, 656, -1,
                                            657, 684, 658, -1, 683, 684, 657, -1,
                                            658, 685, 659, -1, 684, 685, 658, -1,
                                            659, 686, 660, -1, 685, 686, 659, -1,
                                            660, 687, 661, -1, 686, 687, 660, -1,
                                            661, 688, 662, -1, 687, 688, 661, -1,
                                            688, 689, 662, -1, 662, 689, 663, -1,
                                            689, 690, 663, -1, 663, 690, 664, -1,
                                            690, 691, 664, -1, 664, 691, 665, -1,
                                            691, 692, 665, -1, 665, 692, 666, -1,
                                            666, 693, 667, -1, 692, 693, 666, -1,
                                            667, 694, 668, -1, 693, 694, 667, -1,
                                            668, 695, 669, -1, 694, 695, 668, -1,
                                            669, 696, 670, -1, 695, 696, 669, -1,
                                            670, 697, 671, -1, 696, 697, 670, -1,
                                            672, 674, 673, -1, 671, 698, 672, -1,
                                            697, 698, 671, -1, 672, 698, 674, -1,
                                            674, 699, 675, -1, 698, 699, 674, -1,
                                            699, 676, 675, -1, 699, 677, 676, -1,
                                            710, 711, 712, -1, 709, 710, 712, -1,
                                            708, 709, 712, -1, 707, 708, 712, -1,
                                            706, 707, 712, -1, 705, 712, 713, -1,
                                            705, 706, 712, -1, 704, 705, 713, -1,
                                            703, 704, 713, -1, 702, 703, 713, -1,
                                            701, 702, 713, -1, 700, 701, 713, -1,
                                            715, 717, 714, -1, 714, 717, 716, -1,
                                            719, 724, 718, -1, 720, 724, 719, -1,
                                            721, 724, 720, -1, 722, 724, 721, -1,
                                            718, 724, 723, -1, 730, 726, 725, -1,
                                            730, 727, 726, -1, 730, 728, 727, -1,
                                            730, 729, 728, -1, 731, 729, 730, -1,
                                            733, 735, 732, -1, 732, 735, 734, -1,
                                            749, 736, 737, -1, 749, 737, 738, -1,
                                            749, 738, 739, -1, 749, 739, 740, -1,
                                            749, 740, 741, -1, 748, 741, 742, -1,
                                            748, 742, 743, -1, 748, 743, 744, -1,
                                            748, 744, 745, -1, 748, 745, 746, -1,
                                            748, 746, 747, -1, 748, 749, 741, -1,
                                            751, 755, 750, -1, 752, 803, 751, -1,
                                            753, 803, 752, -1, 754, 803, 753, -1,
                                            751, 804, 755, -1, 755, 804, 756, -1,
                                            803, 804, 751, -1, 756, 805, 757, -1,
                                            804, 805, 756, -1, 757, 806, 758, -1,
                                            805, 806, 757, -1, 758, 807, 759, -1,
                                            806, 807, 758, -1, 759, 808, 760, -1,
                                            807, 808, 759, -1, 760, 809, 761, -1,
                                            808, 809, 760, -1, 761, 810, 762, -1,
                                            809, 810, 761, -1, 762, 811, 763, -1,
                                            810, 811, 762, -1, 763, 812, 764, -1,
                                            811, 812, 763, -1, 764, 813, 765, -1,
                                            812, 813, 764, -1, 765, 814, 766, -1,
                                            813, 814, 765, -1, 766, 815, 767, -1,
                                            814, 815, 766, -1, 767, 816, 768, -1,
                                            815, 816, 767, -1, 768, 817, 769, -1,
                                            816, 817, 768, -1, 769, 818, 770, -1,
                                            817, 818, 769, -1, 770, 819, 771, -1,
                                            818, 819, 770, -1, 771, 820, 772, -1,
                                            819, 820, 771, -1, 772, 821, 773, -1,
                                            820, 821, 772, -1, 773, 822, 774, -1,
                                            821, 822, 773, -1, 774, 823, 775, -1,
                                            822, 823, 774, -1, 775, 824, 776, -1,
                                            823, 824, 775, -1, 824, 825, 776, -1,
                                            825, 826, 776, -1, 776, 826, 777, -1,
                                            826, 827, 777, -1, 777, 827, 778, -1,
                                            827, 828, 778, -1, 778, 828, 779, -1,
                                            828, 829, 779, -1, 779, 829, 780, -1,
                                            829, 830, 780, -1, 780, 830, 781, -1,
                                            830, 831, 781, -1, 781, 831, 782, -1,
                                            831, 832, 782, -1, 782, 832, 783, -1,
                                            832, 833, 783, -1, 783, 833, 784, -1,
                                            833, 834, 784, -1, 784, 834, 785, -1,
                                            785, 835, 786, -1, 834, 835, 785, -1,
                                            786, 836, 787, -1, 835, 836, 786, -1,
                                            787, 837, 788, -1, 836, 837, 787, -1,
                                            788, 838, 789, -1, 837, 838, 788, -1,
                                            789, 839, 790, -1, 838, 839, 789, -1,
                                            790, 840, 791, -1, 839, 840, 790, -1,
                                            791, 841, 792, -1, 840, 841, 791, -1,
                                            792, 842, 793, -1, 841, 842, 792, -1,
                                            793, 843, 794, -1, 842, 843, 793, -1,
                                            794, 844, 795, -1, 843, 844, 794, -1,
                                            795, 845, 796, -1, 844, 845, 795, -1,
                                            797, 802, 798, -1, 796, 846, 797, -1,
                                            845, 846, 796, -1, 797, 846, 802, -1,
                                            802, 847, 801, -1, 846, 847, 802, -1,
                                            847, 800, 801, -1, 847, 799, 800, -1,
                                            849, 850, 848, -1, 849, 851, 850, -1,
                                            849, 852, 851, -1, 849, 853, 852, -1,
                                            849, 854, 853, -1, 857, 856, 858, -1,
                                            858, 856, 855, -1, 864, 859, 860, -1,
                                            863, 859, 864, -1, 862, 859, 863, -1,
                                            861, 865, 859, -1, 861, 859, 862, -1,
                                            879, 877, 876, -1, 879, 878, 877, -1,
                                            870, 872, 871, -1, 881, 880, 879, -1,
                                            867, 869, 868, -1, 867, 870, 869, -1,
                                            867, 873, 872, -1, 867, 874, 873, -1,
                                            867, 875, 874, -1, 867, 876, 875, -1,
                                            867, 872, 870, -1, 884, 882, 881, -1,
                                            884, 883, 882, -1, 885, 879, 876, -1,
                                            885, 881, 879, -1, 885, 884, 881, -1,
                                            887, 886, 885, -1, 889, 888, 887, -1,
                                            889, 887, 885, -1, 943, 942, 889, -1,
                                            944, 943, 889, -1, 946, 945, 944, -1,
                                            892, 867, 866, -1, 892, 866, 890, -1,
                                            892, 890, 891, -1, 947, 889, 885, -1,
                                            947, 944, 889, -1, 947, 946, 944, -1,
                                            950, 947, 885, -1, 950, 948, 947, -1,
                                            950, 949, 948, -1, 935, 937, 936, -1,
                                            935, 938, 937, -1, 934, 892, 938, -1,
                                            934, 938, 935, -1, 954, 953, 952, -1,
                                            931, 892, 934, -1, 931, 933, 932, -1,
                                            931, 934, 933, -1, 955, 952, 951, -1,
                                            955, 954, 952, -1, 956, 955, 951, -1,
                                            929, 931, 930, -1, 957, 951, 950, -1,
                                            957, 956, 951, -1, 926, 928, 927, -1,
                                            926, 929, 928, -1, 960, 959, 958, -1,
                                            925, 929, 926, -1, 924, 931, 929, -1,
                                            924, 929, 925, -1, 962, 960, 958, -1,
                                            962, 958, 957, -1, 962, 961, 960, -1,
                                            923, 931, 924, -1, 922, 931, 923, -1,
                                            922, 892, 931, -1, 941, 963, 962, -1,
                                            920, 922, 921, -1, 919, 922, 920, -1,
                                            916, 922, 919, -1, 916, 918, 917, -1,
                                            916, 919, 918, -1, 915, 922, 916, -1,
                                            914, 922, 915, -1, 893, 941, 962, -1,
                                            910, 912, 911, -1, 910, 913, 912, -1,
                                            895, 894, 893, -1, 908, 910, 909, -1,
                                            908, 922, 914, -1, 908, 914, 913, -1,
                                            908, 913, 910, -1, 906, 908, 907, -1,
                                            899, 896, 895, -1, 899, 895, 893, -1,
                                            899, 897, 896, -1, 899, 898, 897, -1,
                                            904, 892, 922, -1, 904, 876, 867, -1,
                                            904, 885, 876, -1, 904, 922, 908, -1,
                                            904, 906, 905, -1, 904, 867, 892, -1,
                                            904, 908, 906, -1, 901, 900, 899, -1,
                                            901, 899, 893, -1, 902, 957, 950, -1,
                                            902, 962, 957, -1, 902, 904, 903, -1,
                                            902, 893, 962, -1, 902, 885, 904, -1,
                                            902, 950, 885, -1, 902, 901, 893, -1,
                                            939, 941, 893, -1, 939, 940, 941, -1,
                                            1031, 1032, 1033, -1, 1031, 1033, 1034, -1,
                                            1040, 1038, 1039, -1, 1041, 1038, 1040, -1,
                                            1041, 1036, 1037, -1, 1041, 1037, 1038, -1,
                                            1045, 1043, 1044, -1, 1024, 1025, 1026, -1,
                                            1024, 1026, 1027, -1, 1024, 1027, 1028, -1,
                                            1024, 1028, 1029, -1, 1024, 1029, 1030, -1,
                                            1022, 1031, 1034, -1, 1022, 1036, 1041, -1,
                                            1022, 1024, 1030, -1, 1022, 1023, 1024, -1,
                                            1022, 1030, 1031, -1, 1022, 1034, 1035, -1,
                                            1022, 1035, 1036, -1, 1022, 1041, 1042, -1,
                                            1049, 1045, 1046, -1, 1049, 1046, 1047, -1,
                                            1049, 1047, 1048, -1, 1019, 1020, 1021, -1,
                                            1019, 1021, 1022, -1, 1054, 1052, 1053, -1,
                                            1055, 1049, 1050, -1, 1055, 1050, 1051, -1,
                                            1055, 1051, 1052, -1, 1055, 1052, 1054, -1,
                                            1014, 1015, 1016, -1, 1014, 1016, 1017, -1,
                                            1014, 1017, 1018, -1, 1014, 1018, 1019, -1,
                                            1056, 1049, 1055, -1, 1058, 1056, 1057, -1,
                                            1011, 1012, 1013, -1, 1011, 1013, 1014, -1,
                                            1060, 1056, 1058, -1, 1060, 1058, 1059, -1,
                                            1006, 1007, 1008, -1, 1064, 1061, 1062, -1,
                                            1064, 1062, 1063, -1, 1005, 1006, 1008, -1,
                                            1005, 1008, 1009, -1, 1005, 1009, 1010, -1,
                                            1005, 1010, 1011, -1, 1066, 1064, 1065, -1,
                                            1066, 1061, 1064, -1, 1003, 1004, 1005, -1,
                                            1002, 1003, 1005, -1, 1000, 1005, 1011, -1,
                                            1000, 1002, 1005, -1, 1000, 1001, 1002, -1,
                                            1070, 1066, 1067, -1, 1070, 1067, 1068, -1,
                                            1070, 1068, 1069, -1, 1071, 1056, 1060, -1,
                                            1071, 1061, 1066, -1, 1071, 1066, 1070, -1,
                                            1071, 1049, 1056, -1, 1071, 1060, 1061, -1,
                                            998, 999, 1000, -1, 997, 1011, 1014, -1,
                                            997, 998, 1000, -1, 997, 1000, 1011, -1,
                                            997, 1043, 1045, -1, 997, 1022, 1042, -1,
                                            997, 1019, 1022, -1, 997, 1042, 1043, -1,
                                            997, 1014, 1019, -1, 1074, 1071, 1072, -1,
                                            1074, 1072, 1073, -1, 994, 995, 996, -1,
                                            994, 996, 997, -1, 1076, 1074, 1075, -1,
                                            1076, 1071, 1074, -1, 991, 992, 993, -1,
                                            966, 964, 965, -1, 990, 991, 993, -1,
                                            967, 964, 966, -1, 968, 1076, 964, -1,
                                            968, 964, 967, -1, 970, 968, 969, -1,
                                            970, 1076, 968, -1, 986, 987, 988, -1,
                                            986, 988, 989, -1, 985, 989, 990, -1,
                                            985, 993, 994, -1, 985, 990, 993, -1,
                                            985, 986, 989, -1, 972, 970, 971, -1,
                                            972, 1076, 970, -1, 984, 985, 994, -1,
                                            974, 972, 973, -1, 975, 972, 974, -1,
                                            980, 981, 982, -1, 980, 982, 983, -1,
                                            977, 975, 976, -1, 977, 972, 975, -1,
                                            979, 980, 983, -1, 978, 984, 994, -1,
                                            978, 1049, 1071, -1, 978, 983, 984, -1,
                                            978, 972, 977, -1, 978, 979, 983, -1,
                                            978, 1071, 1076, -1, 978, 994, 997, -1,
                                            978, 997, 1045, -1, 978, 1045, 1049, -1,
                                            978, 1076, 972, -1, 1080, 1077, 1078, -1,
                                            1080, 1078, 1079, -1, 1082, 1083, 1081, -1,
                                            1089, 1084, 1085, -1, 1089, 1085, 1086, -1,
                                            1089, 1086, 1087, -1, 1089, 1087, 1088, -1,
                                            1090, 1084, 1089, -1, 1092, 1094, 1091, -1,
                                            1091, 1094, 1093, -1, 1096, 1098, 1095, -1,
                                            1095, 1098, 1097, -1, 1101, 1100, 1099, -1,
                                            1104, 1103, 1102, -1, 1110, 1106, 1105, -1,
                                            1110, 1107, 1106, -1, 1110, 1108, 1107, -1,
                                            1110, 1109, 1108, -1, 1111, 1109, 1110, -1,
                                            1113, 1115, 1112, -1, 1112, 1115, 1114, -1,
                                            1117, 1119, 1116, -1, 1116, 1119, 1118, -1,
                                            1125, 1120, 1121, -1, 1124, 1120, 1125, -1,
                                            1123, 1120, 1124, -1, 1122, 1126, 1120, -1,
                                            1122, 1120, 1123, -1, 1128, 1129, 1127, -1,
                                            1133, 1130, 1131, -1, 1133, 1131, 1132, -1,
                                            1135, 1136, 1134, -1, 1138, 1140, 1137, -1,
                                            1139, 1140, 1138, -1, 1142, 1144, 1141, -1,
                                            1143, 1144, 1142, -1, 1145, 1146, 1147, -1,
                                            1147, 1146, 1148, -1, 1150, 1151, 1149, -1,
                                            1152, 1153, 1154, -1, 1154, 1153, 1155, -1,
                                            1157, 1158, 1156, -1, 1160, 1161, 1159, -1 ]
                                        ccw TRUE
                                        solid FALSE
                                        convex TRUE
                                        creaseAngle 0

                                      }

                                    }

                                } ]

                            }

                        }

                    } ]

                }

            }

        }

    }

}
