;FLAVOR:Marlin
;TIME:6115
;Filament used: 5.93679m
;Layer height: 0.2
;MINX:85.795
;MINY:73.294
;MINZ:0.2
;MAXX:138.36
;MAXY:150.86
;MAXZ:25.6
;TARGET_MACHINE.NAME:Anycubic i3 Mega
;Generated with Cura_SteamEngine 5.9.0
M82 ;absolute extrusion mode
M140 S65.0 ;bed temperature
M104 S195.0 ;nozzle temperature
G21 ;metric values
G90 ;absolute positioning
M82 ;set extruder to absolute mode
M107 ;start with the fan off
G28 X0 Y0 ;move X/Y to min endstops
G28 Z0 ;move Z to min endstops
G1 Z15.0 F200 ;move the platform down 15mm
M105
M190 S65.0 ;wait for bed temperature
M105
M109 S195.0 ;wait for nozzle temperature
G92 E0 ;zero the extruded length
G1 X-1 Y-1 Z0.1 F200 ;move to first layer
G1 E3 F200 ;extrude 3mm of feed stock
G4 P1000 ;wait 1sec.
G1 Z15.0
G4 P500 ;wait 0.5sec.
G1 Y20 Z0.1
G4 P1000 ;wait 1sec.
G1 X20 F800
G92 E0 ;zero the extruded length again
; M117 Printing I2C_LED_BTN-BodyG5
G92 E0
G92 E0
G1 F1500 E-10
;LAYER_COUNT:128
;LAYER:0
M106 S63.8
G1 F1800 Z0.3
G0 X87.851 Y150.86 Z0.3
;TYPE:SKIRT
G1 F1800 Z0.2
G1 F1500 E0
G1 F900 X87.068 Y150.682 E0.02938
G1 X86.365 Y150.131 E0.06206
G1 X85.986 Y149.657 E0.08426
G1 X85.795 Y148.922 E0.11204
G1 X85.795 Y75.133 E2.8117
G1 X86.166 Y74.267 E2.84617
G1 X86.783 Y73.582 E2.8799
G1 X87.743 Y73.295 E2.91656
G1 X136.993 Y73.294 E4.71842
G1 X137.863 Y74.014 E4.75974
G1 X138.36 Y75.115 E4.80394
G1 X138.36 Y149.107 E7.51102
G1 X137.759 Y150.327 E7.56078
G1 X136.561 Y150.86 E7.60875
G1 X87.851 Y150.86 E9.39086
G0 F1800 X87.9 Y150.42
G1 F900 X87.261 Y150.275 E9.41483
G1 X86.636 Y149.785 E9.44389
G1 X86.389 Y149.457 E9.45891
G1 X86.235 Y148.865 E9.48129
G1 X86.235 Y75.222 E12.1756
G1 X86.541 Y74.508 E12.20402
G1 X87.026 Y73.969 E12.23055
G1 X87.809 Y73.735 E12.26045
G1 X136.834 Y73.734 E14.05409
G1 X137.504 Y74.289 E14.08592
G1 X137.92 Y75.21 E14.12289
G1 X137.92 Y149.004 E16.82273
G1 X137.438 Y149.988 E16.86282
G1 X136.467 Y150.42 E16.9017
G1 X87.9 Y150.42 E18.67858
G0 F1800 X87.9 Y149.98
G1 F900 X87.453 Y149.867 E18.69545
G1 X86.907 Y149.439 E18.72083
G1 X86.755 Y149.212 E18.73082
G1 X86.675 Y148.865 E18.74385
G1 X86.675 Y75.311 E21.43491
G1 X86.916 Y74.749 E21.45728
G1 X87.269 Y74.356 E21.47661
G1 X87.875 Y74.175 E21.49975
G1 X136.675 Y74.174 E23.28515
G1 X137.145 Y74.564 E23.3075
G1 X137.48 Y75.305 E23.33725
G1 X137.48 Y148.902 E26.02988
G1 X137.118 Y149.649 E26.06025
G1 X136.373 Y149.98 E26.09008
G1 X87.9 Y149.98 E27.86352
G0 F1800 X87.9 Y149.1
G1 F900 X87.555 Y148.865 E27.87879
G1 X87.555 Y75.4 E30.56659
G1 X87.703 Y75.138 E30.5776
G1 X87.875 Y75.055 E30.58459
G1 X136.403 Y75.054 E32.36004
G1 X136.6 Y75.4 E32.37461
G1 X136.6 Y148.8 E35.06003
G1 X136.517 Y148.972 E35.06702
G1 X136.28 Y149.1 E35.07687
G1 X87.9 Y149.1 E36.84691
G0 F1800 X87.9 Y149.54
G1 F900 X87.652 Y149.464 E36.8564
G1 X87.179 Y149.093 E36.87839
G1 X87.115 Y148.865 E36.88706
G1 X87.115 Y75.4 E39.57486
G1 X87.32 Y74.922 E39.59389
G1 X87.512 Y74.742 E39.60351
G1 X87.875 Y74.615 E39.61758
G1 X136.541 Y74.614 E41.39809
G1 X136.785 Y74.836 E41.41016
G1 X137.04 Y75.4 E41.4328
G1 X137.04 Y148.8 E44.11822
G1 X136.798 Y149.31 E44.13888
G1 X136.28 Y149.54 E44.15961
G1 X87.9 Y149.54 E45.92965
G1 F1500 E35.92965
G1 F1800 Z0.3
;MESH:I2C_LED_BTN-Body.stl
G0 X97.467 Y128.374 Z0.3
;TYPE:WALL-INNER
G1 F1800 Z0.2
G1 F1500 E45.92965
G1 F900 X97.472 Y128.248 E45.93574
G1 X97.447 Y127.62 E45.96715
G1 F1500 E35.96715
G1 F1800 Z0.3
G0 X112 Y147.78 Z0.3
G1 F1800 Z0.2
G1 F1500 E45.96715
G1 F900 X135.28 Y147.78 E46.81888
G1 X135.28 Y76.372 E49.43142
G1 X88.872 Y76.372 E51.12931
G1 X88.872 Y147.78 E53.74185
G1 X112 Y147.78 E54.58802
G0 F1800 X112 Y148.22
G1 F900 X135.72 Y148.22 E55.45584
G1 X135.72 Y75.932 E58.10058
G1 X88.432 Y75.932 E59.83067
G1 X88.432 Y148.22 E62.47541
G1 X112 Y148.22 E63.33767
G1 F1500 E53.33767
G1 F1800 Z0.3
G0 X126.529 Y126.97 Z0.3
G1 F1800 Z0.2
G1 F1500 E63.33767
G1 F900 X126.532 Y126.688 E63.35134
G1 F1500 E53.35134
G0 F1800 X125.135 Y126.689
G0 X125.135 Y118.082
G0 X126.529 Y118.081
G1 F1500 E63.35134
G1 F900 X126.531 Y117.788 E63.36562
G1 F1500 E53.36562
G0 F1800 X125.135 Y117.789
G0 X112 Y129.134
G0 X112 Y130.896
G1 F1500 E63.36562
G1 F900 X98.702 Y130.894 E63.85214
G1 X98.418 Y130.837 E63.86274
G1 X98.054 Y130.627 E63.87811
G1 X97.285 Y129.869 E63.91762
G1 X97.156 Y130.054 E63.92587
G1 X96.326 Y130.765 E63.96585
G1 X95.244 Y131.127 E64.0076
G1 X94.023 Y131.029 E64.05241
G1 X93.336 Y130.71 E64.08012
G1 X92.693 Y130.241 E64.10924
G1 X92.169 Y129.445 E64.14411
G1 X92.007 Y129.046 E64.15986
G1 X91.825 Y128.089 E64.1955
G1 X92.074 Y126.946 E64.2383
G1 X92.495 Y126.281 E64.2671
G1 X93.02 Y125.728 E64.295
G1 X94 Y125.246 E64.33495
G1 X94.678 Y125.129 E64.36012
G1 X95.519 Y125.192 E64.39098
G1 X96.408 Y125.544 E64.42596
G1 X97.1 Y126.171 E64.46013
G1 X97.1 Y114.629 E64.8824
G1 X97.345 Y114.071 E64.9047
G1 X98.055 Y113.361 E64.94144
G1 X98.407 Y113.162 E64.95623
G1 X98.729 Y113.1 E64.96823
G1 X125.283 Y113.101 E65.93973
G1 X125.892 Y113.309 E65.96328
G1 X126.717 Y114.145 E66.00625
G1 X126.897 Y114.601 E66.02419
G1 X126.897 Y116.014 E66.07588
G1 X127.499 Y115.48 E66.10532
G1 X128.292 Y115.091 E66.13764
G1 X128.948 Y114.972 E66.16203
G1 X129.813 Y115.029 E66.19375
G1 X130.714 Y115.389 E66.22925
G1 X131.58 Y116.173 E66.27198
G1 X132.077 Y117.236 E66.31492
G1 X132.152 Y118.186 E66.34978
G1 X131.866 Y119.292 E66.39158
G1 X131.366 Y119.97 E66.4224
G1 X130.636 Y120.599 E66.45765
G1 X129.536 Y120.966 E66.50008
G1 X128.327 Y120.871 E66.54445
G1 X127.636 Y120.551 E66.57231
G1 X127.111 Y120.167 E66.5961
G1 X126.898 Y119.932 E66.60771
G1 X126.899 Y124.913 E66.78994
G1 X127.498 Y124.381 E66.81925
G1 X128.328 Y123.973 E66.85309
G1 X129.001 Y123.87 E66.878
G1 X129.791 Y123.928 E66.90698
G1 X130.707 Y124.283 E66.94292
G1 X131.579 Y125.071 E66.98592
G1 X132.077 Y126.136 E67.02894
G1 X132.152 Y127.086 E67.0638
G1 X131.866 Y128.192 E67.1056
G1 X131.366 Y128.87 E67.13642
G1 X130.631 Y129.503 E67.17191
G1 X129.549 Y129.867 E67.21367
G1 X128.317 Y129.766 E67.2589
G1 X127.565 Y129.417 E67.28923
G1 X126.898 Y128.902 E67.32006
G1 X126.868 Y129.488 E67.34153
G1 X126.599 Y129.981 E67.36208
G1 X125.811 Y130.765 E67.40274
G1 X125.314 Y130.897 E67.42156
G1 X112 Y130.896 E67.90867
G0 F1800 X112 Y130.458
G1 F900 X98.62 Y130.455 E68.39819
G1 X98.343 Y130.295 E68.40989
G1 X97.682 Y129.642 E68.44389
G1 X97.552 Y129.377 E68.45513
G1 X97.473 Y128.358 E68.49711
G1 X97.146 Y129.274 E68.53706
G1 X96.849 Y129.728 E68.55772
G1 X96.114 Y130.371 E68.59345
G1 X95.203 Y130.677 E68.62861
G1 X94.141 Y130.599 E68.66757
G1 X93.521 Y130.311 E68.69258
G1 X93.014 Y129.929 E68.71581
G1 X92.464 Y129.093 E68.75242
G1 X92.274 Y128.098 E68.78948
G1 X92.486 Y127.12 E68.82609
G1 X92.813 Y126.585 E68.84903
G1 X93.286 Y126.088 E68.87413
G1 X94.142 Y125.666 E68.90905
G1 X94.782 Y125.577 E68.93269
G1 X95.419 Y125.625 E68.95606
G1 X96.174 Y125.925 E68.98578
G1 X96.904 Y126.588 E69.02564
G1 X97.447 Y127.62 E69.08187
G1 X97.511 Y127.35 E69.09484
G1 X97.54 Y126.594 E69.12441
G1 X97.54 Y114.684 E69.56015
G1 X97.686 Y114.351 E69.57345
G1 X98.362 Y113.682 E69.60825
G1 X98.642 Y113.54 E69.61973
G1 X125.295 Y113.543 E70.59486
G1 X125.624 Y113.665 E70.6077
G1 X126.347 Y114.393 E70.64524
G1 X126.457 Y114.669 E70.65611
G1 X126.457 Y117.035 E70.74267
G1 X126.531 Y117.788 E70.77501
G1 X126.808 Y116.929 E70.81636
G1 X127.113 Y116.424 E70.83976
G1 X127.587 Y115.927 E70.86489
G1 X128.441 Y115.508 E70.89969
G1 X129.016 Y115.411 E70.92103
G1 X129.742 Y115.474 E70.94769
G1 X130.475 Y115.766 E70.97655
G1 X131.217 Y116.438 E71.01318
G1 X131.645 Y117.353 E71.05014
G1 X131.709 Y118.149 E71.07935
G1 X131.462 Y119.096 E71.11516
G1 X131.079 Y119.637 E71.13941
G1 X130.395 Y120.216 E71.1722
G1 X129.487 Y120.521 E71.20724
G1 X128.438 Y120.438 E71.24574
G1 X127.821 Y120.151 E71.27064
G1 X127.314 Y119.769 E71.29481
G1 X126.786 Y118.965 E71.33432
G1 X126.529 Y118.081 E71.37627
G1 X126.458 Y118.83 E71.4083
G1 X126.459 Y125.935 E71.66825
G1 X126.532 Y126.688 E71.70052
G1 X126.807 Y125.83 E71.74172
G1 X127.114 Y125.324 E71.76515
G1 X127.59 Y124.825 E71.79038
G1 X128.369 Y124.443 E71.82212
G1 X129.016 Y124.312 E71.84627
G1 X129.73 Y124.369 E71.87248
G1 X130.474 Y124.665 E71.90177
G1 X131.217 Y125.337 E71.93843
G1 X131.645 Y126.253 E71.97542
G1 X131.709 Y127.049 E72.00463
G1 X131.462 Y127.996 E72.04044
G1 X131.079 Y128.537 E72.06469
G1 X130.407 Y129.115 E72.09712
G1 X129.476 Y129.42 E72.13296
G1 X128.431 Y129.335 E72.17132
G1 X127.757 Y129.016 E72.1986
G1 X127.252 Y128.575 E72.22313
G1 X126.785 Y127.866 E72.25666
G1 X126.529 Y126.97 E72.29889
G1 X126.46 Y127.73 E72.33125
G1 X126.46 Y129.332 E72.38986
G1 X126.28 Y129.679 E72.40417
G1 X125.657 Y130.299 E72.43632
G1 X125.299 Y130.46 E72.45068
G1 X112 Y130.458 E72.93724
G1 F1500 E62.93724
G1 F1800 Z0.3
G0 X112.26 Y98.726 Z0.3
G1 F1800 Z0.2
G1 F1500 E72.93724
G1 F900 X111.199 Y98.625 E72.97624
G1 X110.252 Y98.356 E73.01226
G1 X109.46 Y97.916 E73.0454
G1 X108.769 Y97.34 E73.07832
G1 X108.096 Y96.511 E73.11738
G1 X107.584 Y95.24 E73.16751
G1 X107.479 Y93.871 E73.21775
G1 X107.733 Y92.757 E73.25955
G1 X108.188 Y91.74 E73.30031
G1 X108.932 Y90.903 E73.34128
G1 X109.647 Y90.365 E73.37402
G1 X110.588 Y89.891 E73.41257
G1 X111.943 Y89.664 E73.46283
G1 X113.012 Y89.814 E73.50233
G1 X113.955 Y90.138 E73.53881
G1 X114.718 Y90.616 E73.57175
G1 X115.371 Y91.21 E73.60405
G1 X116.022 Y92.104 E73.64451
G1 X116.377 Y93.165 E73.68544
G1 X116.49 Y93.872 E73.71164
G1 X116.44 Y94.974 E73.75199
G1 X116.187 Y95.858 E73.78564
G1 X115.768 Y96.664 E73.81887
G1 X115.075 Y97.524 E73.85928
G1 X114.137 Y98.163 E73.9008
G1 X113.332 Y98.497 E73.93269
G1 X112.26 Y98.726 E73.97279
G0 F1800 X112.263 Y98.281
G1 F900 X111.281 Y98.193 E74.00887
G1 X110.42 Y97.946 E74.04164
G1 X109.736 Y97.566 E74.07026
G1 X109.107 Y97.05 E74.10003
G1 X108.492 Y96.301 E74.13549
G1 X108.018 Y95.143 E74.18127
G1 X107.922 Y93.896 E74.22702
G1 X108.152 Y92.898 E74.26449
G1 X108.564 Y91.975 E74.30147
G1 X109.237 Y91.221 E74.33845
G1 X109.879 Y90.739 E74.36782
G1 X110.758 Y90.302 E74.40374
G1 X111.96 Y90.105 E74.4483
G1 X112.908 Y90.242 E74.48334
G1 X113.764 Y90.536 E74.51646
G1 X114.452 Y90.966 E74.54614
G1 X115.039 Y91.505 E74.5753
G1 X115.624 Y92.304 E74.61153
G1 X115.951 Y93.276 E74.64905
G1 X116.051 Y93.911 E74.67257
G1 X116.004 Y94.902 E74.70886
G1 X115.776 Y95.694 E74.73902
G1 X115.412 Y96.405 E74.76824
G1 X114.776 Y97.198 E74.80543
G1 X113.956 Y97.755 E74.8417
G1 X113.199 Y98.078 E74.87181
G1 X112.263 Y98.281 E74.90685
G1 F1500 E64.90685
G1 F1800 Z0.3
G0 X98.092 Y100.698 Z0.3
G1 F1800 Z0.2
G1 F1500 E74.90685
G1 F900 X97.029 Y100.927 E74.94663
G1 X95.958 Y100.825 E74.98599
G1 X95.011 Y100.556 E75.02201
G1 X94.222 Y100.118 E75.05503
G1 X93.54 Y99.552 E75.08745
G1 X92.859 Y98.716 E75.1269
G1 X92.35 Y97.464 E75.17635
G1 X92.241 Y96.041 E75.22856
G1 X92.487 Y94.96 E75.26913
G1 X92.949 Y93.936 E75.31023
G1 X93.7 Y93.09 E75.35161
G1 X94.409 Y92.559 E75.38402
G1 X95.37 Y92.082 E75.42327
G1 X96.705 Y91.862 E75.47278
G1 X97.772 Y92.014 E75.51221
G1 X98.72 Y92.343 E75.54892
G1 X99.479 Y92.81 E75.58152
G1 X100.14 Y93.419 E75.61441
G1 X100.765 Y94.277 E75.65324
G1 X101.147 Y95.388 E75.69623
G1 X101.247 Y96.091 E75.7222
G1 X101.203 Y97.159 E75.76131
G1 X100.946 Y98.06 E75.79559
G1 X100.535 Y98.855 E75.82833
G1 X99.848 Y99.714 E75.86858
G1 X98.912 Y100.35 E75.90998
G1 X98.092 Y100.698 E75.94257
G0 F1800 X97.959 Y100.278
G1 F900 X97.007 Y100.483 E75.9782
G1 X96.04 Y100.393 E76.01373
G1 X95.184 Y100.143 E76.04635
G1 X94.472 Y99.754 E76.07604
G1 X93.853 Y99.239 E76.1055
G1 X93.241 Y98.487 E76.14097
G1 X92.781 Y97.354 E76.18571
G1 X92.684 Y96.078 E76.23253
G1 X92.907 Y95.101 E76.26919
G1 X93.323 Y94.178 E76.30623
G1 X94.001 Y93.414 E76.3436
G1 X94.637 Y92.937 E76.37269
G1 X95.488 Y92.514 E76.40746
G1 X96.708 Y92.306 E76.45274
G1 X97.668 Y92.442 E76.48821
G1 X98.506 Y92.733 E76.52067
G1 X99.215 Y93.168 E76.5511
G1 X99.809 Y93.712 E76.58057
G1 X100.375 Y94.488 E76.61571
G1 X100.717 Y95.488 E76.65437
G1 X100.808 Y96.112 E76.67745
G1 X100.761 Y97.093 E76.71338
G1 X100.536 Y97.896 E76.74389
G1 X100.177 Y98.59 E76.77248
G1 X99.544 Y99.391 E76.80983
G1 X98.701 Y99.964 E76.84712
G1 X97.959 Y100.278 E76.8766
G1 F1500 E66.8766
G1 F1800 Z0.3
G0 X126.429 Y100.824 Z0.3
G1 F1800 Z0.2
G1 F1500 E76.8766
G1 F900 X125.488 Y100.555 E76.9124
G1 X124.701 Y100.112 E76.94545
G1 X124.034 Y99.564 E76.97703
G1 X123.345 Y98.721 E77.01686
G1 X122.822 Y97.434 E77.06769
G1 X122.723 Y96.029 E77.11922
G1 X122.967 Y94.97 E77.15898
G1 X123.427 Y93.937 E77.20035
G1 X124.172 Y93.103 E77.24126
G1 X124.881 Y92.564 E77.27385
G1 X125.85 Y92.087 E77.31336
G1 X127.183 Y91.864 E77.36281
G1 X128.247 Y92.013 E77.40212
G1 X129.191 Y92.336 E77.43862
G1 X129.959 Y92.811 E77.47166
G1 X130.617 Y93.416 E77.50436
G1 X131.255 Y94.29 E77.54395
G1 X131.626 Y95.385 E77.58625
G1 X131.731 Y96.077 E77.61186
G1 X131.682 Y97.15 E77.65115
G1 X131.43 Y98.051 E77.68538
G1 X131.021 Y98.849 E77.71819
G1 X130.325 Y99.72 E77.75898
G1 X129.395 Y100.354 E77.80016
G1 X128.576 Y100.702 E77.83272
G1 X127.512 Y100.927 E77.87251
G1 X126.429 Y100.824 E77.91231
G0 F1800 X126.55 Y100.398
G1 F900 X125.66 Y100.146 E77.94615
G1 X124.95 Y99.749 E77.97591
G1 X124.326 Y99.228 E78.00565
G1 X123.725 Y98.491 E78.04044
G1 X123.256 Y97.339 E78.08595
G1 X123.162 Y96.097 E78.13152
G1 X123.388 Y95.098 E78.16899
G1 X123.806 Y94.174 E78.2061
G1 X124.474 Y93.423 E78.24287
G1 X125.099 Y92.952 E78.2715
G1 X125.998 Y92.502 E78.30828
G1 X127.2 Y92.305 E78.35285
G1 X128.145 Y92.441 E78.38778
G1 X129.002 Y92.736 E78.42094
G1 X129.692 Y93.163 E78.45062
G1 X130.29 Y93.713 E78.48035
G1 X130.861 Y94.495 E78.51578
G1 X131.196 Y95.486 E78.55405
G1 X131.291 Y96.112 E78.57721
G1 X131.239 Y97.107 E78.61367
G1 X131.017 Y97.893 E78.64355
G1 X130.651 Y98.606 E78.67287
G1 X130.035 Y99.377 E78.70898
G1 X129.185 Y99.966 E78.74681
G1 X128.438 Y100.281 E78.77647
G1 X127.488 Y100.483 E78.812
G1 X126.55 Y100.398 E78.84646
G0 F1800 X126.601 Y99.96
;TYPE:WALL-OUTER
G1 F900 X125.854 Y99.744 E78.87491
G1 X125.199 Y99.386 E78.90222
G1 X124.663 Y98.942 E78.92769
G1 X124.1 Y98.249 E78.96035
G1 X123.69 Y97.24 E79.0002
G1 X123.609 Y96.107 E79.04176
G1 X123.803 Y95.253 E79.0738
G1 X124.178 Y94.421 E79.10719
G1 X124.776 Y93.743 E79.14026
G1 X125.368 Y93.303 E79.16725
G1 X126.134 Y92.927 E79.19847
G1 X127.181 Y92.752 E79.2373
G1 X128.043 Y92.869 E79.26913
G1 X128.832 Y93.148 E79.29975
G1 X129.408 Y93.504 E79.32452
G1 X129.97 Y94.022 E79.35249
G1 X130.467 Y94.703 E79.38333
G1 X130.77 Y95.61 E79.41832
G1 X130.846 Y96.11 E79.43682
G1 X130.805 Y97.031 E79.47055
G1 X130.612 Y97.709 E79.49634
G1 X130.264 Y98.386 E79.52419
G1 X129.717 Y99.067 E79.55615
G1 X128.95 Y99.587 E79.59005
G1 X128.286 Y99.864 E79.61637
G1 X127.462 Y100.039 E79.64719
G1 X126.601 Y99.96 E79.67882
G0 F1800 X126.409 Y99.905
G1 F1500 E69.67882
G1 F1800 Z0.3
G0 X112.237 Y97.835 Z0.3
G1 F1800 Z0.2
G1 F1500 E79.67882
G1 F900 X111.384 Y97.764 E79.71014
G1 X110.614 Y97.544 E79.73944
G1 X109.968 Y97.192 E79.76636
G1 X109.411 Y96.732 E79.79278
G1 X108.857 Y96.044 E79.8251
G1 X108.458 Y95.061 E79.86392
G1 X108.369 Y93.907 E79.90626
G1 X108.567 Y93.055 E79.93826
G1 X108.938 Y92.221 E79.97166
G1 X109.532 Y91.552 E80.00439
G1 X110.111 Y91.113 E80.03098
G1 X110.894 Y90.727 E80.06291
G1 X111.941 Y90.552 E80.10175
G1 X112.825 Y90.676 E80.13441
G1 X113.571 Y90.937 E80.16333
G1 X114.186 Y91.316 E80.18976
G1 X114.715 Y91.803 E80.21606
G1 X115.216 Y92.488 E80.24711
G1 X115.53 Y93.41 E80.28275
G1 X115.607 Y93.92 E80.30162
G1 X115.568 Y94.812 E80.33428
G1 X115.372 Y95.509 E80.36077
G1 X115.039 Y96.165 E80.38769
G1 X114.464 Y96.878 E80.4212
G1 X113.735 Y97.375 E80.45348
G1 X113.067 Y97.658 E80.48002
G1 X112.237 Y97.835 E80.51107
G0 F1800 X112.038 Y97.819
G1 F1500 E70.51107
G1 F1800 Z0.3
G0 X97.827 Y99.858 Z0.3
G1 F1800 Z0.2
G1 F1500 E80.51107
G1 F900 X97.002 Y100.035 E80.54194
G1 X96.122 Y99.961 E80.57425
G1 X95.352 Y99.736 E80.6036
G1 X94.703 Y99.374 E80.63079
G1 X94.183 Y98.942 E80.65552
G1 X93.624 Y98.262 E80.68773
G1 X93.211 Y97.23 E80.7284
G1 X93.128 Y96.136 E80.76854
G1 X93.335 Y95.221 E80.80286
G1 X93.696 Y94.419 E80.83504
G1 X94.316 Y93.727 E80.86903
G1 X94.856 Y93.323 E80.8937
G1 X95.645 Y92.93 E80.92595
G1 X96.697 Y92.752 E80.96499
G1 X97.585 Y92.876 E80.99779
G1 X98.326 Y93.135 E81.02651
G1 X98.947 Y93.517 E81.05318
G1 X99.468 Y93.996 E81.07908
G1 X99.986 Y94.701 E81.11108
G1 X100.29 Y95.61 E81.14615
G1 X100.366 Y96.11 E81.16466
G1 X100.326 Y97.026 E81.1982
G1 X100.13 Y97.717 E81.22448
G1 X99.801 Y98.362 E81.25097
G1 X99.239 Y99.065 E81.2839
G1 X98.49 Y99.578 E81.31711
G1 X97.827 Y99.858 E81.34344
G0 F1800 X97.632 Y99.899
G1 F1500 E71.34344
G1 F1800 Z0.3
G0 X95.893 Y129.975 Z0.3
G1 F1800 Z0.2
G1 F1500 E81.34344
G1 F900 X95.136 Y130.236 E81.37274
G1 X94.254 Y130.162 E81.40512
G1 X93.707 Y129.912 E81.42712
G1 X93.32 Y129.593 E81.44547
G1 X92.878 Y128.922 E81.47487
G1 X92.728 Y128.104 E81.5053
G1 X92.9 Y127.287 E81.53584
G1 X93.132 Y126.888 E81.55273
G1 X93.555 Y126.449 E81.57503
G1 X94.302 Y126.083 E81.60547
G1 X94.749 Y126.016 E81.622
G1 X95.319 Y126.059 E81.64292
G1 X95.937 Y126.305 E81.66725
G1 X96.558 Y126.868 E81.69792
G1 X96.913 Y127.627 E81.72858
G1 X96.961 Y128.286 E81.75275
G1 X96.763 Y129.041 E81.78131
G1 X96.515 Y129.44 E81.7985
G1 X95.893 Y129.975 E81.82851
G0 F1800 X95.704 Y130.04
G1 F1500 E71.82851
G1 F1800 Z0.3
G0 X112 Y130.016 Z0.3
G1 F1800 Z0.2
G1 F1500 E81.82851
G1 F900 X98.68 Y130.012 E82.31584
G1 X97.98 Y129.313 E82.35203
G1 X97.983 Y114.677 E82.88751
G1 X98.679 Y113.983 E82.92347
G1 X125.311 Y113.981 E83.89783
G1 X126.011 Y114.678 E83.93397
G1 X126.02 Y129.316 E84.46952
G1 X125.316 Y130.02 E84.50594
G1 X112 Y130.016 E84.99312
G0 F1800 X111.8 Y130.016
G1 F1500 E74.99312
G1 F1800 Z0.3
G0 X127.985 Y128.64 Z0.3
G1 F1800 Z0.2
G1 F1500 E84.99312
G1 F900 X127.62 Y128.333 E85.01057
G1 X127.178 Y127.662 E85.03997
G1 X127.028 Y126.845 E85.07036
G1 X127.2 Y126.027 E85.10094
G1 X127.432 Y125.628 E85.11783
G1 X127.852 Y125.187 E85.14011
G1 X128.595 Y124.822 E85.1704
G1 X129.049 Y124.756 E85.18718
G1 X129.626 Y124.803 E85.20836
G1 X130.236 Y125.048 E85.23241
G1 X130.853 Y125.608 E85.2629
G1 X131.213 Y126.366 E85.2936
G1 X131.261 Y127.026 E85.31781
G1 X131.056 Y127.806 E85.34732
G1 X130.817 Y128.182 E85.36362
G1 X130.183 Y128.721 E85.39406
G1 X129.435 Y128.975 E85.42296
G1 X128.549 Y128.904 E85.45548
G1 X127.985 Y128.64 E85.47826
G0 F1800 X127.832 Y128.512
G1 F1500 E75.47826
G1 F1800 Z0.3
G0 X128.552 Y120.005 Z0.3
G1 F1800 Z0.2
G1 F1500 E85.47826
G1 F900 X128.007 Y119.752 E85.50025
G1 X127.62 Y119.433 E85.5186
G1 X127.178 Y118.762 E85.54799
G1 X127.028 Y117.945 E85.57838
G1 X127.2 Y117.127 E85.60897
G1 X127.432 Y116.728 E85.62585
G1 X127.851 Y116.287 E85.64811
G1 X128.598 Y115.924 E85.67849
G1 X129.013 Y115.856 E85.69388
G1 X129.616 Y115.901 E85.716
G1 X130.239 Y116.145 E85.74048
G1 X130.857 Y116.706 E85.77102
G1 X131.213 Y117.467 E85.80176
G1 X131.261 Y118.126 E85.82593
G1 X131.065 Y118.873 E85.85418
G1 X130.819 Y119.28 E85.87158
G1 X130.182 Y119.825 E85.90226
G1 X129.442 Y120.071 E85.93079
G1 X128.552 Y120.005 E85.96344
G0 F1800 X128.371 Y119.921
G1 F1500 E75.96344
G1 F1800 Z0.3
G0 X112 Y148.66 Z0.3
G1 F1800 Z0.2
G1 F1500 E85.96344
G1 F900 X136.16 Y148.66 E86.84736
G1 X136.16 Y75.492 E89.52429
G1 X87.992 Y75.492 E91.28657
G1 X87.992 Y148.66 E93.96351
G1 X112 Y148.66 E94.84187
G0 F1800 X112.2 Y148.66
G1 F1500 E84.84187
G0 F1800 X112.2 Y149.545
G0 X136.512 Y149.542
G0 X137.041 Y149.117
G0 X137.045 Y76.793
G0 X134.86 Y76.793
;TYPE:SKIN
G1 F1500 E94.84187
G1 F900 X134.662 Y76.793 E94.84911
G1 X134.04 Y76.793 E94.87187
G1 X134.86 Y77.613 E94.9143
G1 X134.86 Y78.235 E94.93706
G1 X133.418 Y76.793 E95.01167
G1 X132.795 Y76.793 E95.03446
G1 X134.86 Y78.857 E95.14128
G1 X134.86 Y79.48 E95.16407
G1 X132.173 Y76.793 E95.3031
G1 X131.551 Y76.793 E95.32585
G1 X134.86 Y80.102 E95.49706
G1 X134.86 Y80.724 E95.51982
G1 X130.929 Y76.793 E95.72321
G1 X130.306 Y76.793 E95.74601
G1 X134.86 Y81.346 E95.98161
G1 X134.86 Y81.969 E96.0044
G1 X129.684 Y76.793 E96.27221
G1 X129.062 Y76.793 E96.29497
G1 X134.86 Y82.591 E96.59496
G1 X134.86 Y83.213 E96.61771
G1 X128.44 Y76.793 E96.94989
G1 X127.817 Y76.793 E96.97268
G1 X134.86 Y83.835 E97.33707
G1 X134.86 Y84.458 E97.35986
G1 X127.195 Y76.793 E97.75645
G1 X126.573 Y76.793 E97.77921
G1 X134.86 Y85.08 E98.20798
G1 X134.86 Y85.702 E98.23074
G1 X125.951 Y76.793 E98.6917
G1 X125.328 Y76.793 E98.71449
G1 X134.86 Y86.324 E99.20765
G1 X134.86 Y86.947 E99.23045
G1 X124.706 Y76.793 E99.75582
G1 X124.084 Y76.793 E99.77858
G1 X134.86 Y87.569 E100.33614
G1 X134.86 Y88.191 E100.35889
G1 X123.462 Y76.793 E100.94863
G1 X122.839 Y76.793 E100.97143
G1 X134.86 Y88.813 E101.59337
G1 X134.86 Y89.436 E101.61617
G1 X122.217 Y76.793 E102.27032
G1 X121.595 Y76.793 E102.29308
G1 X134.86 Y90.058 E102.97942
G1 X134.86 Y90.68 E103.00218
G1 X120.973 Y76.793 E103.7207
G1 X120.35 Y76.793 E103.74349
G1 X134.86 Y91.302 E104.49422
G1 X134.86 Y91.925 E104.51702
G1 X119.728 Y76.793 E105.29995
G1 X119.106 Y76.793 E105.32271
G1 X134.86 Y92.547 E106.13783
G1 X134.86 Y93.169 E106.16059
G1 X118.484 Y76.793 E107.00789
G1 X117.861 Y76.793 E107.03069
G1 X134.86 Y93.791 E107.9102
G1 X134.86 Y94.414 E107.93299
G1 X117.239 Y76.793 E108.84471
G1 X116.617 Y76.793 E108.86747
G1 X134.86 Y95.036 E109.81138
G1 X134.86 Y95.658 E109.83413
G1 X115.995 Y76.793 E110.81022
G1 X115.372 Y76.793 E110.83301
G1 X134.86 Y96.28 E111.84131
G1 X134.86 Y96.903 E111.8641
G1 X114.75 Y76.793 E112.90461
G1 X114.128 Y76.793 E112.92736
G1 F1500 E102.92736
G1 F1800 Z0.3
G0 X129.37 Y91.953 Z0.3
G1 F1800 Z0.2
G1 F1500 E112.92736
G1 F900 X130.216 Y92.476 E112.96375
G1 X130.936 Y93.138 E112.99953
G1 X131.634 Y94.095 E113.04287
G1 X131.738 Y94.402 E113.05473
G1 X134.86 Y97.525 E113.21629
G1 F1500 E103.21629
G0 F1800 X137.045 Y97.525
G0 X137.043 Y75.207
G0 X136.663 Y74.614
G0 X114.127 Y74.61
G0 X114.128 Y76.793
G1 F1500 E113.21629
G1 F900 X129.245 Y91.91 E113.99845
G1 X128.346 Y91.604 E114.0332
G1 X128.312 Y91.599 E114.03445
G1 X113.505 Y76.793 E114.80055
G1 X112.883 Y76.793 E114.82331
G1 X127.588 Y91.497 E115.58413
G1 X126.946 Y91.478 E115.60763
G1 X112.261 Y76.793 E116.36744
G1 X111.639 Y76.793 E116.3902
G1 X126.411 Y91.565 E117.15451
G1 X125.875 Y91.651 E117.17437
G1 X111.016 Y76.793 E117.94316
G1 X110.394 Y76.793 E117.96591
G1 X125.429 Y91.827 E118.74381
G1 X125.011 Y92.031 E118.76083
G1 X109.772 Y76.793 E119.54927
G1 X109.15 Y76.793 E119.57203
G1 X124.605 Y92.248 E120.37168
G1 X124.249 Y92.514 E120.38794
G1 X108.527 Y76.793 E121.20138
G1 X107.905 Y76.793 E121.22414
G1 X123.896 Y92.784 E122.05152
G1 X123.602 Y93.112 E122.06764
G1 X107.283 Y76.793 E122.91199
G1 X106.661 Y76.793 E122.93475
G1 X123.308 Y93.44 E123.79608
G1 X123.037 Y93.791 E123.8123
G1 X106.038 Y76.793 E124.69181
G1 X105.416 Y76.793 E124.71457
G1 X122.843 Y94.219 E125.61623
G1 X122.648 Y94.647 E125.63344
G1 X104.794 Y76.793 E126.55721
G1 X104.172 Y76.793 E126.57997
G1 X122.501 Y95.121 E127.5283
G1 X122.385 Y95.628 E127.54733
G1 X103.549 Y76.793 E128.52189
G1 X102.927 Y76.793 E128.54464
G1 X122.306 Y96.171 E129.5473
G1 X122.357 Y96.845 E129.57203
G1 X102.305 Y76.793 E130.60953
G1 X101.683 Y76.793 E130.63229
G1 F1500 E120.63229
G0 F1800 X101.682 Y74.61
G0 X136.663 Y74.614
G0 X137.043 Y75.207
G0 X137.045 Y97.525
G0 X134.86 Y97.525
G1 F1500 E130.63229
G1 F900 X134.86 Y98.147 E130.65504
G1 X132.041 Y95.328 E130.8009
G1 X132.153 Y96.062 E130.82807
G1 X134.86 Y98.769 E130.96813
G1 X134.86 Y99.392 E130.99092
G1 X132.126 Y96.657 E131.13241
G1 X132.097 Y97.251 E131.15416
G1 X134.86 Y100.014 E131.29712
G1 X134.86 Y100.636 E131.31988
G1 X131.957 Y97.733 E131.47008
G1 X131.817 Y98.215 E131.48845
G1 X134.86 Y101.258 E131.64589
G1 X134.86 Y101.881 E131.66869
G1 X131.606 Y98.627 E131.83705
G1 X131.396 Y99.039 E131.85397
G1 X134.86 Y102.503 E132.0332
G1 X134.86 Y103.125 E132.05596
G1 X131.125 Y99.39 E132.24921
G1 X130.849 Y99.737 E132.26543
G1 X134.86 Y103.747 E132.47293
G1 X134.86 Y104.37 E132.49573
G1 X130.559 Y100.069 E132.71826
G1 X130.19 Y100.321 E132.73461
G1 X134.86 Y104.992 E132.97627
G1 X134.86 Y105.614 E132.99902
G1 X129.819 Y100.573 E133.25985
G1 X129.422 Y100.799 E133.27656
G1 X134.86 Y106.236 E133.5579
G1 X134.86 Y106.859 E133.58069
G1 X128.985 Y100.984 E133.88467
G1 X128.522 Y101.142 E133.90257
G1 X134.86 Y107.481 E134.23053
G1 X134.86 Y108.103 E134.25328
G1 X128.008 Y101.251 E134.60781
G1 X127.481 Y101.346 E134.6274
G1 X134.86 Y108.725 E135.00919
G1 X134.86 Y109.348 E135.03199
G1 X126.796 Y101.283 E135.44925
G1 X126.043 Y101.153 E135.47721
G1 X134.86 Y109.97 E135.9334
G1 X134.86 Y110.592 E135.95616
G1 F1500 E125.95616
G0 F1800 X137.045 Y110.592
G0 X137.043 Y75.207
G0 X136.663 Y74.614
G0 X101.682 Y74.61
G0 X101.683 Y76.793
G1 F1500 E135.95616
G1 F900 X122.408 Y97.518 E137.02849
G1 X122.828 Y98.56 E137.06959
G1 F1500 E127.06959
G1 F1800 Z0.3
G0 X114.134 Y89.754 Z0.3
G1 F1800 Z0.2
G1 F1500 E137.06959
G1 F900 X114.971 Y90.28 E137.10576
G1 X115.708 Y90.957 E137.14237
G1 X116.4 Y91.91 E137.18546
G1 X116.511 Y92.243 E137.1983
G1 F1500 E127.1983
G1 F1800 Z0.3
G0 X122.828 Y98.56 Z0.3
G1 F1800 Z0.2
G1 F1500 E137.1983
G1 F900 X116.511 Y92.243 E137.52515
G1 F1500 E127.52515
G1 F1800 Z0.3
G0 X125.068 Y100.8 Z0.3
G1 F1800 Z0.2
G1 F1500 E137.52515
G1 F900 X134.86 Y110.592 E138.03179
G1 F1500 E128.03179
G1 F1800 Z0.3
G0 X113.964 Y89.696 Z0.3
G1 F1800 Z0.2
G1 F1500 E138.03179
G1 F900 X101.06 Y76.793 E138.69943
G1 F1500 E128.69943
G1 F1800 Z0.3
G0 X122.828 Y98.56 Z0.3
G1 F1800 Z0.2
G1 F1500 E138.69943
G1 F900 X122.981 Y98.935 E138.71424
G1 X123.727 Y99.856 E138.75761
G1 X124.464 Y100.459 E138.79245
G1 F1500 E128.79245
G1 F1800 Z0.3
G0 X116.511 Y92.243 Z0.3
G1 F1800 Z0.2
G1 F1500 E138.79245
G1 F900 X116.8 Y93.108 E138.82581
G1 X116.808 Y93.162 E138.82781
G1 F1500 E128.82781
G1 F1800 Z0.3
G0 X101.06 Y76.793 Z0.3
G1 F1800 Z0.2
G1 F1500 E138.82781
G1 F900 X100.438 Y76.793 E138.85057
G1 X113.041 Y89.395 E139.50263
G1 X112.309 Y89.286 E139.5297
G1 X99.816 Y76.793 E140.1761
G1 X99.194 Y76.793 E140.19886
G1 X111.682 Y89.281 E140.84499
G1 X111.147 Y89.368 E140.86482
G1 X98.571 Y76.793 E141.51549
G1 X97.949 Y76.793 E141.53824
G1 X110.611 Y89.455 E142.19338
G1 X110.167 Y89.632 E142.21087
G1 X97.327 Y76.793 E142.8752
G1 X96.705 Y76.793 E142.89795
G1 X109.754 Y89.841 E143.57309
G1 X109.351 Y90.061 E143.58989
G1 X96.082 Y76.793 E144.27641
G1 X95.46 Y76.793 E144.29916
G1 X108.995 Y90.327 E144.99945
G1 X108.641 Y90.596 E145.01571
G1 X94.838 Y76.793 E145.72989
G1 X94.216 Y76.793 E145.75265
G1 X108.349 Y90.926 E146.4839
G1 X108.057 Y91.256 E146.50002
G1 X93.593 Y76.793 E147.24837
G1 X92.971 Y76.793 E147.27113
G1 X107.787 Y91.609 E148.03772
G1 X107.595 Y92.038 E148.05491
G1 X92.349 Y76.793 E148.84372
G1 X91.727 Y76.793 E148.86648
G1 X107.402 Y92.468 E149.67751
G1 X107.258 Y92.946 E149.69578
G1 X91.104 Y76.793 E150.53157
G1 X90.482 Y76.793 E150.55433
G1 X107.14 Y93.451 E151.41622
G1 X107.069 Y94.002 E151.43655
G1 X89.86 Y76.793 E152.32695
G1 X89.292 Y76.792 E152.34773
G1 X89.292 Y76.847 E152.34975
G1 X107.121 Y94.676 E153.27223
G1 X107.171 Y95.337 E153.29648
G1 X107.179 Y95.356 E153.29724
G1 X89.292 Y77.469 E154.22272
G1 X89.292 Y78.091 E154.24548
G1 F1500 E144.24548
G1 F1800 Z0.3
G0 X116.808 Y93.162 Z0.3
G1 F1800 Z0.2
G1 F1500 E154.24548
G1 F900 X134.86 Y111.214 E155.1795
G1 X134.86 Y111.837 E155.20229
G1 X116.909 Y93.885 E156.13111
G1 X116.882 Y94.481 E156.15294
G1 X134.86 Y112.459 E157.08313
G1 X134.86 Y113.081 E157.10589
G1 X116.849 Y95.071 E158.03777
G1 X116.711 Y95.554 E158.05614
G1 X134.86 Y113.703 E158.99518
G1 X134.86 Y114.326 E159.01798
G1 X116.569 Y96.034 E159.96439
G1 X116.356 Y96.444 E159.9813
G1 X134.86 Y114.948 E160.9387
G1 X134.86 Y115.57 E160.96146
G1 X116.142 Y96.852 E161.92994
G1 X115.871 Y97.204 E161.94619
G1 X134.86 Y116.192 E162.92867
G1 X134.86 Y116.815 E162.95146
G1 X115.594 Y97.549 E163.9483
G1 X115.302 Y97.879 E163.96442
G1 X134.86 Y117.437 E164.97636
G1 X134.86 Y118.059 E164.99912
G1 X114.932 Y98.131 E166.03021
G1 X114.56 Y98.382 E166.04663
G1 X134.86 Y118.682 E167.09696
G1 X134.86 Y119.304 E167.11972
G1 F1500 E157.11972
G1 F1800 Z0.3
G0 X130.94 Y115.026 Z0.3
G1 F1800 Z0.2
G1 F1500 E167.11972
G1 F900 X131.923 Y115.918 E167.16828
G1 X132.319 Y116.762 E167.20239
G1 F1500 E157.20239
G0 F1800 X130.345 Y114.788
G1 F1500 E167.20239
G1 F900 X114.163 Y98.607 E168.03963
G1 F1500 E158.03963
G1 F1800 Z0.3
G0 X134.86 Y119.304 Z0.3
G1 F1800 Z0.2
G1 F1500 E168.03963
G1 F900 X132.319 Y116.762 E168.17113
G1 X132.38 Y116.893 E168.17642
G1 X132.51 Y117.376 E168.19472
G1 X132.526 Y117.592 E168.20264
G1 F1500 E158.20264
G1 F1800 Z0.3
G0 X114.163 Y98.607 Z0.3
G1 F1800 Z0.2
G1 F1500 E168.20264
G1 F900 X113.724 Y98.79 E168.22004
G1 X129.523 Y114.589 E169.03749
G1 X128.922 Y114.551 E169.05952
G1 X128.872 Y114.56 E169.06138
G1 X113.26 Y98.948 E169.86916
G1 X112.747 Y99.057 E169.88835
G1 F1500 E159.88835
G1 F1800 Z0.3
G0 X132.526 Y117.592 Z0.3
G1 F1800 Z0.2
G1 F1500 E169.88835
G1 F900 X134.86 Y119.926 E170.00911
G1 X134.86 Y120.548 E170.03186
G1 X132.568 Y118.256 E170.15045
G1 X132.44 Y118.75 E170.16912
G1 X134.86 Y121.171 E170.29436
G1 X134.86 Y121.793 E170.31712
G1 X132.312 Y119.244 E170.44898
G1 X132.11 Y119.665 E170.46606
G1 X134.86 Y122.415 E170.60835
G1 X134.86 Y123.037 E170.63111
G1 X131.844 Y120.021 E170.78716
G1 X131.559 Y120.359 E170.80333
G1 X134.86 Y123.66 E170.97413
G1 X134.86 Y124.282 E170.99689
G1 X131.225 Y120.647 E171.18496
G1 X130.89 Y120.934 E171.2011
G1 X134.86 Y124.904 E171.40651
G1 X134.86 Y125.526 E171.42927
G1 X130.441 Y121.107 E171.65791
G1 X129.974 Y121.262 E171.67591
G1 X134.86 Y126.149 E171.92874
G1 X134.86 Y126.771 E171.9515
G1 X129.472 Y121.383 E172.23028
G1 X128.796 Y121.329 E172.25509
G1 F1500 E162.25509
G1 F1800 Z0.3
G0 X112.747 Y99.057 Z0.3
G1 F1800 Z0.2
G1 F1500 E172.25509
G1 F900 X128.346 Y114.656 E173.06219
G1 X127.888 Y114.821 E173.08
G1 F1500 E163.08
G0 F1800 X125.907 Y112.839
G1 F1500 E173.08
G1 F900 X112.204 Y99.137 E173.78898
G1 F1500 E163.78898
G1 F1800 Z0.3
G0 X127.888 Y114.821 Z0.3
G1 F1800 Z0.2
G1 F1500 E173.78898
G1 F900 X127.134 Y114.067 E173.82799
G1 F1500 E163.82799
G1 F1800 Z0.3
G0 X112.204 Y99.137 Z0.3
G1 F1800 Z0.2
G1 F1500 E173.82799
G1 F900 X111.521 Y99.076 E173.85308
G1 X125.126 Y112.681 E174.55701
G1 X124.504 Y112.681 E174.57977
G1 X110.76 Y98.938 E175.29086
G1 X110.097 Y98.749 E175.31609
G1 X109.767 Y98.566 E175.32989
G1 X123.882 Y112.681 E176.06021
G1 X123.259 Y112.681 E176.083
G1 F1500 E166.083
G0 F1800 X127.134 Y114.067
G1 F1500 E176.083
G1 F900 X127.317 Y114.524 E176.10101
G1 X127.317 Y114.872 E176.11375
G1 X127.47 Y115.025
G1 X127.317 Y115.101 E176.12
G1 F1500 E166.12
G1 F1800 Z0.3
G0 X89.292 Y78.091 Z0.3
G1 F1800 Z0.2
G1 F1500 E176.12
G1 F900 X107.598 Y96.398 E177.06719
G1 X107.729 Y96.724 E177.08004
G1 X108.472 Y97.636 E177.12308
G1 X109.22 Y98.263 E177.15879
G1 F1500 E167.15879
G1 F1800 Z0.3
G0 X123.259 Y112.681 Z0.3
G1 F1800 Z0.2
G1 F1500 E177.15879
G1 F900 X89.292 Y78.714 E178.91626
G1 X89.292 Y79.336 E178.93902
G1 X122.637 Y112.681 E180.66431
G1 X122.015 Y112.681 E180.68707
G1 X89.292 Y79.958 E182.38017
G1 X89.292 Y80.58 E182.40293
G1 X121.393 Y112.681 E184.06386
G1 X120.77 Y112.681 E184.08665
G1 X89.292 Y81.203 E185.71534
G1 X89.292 Y81.825 E185.7381
G1 X120.148 Y112.681 E187.33461
G1 F1500 E177.33461
G1 F1800 Z0.3
G0 X128.796 Y121.329 Z0.3
G1 F1800 Z0.2
G1 F1500 E187.33461
G1 F900 X134.86 Y127.393 E187.64836
G1 F1500 E177.64836
G1 F1800 Z0.3
G0 X120.148 Y112.681 Z0.3
G1 F1800 Z0.2
G1 F1500 E187.64836
G1 F900 X119.526 Y112.681 E187.67112
G1 F1500 E177.67112
G1 F1800 Z0.3
G0 X134.86 Y127.393 Z0.3
G1 F1800 Z0.2
G1 F1500 E187.67112
G1 F900 X134.86 Y128.015 E187.69388
G1 F1500 E177.69388
G1 F1800 Z0.3
G0 X130.937 Y123.925 Z0.3
G1 F1800 Z0.2
G1 F1500 E187.69388
G1 F900 X131.923 Y124.818 E187.74255
G1 X132.153 Y125.308 E187.76235
G1 F1500 E177.76235
G1 F1800 Z0.3
G0 X98.905 Y91.963 Z0.3
G1 F1800 Z0.2
G1 F1500 E187.76235
G1 F900 X99.741 Y92.486 E187.79843
G1 X100.455 Y93.137 E187.83378
G1 X101.141 Y94.08 E187.87644
G1 X101.254 Y94.409 E187.88917
G1 F1500 E177.88917
G0 F1800 X98.756 Y91.911
G1 F1500 E187.88917
G1 F900 X89.292 Y82.447 E188.37884
G1 F1500 E178.37884
G1 F1800 Z0.3
G0 X119.526 Y112.681 Z0.3
G1 F1800 Z0.2
G1 F1500 E188.37884
G1 F900 X101.254 Y94.409 E189.32425
G1 F1500 E179.32425
G1 F1800 Z0.3
G0 X134.86 Y128.015 Z0.3
G1 F1800 Z0.2
G1 F1500 E189.32425
G1 F900 X132.153 Y125.308 E189.46431
G1 F1500 E179.46431
G0 F1800 X130.659 Y123.814
G1 F1500 E189.46431
G1 F900 X128.051 Y121.206 E189.59925
G1 X127.318 Y120.866 E189.62881
G1 X127.317 Y121.095 E189.63719
G1 X129.731 Y123.509 E189.76209
G1 X129.052 Y123.452 E189.78702
G1 X127.317 Y121.717 E189.87679
G1 X127.317 Y122.339 E189.89955
G1 X128.5 Y123.522 E189.96076
G1 X128.015 Y123.659 E189.97919
G1 X127.317 Y122.962 E190.01528
G1 X127.317 Y123.584 E190.03804
G1 F1500 E180.03804
G1 F1800 Z0.3
G0 X89.292 Y82.447 Z0.3
G1 F1800 Z0.2
G1 F1500 E190.03804
G1 F900 X89.292 Y83.069 E190.0608
G1 X97.814 Y91.592 E190.50176
G1 X97.092 Y91.492 E190.52842
G1 X89.292 Y83.692 E190.932
G1 X89.292 Y84.314 E190.95476
G1 X96.456 Y91.478 E191.32543
G1 X95.921 Y91.565 E191.34526
G1 X89.292 Y84.936 E191.68825
G1 X89.292 Y85.559 E191.71104
G1 X95.387 Y91.653 E192.02637
G1 X94.938 Y91.827 E192.04399
G1 X89.292 Y86.181 E192.33612
G1 X89.292 Y86.803 E192.35887
G1 X94.522 Y92.033 E192.62948
G1 X94.118 Y92.251 E192.64627
G1 X89.292 Y87.425 E192.89597
G1 X89.292 Y88.048 E192.91877
G1 X93.762 Y92.518 E193.15005
G1 X93.407 Y92.785 E193.1663
G1 X89.292 Y88.67 E193.37921
G1 X89.292 Y89.292 E193.40197
G1 X93.115 Y93.115 E193.59977
G1 X92.823 Y93.446 E193.61592
G1 X89.292 Y89.914 E193.79864
G1 X89.292 Y90.537 E193.82144
G1 X92.552 Y93.796 E193.99009
G1 X92.359 Y94.226 E194.00733
G1 X89.292 Y91.159 E194.16602
G1 X89.292 Y91.781 E194.18877
G1 X92.165 Y94.654 E194.33743
G1 X92.018 Y95.129 E194.35562
G1 X89.292 Y92.403 E194.49666
G1 X89.292 Y93.026 E194.51945
G1 X91.903 Y95.636 E194.65452
G1 X91.831 Y96.187 E194.67485
G1 X89.292 Y93.648 E194.80622
G1 X89.292 Y94.27 E194.82898
G1 X91.879 Y96.857 E194.96283
G1 X91.927 Y97.527 E194.98741
G1 X89.292 Y94.892 E195.12375
G1 X89.292 Y95.515 E195.14654
G1 F1500 E185.14654
G1 F1800 Z0.3
G0 X101.254 Y94.409 Z0.3
G1 F1800 Z0.2
G1 F1500 E195.14654
G1 F900 X101.553 Y95.275 E195.18006
G1 X101.562 Y95.34 E195.18246
G1 F1500 E185.18246
G1 F1800 Z0.3
G0 X132.153 Y125.308 Z0.3
G1 F1800 Z0.2
G1 F1500 E195.18246
G1 F900 X132.38 Y125.793 E195.20205
G1 X132.51 Y126.288 E195.22077
G1 F1500 E185.22077
G1 F1800 Z0.3
G0 X101.562 Y95.34 Z0.3
G1 F1800 Z0.2
G1 F1500 E195.22077
G1 F900 X118.904 Y112.681 E196.11803
G1 X118.281 Y112.681 E196.14083
G1 X101.668 Y96.068 E197.00039
G1 X101.644 Y96.666 E197.02229
G1 X117.659 Y112.681 E197.85092
G1 X117.037 Y112.681 E197.87367
G1 X101.613 Y97.258 E198.67169
G1 X101.475 Y97.741 E198.69007
G1 X116.415 Y112.681 E199.46308
G1 X115.792 Y112.681 E199.48587
G1 X101.334 Y98.223 E200.23394
G1 X101.121 Y98.632 E200.25081
G1 X115.17 Y112.681 E200.97771
G1 X114.548 Y112.681 E201.00047
G1 X100.908 Y99.042 E201.70619
G1 X100.64 Y99.395 E201.7224
G1 X113.926 Y112.681 E202.40983
G1 X113.303 Y112.681 E202.43262
G1 X100.363 Y99.741 E203.10214
G1 X100.07 Y100.07 E203.11826
G1 X112.681 Y112.681 E203.77076
G1 X112.059 Y112.681 E203.79352
G1 X99.7 Y100.322 E204.43298
G1 X99.329 Y100.573 E204.44937
G1 X111.436 Y112.681 E205.07582
G1 X110.814 Y112.681 E205.09858
G1 X98.931 Y100.797 E205.71344
G1 X98.494 Y100.983 E205.73081
G1 X110.192 Y112.681 E206.33607
G1 X109.57 Y112.681 E206.35883
G1 X98.03 Y101.141 E206.95592
G1 X97.517 Y101.251 E206.97511
G1 X108.947 Y112.681 E207.56651
G1 X108.325 Y112.681 E207.58926
G1 X96.984 Y101.34 E208.17605
G1 X96.304 Y101.282 E208.20102
G1 X107.703 Y112.681 E208.79082
G1 X107.081 Y112.681 E208.81357
G1 X95.548 Y101.148 E209.4103
G1 X94.848 Y100.945 E209.43696
G1 X94.566 Y100.788 E209.44877
G1 X106.458 Y112.681 E210.0641
G1 X105.836 Y112.681 E210.08685
G1 F1500 E200.08685
G1 F1800 Z0.3
G0 X132.51 Y126.288 Z0.3
G1 F1800 Z0.2
G1 F1500 E210.08685
G1 F900 X134.86 Y128.638 E210.20844
G1 X134.86 Y129.26 E210.2312
G1 X132.562 Y126.962 E210.3501
G1 X132.478 Y127.5 E210.37002
G1 X134.86 Y129.882 E210.49327
G1 X134.86 Y130.504 E210.51602
G1 X132.351 Y127.995 E210.64584
G1 X132.191 Y128.458 E210.66376
G1 X134.86 Y131.127 E210.80186
G1 X134.86 Y131.749 E210.82462
G1 X131.925 Y128.814 E210.97647
G1 X131.659 Y129.17 E210.99273
G1 X134.86 Y132.371 E211.15836
G1 X134.86 Y132.993 E211.18111
G1 X131.326 Y129.459 E211.36396
G1 X130.992 Y129.747 E211.3801
G1 X134.86 Y133.616 E211.58026
G1 X134.86 Y134.238 E211.60301
G1 X130.584 Y129.962 E211.82426
G1 X130.119 Y130.119 E211.84221
G1 X134.86 Y134.86 E212.08752
G1 X134.86 Y135.482 E212.11027
G1 X129.654 Y130.277 E212.37961
G1 X129.6 Y130.294 E212.38168
G1 X129 Y130.244 E212.40371
G1 X134.86 Y136.105 E212.70693
G1 X134.86 Y136.727 E212.72969
G1 X128.319 Y130.186 E213.06812
G1 X128.203 Y130.176 E213.07238
G1 X127.245 Y129.734 E213.11098
G1 X134.86 Y137.349 E213.50499
G1 X134.86 Y137.971 E213.52775
G1 X127.033 Y130.144 E213.93272
G1 X126.721 Y130.454 E213.94881
G1 X134.86 Y138.594 E214.36995
G1 X134.86 Y139.216 E214.39271
G1 X126.409 Y130.765 E214.82997
G1 X126.071 Y131.049 E214.84612
G1 X134.86 Y139.838 E215.30087
G1 X134.86 Y140.46 E215.32363
G1 X125.642 Y131.242 E215.80057
G1 X125.094 Y131.316 E215.8208
G1 X134.86 Y141.083 E216.32613
G1 X134.86 Y141.705 E216.34889
G1 X124.471 Y131.316 E216.88642
G1 X123.849 Y131.316 E216.90918
G1 X134.86 Y142.327 E217.47889
G1 X134.86 Y142.949 E217.50165
G1 X123.227 Y131.316 E218.10355
G1 X122.605 Y131.316 E218.1263
G1 X134.86 Y143.572 E218.76041
G1 X134.86 Y144.194 E218.78317
G1 X121.982 Y131.316 E219.44948
G1 X121.36 Y131.316 E219.47224
G1 X134.86 Y144.816 E220.17074
G1 X134.86 Y145.438 E220.19349
G1 X120.738 Y131.316 E220.92418
G1 X120.116 Y131.316 E220.94693
G1 X134.86 Y146.061 E221.70982
G1 X134.86 Y146.683 E221.73258
G1 X119.493 Y131.316 E222.52768
G1 X118.871 Y131.316 E222.55043
G1 X134.86 Y147.305 E223.37771
G1 X134.86 Y147.36 E223.37973
G1 X134.292 Y147.36 E223.40051
G1 X118.249 Y131.316 E224.23061
G1 X117.627 Y131.316 E224.25336
G1 X133.67 Y147.36 E225.08347
G1 X133.048 Y147.36 E225.10622
G1 X117.004 Y131.316 E225.93635
G1 X116.382 Y131.316 E225.95911
G1 X132.426 Y147.36 E226.78923
G1 X131.803 Y147.36 E226.81202
G1 X115.76 Y131.316 E227.64213
G1 X115.137 Y131.316 E227.66492
G1 X131.181 Y147.36 E228.49505
G1 X130.559 Y147.36 E228.5178
G1 X114.515 Y131.316 E229.34793
G1 X113.893 Y131.316 E229.37069
G1 X129.937 Y147.36 E230.20081
G1 X129.314 Y147.36 E230.22361
G1 X113.271 Y131.316 E231.05371
G1 X112.648 Y131.316 E231.0765
G1 X128.692 Y147.36 E231.90663
G1 X128.07 Y147.36 E231.92938
G1 X112.026 Y131.316 E232.75951
G1 X111.403 Y131.315 E232.7823
G1 X127.448 Y147.36 E233.61248
G1 X126.825 Y147.36 E233.63527
G1 X110.781 Y131.315 E234.46543
G1 X110.159 Y131.315 E234.48818
G1 X126.203 Y147.36 E235.31834
G1 X125.581 Y147.36 E235.34109
G1 X109.536 Y131.315 E236.17127
G1 X108.914 Y131.315 E236.19403
G1 X124.958 Y147.36 E237.02418
G1 X124.336 Y147.36 E237.04694
G1 X108.292 Y131.315 E237.87709
G1 X107.67 Y131.315 E237.89984
G1 X123.714 Y147.36 E238.73
G1 X123.092 Y147.36 E238.75275
G1 X107.047 Y131.315 E239.58293
G1 X106.425 Y131.315 E239.60569
G1 X122.469 Y147.36 E240.43584
G1 X121.847 Y147.36 E240.4586
G1 X105.803 Y131.315 E241.28875
G1 X105.181 Y131.315 E241.31151
G1 X121.225 Y147.36 E242.14166
G1 X120.603 Y147.36 E242.16442
G1 X104.558 Y131.315 E242.99459
G1 X103.936 Y131.315 E243.01735
G1 X119.98 Y147.36 E243.8475
G1 X119.358 Y147.36 E243.87026
G1 X103.314 Y131.315 E244.70041
G1 X102.692 Y131.315 E244.72317
G1 X118.736 Y147.36 E245.55332
G1 X118.114 Y147.36 E245.57608
G1 X102.069 Y131.315 E246.40626
G1 X101.447 Y131.315 E246.42901
G1 X117.491 Y147.36 E247.25917
G1 X116.869 Y147.36 E247.28192
G1 X100.825 Y131.315 E248.11207
G1 X100.203 Y131.315 E248.13483
G1 X116.247 Y147.36 E248.96498
G1 X115.625 Y147.36 E248.98774
G1 X99.58 Y131.315 E249.81792
G1 X98.958 Y131.315 E249.84068
G1 X115.002 Y147.36 E250.67083
G1 X114.38 Y147.36 E250.69358
G1 X98.226 Y131.206 E251.5294
G1 X97.788 Y130.953 E251.54791
G1 X97.307 Y130.479 E251.57262
G1 X97.076 Y130.678 E251.58377
G1 X113.758 Y147.36 E252.44691
G1 X113.136 Y147.36 E252.46966
G1 X96.741 Y130.965 E253.31795
G1 X96.351 Y131.197 E253.33455
G1 X112.513 Y147.36 E254.17081
G1 X111.891 Y147.36 E254.19357
G1 X95.887 Y131.356 E255.02163
G1 X95.423 Y131.513 E255.03955
G1 X111.269 Y147.36 E255.85945
G1 X110.647 Y147.36 E255.88221
G1 X94.8 Y131.513 E256.70215
G1 X94.124 Y131.46 E256.72695
G1 X110.024 Y147.36 E257.54963
G1 X109.402 Y147.36 E257.57239
G1 F1500 E247.57239
G1 F1800 Z0.3
G0 X127.317 Y123.584 Z0.3
G1 F1800 Z0.2
G1 F1500 E257.57239
G1 F900 X127.597 Y123.863 E257.58685
G1 X127.317 Y124.001 E257.59827
G1 F1500 E247.59827
G1 F1800 Z0.3
G0 X89.292 Y95.515 Z0.3
G1 F1800 Z0.2
G1 F1500 E257.59827
G1 F900 X92.347 Y98.57 E257.75634
G1 X92.493 Y98.929 E257.77051
G1 X93.241 Y99.848 E257.81387
G1 X93.981 Y100.464 E257.84909
G1 F1500 E247.84909
G1 F1800 Z0.3
G0 X105.836 Y112.681 Z0.3
G1 F1800 Z0.2
G1 F1500 E257.84909
G1 F900 X89.292 Y96.137 E258.70509
G1 X89.292 Y96.759 E258.72785
G1 X105.214 Y112.681 E259.55166
G1 X104.592 Y112.681 E259.57442
G1 X89.292 Y97.381 E260.36605
G1 X89.292 Y98.004 E260.38884
G1 X103.969 Y112.681 E261.14824
G1 X103.347 Y112.681 E261.171
G1 X89.292 Y98.626 E261.89821
G1 X89.292 Y99.248 E261.92097
G1 X102.725 Y112.681 E262.616
G1 X102.103 Y112.681 E262.63876
G1 X89.292 Y99.87 E263.30161
G1 X89.292 Y100.493 E263.3244
G1 X101.48 Y112.681 E263.95501
G1 X100.858 Y112.681 E263.97777
G1 X89.292 Y101.115 E264.5762
G1 X89.292 Y101.737 E264.59896
G1 X100.236 Y112.681 E265.16521
G1 X99.614 Y112.681 E265.18796
G1 X89.292 Y102.359 E265.72203
G1 X89.292 Y102.982 E265.74482
G1 X98.991 Y112.681 E266.24666
G1 X98.426 Y112.738 E266.26743
G1 X89.292 Y103.604 E266.74003
G1 X89.292 Y104.226 E266.76279
G1 X97.979 Y112.913 E267.21226
G1 X97.632 Y113.189 E267.22848
G1 X89.292 Y104.848 E267.66002
G1 X89.292 Y105.471 E267.68282
G1 X97.321 Y113.5 E268.09824
G1 X97.01 Y113.811 E268.11433
G1 X89.292 Y106.093 E268.51367
G1 X89.292 Y106.715 E268.53642
G1 X96.818 Y114.242 E268.92585
G1 X96.68 Y114.725 E268.94423
G1 X89.292 Y107.337 E269.32649
G1 X89.292 Y107.96 E269.34928
G1 X96.68 Y115.348 E269.73154
G1 X96.68 Y115.97 E269.7543
G1 X89.292 Y108.582 E270.13656
G1 X89.292 Y109.204 E270.15931
G1 X96.68 Y116.592 E270.54157
G1 X96.68 Y117.214 E270.56433
G1 X89.292 Y109.826 E270.94659
G1 X89.292 Y110.449 E270.96938
G1 X96.68 Y117.837 E271.35164
G1 X96.68 Y118.459 E271.3744
G1 X89.292 Y111.071 E271.75666
G1 X89.292 Y111.693 E271.77942
G1 X96.68 Y119.081 E272.16168
G1 X96.68 Y119.703 E272.18443
G1 X89.292 Y112.315 E272.56669
G1 X89.292 Y112.938 E272.58948
G1 X96.68 Y120.326 E272.97174
G1 X96.68 Y120.948 E272.9945
G1 X89.292 Y113.56 E273.37676
G1 X89.292 Y114.182 E273.39952
G1 X96.68 Y121.57 E273.78178
G1 X96.68 Y122.192 E273.80453
G1 X89.292 Y114.804 E274.18679
G1 X89.292 Y115.427 E274.20959
G1 X96.68 Y122.815 E274.59185
G1 X96.68 Y123.437 E274.6146
G1 X89.292 Y116.049 E274.99686
G1 X89.292 Y116.671 E275.01962
G1 X96.68 Y124.059 E275.40188
G1 X96.68 Y124.681 E275.42464
G1 X89.292 Y117.293 E275.8069
G1 X89.292 Y117.916 E275.82969
G1 X96.621 Y125.245 E276.2089
G1 X96.406 Y125.092 E276.21855
G1 X95.614 Y124.777 E276.24973
G1 X95.524 Y124.77 E276.25304
G1 X89.292 Y118.538 E276.57548
G1 X89.292 Y119.16 E276.59824
G1 X94.852 Y124.72 E276.88592
G1 X94.281 Y124.772 E276.9069
G1 X89.292 Y119.782 E277.16506
G1 X89.292 Y120.405 E277.18785
G1 X93.776 Y124.888 E277.41983
G1 X93.359 Y125.094 E277.43684
G1 X89.292 Y121.027 E277.64727
G1 X89.292 Y121.649 E277.67003
G1 X92.941 Y125.299 E277.85886
G1 X92.591 Y125.571 E277.87508
G1 X89.292 Y122.271 E278.04579
G1 X89.292 Y122.894 E278.06859
G1 X92.288 Y125.89 E278.2236
G1 X92.024 Y126.248 E278.23988
G1 X89.292 Y123.516 E278.38123
G1 X89.292 Y124.138 E278.40399
G1 X91.78 Y126.627 E278.53274
G1 X91.615 Y127.083 E278.55049
G1 X89.292 Y124.761 E278.67065
G1 X89.292 Y125.383 E278.69341
G1 X91.504 Y127.595 E278.80786
G1 X91.396 Y128.085 E278.82622
G1 X91.403 Y128.116 E278.82738
G1 X89.292 Y126.005 E278.93661
G1 X89.292 Y126.627 E278.95936
G1 X91.549 Y128.884 E279.07614
G1 X91.598 Y129.142 E279.08575
G1 X91.808 Y129.661 E279.10623
G1 X92.009 Y129.967 E279.11963
G1 F1500 E269.11963
G0 F1800 X93.091 Y131.048
G1 F1500 E279.11963
G1 F900 X109.402 Y147.36 E279.96359
G1 F1500 E269.96359
G1 F1800 Z0.3
G0 X92.009 Y129.967 Z0.3
G1 F1800 Z0.2
G1 F1500 E279.96359
G1 F900 X89.292 Y127.25 E280.10417
G1 F1500 E270.10417
G0 F1800 X92.009 Y129.967
G1 F1500 E280.10417
G1 F900 X92.385 Y130.538 E280.12919
G1 F1500 E270.12919
G1 F1800 Z0.3
G0 X89.292 Y127.25 Z0.3
G1 F1800 Z0.2
G1 F1500 E280.12919
G1 F900 X89.292 Y127.872 E280.15194
G1 X108.78 Y147.36 E281.16026
G1 X108.158 Y147.36 E281.18302
G1 X89.292 Y128.494 E282.15916
G1 X89.292 Y129.116 E282.18192
G1 X107.535 Y147.36 E283.12585
G1 X106.913 Y147.36 E283.1486
G1 X89.292 Y129.739 E284.06032
G1 X89.292 Y130.361 E284.08308
G1 X106.291 Y147.36 E284.96262
G1 X105.669 Y147.36 E284.98538
G1 X89.292 Y130.983 E285.83273
G1 X89.292 Y131.605 E285.85549
G1 X105.046 Y147.36 E286.67064
G1 X104.424 Y147.36 E286.69339
G1 X89.292 Y132.228 E287.47633
G1 X89.292 Y132.85 E287.49909
G1 X103.802 Y147.36 E288.24985
G1 X103.18 Y147.36 E288.2726
G1 X89.292 Y133.472 E288.99118
G1 X89.292 Y134.094 E289.01393
G1 X102.557 Y147.36 E289.7003
G1 X101.935 Y147.36 E289.72305
G1 X89.292 Y134.717 E290.37721
G1 X89.292 Y135.339 E290.39997
G1 X101.313 Y147.36 E291.02194
G1 X100.691 Y147.36 E291.0447
G1 X89.292 Y135.961 E291.63449
G1 X89.292 Y136.583 E291.65725
G1 X100.068 Y147.36 E292.21483
G1 X99.446 Y147.36 E292.23759
G1 X89.292 Y137.206 E292.76296
G1 X89.292 Y137.828 E292.78572
G1 X98.824 Y147.36 E293.27891
G1 X98.202 Y147.36 E293.30167
G1 X89.292 Y138.45 E293.76267
G1 X89.292 Y139.072 E293.78543
G1 X97.579 Y147.36 E294.21423
G1 X96.957 Y147.36 E294.23699
G1 X89.292 Y139.695 E294.63358
G1 X89.292 Y140.317 E294.65634
G1 X96.335 Y147.36 E295.02075
G1 X95.713 Y147.36 E295.0435
G1 X89.292 Y140.939 E295.37573
G1 X89.292 Y141.561 E295.39849
G1 X95.09 Y147.36 E295.6985
G1 X94.468 Y147.36 E295.72126
G1 X89.292 Y142.184 E295.98907
G1 X89.292 Y142.806 E296.01183
G1 X93.846 Y147.36 E296.24745
G1 X93.224 Y147.36 E296.27021
G1 X89.292 Y143.428 E296.47365
G1 X89.292 Y144.05 E296.49641
G1 X92.601 Y147.36 E296.66765
G1 X91.979 Y147.36 E296.6904
G1 X89.292 Y144.673 E296.82943
G1 X89.292 Y145.295 E296.85219
G1 X91.357 Y147.36 E296.95903
G1 X90.735 Y147.36 E296.98179
G1 X89.292 Y145.917 E297.05645
G1 X89.292 Y146.539 E297.07921
G1 X90.112 Y147.36 E297.12166
G1 X89.49 Y147.36 E297.14442
G0 F1800 X89.292 Y147.162
G1 F900 X89.49 Y147.36 E297.15466
G1 X89.292 Y147.36 E297.1619
G1 F1500 E287.1619
G1 F1800 Z0.3
G0 X127.317 Y114.872 Z0.3
G1 F1800 Z0.2
G1 F1500 E297.1619
G1 F900 X127.47 Y115.025 E297.16982
G1 F1500 E287.16982
G1 F1800 Z0.3
G0 X134.86 Y76.99 Z0.3
G1 F1800 Z0.2
G1 F1500 E297.16982
G1 F900 X134.662 Y76.793 E297.18004
M104 S195
G1 F1500 E287.18004
G1 F1800 Z0.3
;MESH:NONMESH
G0 X98.015 Y100.864 Z0.3
;TIME_ELAPSED:639.522207
;LAYER:1
M106 S255
;MESH:I2C_LED_BTN-Body.stl
G0 F4800 X98.015 Y100.864 Z0.5
;TYPE:WALL-INNER
G1 F1800 Z0.4
G1 F1500 E297.18004
G1 F2400 X96.875 Y100.996 E297.21821
G1 X95.988 Y100.941 E297.24777
G1 X95.076 Y100.688 E297.27925
G1 X94.078 Y100.186 E297.3164
G1 X93.224 Y99.359 E297.35594
G1 X92.709 Y98.6 E297.38645
G1 X92.354 Y97.753 E297.41699
G1 X92.172 Y96.859 E297.44734
G1 X92.172 Y95.927 E297.47834
G1 X92.355 Y95.042 E297.5084
G1 X92.709 Y94.197 E297.53887
G1 X93.226 Y93.433 E297.56955
G1 X93.884 Y92.798 E297.59996
G1 X94.658 Y92.299 E297.63059
G1 X95.702 Y91.887 E297.66792
G1 X97.096 Y91.775 E297.71444
G1 X98.229 Y92.029 E297.75306
G1 X99.05 Y92.403 E297.78306
G1 X99.83 Y92.969 E297.81512
G1 X100.405 Y93.586 E297.84317
G1 X100.9 Y94.381 E297.87432
G1 X101.212 Y95.229 E297.90437
G1 X101.358 Y96.143 E297.93515
G1 X101.309 Y97.087 E297.96659
G1 X101.103 Y97.93 E297.99546
G1 X100.595 Y99.009 E298.03512
G1 X99.805 Y99.844 E298.07336
G1 X99.073 Y100.387 E298.10367
G1 X98.015 Y100.864 E298.14227
G0 F4800 X97.907 Y100.474
G1 F2400 X96.865 Y100.596 E298.17716
G1 X96.026 Y100.542 E298.20513
G1 X95.216 Y100.311 E298.23314
G1 X94.311 Y99.856 E298.26683
G1 X93.532 Y99.1 E298.30294
G1 X93.065 Y98.414 E298.33054
G1 X92.739 Y97.637 E298.35856
G1 X92.572 Y96.82 E298.3863
G1 X92.572 Y95.97 E298.41457
G1 X92.74 Y95.158 E298.44215
G1 X93.065 Y94.382 E298.47013
G1 X93.535 Y93.691 E298.49793
G1 X94.135 Y93.113 E298.52564
G1 X94.846 Y92.654 E298.55378
G1 X95.821 Y92.277 E298.58855
G1 X97.058 Y92.18 E298.62982
G1 X98.1 Y92.416 E298.66536
G1 X98.877 Y92.766 E298.6937
G1 X99.533 Y93.245 E298.72072
G1 X100.105 Y93.851 E298.74843
G1 X100.544 Y94.569 E298.77642
G1 X100.833 Y95.359 E298.8044
G1 X100.956 Y96.205 E298.83284
G1 X100.913 Y97.027 E298.86021
G1 X100.71 Y97.831 E298.88779
G1 X100.243 Y98.803 E298.92366
G1 X99.54 Y99.545 E298.95766
G1 X98.864 Y100.036 E298.98545
G1 X97.907 Y100.474 E299.02045
G0 F4800 X97.783 Y100.086
G1 F2400 X96.855 Y100.196 E299.05153
G1 X96.097 Y100.146 E299.0768
G1 X95.362 Y99.937 E299.10221
G1 X94.532 Y99.512 E299.13323
G1 X93.84 Y98.843 E299.16524
G1 X93.418 Y98.222 E299.19021
G1 X93.124 Y97.518 E299.21559
G1 X92.972 Y96.78 E299.24065
G1 X92.972 Y96.012 E299.26619
G1 X93.124 Y95.277 E299.29116
G1 X93.418 Y94.574 E299.3165
G1 X93.84 Y93.953 E299.34147
G1 X94.386 Y93.427 E299.36669
G1 X95.027 Y93.014 E299.39205
G1 X95.894 Y92.671 E299.42306
G1 X97.055 Y92.586 E299.46178
G1 X97.976 Y92.792 E299.49317
G1 X98.679 Y93.119 E299.51896
G1 X99.293 Y93.567 E299.54424
G1 X99.791 Y94.101 E299.56852
G1 X100.181 Y94.747 E299.59362
G1 X100.444 Y95.459 E299.61887
G1 X100.559 Y96.21 E299.64414
G1 X100.518 Y96.967 E299.66935
G1 X100.322 Y97.725 E299.69539
G1 X99.921 Y98.559 E299.72617
G1 X99.274 Y99.246 E299.75756
G1 X98.663 Y99.691 E299.7827
G1 X97.783 Y100.086 E299.81478
G0 F4800 X97.821 Y100.394
G0 X112.117 Y98.796
G1 F2400 X111.204 Y98.741 E299.8452
G1 X110.314 Y98.481 E299.87604
G1 X109.331 Y97.994 E299.91253
G1 X108.492 Y97.187 E299.95125
G1 X107.956 Y96.412 E299.98259
G1 X107.595 Y95.556 E300.01349
G1 X107.411 Y94.665 E300.04375
G1 X107.419 Y93.689 E300.07621
G1 X107.601 Y92.844 E300.10496
G1 X107.947 Y91.998 E300.13536
G1 X108.462 Y91.24 E300.16584
G1 X109.096 Y90.625 E300.19522
G1 X109.893 Y90.102 E300.22692
G1 X110.94 Y89.688 E300.26437
G1 X112.341 Y89.575 E300.31112
G1 X113.466 Y89.828 E300.34947
G1 X114.306 Y90.209 E300.38015
G1 X115.064 Y90.763 E300.41138
G1 X115.662 Y91.408 E300.44063
G1 X116.134 Y92.172 E300.4705
G1 X116.459 Y93.057 E300.50186
G1 X116.602 Y93.986 E300.53312
G1 X116.553 Y94.885 E300.56306
G1 X116.337 Y95.754 E300.59285
G1 X115.835 Y96.803 E300.63153
G1 X115.039 Y97.658 E300.67038
G1 X114.29 Y98.199 E300.70111
G1 X113.231 Y98.666 E300.73961
G1 X112.117 Y98.796 E300.77691
G0 F4800 X112.106 Y98.396
G1 F2400 X111.267 Y98.343 E300.80487
G1 X110.46 Y98.108 E300.83283
G1 X109.558 Y97.659 E300.86634
G1 X108.778 Y96.9 E300.90254
G1 X108.307 Y96.217 E300.93013
G1 X107.982 Y95.43 E300.95845
G1 X107.812 Y94.618 E300.98604
G1 X107.817 Y93.772 E301.01418
G1 X107.984 Y92.961 E301.04172
G1 X108.306 Y92.191 E301.06948
G1 X108.79 Y91.477 E301.09817
G1 X109.377 Y90.917 E301.12515
G1 X110.082 Y90.462 E301.15306
G1 X111.036 Y90.08 E301.18724
G1 X112.29 Y89.98 E301.22908
G1 X113.34 Y90.216 E301.26488
G1 X114.104 Y90.563 E301.29279
G1 X114.768 Y91.041 E301.32
G1 X115.359 Y91.677 E301.34887
G1 X115.787 Y92.376 E301.37613
G1 X116.07 Y93.15 E301.40354
G1 X116.2 Y94.004 E301.43228
G1 X116.149 Y94.854 E301.4606
G1 X115.951 Y95.635 E301.4874
G1 X115.496 Y96.588 E301.52252
G1 X114.773 Y97.356 E301.5576
G1 X114.095 Y97.847 E301.58544
G1 X113.13 Y98.276 E301.62057
G1 X112.106 Y98.396 E301.65486
G0 F4800 X112.08 Y97.996
G1 F2400 X111.338 Y97.947 E301.67959
G1 X110.605 Y97.735 E301.70497
G1 X109.786 Y97.324 E301.73545
G1 X109.084 Y96.643 E301.76798
G1 X108.659 Y96.017 E301.79315
G1 X108.364 Y95.32 E301.81832
G1 X108.218 Y94.611 E301.8424
G1 X108.215 Y93.813 E301.86894
G1 X108.366 Y93.079 E301.89386
G1 X108.659 Y92.38 E301.91907
G1 X109.08 Y91.754 E301.94416
G1 X109.626 Y91.23 E301.96933
G1 X110.265 Y90.818 E301.99462
G1 X111.145 Y90.47 E302.02609
G1 X112.269 Y90.383 E302.06359
G1 X113.213 Y90.591 E302.09574
G1 X113.901 Y90.905 E302.12089
G1 X114.507 Y91.344 E302.14578
G1 X115.033 Y91.905 E302.17136
G1 X115.427 Y92.559 E302.19676
G1 X115.686 Y93.28 E302.22224
G1 X115.796 Y94.029 E302.24742
G1 X115.761 Y94.742 E302.27116
G1 X115.579 Y95.477 E302.29634
G1 X115.165 Y96.354 E302.3286
G1 X114.532 Y97.029 E302.35938
G1 X113.898 Y97.497 E302.38559
G1 X113.024 Y97.886 E302.41741
G1 X112.08 Y97.996 E302.44902
G0 F4800 X112.057 Y98.309
G0 X126.423 Y100.935
G1 F2400 X125.554 Y100.681 E302.47913
G1 X124.584 Y100.2 E302.51514
G1 X123.724 Y99.38 E302.55466
G1 X123.213 Y98.638 E302.58463
G1 X122.835 Y97.757 E302.61651
G1 X122.655 Y96.864 E302.64681
G1 X122.655 Y95.911 E302.67851
G1 X122.837 Y95.044 E302.70797
G1 X123.191 Y94.197 E302.7385
G1 X123.715 Y93.424 E302.76957
G1 X124.36 Y92.804 E302.79932
G1 X125.158 Y92.292 E302.83086
G1 X126.205 Y91.878 E302.8683
G1 X127.602 Y91.779 E302.91488
G1 X128.742 Y92.045 E302.95382
G1 X129.543 Y92.408 E302.98307
G1 X130.289 Y92.946 E303.01366
G1 X130.908 Y93.611 E303.04388
G1 X131.389 Y94.4 E303.07461
G1 X131.702 Y95.259 E303.10502
G1 X131.84 Y96.158 E303.13527
G1 X131.798 Y97.063 E303.1654
G1 X131.572 Y97.971 E303.19653
G1 X131.072 Y99.013 E303.23497
G1 X130.288 Y99.85 E303.27311
G1 X129.547 Y100.39 E303.30361
G1 X128.509 Y100.857 E303.34146
G1 X127.359 Y100.996 E303.37999
G1 X126.423 Y100.935 E303.41119
G0 F4800 X126.512 Y100.541
G1 F2400 X125.7 Y100.308 E303.43928
G1 X124.811 Y99.867 E303.47229
G1 X124.01 Y99.098 E303.50922
G1 X123.54 Y98.404 E303.5371
G1 X123.225 Y97.64 E303.56459
G1 X123.051 Y96.812 E303.59273
G1 X123.06 Y95.942 E303.62167
G1 X123.216 Y95.175 E303.6477
G1 X123.539 Y94.396 E303.67575
G1 X124.02 Y93.686 E303.70427
G1 X124.612 Y93.118 E303.73156
G1 X125.306 Y92.67 E303.75903
G1 X126.272 Y92.281 E303.79367
G1 X127.562 Y92.181 E303.8367
G1 X128.575 Y92.414 E303.87127
G1 X129.341 Y92.755 E303.89916
G1 X130.02 Y93.245 E303.92701
G1 X130.589 Y93.856 E303.95478
G1 X131.026 Y94.573 E303.98271
G1 X131.314 Y95.362 E304.01065
G1 X131.439 Y96.179 E304.03814
G1 X131.399 Y97.014 E304.06594
G1 X131.194 Y97.835 E304.09408
G1 X130.735 Y98.789 E304.1293
G1 X130.021 Y99.551 E304.16403
G1 X129.344 Y100.043 E304.19186
G1 X128.375 Y100.472 E304.22711
G1 X127.348 Y100.596 E304.26152
G1 X126.512 Y100.541 E304.28938
G0 F4800 X126.601 Y100.147
G1 F2400 X125.845 Y99.935 E304.3155
G1 X125.022 Y99.521 E304.34614
G1 X124.339 Y98.86 E304.37775
G1 X123.896 Y98.218 E304.40369
G1 X123.607 Y97.52 E304.42882
G1 X123.453 Y96.762 E304.45455
G1 X123.453 Y96.034 E304.47876
G1 X123.6 Y95.3 E304.50366
G1 X123.89 Y94.597 E304.52895
G1 X124.308 Y93.973 E304.55393
G1 X124.881 Y93.418 E304.58046
G1 X125.496 Y93.023 E304.60477
G1 X126.394 Y92.667 E304.6369
G1 X127.505 Y92.583 E304.67396
G1 X128.449 Y92.794 E304.70613
G1 X129.139 Y93.103 E304.73128
G1 X129.757 Y93.549 E304.75663
G1 X130.27 Y94.1 E304.78167
G1 X130.663 Y94.744 E304.80676
G1 X130.926 Y95.465 E304.83229
G1 X131.039 Y96.216 E304.85755
G1 X130.996 Y96.98 E304.883
G1 X130.815 Y97.698 E304.90762
G1 X130.4 Y98.561 E304.93947
G1 X129.756 Y99.247 E304.97077
G1 X129.141 Y99.696 E304.9961
G1 X128.284 Y100.082 E305.02736
G1 X127.337 Y100.196 E305.05908
G1 X126.601 Y100.147 E305.08362
G0 F4800 X126.578 Y100.456
G0 X126.594 Y126.639
G0 X126.698 Y127.629
G0 X127.135 Y128.43
G0 X127.87 Y129.145
G0 X128.064 Y128.903
G1 F2400 X127.381 Y128.361 E305.11262
G1 X126.997 Y127.66 E305.1392
G1 X126.849 Y127.49 E305.14827
G1 X126.779 Y126.591 E305.19056
G1 X127.145 Y125.73 E305.2307
G1 X127.676 Y125.089 E305.26212
G1 X128.181 Y124.787 E305.28257
G1 X128.971 Y124.525 E305.31026
G1 X130.118 Y124.722 E305.34896
G1 X131.027 Y125.447 E305.38764
G1 X131.391 Y126.312 E305.41885
G1 X131.435 Y127.162 E305.44716
G1 X131.26 Y127.762 E305.46795
G1 X130.849 Y128.431 E305.49406
G1 X130.118 Y129.013 E305.52514
G1 X128.963 Y129.217 E305.56415
G1 X128.064 Y128.903 E305.59582
G0 F4800 X127.87 Y129.145
G0 X125.493 Y130.446
G0 X111.999 Y130.509
G0 X112 Y130.197
G1 F2400 X98.855 Y130.197 E306.03303
G1 X98.481 Y130.071 E306.04615
G1 X97.932 Y129.517 E306.07209
G1 X97.803 Y129.209 E306.0832
G1 X97.73 Y128.526 E306.11004
G1 X97.724 Y127.656 E306.14962
G1 X97.788 Y127.324 E306.16336
G1 X97.8 Y126.643 E306.1867
G1 X97.8 Y114.778 E306.58133
G1 X97.927 Y114.485 E306.59195
G1 X98.535 Y113.869 E306.62074
G1 X98.83 Y113.8 E306.63081
G1 X125.182 Y113.801 E307.50728
G1 X125.459 Y113.877 E307.51684
G1 X126.112 Y114.522 E307.54737
G1 X126.193 Y114.791 E307.55671
G1 X126.196 Y116.847 E307.62509
G1 X126.27 Y117.541 E307.6526
G1 X126.26 Y117.821 E307.66513
G1 X126.283 Y118.639 E307.70249
G1 X126.197 Y118.965 E307.71609
G1 X126.2 Y125.747 E307.94166
G1 X126.273 Y126.442 E307.9692
G1 X126.263 Y126.721 E307.98164
G1 X126.284 Y127.539 E308.01893
G1 X126.2 Y127.864 E308.03244
G1 X126.2 Y129.288 E308.0798
G1 X126.057 Y129.53 E308.08915
G1 X125.506 Y130.077 E308.11497
G1 X125.255 Y130.198 E308.12424
G1 X112 Y130.197 E308.5651
G0 F4800 X112 Y130.994
G1 F2400 X98.761 Y130.993 E309.00543
G1 X98.414 Y130.925 E309.01719
G1 X97.993 Y130.715 E309.03284
G1 X97.294 Y130.004 E309.066
G1 X96.964 Y130.384 E309.08274
G1 X96.167 Y131.018 E309.11662
G1 X94.863 Y131.256 E309.1607
G1 X94.395 Y131.23 E309.17629
G1 X93.392 Y130.889 E309.21153
G1 X92.454 Y130.144 E309.25137
G1 X91.866 Y129.069 E309.29212
G1 X91.728 Y127.846 E309.33306
G1 X92.098 Y126.64 E309.37502
G1 X92.85 Y125.729 E309.41431
G1 X93.626 Y125.288 E309.44399
G1 X94.394 Y125.03 E309.47094
G1 X94.782 Y124.99 E309.48391
G1 X95.805 Y125.168 E309.51845
G1 X96.437 Y125.452 E309.54149
G1 X97 Y125.902 E309.56547
G1 X97 Y114.68 E309.93871
G1 X97.115 Y114.299 E309.95195
G1 X97.329 Y113.947 E309.96565
G1 X97.941 Y113.335 E309.99444
G1 X98.235 Y113.144 E310.0061
G1 X98.701 Y113.001 E310.02231
G1 X125.237 Y113.003 E310.9049
G1 X125.768 Y113.148 E310.92321
G1 X126.045 Y113.323 E310.93411
G1 X126.805 Y114.088 E310.96997
G1 X126.996 Y114.755 E310.99305
G1 X126.997 Y115.757 E311.02637
G1 X127.306 Y115.479 E311.0402
G1 X127.805 Y115.175 E311.05963
G1 X128.746 Y114.851 E311.09273
G1 X129.182 Y114.849 E311.10724
G1 X130.243 Y115.032 E311.14305
G1 X130.602 Y115.184 E311.15601
G1 X131.684 Y116.047 E311.20204
G1 X132.087 Y117.005 E311.23661
G1 X132.195 Y117.471 E311.25252
G1 X132.232 Y118.204 E311.27693
G1 X132.074 Y119.066 E311.30608
G1 X131.459 Y120.068 E311.34518
G1 X130.57 Y120.777 E311.383
G1 X130.099 Y120.929 E311.39947
G1 X129.138 Y121.095 E311.4319
G1 X128.701 Y121.065 E311.44647
G1 X127.696 Y120.732 E311.48168
G1 X126.997 Y120.176 E311.51139
G1 X126.998 Y124.656 E311.6604
G1 X127.306 Y124.38 E311.67415
G1 X127.926 Y124.028 E311.69786
G1 X128.701 Y123.775 E311.72498
G1 X129.138 Y123.745 E311.73955
G1 X130.456 Y123.969 E311.78401
G1 X131.684 Y124.946 E311.83621
G1 X132.087 Y125.905 E311.87081
G1 X132.195 Y126.371 E311.88672
G1 X132.232 Y127.104 E311.91113
G1 X132.074 Y127.965 E311.94024
G1 X131.458 Y128.97 E311.97945
G1 X130.603 Y129.65 E312.01578
G1 X130.242 Y129.804 E312.02884
G1 X129.126 Y129.996 E312.0665
G1 X128.628 Y129.946 E312.08315
G1 X127.691 Y129.628 E312.11606
G1 X127.01 Y129.087 E312.14498
G1 X126.909 Y129.64 E312.16368
G1 X126.665 Y130.049 E312.17952
G1 X126.043 Y130.678 E312.20894
G1 X125.714 Y130.878 E312.22175
G1 X125.256 Y130.996 E312.23748
G1 X112 Y130.994 E312.67838
G0 F4800 X112 Y130.595
G1 F2400 X98.788 Y130.594 E313.11781
G1 X98.233 Y130.391 E313.13747
G1 X97.621 Y129.768 E313.16651
G1 X97.406 Y129.255 E313.18501
G1 X97.401 Y129.054 E313.1917
G1 X96.841 Y129.971 E313.22744
G1 X95.993 Y130.646 E313.26349
G1 X94.789 Y130.858 E313.30415
G1 X94.493 Y130.842 E313.31401
G1 X93.585 Y130.531 E313.34593
G1 X92.767 Y129.882 E313.38066
G1 X92.252 Y128.942 E313.41631
G1 X92.14 Y127.867 E313.45226
G1 X92.459 Y126.83 E313.48834
G1 X93.112 Y126.04 E313.52243
G1 X93.753 Y125.667 E313.5471
G1 X94.641 Y125.37 E313.57824
G1 X95.736 Y125.562 E313.61522
G1 X96.188 Y125.765 E313.6317
G1 X96.855 Y126.297 E313.66007
G1 X97.154 Y126.692 E313.67655
G1 X97.4 Y127.279 E313.69772
G1 X97.4 Y114.729 E314.11513
G1 X97.636 Y114.204 E314.13428
G1 X98.324 Y113.516 E314.16664
G1 X98.812 Y113.4 E314.18332
G1 X125.209 Y113.402 E315.06129
G1 X125.69 Y113.532 E315.07786
G1 X126.449 Y114.295 E315.11366
G1 X126.596 Y114.712 E315.12837
G1 X126.596 Y117.2 E315.21112
G1 X126.884 Y116.519 E315.23571
G1 X127.404 Y115.888 E315.2629
G1 X127.967 Y115.541 E315.2849
G1 X128.935 Y115.21 E315.31893
G1 X130.133 Y115.419 E315.35937
G1 X130.394 Y115.53 E315.36881
G1 X131.355 Y116.297 E315.4097
G1 X131.786 Y117.322 E315.44669
G1 X131.837 Y118.298 E315.47919
G1 X131.684 Y118.937 E315.50105
G1 X131.154 Y119.801 E315.53476
G1 X130.289 Y120.49 E315.57154
G1 X129.103 Y120.697 E315.61158
G1 X128.791 Y120.675 E315.62199
G1 X127.888 Y120.374 E315.65364
G1 X127.226 Y119.848 E315.68177
G1 X126.97 Y119.545 E315.69496
G1 X126.599 Y118.867 E315.72067
G1 X126.6 Y126.087 E315.9608
G1 X126.884 Y125.419 E315.98495
G1 X127.412 Y124.781 E316.01249
G1 X128.054 Y124.407 E316.0372
G1 X128.791 Y124.165 E316.063
G1 X129.103 Y124.143 E316.07341
G1 X130.287 Y124.345 E316.11335
G1 X131.355 Y125.197 E316.15879
G1 X131.786 Y126.222 E316.19578
G1 X131.837 Y127.198 E316.22828
G1 X131.684 Y127.837 E316.25014
G1 X131.154 Y128.701 E316.28385
G1 X130.288 Y129.39 E316.32066
G1 X129.094 Y129.597 E316.36096
G1 X128.771 Y129.574 E316.37173
G1 X127.884 Y129.271 E316.40291
G1 X127.226 Y128.748 E316.43086
G1 X126.97 Y128.444 E316.44408
G1 X126.6 Y127.768 E316.46971
G1 X126.6 Y129.14 E316.51535
G1 X126.535 Y129.497 E316.52742
G1 X126.361 Y129.79 E316.53875
G1 X125.765 Y130.391 E316.5669
G1 X125.223 Y130.597 E316.58619
G1 X112 Y130.595 E317.02599
G0 F4800 X125.493 Y130.446
G0 X126.446 Y129.492
G0 X126.444 Y127.14
G0 X127.887 Y120.258
G0 X128.081 Y120.016
G1 F2400 X127.378 Y119.458 E317.05584
G1 X126.998 Y118.761 E317.08224
G1 X126.848 Y118.59 E317.09142
G1 X126.778 Y117.689 E317.1338
G1 X127.145 Y116.832 E317.1738
G1 X127.609 Y116.27 E317.20028
G1 X128.111 Y115.91 E317.22083
G1 X128.974 Y115.625 E317.25105
G1 X130.117 Y115.822 E317.28963
G1 X131.027 Y116.547 E317.32833
G1 X131.391 Y117.412 E317.35954
G1 X131.435 Y118.262 E317.38785
G1 X131.26 Y118.862 E317.40864
G1 X130.849 Y119.531 E317.43475
G1 X130.119 Y120.113 E317.4658
G1 X128.971 Y120.315 E317.50457
G1 X128.081 Y120.016 E317.5358
G0 F4800 X127.887 Y120.258
G0 X126.441 Y127.586
G0 X126.446 Y129.492
G0 X112 Y147.64
G1 F2400 X135.14 Y147.64 E318.30544
G1 X135.14 Y76.424 E320.67409
G1 X88.924 Y76.424 E322.21125
G1 X88.924 Y147.64 E324.5799
G1 X112 Y147.64 E325.34741
G0 F4800 X112 Y148.04
G1 F2400 X135.54 Y148.04 E326.13035
G1 X135.54 Y76.024 E328.52562
G1 X88.524 Y76.024 E330.08937
G1 X88.524 Y148.04 E332.48464
G1 X112 Y148.04 E333.26545
G0 F4800 X112 Y148.44
G1 F2400 X135.94 Y148.44 E334.0617
G1 X135.94 Y75.624 E336.48357
G1 X88.124 Y75.624 E338.07393
G1 X88.124 Y148.44 E340.4958
G1 X112 Y148.44 E341.28992
G0 F4800 X112 Y148.13
G0 X95.867 Y130.582
G0 X95.813 Y130.271
G1 F2400 X94.677 Y130.474 E341.32831
G1 X93.781 Y130.176 E341.35971
G1 X93.079 Y129.618 E341.38954
G1 X92.641 Y128.818 E341.41987
G1 X92.545 Y127.911 E341.45021
G1 X92.817 Y127.024 E341.48107
G1 X93.376 Y126.349 E341.51022
G1 X93.881 Y126.047 E341.52979
G1 X94.683 Y125.784 E341.55786
G1 X95.668 Y125.956 E341.59112
G1 X95.939 Y126.078 E341.601
G1 X96.723 Y126.703 E341.63485
G1 X97.06 Y127.47 E341.66397
G1 X97.171 Y127.671 E341.6733
G1 X97.203 Y128.457 E341.70928
G1 X96.992 Y128.962 E341.73085
G1 X96.539 Y129.701 E341.75968
G1 X95.813 Y130.271 E341.79038
G0 F4800 X95.648 Y129.896
;TYPE:WALL-OUTER
G1 F2400 X94.703 Y130.065 E341.82231
G1 X93.977 Y129.817 E341.84783
G1 X93.391 Y129.356 E341.87262
G1 X93.029 Y128.694 E341.89772
G1 X92.949 Y127.956 E341.92241
G1 X93.176 Y127.218 E341.94809
G1 X93.637 Y126.66 E341.97216
G1 X94.008 Y126.426 E341.98675
G1 X94.705 Y126.194 E342.01119
G1 X95.648 Y126.359 E342.04303
G1 X96.397 Y126.955 E342.07486
G1 X96.694 Y127.662 E342.10037
G1 X96.73 Y128.399 E342.12491
G1 X96.63 Y128.793 E342.13843
G1 X96.251 Y129.411 E342.16254
G1 X95.648 Y129.896 E342.18828
G0 F4800 X95.452 Y129.931
G0 X95.576 Y130.634
G0 X111.999 Y130.509
G0 X112 Y129.796
G1 F2400 X98.772 Y129.791 E342.62825
G1 X98.201 Y129.223 E342.65503
G1 X98.202 Y114.772 E343.13568
G1 X98.77 Y114.204 E343.16239
G1 X125.225 Y114.201 E344.04229
G1 X125.795 Y114.771 E344.0691
G1 X125.8 Y129.223 E344.54978
G1 X125.223 Y129.8 E344.57692
G1 X112 Y129.796 E345.01672
G0 F4800 X111.8 Y129.796
G0 X111.799 Y130.509
G0 X125.493 Y130.446
G0 X128.052 Y129.234
G0 X128.281 Y128.559
G1 F2400 X127.692 Y128.097 E345.04161
G1 X127.329 Y127.433 E345.06678
G1 X127.249 Y126.696 E345.09144
G1 X127.476 Y125.958 E345.11712
G1 X127.937 Y125.4 E345.14119
G1 X128.308 Y125.166 E345.15578
G1 X128.998 Y124.94 E345.17993
G1 X129.939 Y125.097 E345.21166
G1 X130.702 Y125.705 E345.24411
G1 X130.994 Y126.402 E345.26925
G1 X131.03 Y127.139 E345.29379
G1 X130.919 Y127.553 E345.30804
G1 X130.542 Y128.162 E345.33187
G1 X129.947 Y128.635 E345.35715
G1 X128.998 Y128.806 E345.38922
G1 X128.281 Y128.559 E345.41444
G0 F4800 X128.124 Y128.436
G0 X127.679 Y128.993
G0 X127.184 Y128.519
G0 X126.698 Y127.629
G0 X126.604 Y126.738
G0 X127.832 Y120.214
G0 X128.275 Y119.659
G1 F2400 X127.691 Y119.196 E345.43923
G1 X127.329 Y118.534 E345.46433
G1 X127.249 Y117.796 E345.48902
G1 X127.476 Y117.058 E345.5147
G1 X127.917 Y116.524 E345.53773
G1 X128.271 Y116.282 E345.55199
G1 X129.004 Y116.034 E345.57773
G1 X129.954 Y116.203 E345.60982
G1 X130.702 Y116.806 E345.64178
G1 X130.994 Y117.502 E345.66688
G1 X131.03 Y118.239 E345.69143
G1 X130.919 Y118.653 E345.70568
G1 X130.542 Y119.262 E345.7295
G1 X129.939 Y119.738 E345.75506
G1 X128.999 Y119.906 E345.78682
G1 X128.275 Y119.659 E345.81226
G0 F4800 X128.119 Y119.535
G0 X127.676 Y120.09
G0 X127.184 Y119.619
G0 X126.698 Y118.729
G0 X126.613 Y117.927
G0 X126.604 Y100.458
G0 X126.656 Y99.751
G1 F2400 X125.991 Y99.563 E345.83524
G1 X125.255 Y99.189 E345.8627
G1 X124.635 Y98.591 E345.89135
G1 X124.252 Y98.028 E345.914
G1 X123.984 Y97.381 E345.93729
G1 X123.853 Y96.747 E345.95882
G1 X123.852 Y96.062 E345.98161
G1 X123.986 Y95.404 E346.00394
G1 X124.248 Y94.775 E346.02661
G1 X124.625 Y94.217 E346.049
G1 X125.12 Y93.739 E346.07189
G1 X125.685 Y93.375 E346.09424
G1 X126.473 Y93.062 E346.12245
G1 X127.492 Y92.986 E346.15643
G1 X128.343 Y93.181 E346.18547
G1 X128.957 Y93.465 E346.20797
G1 X129.503 Y93.863 E346.23044
G1 X129.959 Y94.359 E346.25285
G1 X130.308 Y94.939 E346.27537
G1 X130.538 Y95.581 E346.29805
G1 X130.634 Y96.209 E346.31918
G1 X130.602 Y96.911 E346.34255
G1 X130.429 Y97.579 E346.3655
G1 X130.068 Y98.329 E346.39319
G1 X129.474 Y98.958 E346.42196
G1 X128.923 Y99.355 E346.44455
G1 X128.174 Y99.691 E346.47185
G1 X127.306 Y99.796 E346.50093
G1 X126.656 Y99.751 E346.5226
G0 F4800 X126.464 Y99.697
G0 X126.271 Y100.381
G0 X112.013 Y98.306
G0 X112.066 Y97.596
G1 F2400 X111.389 Y97.545 E346.54518
G1 X110.751 Y97.363 E346.56725
G1 X110.033 Y97.002 E346.59398
G1 X109.378 Y96.369 E346.62428
G1 X109.011 Y95.827 E346.64605
G1 X108.744 Y95.181 E346.6693
G1 X108.612 Y94.539 E346.6911
G1 X108.614 Y93.845 E346.71418
G1 X108.748 Y93.197 E346.73619
G1 X109.011 Y92.569 E346.75883
G1 X109.388 Y92.014 E346.78115
G1 X109.875 Y91.543 E346.80368
G1 X110.466 Y91.165 E346.82701
G1 X111.245 Y90.862 E346.85481
G1 X112.252 Y90.786 E346.8884
G1 X113.103 Y90.981 E346.91744
G1 X113.717 Y91.265 E346.93994
G1 X114.247 Y91.648 E346.96169
G1 X114.711 Y92.146 E346.98433
G1 X115.063 Y92.725 E347.00687
G1 X115.296 Y93.368 E347.02961
G1 X115.396 Y94.023 E347.05165
G1 X115.363 Y94.698 E347.07413
G1 X115.199 Y95.354 E347.09662
G1 X114.817 Y96.141 E347.12572
G1 X114.248 Y96.747 E347.15336
G1 X113.708 Y97.141 E347.1756
G1 X112.917 Y97.496 E347.20443
G1 X112.066 Y97.596 E347.23293
G0 F4800 X111.867 Y97.581
G0 X111.814 Y98.291
G0 X97.983 Y100.341
G0 X97.691 Y99.692
G1 F2400 X96.845 Y99.796 E347.26128
G1 X96.166 Y99.749 E347.28392
G1 X95.494 Y99.555 E347.30718
G1 X94.785 Y99.196 E347.33362
G1 X94.138 Y98.569 E347.36358
G1 X93.763 Y98.01 E347.38597
G1 X93.504 Y97.381 E347.40859
G1 X93.375 Y96.755 E347.42985
G1 X93.376 Y96.035 E347.4538
G1 X93.515 Y95.378 E347.47614
G1 X93.782 Y94.751 E347.4988
G1 X94.138 Y94.227 E347.51987
G1 X94.651 Y93.731 E347.54361
G1 X95.226 Y93.365 E347.56628
G1 X96.006 Y93.062 E347.59411
G1 X97.023 Y92.989 E347.62802
G1 X97.863 Y93.181 E347.65668
G1 X98.457 Y93.452 E347.67839
G1 X99.015 Y93.855 E347.70129
G1 X99.455 Y94.327 E347.72275
G1 X99.821 Y94.921 E347.74596
G1 X100.055 Y95.563 E347.76868
G1 X100.154 Y96.209 E347.79042
G1 X100.122 Y96.907 E347.81366
G1 X99.957 Y97.56 E347.83606
G1 X99.585 Y98.33 E347.8645
G1 X99.009 Y98.946 E347.89255
G1 X98.443 Y99.355 E347.91578
G1 X97.691 Y99.692 E347.94319
G0 F4800 X97.493 Y99.716
G0 X97.58 Y100.424
G0 X97.554 Y129.494
G0 X112 Y148.13
G0 X112 Y148.84
G1 F2400 X136.169 Y148.84 E348.74705
G1 X136.34 Y148.703 E348.75434
G1 X136.34 Y75.46 E351.19041
G1 X136.187 Y75.224 E351.19977
G1 X87.921 Y75.224 E352.8051
G1 X87.724 Y75.471 E352.81561
G1 X87.724 Y148.687 E355.25078
G1 X87.96 Y148.84 E355.26014
G1 X112 Y148.84 E356.05971
G0 F4800 X112.2 Y148.84
G0 X112.2 Y148.13
G0 X97.554 Y129.494
G0 X93.654 Y99.005
G0 X93.2 Y98.339
G0 X92.886 Y97.596
G0 X89.304 Y76.804
;TYPE:SKIN
G1 F1800 X89.304 Y77.007 E356.06646
G1 X89.508 Y76.804 E356.07603
G1 X90.073 Y76.804 E356.09483
G1 X89.304 Y77.573 E356.131
G1 X89.304 Y78.139 E356.14982
G1 X90.639 Y76.804 E356.21262
G1 X91.205 Y76.804 E356.23144
G1 X89.304 Y78.705 E356.32086
G1 X89.304 Y79.27 E356.33965
G1 X91.77 Y76.804 E356.45564
G1 X92.336 Y76.804 E356.47447
G1 X89.304 Y79.836 E356.61709
G1 X89.304 Y80.402 E356.63591
G1 X92.902 Y76.804 E356.80515
G1 X93.467 Y76.804 E356.82394
G1 X89.304 Y80.967 E357.01976
G1 X89.304 Y81.533 E357.03858
G1 X94.033 Y76.804 E357.26102
G1 X94.599 Y76.804 E357.27984
G1 X89.304 Y82.099 E357.52891
G1 X89.304 Y82.664 E357.5477
G1 X95.165 Y76.804 E357.82336
G1 X95.73 Y76.804 E357.84215
G1 X89.304 Y83.23 E358.14441
G1 X89.304 Y83.796 E358.16323
G1 X96.296 Y76.804 E358.49212
G1 X96.862 Y76.804 E358.51094
G1 X89.304 Y84.361 E358.86642
G1 X89.304 Y84.927 E358.88525
G1 X97.427 Y76.804 E359.26733
G1 X97.993 Y76.804 E359.28615
G1 X89.304 Y85.493 E359.69486
G1 X89.304 Y86.058 E359.71365
G1 X98.559 Y76.804 E360.14895
G1 X99.124 Y76.804 E360.16775
G1 X89.304 Y86.624 E360.62965
G1 X89.304 Y87.19 E360.64847
G1 X99.69 Y76.804 E361.137
G1 X100.256 Y76.804 E361.15582
G1 X89.304 Y87.755 E361.67095
G1 X89.304 Y88.321 E361.68977
G1 X100.821 Y76.804 E362.2315
G1 X101.387 Y76.804 E362.25032
G1 X89.304 Y88.887 E362.81867
G1 X89.304 Y89.453 E362.8375
G1 X101.953 Y76.804 E363.43247
G1 X102.518 Y76.804 E363.45126
G1 X89.304 Y90.018 E364.07281
G1 X89.304 Y90.584 E364.09163
G1 X103.084 Y76.804 E364.7398
G1 X103.65 Y76.804 E364.75862
G1 X89.304 Y91.15 E365.43342
G1 X89.304 Y91.715 E365.45221
G1 X104.216 Y76.804 E366.1536
G1 X104.781 Y76.804 E366.17239
G1 X89.304 Y92.281 E366.90038
G1 X89.304 Y92.847 E366.91921
G1 X105.347 Y76.804 E367.67382
G1 X105.913 Y76.804 E367.69265
G1 X89.304 Y93.412 E368.47386
G1 X89.304 Y93.978 E368.49268
G1 X106.478 Y76.804 E369.3005
G1 X107.044 Y76.804 E369.31932
G1 X89.304 Y94.544 E370.15376
G1 X89.304 Y95.109 E370.17255
G1 X107.61 Y76.804 E371.03358
G1 X108.175 Y76.804 E371.05238
G1 X89.304 Y95.675 E371.94001
G1 X89.304 Y96.241 E371.95883
G1 X108.741 Y76.804 E372.87309
G1 X109.307 Y76.804 E372.89192
G1 X89.304 Y96.806 E373.83277
G1 X89.304 Y97.372 E373.8516
G0 F4800 X92.308 Y94.168
G1 F1800 X92.282 Y94.146 E373.85273
G1 X92.937 Y93.183 E373.89147
G1 X93.644 Y92.502 E373.92412
G1 X94.623 Y91.869 E373.96289
G1 X94.867 Y91.809 E373.97125
G0 F4800 X89.304 Y97.372
G1 F1800 X92.164 Y94.512 E374.10577
G0 F4800 X94.867 Y91.809
G1 F1800 X109.872 Y76.804 E374.81156
G1 X110.438 Y76.804 E374.83039
G1 X95.745 Y91.497 E375.5215
G1 X96.356 Y91.452 E375.54188
G1 X111.004 Y76.804 E376.23088
G1 X111.569 Y76.804 E376.24967
G1 X96.968 Y91.406 E376.93648
G1 X97.47 Y91.469 E376.95331
G1 X112.135 Y76.804 E377.6431
G1 X112.701 Y76.804 E377.66193
G1 X97.931 Y91.573 E378.35664
G1 X98.387 Y91.683 E378.37224
G1 X113.266 Y76.804 E379.0721
G1 X113.832 Y76.804 E379.09093
G1 X98.774 Y91.862 E379.79921
G1 X99.162 Y92.04 E379.81341
G1 X114.398 Y76.804 E380.53006
G1 X114.964 Y76.804 E380.54889
G1 X99.503 Y92.264 E381.2761
G1 X99.831 Y92.502 E381.28958
G1 X115.529 Y76.804 E382.02797
G1 X116.095 Y76.804 E382.04679
G1 X100.146 Y92.753 E382.79699
G1 X100.419 Y93.045 E382.81028
G1 X116.661 Y76.804 E383.57423
G1 X117.226 Y76.804 E383.59302
G1 X100.692 Y93.338 E384.37073
G1 X100.912 Y93.684 E384.38437
G1 X117.792 Y76.804 E385.17835
G1 X118.358 Y76.804 E385.19718
G1 X101.13 Y94.032 E386.00753
G1 X101.316 Y94.411 E386.02157
G1 X118.923 Y76.804 E386.84975
G1 X119.489 Y76.804 E386.86858
G1 X101.468 Y94.824 E387.71621
G1 X101.605 Y95.254 E387.73122
G1 X120.055 Y76.804 E388.59905
G1 X120.62 Y76.804 E388.61784
G1 X101.681 Y95.743 E389.50867
G1 X101.734 Y96.256 E389.52583
G1 X121.186 Y76.804 E390.44079
G1 X121.752 Y76.804 E390.45961
G1 X101.707 Y96.848 E391.40245
G1 X101.591 Y97.53 E391.42545
G0 F4800 X100.413 Y94.641
G0 X99.991 Y93.951
G0 X99.443 Y93.362
G0 X98.787 Y92.889
G0 X98.05 Y92.557
G0 X97.063 Y92.333
G0 X95.853 Y92.423
G0 X95.09 Y92.723
G0 X92.164 Y94.512
G1 F1800 X91.907 Y95.335 E391.45413
G1 X89.304 Y97.938 E391.57657
G1 X89.304 Y98.504 E391.59539
G1 X91.792 Y96.015 E391.71244
G1 X91.792 Y96.581 E391.73127
G1 X89.304 Y99.069 E391.8483
G1 X89.304 Y99.635 E391.86712
G1 X91.835 Y97.104 E391.98617
G1 X91.93 Y97.574 E392.00212
G1 X89.304 Y100.201 E392.12566
G1 X89.304 Y100.766 E392.14446
G1 X92.053 Y98.018 E392.27374
G1 X92.219 Y98.417 E392.28811
G1 X89.304 Y101.332 E392.42522
G1 X89.304 Y101.898 E392.44405
G1 X92.391 Y98.81 E392.58928
G1 X92.62 Y99.147 E392.60283
G1 X89.304 Y102.463 E392.7588
G1 X89.304 Y103.029 E392.77763
G1 X92.849 Y99.484 E392.94437
G1 X93.116 Y99.783 E392.95771
G1 X89.304 Y103.595 E393.13701
G1 X89.304 Y104.16 E393.1558
G1 X93.403 Y100.061 E393.34861
G1 X93.691 Y100.339 E393.36192
G1 X89.304 Y104.726 E393.56827
G1 X89.304 Y105.292 E393.5871
G1 X94.016 Y100.58 E393.80873
G1 X94.392 Y100.769 E393.82273
G1 X89.304 Y105.857 E394.06206
G1 X89.304 Y106.423 E394.08088
G1 X94.769 Y100.958 E394.33794
G1 X95.181 Y101.112 E394.35257
G1 X89.304 Y106.989 E394.629
G1 X89.304 Y107.554 E394.64779
G1 X95.621 Y101.238 E394.9449
G1 X96.096 Y101.328 E394.96098
G1 X89.304 Y108.12 E395.28046
G1 X89.304 Y108.686 E395.29928
G1 X96.624 Y101.366 E395.64359
G1 X97.211 Y101.345 E395.66313
G1 X89.304 Y109.252 E396.03505
G1 X89.304 Y109.817 E396.05384
G0 F4800 X101.591 Y97.53
G1 F1800 X122.317 Y76.804 E397.02873
G0 F4800 X89.304 Y109.817
G1 F1800 X97.857 Y101.265 E397.43101
G0 F4800 X122.317 Y76.804
G1 F1800 X122.883 Y76.804 E397.44984
G0 F4800 X97.857 Y101.265
G1 F1800 X98.124 Y101.232 E397.45879
G1 X98.728 Y100.959 E397.48083
G0 F4800 X107.611 Y91.816
G1 F1800 X108.201 Y90.958 E397.51547
G1 X108.893 Y90.305 E397.54711
G1 X109.716 Y89.763 E397.57989
G1 X110.059 Y89.628 E397.59215
G0 F4800 X107.432 Y92.255
G1 F1800 X101.321 Y98.366 E397.87959
G0 F4800 X98.728 Y100.959
G1 F1800 X89.304 Y110.383 E398.32287
G0 F4800 X122.883 Y76.804
G1 F1800 X110.059 Y89.628 E398.92607
G0 F4800 X100.906 Y99.236
G1 F1800 X100.022 Y100.167 E398.96877
G1 X99.222 Y100.737 E399.00144
G1 X98.728 Y100.959 E399.01945
G0 F4800 X110.059 Y89.628
G1 F1800 X110.875 Y89.305 E399.04864
G1 X110.953 Y89.3 E399.05124
G0 F4800 X89.304 Y110.383
G1 F1800 X89.304 Y110.949 E399.07007
G0 F4800 X110.953 Y89.3
G1 F1800 X123.449 Y76.804 E399.65784
G0 F4800 X89.304 Y110.949
G1 F1800 X107.161 Y93.092 E400.49778
G1 X107.032 Y93.697 E400.51835
G1 X107.032 Y93.786 E400.52131
G1 X89.304 Y111.514 E401.35518
G1 X89.304 Y112.08 E401.37401
G1 X107.032 Y94.352 E402.20788
G1 X107.07 Y94.88 E402.22549
G1 X89.304 Y112.646 E403.06115
G1 X89.304 Y113.211 E403.07994
G1 X107.169 Y95.346 E403.92025
G1 X107.284 Y95.797 E403.93573
G1 X89.304 Y113.777 E404.78146
G1 X89.304 Y114.343 E404.80028
G1 X107.451 Y96.196 E405.65386
G1 X107.62 Y96.593 E405.66821
G1 X89.304 Y114.908 E406.52972
G1 X89.304 Y115.474 E406.54854
G1 X107.849 Y96.929 E407.42084
G1 X108.078 Y97.266 E407.43439
G1 X89.304 Y116.04 E408.31747
G1 X89.304 Y116.605 E408.33626
G1 X108.341 Y97.569 E409.23168
G1 X108.629 Y97.847 E409.24499
G1 X89.304 Y117.171 E410.15395
G1 X89.304 Y117.737 E410.17278
G1 X108.916 Y98.125 E411.09527
G1 X109.201 Y98.401 E411.10846
G1 X109.241 Y98.366 E411.11023
G1 X89.304 Y118.303 E412.04801
G1 X89.304 Y118.868 E412.0668
G1 X109.615 Y98.557 E413.02217
G1 X109.99 Y98.748 E413.03616
G1 X89.304 Y119.434 E414.00917
G1 X89.304 Y120 E414.02799
G1 X110.398 Y98.906 E415.02019
G1 X110.838 Y99.031 E415.0354
G1 X89.304 Y120.565 E416.0483
G1 X89.304 Y121.131 E416.06712
G0 F4800 X108.894 Y91.595
G0 X123.449 Y76.804
G1 F1800 X124.015 Y76.804 E416.08595
G1 X111.565 Y89.253 E416.67154
G1 X112.178 Y89.206 E416.69198
G1 X124.58 Y76.804 E417.27534
G1 X125.146 Y76.804 E417.29416
G1 X112.685 Y89.264 E417.88026
G1 X113.148 Y89.368 E417.89605
G1 X125.712 Y76.804 E418.48702
G1 X126.277 Y76.804 E418.50581
G1 X113.607 Y89.474 E419.10177
G1 X113.996 Y89.651 E419.11598
G1 X126.843 Y76.804 E419.72027
G1 X127.409 Y76.804 E419.73909
G1 X114.384 Y89.828 E420.35173
G1 X114.729 Y90.049 E420.36535
G1 X127.974 Y76.804 E420.98836
G1 X128.54 Y76.804 E421.00718
G1 X115.056 Y90.288 E421.64143
G1 X115.374 Y90.536 E421.65484
G1 X129.106 Y76.804 E422.30075
G1 X129.671 Y76.804 E422.31954
G1 X115.644 Y90.831 E422.97933
G1 X115.916 Y91.125 E422.99265
G1 X130.237 Y76.804 E423.66627
G1 X130.803 Y76.804 E423.68509
G1 X116.142 Y91.465 E424.3747
G1 X116.357 Y91.816 E424.38839
G1 X131.368 Y76.804 E425.09449
G1 X131.934 Y76.804 E425.11331
G1 X116.549 Y92.189 E425.83698
G1 X116.699 Y92.604 E425.85165
G1 X132.5 Y76.804 E426.59486
G1 X133.065 Y76.804 E426.61365
G1 X116.843 Y93.026 E427.37669
G1 X116.916 Y93.519 E427.39326
G1 X133.631 Y76.804 E428.17948
G1 X134.197 Y76.804 E428.19831
G1 X116.976 Y94.025 E429.00833
G1 X116.95 Y94.617 E429.02804
G1 X134.76 Y76.807 E429.86577
G1 X134.76 Y77.372 E429.88456
G1 X116.845 Y95.287 E430.72723
G1 X116.697 Y95.879 E430.74752
G1 X116.587 Y96.111 E430.75606
G1 X134.76 Y77.938 E431.61087
G1 X134.76 Y78.504 E431.62969
G0 F4800 X89.304 Y121.131
G1 F1800 X111.308 Y99.127 E432.66469
G1 X111.837 Y99.164 E432.68233
G0 F4800 X96.766 Y114.144
G1 F1800 X97.031 Y113.707 E432.69933
G1 X97.699 Y113.039 E432.73075
G1 X98.255 Y112.722 E432.75203
G1 X98.286 Y112.714 E432.7531
G0 F4800 X96.727 Y114.273
G1 F1800 X89.304 Y121.697 E433.10228
G0 F4800 X111.837 Y99.164
G1 F1800 X98.286 Y112.714 E433.73965
G1 X98.945 Y112.622 E433.76178
G0 F4800 X89.304 Y121.697
G1 F1800 X89.304 Y122.262 E433.78058
G1 X96.62 Y114.946 E434.1247
G1 X96.62 Y115.512 E434.14352
G1 X89.304 Y122.828 E434.48764
G1 X89.304 Y123.394 E434.50647
G1 X96.62 Y116.077 E434.85062
G1 X96.62 Y116.643 E434.86944
G1 X89.304 Y123.959 E435.21356
G1 X89.304 Y124.525 E435.23239
G1 X96.62 Y117.209 E435.57651
G1 X96.62 Y117.774 E435.5953
G1 X89.304 Y125.091 E435.93945
G1 X89.304 Y125.656 E435.95824
G1 X96.62 Y118.34 E436.30236
G1 X96.62 Y118.906 E436.32119
G1 X89.304 Y126.222 E436.66531
G1 X89.304 Y126.788 E436.68414
G1 X96.62 Y119.471 E437.02828
G1 X96.62 Y120.037 E437.04711
G1 X89.304 Y127.353 E437.39123
G1 X89.304 Y127.919 E437.41005
G1 X96.62 Y120.603 E437.75418
G1 X96.62 Y121.168 E437.77297
G0 F4800 X97.554 Y114.507
G0 X98.945 Y112.622
G1 F1800 X112.418 Y99.148 E438.40672
G1 X113.064 Y99.068 E438.42837
G1 X99.51 Y112.622 E439.06591
G1 X100.076 Y112.622 E439.08473
G1 X113.914 Y98.784 E439.73563
G1 X114.487 Y98.526 E439.75653
G1 X115.287 Y97.948 E439.78936
G1 X116.154 Y97.017 E439.83167
G0 F4800 X134.76 Y78.504
G1 F1800 X100.642 Y112.622 E441.43648
G1 X101.207 Y112.622 E441.45527
G1 X134.76 Y79.069 E443.0335
G1 X134.76 Y79.635 E443.05232
G1 X101.773 Y112.622 E444.60393
G1 X102.339 Y112.622 E444.62276
G1 X134.76 Y80.201 E446.14774
G1 X134.76 Y80.766 E446.16653
G1 X102.905 Y112.622 E447.66492
G1 X103.47 Y112.622 E447.68371
G1 X134.76 Y81.332 E449.1555
G1 X134.76 Y81.898 E449.17432
G1 X124.2 Y92.457 E449.67101
G1 X124.969 Y91.957 E449.70152
G1 X125.458 Y91.765 E449.71899
G1 X134.76 Y82.463 E450.15653
G1 X134.76 Y83.029 E450.17535
G1 X126.297 Y91.492 E450.57343
G1 X126.907 Y91.448 E450.59377
G1 X134.76 Y83.595 E450.96315
G1 X134.76 Y84.161 E450.98197
G1 X127.515 Y91.405 E451.32273
G1 X128.004 Y91.482 E451.3392
G1 X134.76 Y84.726 E451.65698
G1 X134.76 Y85.292 E451.6758
G1 X128.466 Y91.586 E451.97185
G1 X128.913 Y91.705 E451.98724
G1 X134.76 Y85.858 E452.26226
G1 X134.76 Y86.423 E452.28106
G1 X129.302 Y91.881 E452.53778
G1 X129.691 Y92.058 E452.552
G1 X134.76 Y86.989 E452.79043
G1 X134.76 Y87.555 E452.80925
G1 X130.026 Y92.288 E453.0319
G1 X130.355 Y92.525 E453.04539
G1 X134.76 Y88.12 E453.25259
G1 X134.76 Y88.686 E453.27141
G1 X130.66 Y92.786 E453.46426
G1 X130.932 Y93.079 E453.47756
G1 X134.76 Y89.252 E453.65759
G1 X134.76 Y89.817 E453.67639
G1 X131.204 Y93.373 E453.84365
G1 X131.421 Y93.721 E453.85729
G1 X134.76 Y90.383 E454.01432
G1 X134.76 Y90.949 E454.03315
G1 X131.636 Y94.073 E454.18009
G1 X131.815 Y94.459 E454.19424
G1 X134.76 Y91.514 E454.33277
G1 X134.76 Y92.08 E454.35159
G1 X131.966 Y94.874 E454.48301
G1 X132.095 Y95.31 E454.49814
G1 X134.76 Y92.646 E454.62347
G1 X134.76 Y93.212 E454.64229
G1 X132.17 Y95.801 E454.76409
G1 X132.213 Y96.323 E454.78151
G1 X134.76 Y93.777 E454.90129
G1 X134.76 Y94.343 E454.92012
G1 X132.184 Y96.918 E455.04126
G1 X132.174 Y97.123 E455.04809
G1 X132.051 Y97.617 E455.06502
G1 X134.76 Y94.909 E455.19242
G1 X134.76 Y95.474 E455.21121
G0 F4800 X128.53 Y92.557
G0 X127.543 Y92.333
G0 X126.454 Y92.414
G0 X123.305 Y93.353
G1 F1800 X104.036 Y112.622 E456.11757
G1 X104.602 Y112.622 E456.13639
G1 X122.602 Y94.621 E456.98308
G1 X122.474 Y94.928 E456.99414
G1 X122.37 Y95.418 E457.0108
G1 X105.167 Y112.622 E457.82
G1 X105.733 Y112.622 E457.83883
G1 X122.274 Y96.08 E458.61689
G1 X122.274 Y96.646 E458.63572
G1 X106.299 Y112.622 E459.38715
G1 X106.864 Y112.622 E459.40595
G1 X122.327 Y97.159 E460.13328
G1 X122.421 Y97.63 E460.14925
G1 X107.43 Y112.622 E460.85441
G1 X107.995 Y112.622 E460.8732
G1 X122.553 Y98.064 E461.55796
G1 X122.723 Y98.46 E461.5723
G1 X108.561 Y112.622 E462.23843
G1 X109.126 Y112.622 E462.25723
G1 X122.904 Y98.845 E462.90528
G1 X123.129 Y99.185 E462.91884
G1 X109.692 Y112.622 E463.55087
G1 X110.258 Y112.622 E463.5697
G1 X123.355 Y99.525 E464.18574
G1 X123.629 Y99.817 E464.19906
G1 X110.823 Y112.622 E464.80139
G1 X111.389 Y112.622 E464.82022
G1 X123.918 Y100.094 E465.40952
G1 X124.205 Y100.372 E465.42281
G1 X111.955 Y112.622 E465.99901
G1 X112.52 Y112.622 E466.0178
G1 X124.541 Y100.602 E466.58321
G1 X124.92 Y100.789 E466.59727
G1 X113.086 Y112.622 E467.15388
G1 X113.652 Y112.622 E467.1727
G1 X125.299 Y100.975 E467.72054
G1 X125.714 Y101.126 E467.73523
G1 X114.218 Y112.622 E468.27597
G1 X114.783 Y112.622 E468.29476
G1 X126.154 Y101.252 E468.82959
G1 X126.641 Y101.331 E468.846
G1 X115.349 Y112.622 E469.37712
G1 X115.915 Y112.622 E469.39594
G1 X127.167 Y101.37 E469.9252
G1 X127.772 Y101.331 E469.94537
G1 X116.48 Y112.623 E470.47651
G1 X117.045 Y112.623 E470.4953
G1 X128.411 Y101.258 E471.0299
G1 X128.591 Y101.237 E471.03593
G1 X129.33 Y100.904 E471.06289
G0 F4800 X98.507 Y113.554
G0 X97.554 Y114.507
G0 X96.62 Y121.168
G1 F1800 X89.304 Y128.485 E471.40703
G1 X89.304 Y129.051 E471.42586
G0 F4800 X91.757 Y126.453
G1 F1800 X92.607 Y125.427 E471.47017
G1 X93.334 Y125.021 E471.49787
G1 X96.62 Y121.734 E471.65245
G1 X96.62 Y122.3 E471.67128
G1 X94.238 Y124.683 E471.78334
G1 X94.797 Y124.606 E471.80211
G1 X94.868 Y124.618 E471.80451
G1 X96.62 Y122.865 E471.88694
G1 X96.62 Y123.431 E471.90576
G1 X95.348 Y124.703 E471.9656
G1 X95.83 Y124.787 E471.98187
G0 F4800 X93.7 Y125.848
G0 X89.304 Y129.051
G1 F1800 X91.693 Y126.662 E472.09424
G1 X91.444 Y127.476 E472.12255
G1 X89.304 Y129.616 E472.22321
G1 X89.304 Y130.182 E472.24204
G1 X91.374 Y128.111 E472.33943
G1 X91.432 Y128.619 E472.35643
G1 X89.304 Y130.748 E472.45655
G1 X89.304 Y131.313 E472.47534
G1 X91.522 Y129.096 E472.57965
G1 X91.674 Y129.509 E472.59428
G1 X89.304 Y131.879 E472.70576
G1 X89.304 Y132.445 E472.72459
G1 X91.874 Y129.874 E472.8455
G1 X92.074 Y130.241 E472.8594
G1 X89.304 Y133.01 E472.98967
G1 X89.304 Y133.576 E473.00849
G1 X92.342 Y130.538 E473.15139
G1 X92.657 Y130.789 E473.16479
G1 X89.304 Y134.142 E473.3225
G1 X89.304 Y134.707 E473.34129
G1 X92.973 Y131.039 E473.51385
G1 X93.315 Y131.262 E473.52743
G1 X89.304 Y135.273 E473.71609
G1 X89.304 Y135.839 E473.73492
G1 X93.736 Y131.407 E473.94338
G1 X94.158 Y131.551 E473.95821
G1 X89.304 Y136.404 E474.18651
G1 X89.304 Y136.97 E474.20533
G1 X94.652 Y131.622 E474.45689
G1 X95.271 Y131.569 E474.47755
G1 X89.304 Y137.536 E474.75822
G1 X89.304 Y138.101 E474.77701
G1 X95.961 Y131.445 E475.09011
G1 X96.542 Y131.207 E475.111
G1 X97.325 Y130.582 E475.14432
G1 X97.357 Y130.615 E475.14585
G1 X89.304 Y138.667 E475.52461
G1 X89.304 Y139.233 E475.54344
G1 X97.639 Y130.898 E475.93549
G1 X97.972 Y131.131 E475.94901
G1 X89.304 Y139.799 E476.35672
G1 X89.304 Y140.364 E476.37552
G1 X98.376 Y131.292 E476.80223
G1 X98.861 Y131.373 E476.81859
G1 X89.304 Y140.93 E477.26812
G1 X89.304 Y141.496 E477.28695
G1 X99.427 Y131.373 E477.7631
G1 X99.993 Y131.373 E477.78193
G1 X89.304 Y142.061 E478.28468
G1 X89.304 Y142.627 E478.30351
G1 X100.558 Y131.373 E478.83286
G1 X101.124 Y131.373 E478.85168
G1 X89.304 Y143.193 E479.40766
G1 X89.304 Y143.758 E479.42645
G1 X101.689 Y131.373 E480.00901
G1 X102.255 Y131.373 E480.02783
G1 X89.304 Y144.324 E480.63701
G1 X89.304 Y144.89 E480.65583
G1 X102.82 Y131.373 E481.29161
G1 X103.386 Y131.373 E481.31043
G1 X89.304 Y145.455 E481.97281
G1 X89.304 Y146.021 E481.99163
G1 X103.952 Y131.373 E482.68063
G1 X104.517 Y131.374 E482.69942
G1 X89.304 Y146.587 E483.41499
G1 X89.304 Y147.152 E483.43378
G1 X105.082 Y131.374 E484.17593
G1 X105.648 Y131.374 E484.19476
G1 X89.762 Y147.26 E484.94199
G1 X90.328 Y147.26 E484.96081
G1 X106.214 Y131.374 E485.70804
G1 X106.779 Y131.375 E485.72683
G1 X90.894 Y147.26 E486.47402
G1 X91.459 Y147.26 E486.49281
G1 X107.344 Y131.375 E487.23999
G1 X107.91 Y131.375 E487.25881
G1 X92.025 Y147.26 E488.006
G1 X92.591 Y147.26 E488.02482
G1 X108.476 Y131.375 E488.772
G1 X109.042 Y131.375 E488.79083
G1 X93.156 Y147.26 E489.53803
G1 X93.722 Y147.26 E489.55686
G1 X109.607 Y131.375 E490.30404
G1 X110.172 Y131.375 E490.32283
G1 X94.288 Y147.26 E491.06999
G1 X94.853 Y147.26 E491.08878
G1 X110.738 Y131.375 E491.83596
G1 X111.304 Y131.375 E491.85479
G1 X95.419 Y147.26 E492.60197
G1 X95.985 Y147.26 E492.6208
G1 X111.869 Y131.375 E493.36795
G1 X112.434 Y131.376 E493.38675
G1 X96.55 Y147.26 E494.13388
G1 X97.116 Y147.26 E494.15271
G1 X113 Y131.376 E494.89984
G1 X113.566 Y131.376 E494.91867
G1 X97.682 Y147.26 E495.6658
G1 X98.248 Y147.26 E495.68463
G1 X114.131 Y131.376 E496.43174
G1 X114.697 Y131.376 E496.45056
G1 X98.813 Y147.26 E497.1977
G1 X99.379 Y147.26 E497.21652
G1 X115.262 Y131.377 E497.96361
G1 X115.828 Y131.377 E497.98244
G1 X99.945 Y147.26 E498.72952
G1 X100.51 Y147.26 E498.74831
G1 X116.393 Y131.377 E499.4954
G1 X116.959 Y131.377 E499.51423
G1 X101.076 Y147.26 E500.26132
G1 X101.642 Y147.26 E500.28014
G1 X117.524 Y131.378 E501.02718
G1 X118.09 Y131.378 E501.04601
G1 X102.207 Y147.26 E501.79307
G1 X102.773 Y147.26 E501.8119
G1 X118.655 Y131.378 E502.55894
G1 X119.221 Y131.378 E502.57776
G1 X103.339 Y147.26 E503.3248
G1 X103.904 Y147.26 E503.34359
G1 X119.787 Y131.378 E504.09066
G1 X120.352 Y131.378 E504.10945
G1 X104.47 Y147.26 E504.85649
G1 X105.036 Y147.26 E504.87532
G1 X120.917 Y131.378 E505.62233
G1 X121.483 Y131.378 E505.64116
G1 X105.601 Y147.26 E506.3882
G1 X106.167 Y147.26 E506.40702
G1 X122.049 Y131.378 E507.15406
G1 X122.614 Y131.378 E507.17286
G1 X106.733 Y147.26 E507.91987
G1 X107.299 Y147.26 E507.9387
G1 X123.179 Y131.379 E508.68567
G1 X123.745 Y131.379 E508.70449
G1 X107.864 Y147.26 E509.45149
G1 X108.43 Y147.26 E509.47031
G1 X124.311 Y131.379 E510.21731
G1 X124.876 Y131.379 E510.2361
G1 X108.996 Y147.26 E510.98307
G1 X109.561 Y147.26 E511.00186
G1 X125.476 Y131.345 E511.75045
G1 X125.87 Y131.226 E511.76414
G1 X126.3 Y130.953 E511.78108
G1 X126.961 Y130.291 E511.8122
G1 X127.275 Y129.761 E511.83269
G1 X127.481 Y129.906 E511.84107
G1 X110.127 Y147.26 E512.65735
G1 X110.693 Y147.26 E512.67617
G1 X127.864 Y130.089 E513.48384
G1 X128.286 Y130.232 E513.49866
G1 X111.258 Y147.26 E514.29961
G1 X111.824 Y147.26 E514.31843
G1 X128.739 Y130.345 E515.11406
G1 X129.29 Y130.359 E515.13239
G1 X112.39 Y147.26 E515.92734
G1 X112.955 Y147.26 E515.94613
G0 F4800 X97.554 Y129.494
G0 X97.564 Y127.526
G0 X95.83 Y124.787
G1 F1800 X96.62 Y123.997 E515.98329
G1 X96.62 Y124.563 E516.00212
G0 F4800 X96.232 Y124.951
G1 F1800 X96.62 Y124.563 E516.02037
G1 X96.62 Y125.124 E516.03903
G0 F4800 X97.554 Y114.507
G0 X98.507 Y113.554
G0 X106.08 Y113.561
G0 X131.746 Y98.488
G1 F1800 X134.76 Y95.474 E516.1808
G0 F4800 X129.33 Y100.904
G1 F1800 X117.611 Y112.623 E516.73202
G0 F4800 X129.33 Y100.904
G1 F1800 X129.741 Y100.719 E516.74701
G1 X130.539 Y100.138 E516.77984
G1 X131.39 Y99.229 E516.82126
G0 F4800 X117.611 Y112.623
G1 F1800 X118.177 Y112.623 E516.84008
G1 X134.76 Y96.04 E517.6201
G1 X134.76 Y96.606 E517.63892
G1 X118.742 Y112.623 E518.39234
G1 X119.308 Y112.623 E518.41116
G1 X134.76 Y97.171 E519.13798
G1 X134.76 Y97.737 E519.1568
G1 X119.874 Y112.623 E519.85699
G1 X120.439 Y112.623 E519.87579
G1 X134.76 Y98.303 E520.54938
G1 X134.76 Y98.868 E520.56817
G1 X121.005 Y112.623 E521.21516
G1 X121.571 Y112.623 E521.23399
G1 X134.76 Y99.434 E521.85436
G1 X134.76 Y100 E521.87318
G1 X122.136 Y112.623 E522.46695
G1 X122.702 Y112.623 E522.48578
G1 X134.76 Y100.565 E523.05295
G1 X134.76 Y101.131 E523.07178
G1 X123.268 Y112.623 E523.61233
G1 X123.833 Y112.623 E523.63112
G1 X134.76 Y101.697 E524.14507
G1 X134.76 Y102.262 E524.16386
G1 X124.399 Y112.623 E524.65121
G1 X124.965 Y112.623 E524.67003
G1 X134.76 Y102.828 E525.13076
G1 X134.76 Y103.394 E525.14958
G1 X125.475 Y112.678 E525.5863
G1 X125.919 Y112.8 E525.60161
G1 X134.76 Y103.96 E526.01744
G1 X134.76 Y104.525 E526.03624
G1 X126.268 Y113.017 E526.43567
G1 X126.554 Y113.296 E526.44896
G1 X134.76 Y105.091 E526.83492
G1 X134.76 Y105.657 E526.85375
G1 X126.837 Y113.58 E527.22642
G1 X127.117 Y113.865 E527.23971
G1 X134.76 Y106.222 E527.59921
G1 X134.76 Y106.788 E527.61804
G1 X127.266 Y114.282 E527.97054
G1 X127.369 Y114.744 E527.98628
G1 X134.76 Y107.354 E528.3339
G1 X134.76 Y107.919 E528.3527
G1 X127.957 Y114.722 E528.67269
G1 X128.671 Y114.474 E528.69783
G1 X128.772 Y114.473 E528.70119
G1 X134.76 Y108.485 E528.98285
G1 X134.76 Y109.051 E529.00167
G1 X129.32 Y114.49 E529.25753
G1 X129.804 Y114.572 E529.27386
G1 X134.76 Y109.616 E529.50697
G1 X134.76 Y110.182 E529.5258
G1 X130.288 Y114.654 E529.73614
G1 X130.695 Y114.812 E529.75067
G1 X134.76 Y110.748 E529.94185
G1 X134.76 Y111.313 E529.96064
G1 X131.032 Y115.041 E530.13599
G1 X131.346 Y115.292 E530.14936
G1 X134.76 Y111.879 E530.30992
G1 X134.76 Y112.445 E530.32875
G1 X131.661 Y115.543 E530.47449
G1 X131.943 Y115.828 E530.48783
G1 X134.76 Y113.011 E530.62033
G1 X134.76 Y113.576 E530.63912
G1 X132.15 Y116.186 E530.76189
G1 X132.322 Y116.58 E530.77619
G1 X134.76 Y114.142 E530.89086
G1 X134.76 Y114.708 E530.90969
G1 X132.472 Y116.995 E531.01729
G1 X132.575 Y117.458 E531.03306
G1 X134.76 Y115.273 E531.13584
G1 X134.76 Y115.839 E531.15466
G1 X132.602 Y117.996 E531.25615
G1 X132.539 Y118.626 E531.2772
G1 X134.76 Y116.405 E531.38167
G1 X134.76 Y116.97 E531.40047
G0 F4800 X130.225 Y120.349
G0 X127.377 Y120.959
G1 F1800 X127.377 Y121.525 E531.41929
G1 X127.756 Y121.146 E531.43712
G1 X128.177 Y121.291 E531.45193
G1 X127.377 Y122.09 E531.48953
G1 X127.377 Y122.656 E531.50836
G1 X128.602 Y121.431 E531.56598
G1 X129.125 Y121.473 E531.58343
G1 X127.377 Y123.222 E531.66567
G1 X127.377 Y123.788 E531.6845
G1 X129.799 Y121.366 E531.79842
G1 X130.549 Y121.181 E531.82412
G1 X128.187 Y123.543 E531.93522
G0 F4800 X132.289 Y119.441
G1 F1800 X134.76 Y116.97 E532.05144
G0 F4800 X131.745 Y120.329
G1 F1800 X130.752 Y121.115 E532.09357
G1 X130.549 Y121.181 E532.10067
G0 F4800 X128.187 Y123.543
G1 F1800 X128.914 Y123.382 E532.12543
G1 X134.76 Y117.536 E532.40041
G1 X134.76 Y118.102 E532.41924
G1 X129.449 Y123.413 E532.66905
G1 X129.932 Y123.495 E532.68534
G1 X134.76 Y118.667 E532.91244
G1 X134.76 Y119.233 E532.93126
G1 X130.389 Y123.604 E533.13686
G1 X130.8 Y123.759 E533.15147
G1 X134.76 Y119.799 E533.33774
G1 X134.76 Y120.364 E533.35653
G1 X131.115 Y124.01 E533.528
G1 X131.43 Y124.26 E533.54138
G1 X134.76 Y120.93 E533.69801
G1 X134.76 Y121.496 E533.71684
G1 X131.745 Y124.511 E533.85865
G1 X131.998 Y124.823 E533.87201
G1 X134.76 Y122.061 E534.00193
G1 X134.76 Y122.627 E534.02075
G1 X132.199 Y125.188 E534.14122
G1 X132.366 Y125.586 E534.15557
G1 X134.76 Y123.193 E534.26815
G1 X134.76 Y123.759 E534.28698
G1 X132.5 Y126.018 E534.39326
G1 X132.582 Y126.502 E534.40959
G1 X134.76 Y124.324 E534.51203
G1 X134.76 Y124.89 E534.53086
G1 X132.609 Y127.04 E534.63201
G1 X132.613 Y127.113 E534.63444
G1 X132.507 Y127.708 E534.65454
G1 X134.76 Y125.456 E534.76049
G1 X134.76 Y126.021 E534.77929
G0 F4800 X112.955 Y147.26
G1 F1800 X129.981 Y130.234 E535.58014
G1 X130.622 Y130.119 E535.6018
G1 X130.815 Y129.966 E535.60999
G0 F4800 X132.05 Y128.731
G1 F1800 X134.76 Y126.021 E535.73746
G0 F4800 X130.815 Y129.966
G1 F1800 X113.521 Y147.26 E536.55092
G0 F4800 X130.815 Y129.966
G1 F1800 X131.743 Y129.229 E536.59033
G0 F4800 X113.521 Y147.26
G1 F1800 X114.087 Y147.26 E536.60916
G1 X134.76 Y126.587 E537.58155
G1 X134.76 Y127.153 E537.60038
G1 X114.652 Y147.26 E538.54617
G1 X115.218 Y147.26 E538.565
G1 X134.76 Y127.718 E539.48419
G1 X134.76 Y128.284 E539.50302
G1 X115.784 Y147.26 E540.39559
G1 X116.349 Y147.26 E540.41438
G1 X134.76 Y128.85 E541.28036
G1 X134.76 Y129.415 E541.29915
G1 X116.915 Y147.26 E542.13852
G1 X117.481 Y147.26 E542.15735
G1 X134.76 Y129.981 E542.9701
G1 X134.76 Y130.547 E542.98892
G1 X118.047 Y147.26 E543.77505
G1 X118.612 Y147.26 E543.79384
G1 X134.76 Y131.112 E544.5534
G1 X134.76 Y131.678 E544.57222
G1 X119.178 Y147.26 E545.30515
G1 X119.744 Y147.26 E545.32398
G1 X134.76 Y132.244 E546.03028
G1 X134.76 Y132.81 E546.04911
G1 X120.309 Y147.26 E546.72882
G1 X120.875 Y147.26 E546.74764
G1 X134.76 Y133.375 E547.40075
G1 X134.76 Y133.941 E547.41957
G1 X121.441 Y147.26 E548.04606
G1 X122.006 Y147.26 E548.06485
G1 X134.76 Y134.507 E548.66474
G1 X134.76 Y135.072 E548.68353
G1 X122.572 Y147.26 E549.25681
G1 X123.138 Y147.26 E549.27564
G1 X134.76 Y135.638 E549.8223
G1 X134.76 Y136.204 E549.84113
G1 X123.703 Y147.26 E550.36119
G1 X124.269 Y147.26 E550.38002
G1 X134.76 Y136.769 E550.87348
G1 X134.76 Y137.335 E550.89231
G1 X124.835 Y147.26 E551.35915
G1 X125.4 Y147.26 E551.37794
G1 X134.76 Y137.901 E551.81818
G1 X134.76 Y138.466 E551.83697
G1 X125.966 Y147.26 E552.25062
G1 X126.532 Y147.26 E552.26944
G1 X134.76 Y139.032 E552.65646
G1 X134.76 Y139.598 E552.67529
G1 X127.097 Y147.26 E553.03571
G1 X127.663 Y147.26 E553.05453
G1 X134.76 Y140.163 E553.38835
G1 X134.76 Y140.729 E553.40718
G1 X128.229 Y147.26 E553.71438
G1 X128.795 Y147.26 E553.7332
G1 X134.76 Y141.295 E554.01378
G1 X134.76 Y141.86 E554.03257
G1 X129.36 Y147.26 E554.28657
G1 X129.926 Y147.26 E554.30539
G1 X134.76 Y142.426 E554.53277
G1 X134.76 Y142.992 E554.5516
G1 X130.492 Y147.26 E554.75235
G1 X131.057 Y147.26 E554.77114
G1 X134.76 Y143.558 E554.9453
G1 X134.76 Y144.123 E554.96409
G1 X131.623 Y147.26 E555.11164
G1 X132.189 Y147.26 E555.13047
G1 X134.76 Y144.689 E555.2514
G1 X134.76 Y145.255 E555.27023
G1 X132.754 Y147.26 E555.36456
G1 X133.32 Y147.26 E555.38338
G1 X134.76 Y145.82 E555.45112
G1 X134.76 Y146.386 E555.46994
G1 X133.886 Y147.26 E555.51105
G1 X134.451 Y147.26 E555.52984
G1 X134.76 Y146.952 E555.54436
G1 X134.76 Y147.26 E555.5546
;MESH:NONMESH
G0 X134.76 Y147.26 Z0.6
G0 F4800 X126.446 Y129.492
G0 X126.445 Y114.509
G0 X125.494 Y113.554
G0 X97.495 Y100.441
;TIME_ELAPSED:903.573688
;LAYER:2
;TYPE:WALL-INNER
;MESH:I2C_LED_BTN-Body.stl
G1 F2400 X96.664 Y100.501 E555.58231
G1 X95.481 Y100.302 E555.62221
G1 X94.686 Y99.943 E555.65122
G1 X93.902 Y99.35 E555.68392
G1 X93.372 Y98.718 E555.71135
G1 X92.978 Y98 E555.73859
G1 X92.739 Y97.229 E555.76544
G1 X92.654 Y96.397 E555.79326
G1 X92.734 Y95.587 E555.82033
G1 X93.037 Y94.604 E555.85454
G1 X93.622 Y93.75 E555.88897
G1 X94.26 Y93.153 E555.91803
G1 X94.908 Y92.728 E555.9438
G1 X96.023 Y92.354 E555.98292
G1 X96.87 Y92.295 E556.01116
G1 X98.054 Y92.502 E556.05114
G1 X99.104 Y92.973 E556.08941
G1 X99.893 Y93.754 E556.12634
G1 X100.485 Y94.62 E556.16123
G1 X100.783 Y95.592 E556.19504
G1 X100.86 Y96.405 E556.2222
G1 X100.778 Y97.225 E556.24961
G1 X100.529 Y98.026 E556.27751
G1 X99.904 Y99.038 E556.31707
G1 X99.322 Y99.597 E556.34391
G1 X98.595 Y100.073 E556.37281
G1 X97.495 Y100.441 E556.41139
G0 F4800 X97.412 Y100.041
G1 F2400 X96.651 Y100.096 E556.43677
G1 X95.6 Y99.912 E556.47226
G1 X94.917 Y99.611 E556.49708
G1 X94.18 Y99.059 E556.52771
G1 X93.7 Y98.486 E556.55257
G1 X93.349 Y97.845 E556.57688
G1 X93.128 Y97.132 E556.60171
G1 X93.056 Y96.396 E556.6263
G1 X93.128 Y95.666 E556.6507
G1 X93.401 Y94.78 E556.68154
G1 X93.926 Y94.014 E556.71242
G1 X94.579 Y93.403 E556.74217
G1 X95.096 Y93.091 E556.76225
G1 X96.106 Y92.754 E556.79766
G1 X96.879 Y92.701 E556.82343
G1 X97.943 Y92.893 E556.85939
G1 X98.87 Y93.305 E556.89313
G1 X99.589 Y94.014 E556.92672
G1 X100.119 Y94.791 E556.958
G1 X100.389 Y95.669 E556.98855
G1 X100.456 Y96.365 E557.01181
G1 X100.389 Y97.109 E557.03666
G1 X100.165 Y97.854 E557.06253
G1 X99.61 Y98.757 E557.09778
G1 X99.072 Y99.285 E557.12286
G1 X98.432 Y99.703 E557.14828
G1 X97.412 Y100.041 E557.18402
G0 F4800 X97.434 Y100.356
G0 X111.852 Y98.3
G1 F2400 X110.72 Y98.097 E557.22227
G1 X109.958 Y97.765 E557.24992
G1 X109.146 Y97.154 E557.28371
G1 X108.602 Y96.503 E557.31193
G1 X108.214 Y95.788 E557.33899
G1 X107.972 Y94.998 E557.36647
G1 X107.895 Y94.18 E557.3938
G1 X107.979 Y93.388 E557.42029
G1 X108.286 Y92.39 E557.45501
G1 X108.866 Y91.548 E557.48902
G1 X109.615 Y90.851 E557.52305
G1 X110.651 Y90.318 E557.5618
G1 X111.69 Y90.106 E557.59707
G1 X113.007 Y90.171 E557.64093
G1 X114.33 Y90.767 E557.68919
G1 X115.146 Y91.562 E557.72708
G1 X115.726 Y92.421 E557.76155
G1 X116.017 Y93.383 E557.79498
G1 X116.101 Y94.188 E557.8219
G1 X116.022 Y95.005 E557.8492
G1 X115.784 Y95.789 E557.87645
G1 X115.176 Y96.798 E557.91563
G1 X114.56 Y97.399 E557.94426
G1 X113.843 Y97.87 E557.97279
G1 X112.717 Y98.243 E558.01224
G1 X111.852 Y98.3 E558.04108
G0 F4800 X111.901 Y97.9
G1 F2400 X110.813 Y97.703 E558.07785
G1 X110.157 Y97.415 E558.10168
G1 X109.428 Y96.865 E558.13205
G1 X108.941 Y96.288 E558.15717
G1 X108.6 Y95.662 E558.18088
G1 X108.367 Y94.925 E558.20658
G1 X108.297 Y94.188 E558.23121
G1 X108.371 Y93.466 E558.25535
G1 X108.637 Y92.591 E558.28576
G1 X109.165 Y91.815 E558.31698
G1 X109.841 Y91.185 E558.34772
G1 X110.798 Y90.695 E558.38348
G1 X111.732 Y90.505 E558.41518
G1 X112.897 Y90.561 E558.45397
G1 X114.103 Y91.102 E558.49793
G1 X114.846 Y91.835 E558.53265
G1 X115.359 Y92.591 E558.56303
G1 X115.625 Y93.462 E558.59332
G1 X115.699 Y94.189 E558.61763
G1 X115.629 Y94.926 E558.64225
G1 X115.4 Y95.655 E558.66767
G1 X114.848 Y96.567 E558.70312
G1 X114.315 Y97.086 E558.72787
G1 X113.671 Y97.505 E558.75342
G1 X112.645 Y97.846 E558.78938
G1 X111.901 Y97.9 E558.81419
G0 F4800 X111.923 Y98.211
G0 X125.962 Y100.302
G1 F2400 X125.186 Y99.959 E558.84241
G1 X124.369 Y99.335 E558.8766
G1 X123.84 Y98.697 E558.90417
G1 X123.465 Y98.004 E558.93038
G1 X123.22 Y97.217 E558.95779
G1 X123.135 Y96.407 E558.98488
G1 X123.214 Y95.59 E559.01218
G1 X123.524 Y94.601 E559.04665
G1 X124.099 Y93.752 E559.08076
G1 X124.832 Y93.072 E559.11401
G1 X125.415 Y92.718 E559.1367
G1 X126.519 Y92.353 E559.17537
G1 X127.387 Y92.296 E559.2043
G1 X128.545 Y92.507 E559.24345
G1 X129.573 Y92.964 E559.28087
G1 X130.38 Y93.755 E559.31846
G1 X130.96 Y94.605 E559.35268
G1 X131.264 Y95.59 E559.38697
G1 X131.336 Y96.392 E559.41375
G1 X131.259 Y97.221 E559.44144
G1 X131.015 Y98.015 E559.46907
G1 X130.404 Y99.018 E559.50813
G1 X129.806 Y99.599 E559.53586
G1 X129.084 Y100.07 E559.56453
G1 X127.978 Y100.44 E559.60332
G1 X127.117 Y100.503 E559.63204
G1 X125.962 Y100.302 E559.67103
G0 F4800 X126.076 Y99.91
G1 F2400 X125.394 Y99.609 E559.69582
G1 X124.674 Y99.066 E559.72582
G1 X124.189 Y98.495 E559.75074
G1 X123.832 Y97.846 E559.77537
G1 X123.612 Y97.135 E559.80013
G1 X123.54 Y96.367 E559.82578
G1 X123.607 Y95.67 E559.84907
G1 X123.887 Y94.772 E559.88036
G1 X124.404 Y94.015 E559.91085
G1 X125.05 Y93.414 E559.94019
G1 X125.59 Y93.084 E559.96124
G1 X126.591 Y92.75 E559.99634
G1 X127.339 Y92.696 E560.02128
G1 X128.396 Y92.885 E560.057
G1 X129.342 Y93.298 E560.09133
G1 X130.072 Y94.013 E560.12531
G1 X130.596 Y94.783 E560.15629
G1 X130.869 Y95.667 E560.18706
G1 X130.936 Y96.392 E560.21128
G1 X130.868 Y97.116 E560.23547
G1 X130.648 Y97.849 E560.26092
G1 X130.089 Y98.766 E560.29664
G1 X129.554 Y99.287 E560.32148
G1 X128.907 Y99.702 E560.34704
G1 X127.905 Y100.039 E560.38221
G1 X127.134 Y100.096 E560.40792
G1 X126.076 Y99.91 E560.44365
G0 F4800 X125.947 Y100.197
G0 X126.549 Y117.501
G1 F2400 X126.528 Y118.132 E560.46874
G1 X126.535 Y118.31 E560.47561
G0 F4800 X127.208 Y119.444
G0 X127.856 Y120.127
G0 X128.055 Y119.89
G1 F2400 X127.54 Y119.462 E560.49789
G1 X127.158 Y118.932 E560.51962
G1 X126.952 Y118.192 E560.54516
G1 X127.004 Y117.426 E560.5707
G1 X127.282 Y116.818 E560.59294
G1 X127.69 Y116.305 E560.61474
G1 X128.448 Y115.867 E560.64385
G1 X129.399 Y115.772 E560.67564
G1 X130.161 Y116.004 E560.70213
G1 X130.796 Y116.506 E560.72906
G1 X131.138 Y117.014 E560.74943
G1 X131.345 Y117.733 E560.77431
G1 X131.292 Y118.464 E560.79869
G1 X131.087 Y119.03 E560.81871
G1 X130.614 Y119.622 E560.84391
G1 X129.857 Y120.068 E560.87314
G1 X128.884 Y120.167 E560.90567
G1 X128.055 Y119.89 E560.93474
G0 F4800 X127.856 Y120.127
G0 X126.549 Y126.401
G1 F2400 X126.528 Y127.032 E560.95983
G1 X126.535 Y127.21 E560.9667
G0 F4800 X127.208 Y128.344
G0 X127.956 Y129.083
G0 X128.054 Y128.79
G1 F2400 X127.54 Y128.362 E560.98895
G1 X127.158 Y127.832 E561.01068
G1 X126.952 Y127.092 E561.03623
G1 X127.004 Y126.326 E561.06176
G1 X127.282 Y125.718 E561.084
G1 X127.691 Y125.203 E561.10587
G1 X128.428 Y124.782 E561.1341
G1 X129.006 Y124.665 E561.15372
G1 X129.842 Y124.766 E561.18172
G1 X130.542 Y125.152 E561.20831
G1 X131.133 Y125.888 E561.23971
G1 X131.345 Y126.635 E561.26553
G1 X131.292 Y127.364 E561.28984
G1 X131.087 Y127.93 E561.30987
G1 X130.607 Y128.531 E561.33545
G1 X129.865 Y128.962 E561.36399
G1 X128.888 Y129.066 E561.39667
G1 X128.054 Y128.79 E561.42589
G0 F4800 X127.956 Y129.083
G0 X125.451 Y130.346
G0 X112 Y130.497
G1 F2400 X98.684 Y130.498 E561.86878
G1 X98.263 Y130.279 E561.88456
G1 X97.651 Y129.667 E561.91335
G1 X97.517 Y129.284 E561.92684
G1 X97.443 Y128.702 E561.94914
G1 X97.103 Y129.434 E561.97981
G1 X96.575 Y130.096 E562.00797
G1 X95.688 Y130.614 E562.04213
G1 X94.527 Y130.729 E562.08094
G1 X93.557 Y130.406 E562.11494
G1 X92.984 Y129.929 E562.13974
G1 X92.494 Y129.274 E562.16695
G1 X92.249 Y128.391 E562.19743
G1 X92.31 Y127.486 E562.22759
G1 X92.682 Y126.672 E562.25736
G1 X93.185 Y126.12 E562.2822
G1 X94.021 Y125.639 E562.31428
G1 X95.145 Y125.523 E562.35186
G1 X96.048 Y125.802 E562.3833
G1 X96.692 Y126.311 E562.4106
G1 X97.168 Y126.949 E562.43873
G1 X97.45 Y127.675 E562.46949
G1 X97.5 Y127.122 E562.49027
G1 X97.5 Y114.805 E562.89993
G1 X97.664 Y114.317 E562.91705
G1 X98.366 Y113.63 E562.94972
G1 X98.83 Y113.502 E562.96573
G1 X125.2 Y113.505 E563.8428
G1 X125.638 Y113.622 E563.85788
G1 X126.242 Y114.228 E563.88634
G1 X126.5 Y114.801 E563.90729
G1 X126.503 Y117.12 E563.985
G1 X126.544 Y117.462 E563.99723
G1 X126.918 Y116.652 E564.02876
G1 X127.421 Y115.998 E564.0562
G1 X128.321 Y115.478 E564.09077
G1 X129.452 Y115.364 E564.12858
G1 X130.352 Y115.644 E564.15993
G1 X131.08 Y116.22 E564.1908
G1 X131.506 Y116.844 E564.21593
G1 X131.748 Y117.691 E564.24523
G1 X131.686 Y118.533 E564.27331
G1 X131.443 Y119.224 E564.29768
G1 X130.885 Y119.923 E564.32742
G1 X130.142 Y120.363 E564.35614
G1 X129.781 Y120.478 E564.36875
G1 X128.842 Y120.574 E564.40014
G1 X127.858 Y120.246 E564.43498
G1 X127.168 Y119.674 E564.46584
G1 X126.804 Y119.114 E564.48955
G1 X126.535 Y118.31 E564.52156
G1 X126.5 Y118.975 E564.5457
G1 X126.503 Y126.02 E564.78119
G1 X126.544 Y126.362 E564.79342
G1 X126.918 Y125.552 E564.82495
G1 X127.423 Y124.895 E564.85251
G1 X128.285 Y124.403 E564.88552
G1 X128.996 Y124.262 E564.90963
G1 X129.962 Y124.378 E564.94199
G1 X130.805 Y124.839 E564.97394
G1 X131.497 Y125.702 E565.01074
G1 X131.748 Y126.595 E565.04159
G1 X131.686 Y127.433 E565.06954
G1 X131.443 Y128.124 E565.0939
G1 X130.873 Y128.838 E565.12429
G1 X129.981 Y129.357 E565.15861
G1 X128.845 Y129.472 E565.19659
G1 X127.859 Y129.147 E565.23112
G1 X127.168 Y128.574 E565.26164
G1 X126.804 Y128.014 E565.28536
G1 X126.535 Y127.21 E565.31736
G1 X126.5 Y127.875 E565.34151
G1 X126.5 Y129.312 E565.3893
G1 X126.282 Y129.724 E565.4048
G1 X125.73 Y130.288 E565.43105
G1 X125.186 Y130.497 E565.45043
G1 X112 Y130.497 E565.889
G0 F4800 X112 Y130.098
G1 F2400 X98.858 Y130.099 E566.32611
G1 X98.515 Y129.965 E566.33836
G1 X97.99 Y129.44 E566.36305
G1 X97.9 Y129.182 E566.37214
G1 X97.905 Y114.817 E566.84992
G1 X98.027 Y114.529 E566.86032
G1 X98.535 Y114.014 E566.88438
G1 X98.815 Y113.905 E566.89438
G1 X125.1 Y113.899 E567.76862
G1 X125.407 Y113.965 E567.77906
G1 X125.935 Y114.485 E567.80371
G1 X126.096 Y114.822 E567.81613
G1 X126.1 Y129.228 E568.29528
G1 X125.969 Y129.475 E568.30458
G1 X125.468 Y129.975 E568.32812
G1 X125.152 Y130.098 E568.3394
G1 X112 Y130.098 E568.77684
G0 F4800 X112 Y130.41
G0 X98.549 Y130.346
G0 X97.654 Y129.451
G0 X97.443 Y128.702
G1 F2400 X97.47 Y127.964 E568.80674
G1 X97.45 Y127.675 E568.8183
G0 F4800 X97.654 Y129.451
G0 X112 Y148.2
G1 F2400 X135.7 Y148.2 E569.60657
G1 X135.7 Y75.772 E572.01553
G1 X88.272 Y75.772 E573.59299
G1 X88.273 Y148.199 E576.00193
G1 X112 Y148.2 E576.79109
G0 F4800 X112 Y148.6
G1 F2400 X135.989 Y148.6 E577.58897
G1 X136.1 Y148.511 E577.5937
G1 X136.1 Y75.577 E580.01949
G1 X135.968 Y75.372 E580.0276
G1 X88.061 Y75.372 E581.621
G1 X87.872 Y75.607 E581.63103
G1 X87.872 Y148.468 E584.05439
G1 X88.077 Y148.6 E584.0625
G1 X112 Y148.6 E584.85819
G0 F4800 X112 Y148.29
G0 X95.573 Y130.539
G0 X95.542 Y130.228
G1 F2400 X94.575 Y130.324 E584.89051
G1 X93.755 Y130.05 E584.91926
G1 X93.24 Y129.622 E584.94153
G1 X92.857 Y129.089 E584.96336
G1 X92.652 Y128.352 E584.98881
G1 X92.704 Y127.586 E585.01434
G1 X93.02 Y126.895 E585.03961
G1 X93.426 Y126.443 E585.05982
G1 X94.161 Y126.027 E585.08791
G1 X95.106 Y125.93 E585.11951
G1 X95.858 Y126.162 E585.14568
G1 X96.533 Y126.695 E585.17429
G1 X96.865 Y127.267 E585.19629
G1 X97.045 Y127.892 E585.21792
G1 X96.993 Y128.624 E585.24233
G1 X96.774 Y129.197 E585.26273
G1 X96.318 Y129.778 E585.28729
G1 X95.542 Y130.228 E585.31713
G0 F4800 X95.427 Y129.838
;TYPE:WALL-OUTER
G1 F2400 X94.633 Y129.916 E585.34367
G1 X93.956 Y129.692 E585.36738
G1 X93.472 Y129.294 E585.38823
G1 X93.215 Y128.883 E585.40435
G1 X93.058 Y128.327 E585.42356
G1 X93.098 Y127.687 E585.44489
G1 X93.358 Y127.117 E585.46573
G1 X93.661 Y126.772 E585.481
G1 X94.284 Y126.418 E585.50483
G1 X95.065 Y126.34 E585.53094
G1 X95.668 Y126.522 E585.55189
G1 X96.226 Y126.963 E585.57554
G1 X96.481 Y127.377 E585.59172
G1 X96.643 Y127.942 E585.61127
G1 X96.598 Y128.555 E585.63171
G1 X96.429 Y128.994 E585.64735
G1 X96.042 Y129.483 E585.6681
G1 X95.427 Y129.838 E585.69171
G0 F4800 X95.229 Y129.857
G0 X95.3 Y130.567
G0 X112 Y130.41
G0 X112 Y129.698
G1 F2400 X98.812 Y129.696 E586.13035
G1 X98.3 Y129.184 E586.15443
G1 X98.301 Y114.817 E586.63228
G1 X98.817 Y114.301 E586.65655
G1 X125.186 Y114.304 E587.53359
G1 X125.699 Y114.815 E587.55767
G1 X125.7 Y129.184 E588.03559
G1 X125.182 Y129.7 E588.0599
G1 X112 Y129.698 E588.49834
G0 F4800 X111.8 Y129.698
G0 X111.8 Y130.41
G0 X125.451 Y130.346
G0 X128.035 Y129.11
G0 X128.26 Y128.435
G1 F2400 X127.772 Y128.034 E588.51935
G1 X127.515 Y127.623 E588.53547
G1 X127.358 Y127.067 E588.55468
G1 X127.398 Y126.427 E588.57601
G1 X127.658 Y125.858 E588.59682
G1 X127.988 Y125.494 E588.61316
G1 X128.54 Y125.178 E588.63432
G1 X129.004 Y125.072 E588.65015
G1 X129.715 Y125.153 E588.67395
G1 X130.279 Y125.463 E588.69535
G1 X130.766 Y126.075 E588.72137
G1 X130.943 Y126.682 E588.7424
G1 X130.898 Y127.295 E588.76284
G1 X130.713 Y127.757 E588.77939
G1 X130.338 Y128.221 E588.79923
G1 X129.723 Y128.579 E588.8229
G1 X128.934 Y128.656 E588.84927
G1 X128.26 Y128.435 E588.87286
G0 F4800 X128.106 Y128.309
G0 X127.649 Y128.855
G0 X127.283 Y128.47
G0 X126.928 Y127.921
G0 X126.701 Y127.121
G0 X126.751 Y126.43
G0 X128.03 Y120.208
G0 X128.254 Y119.535
G1 F2400 X127.771 Y119.133 E588.89376
G1 X127.515 Y118.723 E588.90984
G1 X127.358 Y118.167 E588.92905
G1 X127.398 Y117.527 E588.95038
G1 X127.658 Y116.958 E588.97119
G1 X127.988 Y116.594 E588.98753
G1 X128.583 Y116.258 E589.01026
G1 X129.363 Y116.18 E589.03633
G1 X129.968 Y116.366 E589.05738
G1 X130.52 Y116.8 E589.08074
G1 X130.772 Y117.186 E589.09607
G1 X130.943 Y117.783 E589.11672
G1 X130.898 Y118.395 E589.13713
G1 X130.713 Y118.857 E589.15369
G1 X130.328 Y119.329 E589.17395
G1 X129.728 Y119.679 E589.19705
G1 X128.935 Y119.76 E589.22356
G1 X128.254 Y119.535 E589.24742
G0 F4800 X128.101 Y119.407
G0 X127.645 Y119.951
G0 X127.283 Y119.57
G0 X126.928 Y119.021
G0 X126.744 Y118.373
G0 X125.903 Y100.177
G0 X126.193 Y99.528
G1 F2400 X125.598 Y99.265 E589.26905
G1 X124.942 Y98.769 E589.29641
G1 X124.516 Y98.264 E589.31838
G1 X124.208 Y97.705 E589.33961
G1 X124.008 Y97.072 E589.36169
G1 X123.94 Y96.376 E589.38495
G1 X124.008 Y95.725 E589.40672
G1 X124.244 Y94.964 E589.43322
G1 X124.727 Y94.261 E589.46159
G1 X125.309 Y93.719 E589.48804
G1 X125.734 Y93.459 E589.50461
G1 X126.652 Y93.149 E589.53683
G1 X127.335 Y93.1 E589.55961
G1 X128.282 Y93.268 E589.5916
G1 X129.111 Y93.637 E589.62178
G1 X129.778 Y94.291 E589.65285
G1 X130.232 Y94.957 E589.67966
G1 X130.476 Y95.76 E589.70757
G1 X130.536 Y96.412 E589.72935
G1 X130.474 Y97.047 E589.75057
G1 X130.288 Y97.659 E589.77184
G1 X129.774 Y98.515 E589.80505
G1 X129.286 Y98.984 E589.82756
G1 X128.735 Y99.341 E589.8494
G1 X127.819 Y99.648 E589.88153
G1 X127.154 Y99.696 E589.90371
G1 X126.193 Y99.528 E589.93616
G0 F4800 X126.011 Y99.448
G0 X125.721 Y100.096
G0 X111.781 Y98.197
G0 X111.905 Y97.496
G1 F2400 X110.961 Y97.33 E589.96804
G1 X110.36 Y97.066 E589.98987
G1 X109.713 Y96.579 E590.0168
G1 X109.264 Y96.045 E590.04001
G1 X108.962 Y95.493 E590.06094
G1 X108.76 Y94.832 E590.08392
G1 X108.7 Y94.176 E590.10583
G1 X108.763 Y93.544 E590.12696
G1 X109.003 Y92.766 E590.15404
G1 X109.466 Y92.084 E590.18145
G1 X110.06 Y91.526 E590.20856
G1 X110.924 Y91.078 E590.24093
G1 X111.744 Y90.909 E590.26878
G1 X112.802 Y90.958 E590.304
G1 X113.859 Y91.429 E590.34249
G1 X114.523 Y92.072 E590.37324
G1 X114.992 Y92.763 E590.40101
G1 X115.233 Y93.54 E590.42807
G1 X115.296 Y94.216 E590.45065
G1 X115.228 Y94.871 E590.47255
G1 X115.033 Y95.495 E590.4943
G1 X114.531 Y96.316 E590.5263
G1 X114.046 Y96.784 E590.54872
G1 X113.51 Y97.133 E590.56999
G1 X112.584 Y97.447 E590.60252
G1 X111.905 Y97.496 E590.62516
G0 F4800 X111.708 Y97.462
G0 X111.584 Y98.162
G0 X97.56 Y100.324
G0 X97.335 Y99.649
G1 F2400 X96.673 Y99.696 E590.64723
G1 X95.714 Y99.528 E590.67961
G1 X95.119 Y99.265 E590.70125
G1 X94.442 Y98.749 E590.72956
G1 X94.024 Y98.245 E590.75134
G1 X93.712 Y97.667 E590.77319
G1 X93.52 Y97.032 E590.79525
G1 X93.46 Y96.376 E590.81716
G1 X93.528 Y95.725 E590.83893
G1 X93.765 Y94.956 E590.8657
G1 X94.247 Y94.261 E590.89383
G1 X94.807 Y93.737 E590.91933
G1 X95.264 Y93.454 E590.93721
G1 X96.182 Y93.147 E590.96941
G1 X96.871 Y93.102 E590.99237
G1 X97.795 Y93.266 E591.02359
G1 X98.627 Y93.634 E591.05384
G1 X99.285 Y94.274 E591.08437
G1 X99.752 Y94.957 E591.11189
G1 X99.996 Y95.76 E591.13981
G1 X100.056 Y96.412 E591.16158
G1 X99.994 Y97.045 E591.18274
G1 X99.806 Y97.666 E591.20432
G1 X99.286 Y98.522 E591.23763
G1 X98.822 Y98.973 E591.25915
G1 X98.263 Y99.337 E591.28134
G1 X97.335 Y99.649 E591.3139
G0 F4800 X97.136 Y99.663
G0 X97.187 Y100.374
G0 X97.654 Y129.451
G0 X112 Y148.29
G0 X112 Y149
G1 F2400 X136.129 Y149 E592.11644
G1 X136.5 Y148.703 E592.13224
G1 X136.5 Y75.459 E594.56835
G1 X136.186 Y74.972 E594.58762
G1 X87.869 Y74.972 E596.19465
G1 X87.472 Y75.467 E596.21576
G1 X87.472 Y148.686 E598.65103
G1 X87.959 Y149 E598.6703
G1 X112 Y149 E599.46991
G0 F4800 X112.2 Y149
G0 X112.2 Y148.29
G0 X126.346 Y129.451
G0 X126.346 Y114.549
G0 X131.116 Y97.18
G0 X135.32 Y76.152
;TYPE:SKIN
G1 F1800 X134.983 Y76.152 E599.48112
G1 X135.32 Y76.488 E599.49695
G1 X135.32 Y77.054 E599.51577
G1 X134.417 Y76.152 E599.55822
G1 X133.852 Y76.152 E599.57701
G1 X135.32 Y77.62 E599.64606
G1 X135.32 Y78.186 E599.66489
G1 X133.286 Y76.152 E599.76056
G1 X132.72 Y76.152 E599.77939
G1 X135.32 Y78.751 E599.90166
G1 X135.32 Y79.317 E599.92048
G1 X132.155 Y76.152 E600.06936
G1 X131.589 Y76.152 E600.08818
G1 X135.32 Y79.883 E600.26368
G1 X135.32 Y80.448 E600.28247
G1 X131.023 Y76.152 E600.48456
G1 X130.458 Y76.152 E600.50336
G1 X135.32 Y81.014 E600.73205
G1 X135.32 Y81.58 E600.75087
G1 X129.892 Y76.152 E601.00619
G1 X129.326 Y76.152 E601.02502
G1 X135.32 Y82.145 E601.30693
G1 X135.32 Y82.711 E601.32576
G1 X128.761 Y76.152 E601.63427
G1 X128.195 Y76.152 E601.6531
G1 X135.32 Y83.277 E601.98824
G1 X135.32 Y83.842 E602.00703
G1 X127.629 Y76.152 E602.36876
G1 X127.064 Y76.152 E602.38756
G1 X135.32 Y84.408 E602.77589
G1 X135.32 Y84.974 E602.79472
G1 X126.498 Y76.152 E603.20968
G1 X125.932 Y76.152 E603.2285
G1 X135.32 Y85.539 E603.67006
G1 X135.32 Y86.105 E603.68889
G1 X125.366 Y76.152 E604.15707
G1 X124.801 Y76.152 E604.17586
G1 X135.32 Y86.671 E604.67064
G1 X135.32 Y87.236 E604.68944
G1 X124.235 Y76.152 E605.21082
G1 X123.669 Y76.152 E605.22964
G1 X135.32 Y87.802 E605.77765
G1 X135.32 Y88.368 E605.79647
G1 X123.104 Y76.152 E606.37107
G1 X122.538 Y76.152 E606.3899
G1 X135.32 Y88.934 E606.99113
G1 X135.32 Y89.499 E607.00992
G1 X121.972 Y76.152 E607.63774
G1 X121.407 Y76.152 E607.65654
G1 X135.32 Y90.065 E608.31096
G1 X135.32 Y90.631 E608.32979
G1 X120.841 Y76.152 E609.01083
G1 X120.275 Y76.152 E609.02966
G1 X135.32 Y91.196 E609.73731
G1 X135.32 Y91.762 E609.75613
G1 X119.71 Y76.152 E610.49038
G1 X119.144 Y76.152 E610.5092
G1 X135.32 Y92.328 E611.27007
G1 X135.32 Y92.893 E611.28886
G1 X118.578 Y76.152 E612.07633
G1 X118.013 Y76.152 E612.09512
G1 X135.32 Y93.459 E612.90919
G1 X135.32 Y94.025 E612.92802
G1 X117.447 Y76.152 E613.76871
G1 X116.881 Y76.152 E613.78753
G1 X135.32 Y94.59 E614.65483
G1 X135.32 Y95.156 E614.67365
G1 X116.316 Y76.152 E615.56754
G1 X115.75 Y76.152 E615.58637
G1 X135.32 Y95.722 E616.50688
G1 X135.32 Y96.287 E616.52567
G1 X115.184 Y76.152 E617.47278
G1 X114.618 Y76.152 E617.49161
G1 X135.32 Y96.853 E618.46534
G1 X135.32 Y97.419 E618.48417
G1 X114.053 Y76.152 E619.4845
G1 X113.487 Y76.152 E619.50333
G1 X135.32 Y97.984 E620.53026
G1 X135.32 Y98.55 E620.54909
G0 F4800 X129.787 Y92.641
G1 F1800 X130.673 Y93.511 E620.59039
G1 X131.308 Y94.442 E620.62787
G1 X131.35 Y94.58 E620.63267
G0 F4800 X135.32 Y98.55
G1 F1800 X131.35 Y94.58 E620.8194
G0 F4800 X129.113 Y92.343
G1 F1800 X112.921 Y76.152 E621.581
G0 F4800 X131.35 Y94.58
G1 F1800 X131.602 Y95.398 E621.60947
G0 F4800 X130.521 Y94.151
G0 X112.921 Y76.152
G1 F1800 X112.356 Y76.152 E621.62826
G1 X128.272 Y92.068 E622.3769
G1 X127.588 Y91.949 E622.39999
G1 X111.79 Y76.152 E623.14306
G1 X111.224 Y76.152 E623.16189
G1 X127.011 Y91.939 E623.90446
G1 X126.486 Y91.979 E623.92197
G1 X110.659 Y76.152 E624.66642
G1 X110.093 Y76.152 E624.68525
G1 X126.05 Y92.109 E625.43582
G1 X125.627 Y92.251 E625.45066
G1 X109.527 Y76.152 E626.20793
G1 X108.962 Y76.152 E626.22672
G1 X125.207 Y92.397 E626.99084
G1 X124.86 Y92.615 E627.00447
G1 X108.396 Y76.152 E627.77886
G1 X107.83 Y76.152 E627.79768
G1 X124.522 Y92.843 E628.5828
G1 X124.23 Y93.117 E628.59612
G1 X107.265 Y76.152 E629.3941
G1 X106.699 Y76.152 E629.41292
G1 X123.939 Y93.392 E630.22384
G1 X123.679 Y93.697 E630.23717
G1 X106.133 Y76.152 E631.06246
G1 X105.568 Y76.152 E631.08125
G1 X123.451 Y94.035 E631.92241
G1 X123.223 Y94.373 E631.93597
G1 X105.002 Y76.152 E632.79303
G1 X104.436 Y76.152 E632.81186
G1 X123.069 Y94.785 E633.6883
G1 X122.934 Y95.215 E633.70329
G1 X103.87 Y76.152 E634.59998
G1 X103.305 Y76.152 E634.61877
G1 X122.825 Y95.672 E635.53693
G1 X122.776 Y96.188 E635.55417
G1 X102.739 Y76.152 E636.49662
G1 X102.173 Y76.152 E636.51545
G1 X122.791 Y96.769 E637.48523
G1 X122.843 Y97.302 E637.50304
G1 X122.883 Y97.427 E637.50741
G1 X101.608 Y76.152 E638.50812
G1 X101.042 Y76.152 E638.52695
G0 F4800 X129.484 Y93.093
G0 X129.928 Y93.526
G0 X131.602 Y95.398
G1 F1800 X135.32 Y99.116 E638.70183
G1 X135.32 Y99.682 E638.72065
G1 X131.686 Y96.048 E638.89159
G1 X131.695 Y96.623 E638.91071
G1 X135.32 Y100.247 E639.0812
G1 X135.32 Y100.813 E639.10002
G1 X131.646 Y97.14 E639.27281
G1 X131.54 Y97.599 E639.28848
G1 X135.32 Y101.379 E639.46628
G1 X135.32 Y101.944 E639.48507
G1 X131.407 Y98.032 E639.66911
G1 X131.219 Y98.409 E639.68312
G1 X135.32 Y102.51 E639.87602
G1 X135.32 Y103.076 E639.89484
G1 X131.006 Y98.762 E640.09776
G1 X130.791 Y99.113 E640.11145
G1 X135.32 Y103.641 E640.32446
G1 X135.32 Y104.207 E640.34328
G1 X130.535 Y99.422 E640.56835
G1 X130.248 Y99.701 E640.58167
G1 X135.32 Y104.773 E640.82024
G1 X135.32 Y105.338 E640.83903
G1 X129.945 Y99.964 E641.09183
G1 X129.602 Y100.186 E641.10542
G1 X135.32 Y105.904 E641.37438
G1 X135.32 Y106.47 E641.3932
G1 X129.26 Y100.41 E641.67824
G1 X128.836 Y100.552 E641.69312
G1 X135.32 Y107.035 E641.99808
G1 X135.32 Y107.601 E642.01691
G1 X128.411 Y100.692 E642.34188
G1 X127.974 Y100.821 E642.35704
G1 X135.32 Y108.167 E642.70257
G1 X135.32 Y108.733 E642.7214
G1 X127.447 Y100.86 E643.09172
G1 X126.866 Y100.845 E643.11105
G1 X135.32 Y109.298 E643.50868
G1 X135.32 Y109.864 E643.5275
G1 X126.182 Y100.726 E643.95732
G1 X125.846 Y100.667 E643.96867
G1 X125.328 Y100.438 E643.98751
G0 F4800 X101.042 Y76.152
G1 F1800 X123.199 Y98.308 E645.02968
G1 X123.522 Y98.91 E645.0524
G1 X124.101 Y99.608 E645.08257
G1 X124.995 Y100.29 E645.11997
G0 F4800 X125.328 Y100.438
G1 F1800 X135.32 Y110.43 E645.58996
G1 X135.32 Y110.995 E645.60875
G1 X100.476 Y76.152 E647.24768
G1 X99.911 Y76.152 E647.26648
G1 X113.933 Y90.174 E647.92603
G1 X113.068 Y89.789 E647.95752
G1 X112.978 Y89.785 E647.96051
G1 X99.345 Y76.152 E648.60177
G1 X98.779 Y76.152 E648.62059
G1 X112.385 Y89.757 E649.26056
G1 X111.792 Y89.73 E649.2803
G1 X98.214 Y76.152 E649.91897
G1 X97.648 Y76.152 E649.93779
G1 X111.294 Y89.798 E650.57966
G1 X110.826 Y89.895 E650.59555
G1 X97.082 Y76.152 E651.24201
G1 X96.517 Y76.152 E651.2608
G1 X110.393 Y90.028 E651.91348
G1 X110.018 Y90.219 E651.92748
G1 X95.951 Y76.152 E652.58915
G1 X95.385 Y76.152 E652.60797
G1 X109.643 Y90.409 E653.2786
G1 X109.296 Y90.628 E653.29225
G1 X94.819 Y76.152 E653.97318
G1 X94.254 Y76.152 E653.99197
G1 X109.003 Y90.901 E654.68572
G1 X108.711 Y91.174 E654.69902
G1 X93.688 Y76.152 E655.40563
G1 X93.122 Y76.152 E655.42445
G1 X108.452 Y91.481 E656.14551
G1 X108.221 Y91.816 E656.15904
G1 X92.557 Y76.152 E656.89583
G1 X91.991 Y76.152 E656.91465
G1 X107.989 Y92.15 E657.66715
G1 X107.846 Y92.357 E657.67552
G1 X107.832 Y92.558 E657.68222
G1 X91.425 Y76.152 E658.45393
G1 X90.86 Y76.152 E658.47272
G1 X107.699 Y92.991 E659.26478
G1 X107.587 Y93.445 E659.28033
G1 X90.294 Y76.152 E660.09374
G1 X89.728 Y76.152 E660.11256
G1 X107.537 Y93.96 E660.95022
G1 X107.548 Y94.537 E660.96942
G1 X89.163 Y76.152 E661.83419
G1 X88.652 Y76.152 E661.85119
G1 X88.652 Y76.207 E661.85302
G0 F4800 X114.547 Y90.447
G1 F1800 X115.425 Y91.303 E661.8938
G1 X116.075 Y92.261 E661.93231
G1 X116.098 Y92.34 E661.93504
G1 X135.32 Y111.561 E662.83916
G1 X135.32 Y112.127 E662.85799
G1 X116.342 Y93.149 E663.75065
G1 X116.39 Y93.306 E663.75611
G1 X116.444 Y93.817 E663.77321
G1 X135.32 Y112.692 E664.66105
G1 X135.32 Y113.258 E664.67988
G1 X116.461 Y94.399 E665.56695
G1 X116.412 Y94.916 E665.58422
G1 X135.32 Y113.824 E666.47359
G1 X135.32 Y114.389 E666.49238
G1 X116.306 Y95.375 E667.38675
G1 X116.174 Y95.809 E667.40183
G1 X135.32 Y114.955 E668.3024
G1 X135.32 Y115.521 E668.32123
G1 X115.991 Y96.192 E669.2304
G1 X115.776 Y96.543 E669.24409
G1 X135.32 Y116.086 E670.16336
G1 X135.32 Y116.652 E670.18219
G1 X115.562 Y96.894 E671.11154
G1 X115.309 Y97.207 E671.12493
G1 X135.32 Y117.218 E672.06618
G1 X135.32 Y117.783 E672.08498
G1 X115.02 Y97.484 E673.0398
G1 X114.718 Y97.748 E673.05314
G1 X135.32 Y118.349 E674.02217
G1 X135.32 Y118.915 E674.041
G1 X114.377 Y97.972 E675.02609
G1 X114.036 Y98.197 E675.03968
G1 X135.32 Y119.481 E676.04082
G1 X135.32 Y120.046 E676.05961
G1 X131.646 Y116.372 E676.23242
G1 X131.852 Y116.672 E676.24453
G1 X132.042 Y117.334 E676.26743
G1 X135.32 Y120.612 E676.42162
G1 X135.32 Y121.178 E676.44045
G1 X132.107 Y117.965 E676.59158
G1 X132.069 Y118.493 E676.60918
G1 X135.32 Y121.743 E676.76208
G1 X135.32 Y122.309 E676.7809
G1 X131.946 Y118.935 E676.9396
G1 X131.8 Y119.355 E676.95439
G1 X135.32 Y122.875 E677.11996
G1 X135.32 Y123.44 E677.13876
G1 X131.562 Y119.683 E677.3155
G1 X131.311 Y119.997 E677.32887
G1 X135.32 Y124.006 E677.51744
G1 X135.32 Y124.572 E677.53626
G1 X131.028 Y120.28 E677.73815
G1 X130.672 Y120.49 E677.75189
G1 X135.32 Y125.137 E677.9705
G1 X135.32 Y125.703 E677.98932
G1 X130.317 Y120.7 E678.22465
G1 X129.898 Y120.847 E678.23942
G1 X135.32 Y126.269 E678.49445
G1 X135.32 Y126.834 E678.51324
G1 X129.385 Y120.9 E678.79238
G1 X128.873 Y120.953 E678.8095
G1 X135.32 Y127.4 E679.11275
G1 X135.32 Y127.966 E679.13158
G1 X128.072 Y120.718 E679.4725
G1 X127.67 Y120.583 E679.4866
G1 X126.881 Y119.93 E679.52067
G1 X126.881 Y120.093 E679.52609
G0 F4800 X126.701 Y118.221
G0 X126.762 Y117.368
G0 X127.107 Y116.604
G0 X127.546 Y116.105
G0 X128.374 Y115.626
G0 X130.741 Y115.467
G1 F1800 X113.618 Y98.344 E680.3315
G1 X113.193 Y98.485 E680.3464
G1 X129.774 Y115.066 E681.12632
G1 X129.495 Y114.979 E681.13604
G1 X129.154 Y115.012 E681.14743
G1 X112.758 Y98.616 E681.91865
G1 X112.231 Y98.654 E681.93622
G1 X128.64 Y115.064 E682.70807
G1 X128.148 Y115.137 E682.72462
G1 X111.663 Y98.652 E683.50002
G1 X110.972 Y98.527 E683.52338
G1 X125.707 Y113.262 E684.21647
G1 X125.198 Y113.119 E684.23405
G1 X124.999 Y113.119 E684.24067
G0 F4800 X88.652 Y76.207
G1 F1800 X107.634 Y95.189 E685.13353
G0 F4800 X108.942 Y96.688
G0 X126.712 Y114.267
G1 F1800 X127.79 Y115.345 E685.18423
G0 F4800 X109.248 Y97.04
G0 X107.634 Y95.189
G1 F1800 X107.881 Y96.002 E685.21249
G0 F4800 X127.79 Y115.345
G1 F1800 X127.431 Y115.552 E685.22627
G1 X126.88 Y115 E685.25222
G1 X126.88 Y115.567 E685.27107
G0 F4800 X126.399 Y114.651
G0 X124.999 Y113.119
G1 F1800 X110.134 Y98.255 E685.97025
G0 F4800 X107.881 Y96.002
G1 F1800 X88.652 Y76.773 E686.87473
G0 F4800 X109.73 Y98.072
G1 F1800 X108.889 Y97.437 E686.90978
G1 X108.289 Y96.719 E686.9409
G1 X107.937 Y96.075 E686.96531
G1 X107.881 Y96.002 E686.96837
G0 F4800 X88.652 Y76.773
G1 F1800 X88.652 Y77.338 E686.98716
G1 X124.433 Y113.119 E688.67019
G1 X123.867 Y113.119 E688.68902
G1 X88.652 Y77.904 E690.34542
G1 X88.652 Y78.47 E690.36425
G1 X123.302 Y113.119 E691.99405
G1 X122.736 Y113.119 E692.01288
G1 X88.652 Y79.035 E693.61608
G1 X88.652 Y79.601 E693.63491
G1 X122.17 Y113.119 E695.21149
G1 X121.605 Y113.119 E695.23029
G1 X88.652 Y80.167 E696.78027
G1 X88.652 Y80.733 E696.7991
G1 X121.039 Y113.119 E698.32246
G1 X120.473 Y113.119 E698.34128
G1 X88.652 Y81.298 E699.83804
G1 X88.652 Y81.864 E699.85687
G0 F4800 X125.451 Y113.654
G0 X126.257 Y114.46
G0 X126.88 Y115.567
G1 F1800 X127.134 Y115.821 E699.86882
G1 X126.881 Y116.069 E699.8806
G0 F4800 X126.346 Y114.549
G0 X125.621 Y113.824
G0 X88.652 Y81.864
G1 F1800 X119.908 Y113.119 E701.35076
G1 X119.342 Y113.119 E701.36959
G0 F4800 X125.451 Y113.654
G0 X126.346 Y114.549
G0 X126.881 Y120.093
G1 F1800 X135.32 Y128.532 E701.76653
G1 X135.32 Y129.097 E701.78533
G0 F4800 X126.34 Y118.968
G0 X126.346 Y114.549
G0 X125.621 Y113.824
G0 X99.322 Y92.654
G1 F1800 X100.216 Y93.54 E701.82719
G1 X100.835 Y94.462 E701.86412
G1 X100.901 Y94.678 E701.87164
G0 F4800 X125.451 Y113.654
G0 X126.346 Y114.549
G0 X126.341 Y118.863
G0 X131.055 Y124.546
G1 F1800 X131.841 Y125.524 E701.91337
G1 X131.878 Y125.656 E701.91793
G0 F4800 X126.34 Y119.058
G0 X126.346 Y114.549
G0 X125.451 Y113.654
G0 X119.342 Y113.119
G1 F1800 X100.901 Y94.678 E702.78534
G0 F4800 X125.451 Y113.654
G0 X126.346 Y114.549
G0 X126.341 Y119.058
G0 X135.32 Y129.097
G1 F1800 X131.878 Y125.656 E702.94721
G0 F4800 X126.341 Y119.058
G0 X126.346 Y114.549
G0 X125.621 Y113.824
G0 X100.901 Y94.678
G1 F1800 X101.15 Y95.493 E702.97556
G0 F4800 X125.451 Y113.654
G0 X126.346 Y114.549
G0 X126.341 Y119.122
G0 X130.415 Y124.193
G1 F1800 X126.881 Y120.659 E703.14179
G0 F4800 X126.346 Y114.549
G0 X125.621 Y113.824
G0 X98.519 Y92.297
G1 F1800 X88.652 Y82.43 E703.6059
G0 F4800 X125.451 Y113.654
G0 X126.346 Y114.549
G0 X126.881 Y120.659
G1 F1800 X126.881 Y121.224 E703.62469
G1 X129.609 Y123.952 E703.75301
G1 X129.002 Y123.88 E703.77334
G1 X128.976 Y123.884 E703.77421
G1 X126.881 Y121.79 E703.87273
G1 X126.881 Y122.356 E703.89156
G1 X128.5 Y123.974 E703.96769
G1 X128.056 Y124.096 E703.983
G1 X126.881 Y122.921 E704.03827
G1 X126.881 Y123.487 E704.0571
G1 X127.696 Y124.302 E704.09543
G1 X127.345 Y124.517 E704.10912
G1 X126.881 Y124.053 E704.13095
G1 X126.881 Y124.618 E704.14974
G1 X127.059 Y124.796 E704.15811
G0 F4800 X126.346 Y114.549
G0 X125.621 Y113.824
G0 X88.652 Y82.43
G1 F1800 X88.652 Y82.995 E704.1769
G1 X97.712 Y92.055 E704.60306
G1 X97.022 Y91.931 E704.62637
G1 X88.652 Y83.561 E705.02007
G1 X88.652 Y84.127 E705.0389
G1 X96.468 Y91.942 E705.40652
G1 X95.941 Y91.981 E705.42409
G1 X88.652 Y84.692 E705.76694
G1 X88.652 Y85.258 E705.78577
G1 X95.519 Y92.125 E706.10877
G1 X95.097 Y92.268 E706.12359
G1 X88.652 Y85.824 E706.42672
G1 X88.652 Y86.389 E706.44551
G1 X94.675 Y92.412 E706.72882
G1 X94.335 Y92.638 E706.7424
G1 X88.652 Y86.955 E707.00971
G1 X88.652 Y87.521 E707.02853
G1 X94.004 Y92.873 E707.28027
G1 X93.711 Y93.146 E707.29359
G1 X88.652 Y88.086 E707.53158
G1 X88.652 Y88.652 E707.5504
G1 X93.419 Y93.419 E707.77463
G1 X93.171 Y93.736 E707.78801
G1 X88.652 Y89.218 E708.00055
G1 X88.652 Y89.783 E708.01934
G1 X92.94 Y94.071 E708.22104
G1 X92.71 Y94.407 E708.23458
G1 X88.652 Y90.349 E708.42545
G1 X88.652 Y90.915 E708.44428
G1 X92.569 Y94.832 E708.62852
G1 X92.436 Y95.264 E708.64356
G1 X88.652 Y91.481 E708.82152
G1 X88.652 Y92.046 E708.84031
G1 X92.339 Y95.733 E709.01374
G1 X92.288 Y96.248 E709.03095
G1 X88.652 Y92.612 E709.20198
G1 X88.652 Y93.178 E709.2208
G1 X92.318 Y96.844 E709.39324
G1 X92.433 Y97.524 E709.41618
G1 X88.652 Y93.743 E709.59403
G1 X88.652 Y94.309 E709.61285
G0 F4800 X94.008 Y99.24
G0 X94.788 Y99.828
G0 X125.451 Y113.654
G0 X126.346 Y114.549
G0 X126.344 Y118.571
G0 X131.878 Y125.656
G1 F1800 X132.102 Y126.446 E709.64016
G0 F4800 X130.704 Y124.955
G0 X126.339 Y120.683
G0 X126.346 Y114.549
G0 X125.621 Y113.824
G0 X101.15 Y95.493
G1 F1800 X118.776 Y113.119 E710.46923
G0 F4800 X125.451 Y113.654
G0 X126.346 Y114.549
G0 X126.338 Y120.682
G0 X129.874 Y124.143
G0 X132.102 Y126.446
G1 F1800 X135.32 Y129.663 E710.62058
G0 F4800 X130.704 Y124.955
G0 X126.339 Y120.682
G0 X126.346 Y114.549
G0 X125.451 Y113.654
G0 X118.776 Y113.119
G1 F1800 X118.211 Y113.119 E710.63937
G1 X101.215 Y96.124 E711.43878
G1 X101.213 Y96.688 E711.45754
G1 X117.645 Y113.119 E712.23043
G1 X117.079 Y113.119 E712.24926
G1 X101.161 Y97.201 E712.99799
G1 X101.043 Y97.649 E713.0134
G1 X116.514 Y113.119 E713.74108
G1 X115.948 Y113.119 E713.75991
G1 X100.909 Y98.081 E714.46727
G1 X100.711 Y98.448 E714.48114
G1 X115.382 Y113.119 E715.17122
G1 X114.816 Y113.119 E715.19005
G1 X100.499 Y98.802 E715.86347
G1 X100.287 Y99.155 E715.87717
G1 X114.251 Y113.119 E716.53399
G1 X113.685 Y113.119 E716.55282
G1 X100.02 Y99.455 E717.19556
G1 X99.731 Y99.731 E717.20885
G1 X113.119 Y113.119 E717.83858
G1 X112.554 Y113.119 E717.85737
G1 X99.42 Y99.986 E718.47513
G1 X99.078 Y100.21 E718.48873
G1 X111.988 Y113.119 E719.09595
G1 X111.422 Y113.119 E719.11478
G1 X98.732 Y100.429 E719.71167
G1 X98.306 Y100.568 E719.72658
G1 X110.857 Y113.119 E720.31694
G1 X110.291 Y113.119 E720.33576
G1 X97.88 Y100.708 E720.91954
G1 X97.432 Y100.826 E720.93495
G1 X109.725 Y113.119 E721.51317
G1 X109.16 Y113.119 E721.53196
G1 X96.905 Y100.865 E722.10838
G1 X96.306 Y100.831 E722.12833
G1 X108.594 Y113.119 E722.70632
G1 X108.028 Y113.119 E722.72515
G1 X95.621 Y100.712 E723.30874
G1 X95.368 Y100.667 E723.31728
G1 X94.728 Y100.385 E723.34054
G0 F4800 X125.451 Y113.654
G0 X126.346 Y114.549
G0 X126.342 Y123.187
G0 X129.92 Y124.529
G0 X130.626 Y124.912
G0 X135.32 Y129.663
G1 F1800 X135.32 Y130.229 E723.35937
G1 X132.097 Y127.006 E723.51097
G1 X132.052 Y127.527 E723.52836
G1 X135.32 Y130.794 E723.68206
G1 X135.32 Y131.36 E723.70088
G1 X131.907 Y127.947 E723.86142
G1 X131.747 Y128.353 E723.87593
G1 X135.32 Y131.926 E724.044
G1 X135.32 Y132.491 E724.06279
G1 X131.496 Y128.667 E724.24266
G1 X131.245 Y128.982 E724.25605
G1 X135.32 Y133.057 E724.44773
G1 X135.32 Y133.623 E724.46655
G1 X130.938 Y129.241 E724.67267
G1 X130.58 Y129.449 E724.68644
G1 X135.32 Y134.188 E724.90937
G1 X135.32 Y134.754 E724.9282
G1 X130.223 Y129.657 E725.16794
G1 X129.762 Y129.762 E725.18367
G1 X135.32 Y135.32 E725.4451
G1 X135.32 Y135.885 E725.46389
G1 X129.248 Y129.813 E725.7495
G1 X128.688 Y129.82 E725.76813
G1 X135.32 Y136.451 E726.08005
G1 X135.32 Y137.017 E726.09888
G1 X127.845 Y129.542 E726.45048
G1 X127.672 Y129.485 E726.45654
G1 X126.881 Y128.83 E726.4907
G1 X126.88 Y129.142 E726.50107
G1 X135.32 Y137.582 E726.89807
G1 X135.32 Y138.148 E726.91689
G1 X126.772 Y129.6 E727.31896
G1 X126.572 Y129.966 E727.33283
G1 X135.32 Y138.714 E727.74431
G1 X135.32 Y139.28 E727.76314
G1 X126.296 Y130.255 E728.18762
G1 X126.012 Y130.538 E728.20096
G1 X135.32 Y139.845 E728.63876
G1 X135.32 Y140.411 E728.65758
G1 X125.669 Y130.76 E729.11153
G1 X125.22 Y130.877 E729.12697
G1 X135.32 Y140.977 E729.60204
G1 X135.32 Y141.542 E729.62083
G1 X124.654 Y130.877 E730.1225
G1 X124.089 Y130.877 E730.1413
G1 X135.32 Y142.108 E730.66957
G1 X135.32 Y142.674 E730.68839
G1 X123.523 Y130.877 E731.24329
G1 X122.957 Y130.877 E731.26211
G1 X135.32 Y143.239 E731.84361
G1 X135.32 Y143.805 E731.86243
G1 X122.392 Y130.877 E732.47053
G1 X121.826 Y130.877 E732.48935
G1 X135.32 Y144.371 E733.12407
G1 X135.32 Y144.936 E733.14286
G1 X121.26 Y130.877 E733.80417
G1 X120.695 Y130.877 E733.82297
G1 X135.32 Y145.502 E734.51088
G1 X135.32 Y146.068 E734.52971
G1 X120.129 Y130.877 E735.24425
G1 X119.563 Y130.877 E735.26307
G1 X135.32 Y146.633 E736.00421
G1 X135.32 Y147.199 E736.02303
G1 X118.998 Y130.877 E736.79077
G1 X118.432 Y130.877 E736.8096
G1 X135.32 Y147.765 E737.60396
G1 X135.32 Y147.82 E737.60578
G1 X134.808 Y147.819 E737.62281
G1 X117.866 Y130.877 E738.41971
G1 X117.301 Y130.877 E738.43851
G1 X134.243 Y147.819 E739.23541
G1 X133.677 Y147.819 E739.25423
G1 X116.735 Y130.877 E740.05113
G1 X116.17 Y130.878 E740.06992
G1 X133.111 Y147.819 E740.86677
G1 X132.546 Y147.819 E740.88557
G1 X115.604 Y130.878 E741.68244
G1 X115.038 Y130.878 E741.70127
G1 X131.98 Y147.819 E742.49814
G1 X131.414 Y147.819 E742.51697
G1 X114.473 Y130.878 E743.31382
G1 X113.907 Y130.878 E743.33265
G1 X130.849 Y147.819 E744.12952
G1 X130.283 Y147.819 E744.14835
G1 X113.341 Y130.878 E744.94523
G1 X112.776 Y130.878 E744.96402
G1 X129.717 Y147.819 E745.76087
G1 X129.152 Y147.819 E745.77966
G1 X112.21 Y130.878 E746.57654
G1 X111.644 Y130.878 E746.59536
G1 X128.586 Y147.819 E747.39224
G1 X128.02 Y147.819 E747.41106
G1 X111.079 Y130.878 E748.20792
G1 X110.513 Y130.878 E748.22674
G1 X127.455 Y147.819 E749.02362
G1 X126.889 Y147.819 E749.04244
G1 X109.947 Y130.878 E749.83932
G1 X109.382 Y130.878 E749.85811
G1 X126.323 Y147.819 E750.65497
G1 X125.758 Y147.819 E750.67376
G1 X108.816 Y130.878 E751.47063
G1 X108.25 Y130.878 E751.48946
G1 X125.192 Y147.819 E752.28633
G1 X124.626 Y147.819 E752.30516
G1 X107.685 Y130.878 E753.10201
G1 X107.12 Y130.878 E753.1208
G1 X124.06 Y147.819 E753.91763
G1 X123.495 Y147.819 E753.93643
G1 X106.554 Y130.878 E754.73328
G1 X105.988 Y130.878 E754.7521
G1 X122.929 Y147.819 E755.54896
G1 X122.363 Y147.819 E755.56778
G1 X105.423 Y130.878 E756.36461
G1 X104.857 Y130.878 E756.38344
G1 X121.798 Y147.819 E757.18029
G1 X121.232 Y147.819 E757.19911
G1 X104.291 Y130.878 E757.99597
G1 X103.725 Y130.878 E758.01479
G1 X120.666 Y147.819 E758.81164
G1 X120.101 Y147.819 E758.83044
G1 X103.16 Y130.878 E759.62729
G1 X102.594 Y130.878 E759.64611
G1 X119.535 Y147.819 E760.44297
G1 X118.969 Y147.819 E760.46179
G1 X102.028 Y130.878 E761.25865
G1 X101.463 Y130.878 E761.27744
G1 X118.404 Y147.819 E762.07429
G1 X117.838 Y147.819 E762.09312
G1 X100.897 Y130.878 E762.88997
G1 X100.331 Y130.878 E762.90879
G1 X117.272 Y147.819 E763.70565
G1 X116.707 Y147.819 E763.72444
G1 X99.766 Y130.878 E764.52129
G1 X99.2 Y130.878 E764.54012
G1 X116.141 Y147.819 E765.33697
G1 X115.575 Y147.819 E765.35579
G1 X98.539 Y130.783 E766.15711
G1 X98.034 Y130.586 E766.17514
G1 X97.275 Y129.827 E766.21084
G1 X97.16 Y129.97 E766.21695
G1 X115.01 Y147.819 E767.05653
G1 X114.444 Y147.819 E767.07536
G1 X96.909 Y130.284 E767.90015
G1 X96.587 Y130.528 E767.91359
G1 X113.878 Y147.819 E768.7269
G1 X113.312 Y147.819 E768.74573
G1 X96.228 Y130.735 E769.54931
G1 X95.87 Y130.942 E769.56306
G1 X112.747 Y147.819 E770.35691
G1 X112.181 Y147.819 E770.37573
G1 X95.39 Y131.028 E771.16553
G1 X94.873 Y131.077 E771.1828
G1 X111.615 Y147.819 E771.97029
G1 X111.05 Y147.819 E771.98908
G1 X94.276 Y131.046 E772.77806
G1 X93.428 Y130.763 E772.80779
G0 F4800 X92.628 Y129.181
G0 X92.401 Y128.381
G0 X94.728 Y100.385
G1 F1800 X107.463 Y113.119 E773.40678
G1 X106.897 Y113.119 E773.42561
G0 F4800 X88.652 Y94.309
G1 F1800 X92.791 Y98.448 E773.6203
G1 X93.057 Y98.933 E773.63869
G1 X93.636 Y99.626 E773.66873
G1 X94.522 Y100.294 E773.70563
G0 F4800 X106.897 Y113.119
G1 F1800 X88.652 Y94.875 E774.5638
G1 X88.652 Y95.44 E774.58259
G1 X106.331 Y113.119 E775.41416
G1 X105.765 Y113.119 E775.43298
G1 X88.652 Y96.006 E776.23793
G1 X88.652 Y96.572 E776.25675
G1 X105.2 Y113.119 E777.0351
G1 X104.634 Y113.119 E777.05392
G1 X88.652 Y97.137 E777.80566
G1 X88.652 Y97.703 E777.82449
G1 X104.068 Y113.119 E778.54961
G1 X103.503 Y113.119 E778.5684
G1 X88.652 Y98.269 E779.26693
G1 X88.652 Y98.834 E779.28572
G1 X102.937 Y113.119 E779.95764
G1 X102.371 Y113.119 E779.97647
G1 X88.652 Y99.4 E780.62176
G1 X88.652 Y99.966 E780.64059
G1 X101.806 Y113.119 E781.25929
G1 X101.24 Y113.119 E781.27812
G1 X88.652 Y100.531 E781.87022
G1 X88.652 Y101.097 E781.88904
G1 X100.674 Y113.119 E782.45452
G1 X100.109 Y113.119 E782.47331
G1 X88.652 Y101.663 E783.01219
G1 X88.652 Y102.229 E783.03102
G1 X99.543 Y113.119 E783.54327
G1 X98.977 Y113.119 E783.5621
G1 X88.652 Y102.794 E784.04775
G1 X88.652 Y103.36 E784.06658
G1 X98.491 Y113.199 E784.52937
G1 X98.087 Y113.361 E784.54385
G1 X88.652 Y103.926 E784.98765
G1 X88.652 Y104.491 E785.00644
G1 X97.804 Y113.643 E785.43692
G1 X97.521 Y113.926 E785.45023
G1 X88.652 Y105.057 E785.8674
G1 X88.652 Y105.623 E785.88623
G1 X97.3 Y114.271 E786.293
G1 X97.12 Y114.656 E786.30714
G1 X88.652 Y106.188 E786.70545
G1 X88.652 Y106.754 E786.72427
G1 X97.12 Y115.222 E787.12258
G1 X97.12 Y115.787 E787.14137
G1 X88.652 Y107.32 E787.53966
G1 X88.652 Y107.885 E787.55845
G1 X97.12 Y116.353 E787.95676
G1 X97.12 Y116.919 E787.97558
G1 X88.652 Y108.451 E788.37389
G1 X88.652 Y109.017 E788.39272
G1 X97.12 Y117.484 E788.791
G1 X97.12 Y118.05 E788.80983
G1 X88.652 Y109.582 E789.20814
G1 X88.652 Y110.148 E789.22696
G1 X97.12 Y118.616 E789.62527
G1 X97.12 Y119.181 E789.64406
G1 X88.652 Y110.714 E790.04235
G1 X88.652 Y111.28 E790.06117
G1 X97.12 Y119.747 E790.45946
G1 X97.12 Y120.313 E790.47828
G1 X88.652 Y111.845 E790.87659
G1 X88.652 Y112.411 E790.89542
G1 X97.12 Y120.878 E791.2937
G1 X97.12 Y121.444 E791.31253
G1 X88.652 Y112.977 E791.71081
G1 X88.652 Y113.542 E791.72961
G1 X97.12 Y122.01 E792.12791
G1 X97.12 Y122.576 E792.14674
G1 X88.652 Y114.108 E792.54505
G1 X88.652 Y114.674 E792.56387
G1 X97.12 Y123.141 E792.96216
G1 X97.12 Y123.707 E792.98098
G1 X88.652 Y115.239 E793.37929
G1 X88.652 Y115.805 E793.39812
G1 X97.12 Y124.273 E793.79643
G1 X97.12 Y124.838 E793.81522
G1 X88.652 Y116.371 E794.2135
G1 X88.652 Y116.936 E794.2323
G1 X97.12 Y125.404 E794.6306
G1 X97.12 Y125.97 E794.64943
G1 X88.652 Y117.502 E795.04774
G1 X88.652 Y118.068 E795.06656
G1 X95.961 Y125.377 E795.41036
G1 X95.184 Y125.137 E795.4374
G1 X95.157 Y125.139 E795.4383
G1 X88.652 Y118.633 E795.7443
G1 X88.652 Y119.199 E795.76313
G1 X94.645 Y125.192 E796.04502
G1 X94.132 Y125.245 E796.06217
G1 X88.652 Y119.765 E796.31994
G1 X88.652 Y120.33 E796.33873
G1 X93.704 Y125.382 E796.57636
G1 X93.344 Y125.589 E796.59017
G1 X88.652 Y120.896 E796.81089
G1 X88.652 Y121.462 E796.82972
G1 X92.985 Y125.795 E797.03353
G1 X92.707 Y126.083 E797.04684
G1 X88.652 Y122.028 E797.23758
G1 X88.652 Y122.593 E797.25637
G1 X92.437 Y126.378 E797.4344
G1 X92.233 Y126.74 E797.44822
G1 X88.652 Y123.159 E797.61666
G1 X88.652 Y123.725 E797.63549
G1 X92.055 Y127.128 E797.79556
G1 X91.925 Y127.563 E797.81066
G1 X88.652 Y124.29 E797.96461
G1 X88.652 Y124.856 E797.98343
G1 X91.889 Y128.092 E798.13567
G1 X91.866 Y128.428 E798.14687
G1 X91.945 Y128.715 E798.15677
G1 X88.652 Y125.422 E798.31166
G1 X88.652 Y125.987 E798.33045
G1 X92.267 Y129.602 E798.50049
G0 F4800 X93.428 Y130.763
G1 F1800 X110.484 Y147.819 E799.30275
G0 F4800 X93.371 Y130.744
G1 F1800 X92.725 Y130.209 E799.33065
G1 X92.267 Y129.602 E799.35594
G0 F4800 X110.484 Y147.819
G1 F1800 X109.918 Y147.819 E799.37477
G1 X88.652 Y126.553 E800.37506
G1 X88.652 Y127.119 E800.39388
G1 X109.353 Y147.819 E801.36757
G1 X108.787 Y147.819 E801.38639
G1 X88.652 Y127.684 E802.33348
G1 X88.652 Y128.25 E802.35231
G1 X108.221 Y147.819 E803.27277
G1 X107.656 Y147.819 E803.29157
G1 X88.652 Y128.816 E804.18543
G1 X88.652 Y129.381 E804.20422
G1 X107.09 Y147.819 E805.07149
G1 X106.524 Y147.819 E805.09032
G1 X88.652 Y129.947 E805.93096
G1 X88.652 Y130.513 E805.94979
G1 X105.959 Y147.819 E806.76383
G1 X105.393 Y147.819 E806.78266
G1 X88.652 Y131.079 E807.57008
G1 X88.652 Y131.644 E807.58887
G1 X104.827 Y147.819 E808.34969
G1 X104.261 Y147.819 E808.36852
G1 X88.652 Y132.21 E809.10272
G1 X88.652 Y132.776 E809.12154
G1 X103.696 Y147.819 E809.82914
G1 X103.13 Y147.819 E809.84797
G1 X88.652 Y133.341 E810.52897
G1 X88.652 Y133.907 E810.54779
G1 X102.564 Y147.819 E811.20217
G1 X101.999 Y147.819 E811.22096
G1 X88.652 Y134.473 E811.84874
G1 X88.652 Y135.038 E811.86753
G1 X101.433 Y147.819 E812.46871
G1 X100.867 Y147.819 E812.48754
G1 X88.652 Y135.604 E813.06209
G1 X88.652 Y136.17 E813.08092
G1 X100.302 Y147.819 E813.62888
G1 X99.736 Y147.819 E813.6477
G1 X88.652 Y136.735 E814.16906
G1 X88.652 Y137.301 E814.18788
G1 X99.17 Y147.819 E814.68262
G1 X98.605 Y147.819 E814.70141
G1 X88.652 Y137.867 E815.16955
G1 X88.652 Y138.432 E815.18834
G1 X98.039 Y147.819 E815.62987
G1 X97.473 Y147.819 E815.6487
G1 X88.652 Y138.998 E816.06361
G1 X88.652 Y139.564 E816.08244
G1 X96.908 Y147.819 E816.47075
G1 X96.342 Y147.819 E816.48958
G1 X88.652 Y140.129 E816.85129
G1 X88.652 Y140.695 E816.87011
G1 X95.776 Y147.819 E817.20521
G1 X95.211 Y147.819 E817.224
G1 X88.652 Y141.261 E817.53249
G1 X88.652 Y141.827 E817.55131
G1 X94.645 Y147.819 E817.83318
G1 X94.079 Y147.819 E817.85201
G1 X88.652 Y142.392 E818.10728
G1 X88.652 Y142.958 E818.1261
G1 X93.513 Y147.819 E818.35475
G1 X92.948 Y147.819 E818.37354
G1 X88.652 Y143.524 E818.57559
G1 X88.652 Y144.089 E818.59438
G1 X92.382 Y147.819 E818.76983
G1 X91.816 Y147.819 E818.78865
G1 X88.652 Y144.655 E818.93748
G1 X88.652 Y145.221 E818.9563
G1 X91.251 Y147.819 E819.07853
G1 X90.685 Y147.819 E819.09736
G1 X88.652 Y145.786 E819.19298
G1 X88.652 Y146.352 E819.21181
G1 X90.119 Y147.819 E819.28081
G1 X89.554 Y147.819 E819.2996
G1 X88.652 Y146.918 E819.34201
G1 X88.652 Y147.483 E819.3608
G1 X88.988 Y147.819 E819.3766
G1 X88.653 Y147.819 E819.38774
G0 F4800 X125.451 Y130.346
G0 X126.346 Y129.451
G0 X126.881 Y124.969
G1 F1800 X127.059 Y124.796 E819.396
;MESH:NONMESH
G0 X127.059 Y124.796 Z0.8
G0 F4800 X126.346 Y114.549
G0 X125.451 Y113.654
G0 X97.519 Y100.84
;TIME_ELAPSED:1181.223992
;LAYER:3
;TYPE:WALL-INNER
;MESH:I2C_LED_BTN-Body.stl
G1 F2400 X96.631 Y100.903 E819.42561
G1 X95.562 Y100.748 E819.46154
G1 X94.319 Y100.259 E819.50596
G1 X93.188 Y99.156 E819.55851
G1 X92.516 Y98.059 E819.60129
G1 X92.277 Y96.867 E819.64173
G1 X92.271 Y95.951 E819.6722
G1 X92.459 Y95.038 E819.7032
G1 X93.007 Y93.888 E819.74557
G1 X93.854 Y92.885 E819.78923
G1 X95.103 Y92.204 E819.83655
G1 X95.988 Y91.963 E819.86706
G1 X96.904 Y91.89 E819.89762
G1 X98.177 Y92.119 E819.94064
G1 X99.025 Y92.498 E819.97153
G1 X99.931 Y93.19 E820.00945
G1 X100.697 Y94.202 E820.05166
G1 X101.02 Y94.921 E820.07788
G1 X101.26 Y96.114 E820.11836
G1 X101.232 Y96.919 E820.14515
G1 X100.955 Y98.121 E820.18617
G1 X100.174 Y99.407 E820.23621
G1 X99.235 Y100.163 E820.27631
G1 X98.436 Y100.578 E820.30626
G1 X97.519 Y100.84 E820.33798
G0 F4800 X97.452 Y100.445
G1 F2400 X96.64 Y100.496 E820.36504
G1 X95.664 Y100.358 E820.39782
G1 X94.542 Y99.917 E820.43792
G1 X93.503 Y98.904 E820.48618
G1 X92.893 Y97.909 E820.525
G1 X92.677 Y96.826 E820.56173
G1 X92.671 Y95.992 E820.58947
G1 X92.841 Y95.165 E820.61755
G1 X93.347 Y94.105 E820.65662
G1 X94.11 Y93.202 E820.69594
G1 X95.224 Y92.592 E820.73818
G1 X96.055 Y92.358 E820.76689
G1 X96.869 Y92.294 E820.79405
G1 X98.039 Y92.499 E820.83356
G1 X98.824 Y92.847 E820.86212
G1 X99.64 Y93.47 E820.89626
G1 X100.348 Y94.403 E820.93522
G1 X100.636 Y95.044 E820.95859
G1 X100.859 Y96.149 E820.99609
G1 X100.836 Y96.828 E821.01868
G1 X100.581 Y97.967 E821.0575
G1 X99.87 Y99.14 E821.10313
G1 X98.984 Y99.844 E821.14076
G1 X98.254 Y100.215 E821.168
G1 X97.452 Y100.445 E821.19575
G0 F4800 X97.412 Y100.041
G1 F2400 X96.656 Y100.096 E821.22096
G1 X95.768 Y99.965 E821.25082
G1 X94.756 Y99.567 E821.28698
G1 X93.817 Y98.651 E821.33061
G1 X93.272 Y97.761 E821.36532
G1 X93.076 Y96.786 E821.3984
G1 X93.072 Y96.031 E821.42351
G1 X93.223 Y95.296 E821.44847
G1 X93.685 Y94.325 E821.48424
G1 X94.369 Y93.514 E821.51952
G1 X95.403 Y92.955 E821.55862
G1 X96.122 Y92.752 E821.58347
G1 X96.854 Y92.696 E821.60788
G1 X97.927 Y92.884 E821.64412
G1 X98.618 Y93.193 E821.66929
G1 X99.336 Y93.737 E821.69925
G1 X99.995 Y94.603 E821.73545
G1 X100.252 Y95.161 E821.75588
G1 X100.458 Y96.185 E821.79062
G1 X100.44 Y96.777 E821.81032
G1 X100.204 Y97.821 E821.84592
G1 X99.559 Y98.875 E821.88702
G1 X98.767 Y99.508 E821.92074
G1 X98.108 Y99.843 E821.94533
G1 X97.412 Y100.041 E821.9694
G0 F4800 X97.495 Y100.343
G0 X111.859 Y98.704
G1 F2400 X110.778 Y98.539 E822.00577
G1 X109.571 Y98.061 E822.04895
G1 X108.434 Y96.963 E822.10152
G1 X107.756 Y95.859 E822.14461
G1 X107.516 Y94.662 E822.18521
G1 X107.514 Y93.731 E822.21618
G1 X107.703 Y92.83 E822.2468
G1 X108.245 Y91.69 E822.28878
G1 X109.084 Y90.699 E822.33197
G1 X110.334 Y90.007 E822.37949
G1 X111.243 Y89.752 E822.41089
G1 X112.355 Y89.705 E822.44791
G1 X113.414 Y89.918 E822.48384
G1 X114.248 Y90.29 E822.51421
G1 X115.152 Y90.97 E822.55183
G1 X115.939 Y92.01 E822.59521
G1 X116.26 Y92.721 E822.62116
G1 X116.496 Y93.908 E822.66141
G1 X116.482 Y94.651 E822.68613
G1 X116.193 Y95.921 E822.72945
G1 X115.434 Y97.184 E822.77846
G1 X114.451 Y97.98 E822.82053
G1 X113.64 Y98.388 E822.85072
G1 X112.784 Y98.639 E822.88039
G1 X111.859 Y98.704 E822.91123
G0 F4800 X111.882 Y98.296
G1 F2400 X110.89 Y98.153 E822.94457
G1 X109.776 Y97.713 E822.9844
G1 X108.729 Y96.681 E823.0333
G1 X108.133 Y95.71 E823.07119
G1 X107.916 Y94.622 E823.10809
G1 X107.913 Y93.774 E823.1363
G1 X108.091 Y92.946 E823.16447
G1 X108.576 Y91.928 E823.20197
G1 X109.349 Y91.007 E823.24196
G1 X110.459 Y90.395 E823.28412
G1 X111.298 Y90.15 E823.31319
G1 X112.306 Y90.106 E823.34675
G1 X113.29 Y90.307 E823.38016
G1 X114.061 Y90.648 E823.4082
G1 X114.869 Y91.258 E823.44187
G1 X115.595 Y92.216 E823.48185
G1 X115.876 Y92.843 E823.5047
G1 X116.096 Y93.944 E823.54204
G1 X116.082 Y94.608 E823.56413
G1 X115.817 Y95.776 E823.60397
G1 X115.124 Y96.923 E823.64854
G1 X114.22 Y97.652 E823.68717
G1 X113.494 Y98.015 E823.71416
G1 X112.713 Y98.243 E823.74122
G1 X111.882 Y98.296 E823.76892
G0 F4800 X111.897 Y97.896
G1 F2400 X110.997 Y97.766 E823.79916
G1 X109.994 Y97.366 E823.83508
G1 X109.066 Y96.455 E823.87833
G1 X108.52 Y95.575 E823.91278
G1 X108.316 Y94.583 E823.94646
G1 X108.312 Y93.823 E823.97174
G1 X108.465 Y93.102 E823.99625
G1 X108.929 Y92.12 E824.03238
G1 X109.609 Y91.318 E824.06735
G1 X110.64 Y90.756 E824.1064
G1 X111.367 Y90.551 E824.13153
G1 X112.285 Y90.506 E824.1621
G1 X113.168 Y90.688 E824.19208
G1 X113.863 Y90.997 E824.21738
G1 X114.597 Y91.558 E824.24811
G1 X115.228 Y92.392 E824.28289
G1 X115.493 Y92.967 E824.30395
G1 X115.696 Y94.003 E824.33906
G1 X115.678 Y94.587 E824.35849
G1 X115.441 Y95.626 E824.39394
G1 X114.8 Y96.671 E824.43471
G1 X113.992 Y97.318 E824.46914
G1 X113.348 Y97.643 E824.49313
G1 X112.642 Y97.847 E824.51758
G1 X111.897 Y97.896 E824.54241
G0 F4800 X111.851 Y98.207
G0 X126.037 Y100.746
G1 F2400 X124.801 Y100.261 E824.58657
G1 X123.682 Y99.169 E824.63857
G1 X123.005 Y98.076 E824.68134
G1 X122.763 Y96.866 E824.72238
G1 X122.752 Y95.941 E824.75315
G1 X122.945 Y95.035 E824.78395
G1 X123.48 Y93.907 E824.82548
G1 X124.326 Y92.892 E824.86943
G1 X125.594 Y92.2 E824.91747
G1 X126.5 Y91.954 E824.9487
G1 X127.365 Y91.892 E824.97754
G1 X128.64 Y92.111 E825.02057
G1 X129.505 Y92.498 E825.05209
G1 X130.398 Y93.174 E825.08934
G1 X131.188 Y94.212 E825.13272
G1 X131.529 Y95.066 E825.16331
G1 X131.739 Y96.112 E825.19879
G1 X131.721 Y96.868 E825.22394
G1 X131.435 Y98.125 E825.26682
G1 X130.663 Y99.4 E825.3164
G1 X129.679 Y100.191 E825.35839
G1 X128.875 Y100.59 E825.38824
G1 X128.039 Y100.834 E825.41721
G1 X127.109 Y100.905 E825.44823
G1 X126.037 Y100.746 E825.48427
G0 F4800 X126.164 Y100.361
G1 F2400 X125.023 Y99.912 E825.52505
G1 X123.983 Y98.904 E825.57323
G1 X123.38 Y97.923 E825.61153
G1 X123.161 Y96.824 E825.6488
G1 X123.152 Y95.985 E825.6767
G1 X123.318 Y95.178 E825.70411
G1 X123.829 Y94.102 E825.74373
G1 X124.588 Y93.204 E825.78283
G1 X125.729 Y92.582 E825.82605
G1 X126.531 Y92.353 E825.8538
G1 X127.387 Y92.296 E825.88233
G1 X128.547 Y92.508 E825.92155
G1 X129.295 Y92.849 E825.94889
G1 X130.111 Y93.458 E825.98276
G1 X130.756 Y94.306 E826.01819
G1 X131.112 Y95.02 E826.04473
G1 X131.339 Y96.154 E826.08319
G1 X131.31 Y96.873 E826.10713
G1 X131.058 Y97.975 E826.14473
G1 X130.355 Y99.135 E826.18984
G1 X129.464 Y99.85 E826.22784
G1 X128.73 Y100.217 E826.25513
G1 X127.961 Y100.441 E826.28177
G1 X127.123 Y100.496 E826.3097
G1 X126.164 Y100.361 E826.34192
G0 F4800 X126.245 Y99.968
G1 F2400 X125.25 Y99.577 E826.37747
G1 X124.297 Y98.653 E826.42162
G1 X123.754 Y97.759 E826.45641
G1 X123.559 Y96.783 E826.48952
G1 X123.552 Y96.061 E826.51353
G1 X123.705 Y95.29 E826.53967
G1 X124.163 Y94.332 E826.57499
G1 X124.855 Y93.512 E826.61068
G1 X125.86 Y92.965 E826.64873
G1 X126.597 Y92.75 E826.67427
G1 X127.335 Y92.696 E826.69888
G1 X128.397 Y92.885 E826.73476
G1 X129.092 Y93.194 E826.76006
G1 X129.827 Y93.745 E826.79061
G1 X130.438 Y94.548 E826.82417
G1 X130.731 Y95.153 E826.84653
G1 X130.938 Y96.186 E826.88157
G1 X130.916 Y96.804 E826.90214
G1 X130.683 Y97.822 E826.93687
G1 X130.051 Y98.865 E826.97743
G1 X129.244 Y99.514 E827.01188
G1 X128.586 Y99.844 E827.03636
G1 X127.889 Y100.045 E827.06049
G1 X127.13 Y100.096 E827.08579
G1 X126.245 Y99.968 E827.11553
G0 F4800 X126.132 Y100.256
G0 X126.532 Y117.795
G1 F2400 X126.524 Y117.972 E827.12223
G1 X126.557 Y118.554 E827.14564
G0 F4800 X126.532 Y126.695
G1 F2400 X126.524 Y126.872 E827.15235
G1 X126.557 Y127.454 E827.17576
G0 F4800 X126.346 Y129.451
G0 X125.451 Y130.346
G0 X112 Y130.896
G1 F2400 X98.8 Y130.897 E827.61479
G1 X98.064 Y130.646 E827.64066
G1 X97.285 Y129.854 E827.6776
G1 X97.058 Y130.175 E827.69068
G1 X96.027 Y130.919 E827.73297
G1 X95.072 Y131.118 E827.76541
G1 X94.263 Y131.095 E827.79233
G1 X93.127 Y130.595 E827.83361
G1 X92.367 Y129.855 E827.8689
G1 X91.936 Y128.919 E827.90317
G1 X91.839 Y128.056 E827.93205
G1 X92.006 Y127.102 E827.96427
G1 X92.46 Y126.304 E827.9948
G1 X93.392 Y125.469 E828.03642
G1 X94.397 Y125.14 E828.07159
G1 X95.356 Y125.189 E828.10353
G1 X95.925 Y125.343 E828.12314
G1 X96.485 Y125.63 E828.14407
G1 X97.1 Y126.109 E828.16999
G1 X97.1 Y114.619 E828.55215
G1 X97.432 Y113.986 E828.57593
G1 X98.015 Y113.414 E828.60309
G1 X98.303 Y113.233 E828.61441
G1 X98.801 Y113.103 E828.63152
G1 X125.136 Y113.1 E829.50743
G1 X125.715 Y113.241 E829.52725
G1 X126.07 Y113.489 E829.54165
G1 X126.543 Y113.965 E829.56397
G1 X126.777 Y114.324 E829.57823
G1 X126.9 Y114.691 E829.5911
G1 X126.901 Y116.02 E829.6353
G1 X127.691 Y115.309 E829.67065
G1 X128.694 Y114.98 E829.70576
G1 X129.775 Y115.034 E829.74176
G1 X130.096 Y115.117 E829.75279
G1 X131.015 Y115.587 E829.78712
G1 X131.754 Y116.42 E829.82416
G1 X132.119 Y117.522 E829.86277
G1 X132.149 Y117.888 E829.87498
G1 X132.003 Y118.977 E829.91152
G1 X131.439 Y119.956 E829.9491
G1 X130.54 Y120.604 E829.98596
G1 X130.136 Y120.801 E830.00091
G1 X129.371 Y120.958 E830.02689
G1 X128.529 Y120.92 E830.05492
G1 X127.596 Y120.51 E830.08882
G1 X127.135 Y120.183 E830.10761
G1 X126.901 Y119.931 E830.11905
G1 X126.901 Y124.92 E830.28499
G1 X127.473 Y124.405 E830.31059
G1 X127.971 Y124.117 E830.32972
G1 X128.694 Y123.879 E830.35504
G1 X129.942 Y123.945 E830.3966
G1 X131.015 Y124.488 E830.4366
G1 X131.754 Y125.32 E830.47361
G1 X132.119 Y126.422 E830.51222
G1 X132.149 Y126.788 E830.52444
G1 X132.003 Y127.877 E830.56098
G1 X131.439 Y128.856 E830.59856
G1 X130.326 Y129.659 E830.64421
G1 X129.379 Y129.863 E830.67643
G1 X128.535 Y129.823 E830.70453
G1 X127.438 Y129.34 E830.7444
G1 X126.901 Y128.832 E830.76898
G1 X126.845 Y129.49 E830.79095
G1 X126.502 Y130.079 E830.81362
G1 X125.989 Y130.583 E830.83754
G1 X125.564 Y130.822 E830.85375
G1 X125.224 Y130.895 E830.86532
G1 X112 Y130.896 E831.30515
G0 F4800 X112 Y130.098
G1 F2400 X98.857 Y130.099 E831.74229
G1 X98.54 Y129.991 E831.75343
G1 X98.003 Y129.448 E831.77883
G1 X97.905 Y129.179 E831.78835
G1 X97.905 Y114.817 E832.26603
G1 X98.027 Y114.529 E832.27644
G1 X98.569 Y113.986 E832.30195
G1 X98.815 Y113.905 E832.31057
G1 X125.116 Y113.9 E833.18534
G1 X125.416 Y113.973 E833.19561
G1 X125.994 Y114.543 E833.22261
G1 X126.1 Y114.801 E833.23189
G1 X126.099 Y129.13 E833.70847
G1 X126.023 Y129.427 E833.71867
G1 X125.441 Y130.009 E833.74605
G1 X125.153 Y130.098 E833.75607
G1 X112 Y130.098 E834.19354
G0 F4800 X112 Y130.41
G0 X98.549 Y130.346
G0 X97.654 Y129.451
G0 X97.418 Y128.862
G1 F2400 X97.472 Y127.984 E834.23085
G1 X97.445 Y127.652 E834.24422
G0 F4800 X97.654 Y129.451
G0 X98.549 Y130.346
G0 X112 Y130.498
G1 F2400 X98.829 Y130.498 E834.68229
G1 X98.3 Y130.318 E834.70088
G1 X97.671 Y129.678 E834.73072
G1 X97.392 Y128.883 E834.76015
G1 X96.818 Y129.856 E834.7996
G1 X95.848 Y130.546 E834.83919
G1 X94.937 Y130.739 E834.87017
G1 X94.293 Y130.663 E834.89173
G1 X93.34 Y130.253 E834.92624
G1 X92.697 Y129.616 E834.95634
G1 X92.326 Y128.81 E834.98585
G1 X92.242 Y128.077 E835.01039
G1 X92.387 Y127.241 E835.03861
G1 X92.763 Y126.57 E835.0642
G1 X93.596 Y125.823 E835.10141
G1 X94.449 Y125.543 E835.13127
G1 X95.336 Y125.589 E835.16081
G1 X95.742 Y125.699 E835.1748
G1 X96.466 Y126.07 E835.20186
G1 X97.068 Y126.748 E835.23413
G1 X97.445 Y127.652 E835.27338
G1 X97.5 Y126.927 E835.30089
G1 X97.5 Y114.805 E835.70407
G1 X97.664 Y114.318 E835.72116
G1 X98.372 Y113.621 E835.75421
G1 X98.829 Y113.502 E835.76991
G1 X125.281 Y113.5 E836.64971
G1 X125.751 Y113.735 E836.66719
G1 X126.245 Y114.232 E836.6905
G1 X126.5 Y114.749 E836.70967
G1 X126.5 Y117.235 E836.79235
G1 X126.532 Y117.795 E836.81246
G1 X126.699 Y117.068 E836.84012
G1 X127.026 Y116.443 E836.86493
G1 X127.885 Y115.673 E836.90406
G1 X128.747 Y115.382 E836.93432
G1 X129.854 Y115.441 E836.9712
G1 X130.77 Y115.913 E837.00547
G1 X131.402 Y116.627 E837.03718
G1 X131.767 Y117.73 E837.07583
G1 X131.617 Y118.848 E837.11334
G1 X131.135 Y119.681 E837.14535
G1 X130.171 Y120.378 E837.18492
G1 X129.322 Y120.561 E837.21381
G1 X128.63 Y120.527 E837.23685
G1 X127.757 Y120.144 E837.26856
G1 X127.428 Y119.91 E837.28198
G1 X126.923 Y119.295 E837.30845
G1 X126.557 Y118.554 E837.33999
G1 X126.517 Y118.832 E837.35111
G1 X126.5 Y119.387 E837.37041
G1 X126.5 Y126.135 E837.59485
G1 X126.532 Y126.695 E837.61495
G1 X126.699 Y125.968 E837.64261
G1 X127.026 Y125.343 E837.66742
G1 X127.74 Y124.703 E837.69995
G1 X128.096 Y124.497 E837.71363
G1 X128.748 Y124.283 E837.73646
G1 X129.84 Y124.34 E837.77283
G1 X130.769 Y124.811 E837.80747
G1 X131.401 Y125.525 E837.83918
G1 X131.767 Y126.63 E837.8779
G1 X131.617 Y127.748 E837.91542
G1 X131.136 Y128.581 E837.94741
G1 X130.16 Y129.287 E837.98748
G1 X129.268 Y129.477 E838.01781
G1 X128.594 Y129.411 E838.04033
G1 X127.644 Y128.995 E838.07483
G1 X127.009 Y128.37 E838.10668
G1 X126.557 Y127.454 E838.14813
G1 X126.517 Y127.732 E838.15925
G1 X126.5 Y128.287 E838.17855
G1 X126.499 Y129.15 E838.20725
G1 X126.372 Y129.643 E838.22418
G1 X125.728 Y130.288 E838.2545
G1 X125.189 Y130.497 E838.27373
G1 X112 Y130.498 E838.7124
G0 F4800 X125.451 Y130.346
G0 X126.346 Y129.451
G0 X126.346 Y127.278
G0 X128.6 Y120.416
G0 X128.726 Y120.133
G1 F2400 X127.793 Y119.723 E838.74629
G1 X127.286 Y119.127 E838.77232
G1 X127.017 Y118.539 E838.79382
G1 X126.944 Y117.938 E838.81396
G1 X127.052 Y117.317 E838.83492
G1 X127.337 Y116.702 E838.85747
G1 X128.096 Y116.021 E838.89138
G1 X128.821 Y115.787 E838.91672
G1 X129.756 Y115.841 E838.94787
G1 X130.519 Y116.234 E838.97642
G1 X131.048 Y116.83 E839.00292
G1 X131.351 Y117.767 E839.03568
G1 X131.232 Y118.713 E839.06739
G1 X130.834 Y119.405 E839.09394
G1 X129.994 Y120.013 E839.12843
G1 X129.274 Y120.164 E839.1529
G1 X128.726 Y120.133 E839.17115
G0 F4800 X128.6 Y120.416
G0 X126.832 Y126.05
G0 X126.692 Y126.851
G0 X126.776 Y127.513
G0 X127.087 Y128.187
G0 X127.726 Y128.93
G0 X127.851 Y128.649
G1 F2400 X127.33 Y128.124 E839.19575
G1 X127.017 Y127.439 E839.2208
G1 X126.944 Y126.838 E839.24094
G1 X127.052 Y126.217 E839.2619
G1 X127.337 Y125.602 E839.28445
G1 X128.102 Y124.915 E839.31865
G1 X128.789 Y124.691 E839.34268
G1 X129.735 Y124.734 E839.37418
G1 X130.521 Y125.134 E839.40351
G1 X131.049 Y125.731 E839.43002
G1 X131.351 Y126.667 E839.46273
G1 X131.232 Y127.613 E839.49444
G1 X130.834 Y128.306 E839.52102
G1 X130.002 Y128.906 E839.55514
G1 X129.252 Y129.066 E839.58065
G1 X128.708 Y129.025 E839.59879
G1 X127.851 Y128.649 E839.62992
G0 F4800 X127.726 Y128.93
G0 X112 Y147.96
G1 F2400 X135.46 Y147.96 E840.4102
G1 X135.46 Y75.924 E842.80613
G1 X88.425 Y75.925 E844.37052
G1 X88.425 Y147.959 E846.76638
G1 X112 Y147.96 E847.55049
G0 F4800 X112 Y148.36
G1 F2400 X135.86 Y148.36 E848.34407
G1 X135.86 Y75.695 E850.76092
G1 X135.75 Y75.524 E850.76768
G1 X88.204 Y75.524 E852.34907
G1 X88.024 Y75.748 E852.35863
G1 X88.024 Y148.25 E854.77005
G1 X88.195 Y148.36 E854.77682
G1 X112 Y148.36 E855.56857
G0 F4800 X112 Y148.76
G1 F2400 X135.949 Y148.76 E856.36512
G1 X136.26 Y148.511 E856.37837
G1 X136.26 Y75.577 E858.80417
G1 X135.968 Y75.124 E858.82209
G1 X88.012 Y75.124 E860.41712
G1 X87.624 Y75.608 E860.43775
G1 X87.624 Y148.468 E862.86108
G1 X88.077 Y148.76 E862.87901
G1 X112 Y148.76 E863.67469
G0 F4800 X112 Y148.45
G0 X95.876 Y130.426
G0 X95.694 Y130.173
G1 F2400 X94.974 Y130.324 E863.69916
G1 X94.425 Y130.292 E863.71745
G1 X93.55 Y129.908 E863.74923
G1 X93.028 Y129.38 E863.77392
G1 X92.715 Y128.696 E863.79894
G1 X92.644 Y128.098 E863.81897
G1 X92.769 Y127.381 E863.84318
G1 X93.069 Y126.833 E863.86396
G1 X93.802 Y126.176 E863.8967
G1 X94.502 Y125.946 E863.9212
G1 X95.444 Y125.995 E863.95258
G1 X96.219 Y126.394 E863.98157
G1 X96.747 Y126.989 E864.00803
G1 X97.053 Y127.913 E864.0404
G1 X96.935 Y128.855 E864.07198
G1 X96.536 Y129.565 E864.09907
G1 X95.694 Y130.173 E864.13361
G0 F4800 X95.52 Y129.798
;TYPE:WALL-OUTER
G1 F2400 X94.925 Y129.927 E864.15386
G1 X94.522 Y129.896 E864.1673
G1 X93.74 Y129.555 E864.19568
G1 X93.35 Y129.12 E864.21511
G1 X93.102 Y128.567 E864.23527
G1 X93.05 Y128.097 E864.25099
G1 X93.151 Y127.515 E864.27064
G1 X93.37 Y127.104 E864.28613
G1 X94.01 Y126.533 E864.31466
G1 X94.553 Y126.354 E864.33367
G1 X95.337 Y126.39 E864.35978
G1 X95.969 Y126.715 E864.38341
G1 X96.393 Y127.193 E864.40467
G1 X96.647 Y127.96 E864.43154
G1 X96.546 Y128.741 E864.45773
G1 X96.227 Y129.295 E864.47899
G1 X95.52 Y129.798 E864.50785
G0 F4800 X95.325 Y129.84
G0 X95.472 Y130.539
G0 X112 Y130.41
G0 X112 Y129.699
G1 F2400 X98.823 Y129.7 E864.94612
G1 X98.301 Y129.178 E864.97067
G1 X98.301 Y114.817 E865.44832
G1 X98.813 Y114.304 E865.47243
G1 X125.183 Y114.301 E866.3495
G1 X125.699 Y114.817 E866.37377
G1 X125.701 Y129.183 E866.85159
G1 X125.186 Y129.698 E866.87581
G1 X112 Y129.699 E867.31438
G0 F4800 X111.8 Y129.699
G0 X111.8 Y130.41
G0 X125.451 Y130.346
G0 X127.761 Y128.945
G0 X128.049 Y128.295
G1 F2400 X127.664 Y127.891 E867.33294
G1 X127.405 Y127.327 E867.35358
G1 X127.35 Y126.837 E867.36998
G1 X127.446 Y126.285 E867.38862
G1 X127.665 Y125.845 E867.40496
G1 X128.308 Y125.269 E867.43368
G1 X128.868 Y125.092 E867.45321
G1 X129.636 Y125.13 E867.47878
G1 X130.27 Y125.459 E867.50254
G1 X130.689 Y125.935 E867.52363
G1 X130.949 Y126.709 E867.55079
G1 X130.846 Y127.482 E867.57673
G1 X130.524 Y128.032 E867.59792
G1 X129.833 Y128.536 E867.62637
G1 X129.218 Y128.668 E867.64729
G1 X128.832 Y128.639 E867.66017
G1 X128.049 Y128.295 E867.68861
G0 F4800 X127.912 Y128.151
G0 X127.393 Y128.638
G0 X126.776 Y127.513
G0 X126.692 Y126.851
G0 X126.805 Y126.202
G0 X128.54 Y120.39
G0 X128.828 Y119.741
G1 F2400 X128.041 Y119.395 E867.71721
G1 X127.664 Y118.99 E867.73561
G1 X127.405 Y118.427 E867.75622
G1 X127.35 Y117.937 E867.77262
G1 X127.446 Y117.385 E867.79126
G1 X127.665 Y116.945 E867.8076
G1 X128.305 Y116.376 E867.83609
G1 X128.867 Y116.192 E867.85575
G1 X129.642 Y116.232 E867.88157
G1 X130.266 Y116.557 E867.90497
G1 X130.689 Y117.035 E867.9262
G1 X130.949 Y117.809 E867.95335
G1 X130.846 Y118.582 E867.97929
G1 X130.524 Y119.132 E868.00049
G1 X129.828 Y119.639 E868.02913
G1 X129.225 Y119.767 E868.04963
G1 X128.828 Y119.741 E868.06286
G0 F4800 X128.645 Y119.661
G0 X128.358 Y120.309
G0 X127.66 Y119.934
G0 X127.122 Y119.362
G0 X126.776 Y118.613
G0 X126.261 Y100.283
G0 X126.365 Y99.582
G1 F2400 X125.466 Y99.233 E868.09494
G1 X124.621 Y98.409 E868.13419
G1 X124.138 Y97.624 E868.16485
G1 X123.959 Y96.76 E868.1942
G1 X123.952 Y96.081 E868.21678
G1 X124.084 Y95.431 E868.23884
G1 X124.507 Y94.541 E868.27162
G1 X125.109 Y93.829 E868.30263
G1 X126.025 Y93.329 E868.33734
G1 X126.689 Y93.144 E868.36026
G1 X127.331 Y93.1 E868.38167
G1 X128.282 Y93.268 E868.41379
G1 X128.89 Y93.539 E868.43593
G1 X129.545 Y94.034 E868.46323
G1 X130.12 Y94.79 E868.49482
G1 X130.353 Y95.304 E868.51359
G1 X130.536 Y96.242 E868.54538
G1 X130.522 Y96.735 E868.56178
G1 X130.307 Y97.671 E868.59373
G1 X129.746 Y98.598 E868.62976
G1 X129.011 Y99.183 E868.66101
G1 X128.441 Y99.471 E868.68225
G1 X127.803 Y99.651 E868.7043
G1 X127.15 Y99.696 E868.72607
G1 X126.365 Y99.582 E868.75245
G0 F4800 X126.179 Y99.51
G0 X125.919 Y100.173
G0 X111.807 Y98.2
G0 X111.912 Y97.496
G1 F2400 X111.115 Y97.38 E868.77924
G1 X110.23 Y97.031 E868.81088
G1 X109.376 Y96.203 E868.85044
G1 X108.897 Y95.422 E868.88092
G1 X108.719 Y94.555 E868.91035
G1 X108.712 Y93.881 E868.93277
G1 X108.845 Y93.226 E868.955
G1 X109.259 Y92.355 E868.98708
G1 X109.867 Y91.631 E869.01852
G1 X110.792 Y91.126 E869.05357
G1 X111.431 Y90.946 E869.07565
G1 X112.235 Y90.908 E869.10243
G1 X113.046 Y91.069 E869.12993
G1 X113.644 Y91.336 E869.15171
G1 X114.305 Y91.834 E869.17923
G1 X114.88 Y92.59 E869.21083
G1 X115.113 Y93.108 E869.22972
G1 X115.295 Y94.009 E869.26029
G1 X115.279 Y94.545 E869.27813
G1 X115.066 Y95.468 E869.30963
G1 X114.507 Y96.396 E869.34566
G1 X113.784 Y96.976 E869.37649
G1 X113.202 Y97.271 E869.39819
G1 X112.551 Y97.452 E869.42067
G1 X111.912 Y97.496 E869.44197
G0 F4800 X111.714 Y97.468
G0 X111.609 Y98.171
G0 X97.525 Y100.335
G0 X97.335 Y99.649
G1 F2400 X96.692 Y99.696 E869.46341
G1 X95.869 Y99.578 E869.49107
G1 X94.991 Y99.235 E869.52242
G1 X94.152 Y98.42 E869.56132
G1 X93.65 Y97.614 E869.59291
G1 X93.478 Y96.755 E869.62204
G1 X93.472 Y96.092 E869.6441
G1 X93.615 Y95.402 E869.66753
G1 X94.023 Y94.545 E869.6991
G1 X94.63 Y93.832 E869.73025
G1 X95.553 Y93.326 E869.76526
G1 X96.19 Y93.146 E869.78727
G1 X96.838 Y93.1 E869.80888
G1 X97.811 Y93.271 E869.84174
G1 X98.398 Y93.532 E869.8631
G1 X99.064 Y94.036 E869.89088
G1 X99.646 Y94.799 E869.9228
G1 X99.867 Y95.283 E869.9405
G1 X100.057 Y96.231 E869.97265
G1 X100.043 Y96.726 E869.98912
G1 X99.827 Y97.671 E870.02137
G1 X99.265 Y98.599 E870.05745
G1 X98.531 Y99.183 E870.08865
G1 X97.962 Y99.471 E870.10986
G1 X97.335 Y99.649 E870.13154
G0 F4800 X97.136 Y99.663
G0 X97.187 Y100.374
G0 X97.654 Y129.451
G0 X112 Y148.45
G0 X112 Y149.16
G1 F2400 X136.089 Y149.16 E870.93274
G1 X136.66 Y148.703 E870.95707
G1 X136.66 Y75.459 E873.39317
G1 X136.186 Y74.724 E873.42226
G1 X87.82 Y74.724 E875.03092
G1 X87.224 Y75.467 E875.0626
G1 X87.224 Y148.686 E877.49787
G1 X87.959 Y149.16 E877.52696
G1 X112 Y149.16 E878.32657
G0 F4800 X112.2 Y149.16
G0 X112.2 Y148.45
G0 X97.654 Y129.451
G0 X88.806 Y76.375
;TYPE:SKIN
G1 F1800 X88.876 Y76.304 E878.32989
G1 X89.442 Y76.304 E878.34871
G1 X88.806 Y76.94 E878.37863
G1 X88.806 Y77.506 E878.39745
G1 X90.008 Y76.304 E878.45399
G1 X90.573 Y76.304 E878.47278
G1 X88.806 Y78.072 E878.55592
G1 X88.806 Y78.637 E878.57471
G1 X91.139 Y76.304 E878.68445
G1 X91.705 Y76.304 E878.70327
G1 X88.806 Y79.203 E878.83963
G1 X88.806 Y79.769 E878.85846
G1 X92.27 Y76.304 E879.02142
G1 X92.836 Y76.304 E879.04024
G1 X88.806 Y80.334 E879.2298
G1 X88.806 Y80.9 E879.24863
G1 X93.402 Y76.304 E879.46481
G1 X93.967 Y76.304 E879.4836
G1 X88.806 Y81.466 E879.72638
G1 X88.806 Y82.031 E879.74518
G1 X94.533 Y76.304 E880.01456
G1 X95.099 Y76.304 E880.03338
G1 X88.806 Y82.597 E880.32938
G1 X88.806 Y83.163 E880.34821
G1 X95.664 Y76.304 E880.67081
G1 X96.23 Y76.304 E880.68964
G1 X88.806 Y83.729 E881.03886
G1 X88.806 Y84.294 E881.05766
G1 X96.796 Y76.304 E881.43348
G1 X97.362 Y76.304 E881.45231
G1 X88.806 Y84.86 E881.85475
G1 X88.806 Y85.426 E881.87358
G1 X97.927 Y76.304 E882.30263
G1 X98.493 Y76.304 E882.32145
G1 X88.806 Y85.991 E882.7771
G1 X88.806 Y86.557 E882.79592
G1 X99.059 Y76.304 E883.27819
G1 X99.624 Y76.304 E883.29699
G1 X88.806 Y87.123 E883.80585
G1 X88.806 Y87.688 E883.82465
G1 X100.19 Y76.304 E884.36011
G1 X100.756 Y76.304 E884.37894
G1 X88.806 Y88.254 E884.94103
G1 X88.806 Y88.82 E884.95986
G1 X101.321 Y76.304 E885.54855
G1 X101.887 Y76.304 E885.56737
G1 X88.806 Y89.385 E886.18266
G1 X88.806 Y89.951 E886.20149
G1 X102.453 Y76.304 E886.8434
G1 X103.018 Y76.304 E886.86219
G1 X88.806 Y90.517 E887.53071
G1 X88.806 Y91.082 E887.5495
G1 X103.584 Y76.304 E888.24461
G1 X104.15 Y76.304 E888.26343
G1 X88.806 Y91.648 E888.98517
G1 X88.806 Y92.214 E889.00399
G1 X104.715 Y76.304 E889.75233
G1 X105.281 Y76.304 E889.77115
G1 X88.806 Y92.779 E890.54609
G1 X88.806 Y93.345 E890.56491
G1 X105.847 Y76.304 E891.36647
G1 X106.412 Y76.304 E891.38526
G1 X88.806 Y93.911 E892.21342
G1 X88.806 Y94.477 E892.23224
G1 X106.978 Y76.304 E893.08702
G1 X107.544 Y76.304 E893.10585
G1 X88.806 Y95.042 E893.98722
G1 X88.806 Y95.608 E894.00605
G1 X108.11 Y76.304 E894.91405
G1 X108.675 Y76.304 E894.93284
G1 X88.806 Y96.174 E895.86744
G1 X88.806 Y96.739 E895.88623
G1 X109.241 Y76.304 E896.84743
G1 X109.807 Y76.304 E896.86626
G1 X88.806 Y97.305 E897.85408
G1 X88.806 Y97.871 E897.87291
G1 X92.4 Y94.276 E898.04198
G1 X92.096 Y94.917 E898.06558
G1 X92.036 Y95.206 E898.07539
G1 X88.806 Y98.436 E898.22732
G1 X88.806 Y99.002 E898.24615
G1 X91.891 Y95.916 E898.39128
G1 X91.894 Y96.479 E898.41001
G1 X88.806 Y99.568 E898.55528
G1 X88.806 Y100.133 E898.57407
G1 X91.92 Y97.019 E898.72055
G1 X92.014 Y97.49 E898.73652
G1 X88.806 Y100.699 E898.88744
G1 X88.806 Y101.265 E898.90626
G1 X92.109 Y97.961 E899.06165
G1 X92.263 Y98.373 E899.07628
G1 X88.806 Y101.83 E899.23889
G1 X88.806 Y102.396 E899.25771
G1 X92.478 Y98.724 E899.43043
G1 X92.693 Y99.075 E899.44412
G1 X88.806 Y102.962 E899.62695
G1 X88.806 Y103.528 E899.64578
G1 X92.907 Y99.426 E899.8387
G1 X93.201 Y99.698 E899.85202
G1 X88.806 Y104.093 E900.05875
G1 X88.806 Y104.659 E900.07757
G1 X93.487 Y99.978 E900.29775
G1 X93.773 Y100.257 E900.31104
G1 X88.806 Y105.225 E900.5447
G1 X88.806 Y105.79 E900.56349
G1 X94.078 Y100.518 E900.81147
G1 X94.445 Y100.717 E900.82536
G1 X88.806 Y106.356 E901.0906
G1 X88.806 Y106.922 E901.10942
G1 X94.851 Y100.877 E901.39376
G1 X95.257 Y101.036 E901.40826
G1 X88.806 Y107.487 E901.7117
G1 X88.806 Y108.053 E901.73052
G1 X95.707 Y101.152 E902.05513
G1 X96.2 Y101.224 E902.0717
G1 X88.806 Y108.619 E902.41951
G1 X88.806 Y109.184 E902.4383
G1 X96.711 Y101.279 E902.81013
G1 X97.321 Y101.234 E902.83047
G1 X88.806 Y109.75 E903.23102
G1 X88.806 Y110.316 E903.24984
G1 X98.027 Y101.094 E903.68359
G1 X98.495 Y100.964 E903.69975
G1 X98.948 Y100.739 E903.71657
G0 F4800 X95.702 Y100.211
G0 X94.631 Y99.79
G0 X93.624 Y98.81
G0 X93.042 Y97.858
G0 X92.867 Y97.008
G0 X92.609 Y93.837
G1 F1800 X92.577 Y93.807 E903.71803
G1 X93.608 Y92.585 E903.77121
G1 X94.667 Y92.009 E903.8113
G1 X110.372 Y76.304 E904.55002
G1 X110.938 Y76.304 E904.56884
G1 X95.561 Y91.681 E905.29213
G1 X96.245 Y91.563 E905.31522
G1 X111.504 Y76.304 E906.03295
G1 X112.069 Y76.304 E906.05174
G1 X96.86 Y91.513 E906.76713
G1 X97.35 Y91.589 E906.78362
G1 X112.635 Y76.304 E907.50258
G1 X113.201 Y76.304 E907.52141
G1 X97.831 Y91.674 E908.24436
G1 X98.304 Y91.766 E908.26039
G1 X113.766 Y76.304 E908.98768
G1 X114.332 Y76.304 E909.0065
G1 X98.697 Y91.939 E909.74192
G1 X99.089 Y92.113 E909.75619
G1 X114.898 Y76.304 E910.4998
G1 X115.463 Y76.304 E910.51859
G1 X99.435 Y92.333 E911.27252
G1 X99.755 Y92.578 E911.28592
G1 X116.029 Y76.304 E912.0514
G1 X116.595 Y76.304 E912.07023
G1 X100.075 Y92.823 E912.84725
G1 X100.35 Y93.115 E912.8606
G1 X117.161 Y76.304 E913.65133
G1 X117.726 Y76.304 E913.67013
G1 X100.594 Y93.436 E914.47596
G1 X100.837 Y93.759 E914.48941
G1 X118.292 Y76.304 E915.31044
G1 X118.858 Y76.304 E915.32926
G1 X101.067 Y94.095 E916.16609
G1 X101.241 Y94.486 E916.18033
G1 X119.423 Y76.304 E917.03555
G1 X119.989 Y76.304 E917.05438
G1 X101.401 Y94.892 E917.9287
G1 X101.496 Y95.363 E917.94468
G1 X120.555 Y76.304 E918.84116
G1 X121.12 Y76.304 E918.85995
G1 X101.591 Y95.833 E919.77854
G1 X101.633 Y96.357 E919.79602
G1 X121.686 Y76.304 E920.73925
G1 X122.252 Y76.304 E920.75808
G1 X101.618 Y96.938 E921.72864
G1 X101.449 Y97.672 E921.75369
G1 X122.817 Y76.304 E922.75877
G1 X123.383 Y76.304 E922.7776
G0 F4800 X107.866 Y91.616
G1 F1800 X107.833 Y91.585 E922.77911
G1 X108.863 Y90.378 E922.83188
G1 X109.843 Y89.844 E922.869
G0 F4800 X107.674 Y92.013
G1 F1800 X101.145 Y98.542 E923.1761
G0 F4800 X123.383 Y76.304
G1 F1800 X109.843 Y89.844 E923.81298
G0 F4800 X98.948 Y100.739
G1 F1800 X88.806 Y110.881 E924.29003
G0 F4800 X98.948 Y100.739
G1 F1800 X99.407 Y100.512 E924.30706
G1 X100.465 Y99.66 E924.35225
G0 F4800 X88.806 Y110.881
G1 F1800 X88.806 Y111.447 E924.37107
G0 F4800 X109.843 Y89.844
G1 F1800 X110.192 Y89.653 E924.3843
G1 X110.76 Y89.493 E924.40393
G0 F4800 X88.806 Y111.447
G1 F1800 X107.286 Y92.966 E925.2732
G1 X107.136 Y93.682 E925.29753
G1 X88.806 Y112.013 E926.15974
G1 X88.806 Y112.578 E926.17853
G1 X107.135 Y94.249 E927.04067
G1 X107.155 Y94.795 E927.05884
G1 X88.806 Y113.144 E927.92192
G1 X88.806 Y113.71 E927.94075
G1 X107.25 Y95.266 E928.8083
G1 X107.344 Y95.737 E928.82427
G1 X88.806 Y114.276 E929.69627
G1 X88.806 Y114.841 E929.71506
G1 X107.492 Y96.155 E930.59399
G1 X107.707 Y96.506 E930.60768
G1 X88.806 Y115.407 E931.49673
G1 X88.806 Y115.973 E931.51555
G1 X107.921 Y96.857 E932.41469
G1 X108.139 Y97.205 E932.42834
G1 X88.806 Y116.538 E933.33771
G1 X88.806 Y117.104 E933.35653
G1 X108.425 Y97.485 E934.27935
G1 X108.711 Y97.764 E934.29264
G1 X88.806 Y117.67 E935.22893
G1 X88.806 Y118.235 E935.24773
G1 X108.998 Y98.043 E936.1975
G1 X109.284 Y98.322 E936.21078
G1 X88.806 Y118.801 E937.17403
G1 X88.806 Y119.367 E937.19286
G1 X109.667 Y98.506 E938.17409
G1 X110.071 Y98.667 E938.18856
G1 X88.806 Y119.932 E939.1888
G1 X88.806 Y120.498 E939.20762
G1 X110.476 Y98.828 E940.22691
G1 X110.925 Y98.944 E940.24234
G1 X88.806 Y121.064 E941.28277
G1 X88.806 Y121.629 E941.30156
G0 F4800 X108.715 Y91.997
G0 X110.76 Y89.493
G1 F1800 X123.949 Y76.304 E941.92193
G1 X124.514 Y76.304 E941.94073
G1 X111.456 Y89.362 E942.55493
G1 X112.046 Y89.338 E942.57457
G1 X125.08 Y76.304 E943.18765
G1 X125.646 Y76.304 E943.20648
G1 X112.582 Y89.368 E943.82097
G1 X113.055 Y89.46 E943.837
G1 X126.211 Y76.304 E944.45581
G1 X126.777 Y76.304 E944.47464
G1 X113.528 Y89.553 E945.09783
G1 X113.918 Y89.729 E945.11206
G1 X127.343 Y76.304 E945.74353
G1 X127.909 Y76.304 E945.76236
G1 X114.307 Y89.906 E946.40215
G1 X114.656 Y90.122 E946.41581
G1 X128.474 Y76.304 E947.06576
G1 X129.04 Y76.304 E947.08459
G1 X114.979 Y90.365 E947.74597
G1 X115.302 Y90.607 E947.7594
G1 X129.606 Y76.304 E948.43219
G1 X130.171 Y76.304 E948.45098
G1 X115.576 Y90.899 E949.13749
G1 X115.819 Y91.222 E949.15093
G1 X130.737 Y76.304 E949.85263
G1 X131.303 Y76.304 E949.87145
G1 X116.063 Y91.543 E950.58827
G1 X116.296 Y91.877 E950.60182
G1 X131.868 Y76.304 E951.3343
G1 X132.434 Y76.304 E951.35312
G1 X116.472 Y92.266 E952.10393
G1 X116.636 Y92.668 E952.11837
G1 X133 Y76.304 E952.88808
G1 X133.565 Y76.304 E952.90687
G1 X116.73 Y93.139 E953.69874
G1 X116.824 Y93.611 E953.71475
G1 X134.131 Y76.304 E954.52881
G1 X134.697 Y76.304 E954.54764
G1 X116.872 Y94.129 E955.38607
G1 X116.859 Y94.708 E955.40534
G1 X135.08 Y76.486 E956.26242
G1 X135.08 Y77.052 E956.28124
G1 X116.692 Y95.44 E957.14616
G1 X116.55 Y96.066 E957.16751
G1 X116.427 Y96.271 E957.17546
G1 X135.08 Y77.618 E958.05284
G1 X135.08 Y78.183 E958.07163
G0 F4800 X88.806 Y121.629
G1 F1800 X111.415 Y99.02 E959.13509
G1 X111.92 Y99.081 E959.15201
G1 X98.014 Y112.986 E959.80608
G1 X98.306 Y112.819 E959.81727
G1 X98.846 Y112.721 E959.83552
G1 X112.53 Y99.037 E960.47918
G1 X113.224 Y98.908 E960.50265
G1 X99.411 Y112.721 E961.15238
G1 X99.977 Y112.721 E961.1712
G0 F4800 X96.999 Y114.001
G1 F1800 X88.806 Y122.195 E961.5566
G1 X88.806 Y122.761 E961.57542
G1 X96.719 Y114.847 E961.94765
G1 X96.719 Y115.413 E961.96648
G1 X88.806 Y123.326 E962.33868
G1 X88.806 Y123.892 E962.3575
G1 X96.719 Y115.978 E962.72973
G1 X96.719 Y116.544 E962.74856
G1 X88.806 Y124.458 E963.12078
G1 X88.806 Y125.024 E963.13961
G1 X96.719 Y117.11 E963.51183
G1 X96.719 Y117.675 E963.53063
G1 X88.806 Y125.589 E963.90285
G1 X88.806 Y126.155 E963.92168
G1 X96.719 Y118.241 E964.29391
G1 X96.719 Y118.807 E964.31273
G1 X88.806 Y126.721 E964.68496
G1 X88.806 Y127.286 E964.70375
G1 X96.719 Y119.372 E965.07598
G1 X96.719 Y119.938 E965.0948
G1 X88.806 Y127.852 E965.46703
G1 X88.806 Y128.418 E965.48585
G1 X96.719 Y120.504 E965.85808
G1 X96.719 Y121.069 E965.87687
G0 F4800 X97.654 Y114.549
G0 X98.46 Y113.743
G0 X99.977 Y112.721
G1 F1800 X114.132 Y98.566 E966.54268
G1 X114.655 Y98.306 E966.56211
G1 X115.729 Y97.431 E966.60818
G0 F4800 X135.08 Y78.183
G1 F1800 X100.543 Y112.721 E968.23272
G1 X101.108 Y112.721 E968.25151
G1 X135.08 Y78.749 E969.84945
G1 X135.08 Y79.315 E969.86828
G1 X101.674 Y112.721 E971.43959
G1 X102.24 Y112.721 E971.45842
G1 X135.08 Y79.88 E973.00313
G1 X135.08 Y80.446 E973.02196
G1 X102.806 Y112.721 E974.54005
G1 X103.371 Y112.721 E974.55884
G1 X135.08 Y81.012 E976.05034
G1 X135.08 Y81.577 E976.06913
G1 X103.937 Y112.721 E977.53403
G1 X104.503 Y112.721 E977.55285
G1 X122.821 Y94.402 E978.4145
G1 X122.587 Y94.889 E978.43247
G1 X122.502 Y95.287 E978.446
G1 X105.068 Y112.721 E979.26604
G1 X105.634 Y112.721 E979.28487
G1 X122.373 Y95.981 E980.07224
G1 X122.375 Y96.546 E980.09104
G1 X106.2 Y112.721 E980.85186
G1 X106.765 Y112.721 E980.87065
G1 X122.411 Y97.075 E981.60659
G1 X122.508 Y97.544 E981.62252
G1 X107.331 Y112.721 E982.3364
G1 X107.897 Y112.721 E982.35523
G1 X122.605 Y98.013 E983.04704
G1 X122.767 Y98.416 E983.06149
G1 X108.462 Y112.721 E983.73435
G1 X109.028 Y112.721 E983.75318
G1 X122.984 Y98.764 E984.40965
G1 X123.201 Y99.114 E984.42335
G1 X109.594 Y112.721 E985.06338
G1 X110.159 Y112.721 E985.08217
G1 X123.418 Y99.462 E985.70583
G1 X123.716 Y99.73 E985.71916
G1 X110.725 Y112.721 E986.33022
G1 X111.291 Y112.721 E986.34905
G1 X124.001 Y100.01 E986.94691
G1 X124.287 Y100.29 E986.96022
G1 X111.857 Y112.721 E987.54491
G1 X112.422 Y112.721 E987.56371
G1 X124.61 Y100.533 E988.13699
G1 X124.973 Y100.736 E988.15082
G1 X112.988 Y112.721 E988.71456
G1 X113.554 Y112.721 E988.73339
G1 X125.379 Y100.896 E989.2896
G1 X125.784 Y101.055 E989.30407
G1 X114.119 Y112.721 E989.85278
G1 X114.685 Y112.721 E989.87161
G1 X126.246 Y101.159 E990.41542
G1 X126.743 Y101.229 E990.43212
G1 X115.251 Y112.721 E990.97266
G1 X115.816 Y112.721 E990.99146
G1 X127.264 Y101.273 E991.52994
G1 X127.876 Y101.227 E991.55035
G1 X116.382 Y112.721 E992.09099
G1 X116.948 Y112.721 E992.10982
G0 F4800 X123.174 Y93.669
G1 F1800 X124.082 Y92.592 E992.15667
G1 X125.285 Y91.938 E992.20221
G1 X135.08 Y82.143 E992.66294
G1 X135.08 Y82.709 E992.68176
G1 X126.133 Y91.656 E993.1026
G1 X126.8 Y91.555 E993.12504
G1 X135.08 Y83.275 E993.51451
G1 X135.08 Y83.84 E993.5333
G1 X127.404 Y91.516 E993.89435
G1 X127.889 Y91.597 E993.91071
G1 X135.08 Y84.406 E994.24895
G1 X135.08 Y84.972 E994.26778
G1 X128.372 Y91.679 E994.58328
G1 X128.835 Y91.782 E994.59905
G1 X135.08 Y85.537 E994.8928
G1 X135.08 Y86.103 E994.91162
G1 X129.226 Y91.957 E995.18698
G1 X129.616 Y92.132 E995.20119
G1 X135.08 Y86.669 E995.45818
G1 X135.08 Y87.234 E995.47697
G1 X129.953 Y92.362 E995.71815
G1 X130.275 Y92.605 E995.73157
G1 X135.08 Y87.8 E995.95758
G1 X135.08 Y88.366 E995.97641
G1 X130.597 Y92.849 E996.18728
G1 X130.859 Y93.152 E996.2006
G1 X135.08 Y88.931 E996.39914
G1 X135.08 Y89.497 E996.41797
G1 X131.104 Y93.473 E996.60499
G1 X131.349 Y93.794 E996.61842
G1 X135.08 Y90.063 E996.79391
G1 X135.08 Y90.628 E996.8127
G1 X131.569 Y94.14 E996.97787
G1 X131.729 Y94.545 E996.99236
G1 X135.08 Y91.194 E997.14998
G1 X135.08 Y91.76 E997.1688
G1 X131.889 Y94.951 E997.3189
G1 X131.987 Y95.418 E997.33477
G1 X135.08 Y92.326 E997.48023
G1 X135.08 Y92.891 E997.49902
G1 X132.081 Y95.89 E997.64009
G1 X132.111 Y96.426 E997.65794
G1 X135.08 Y93.457 E997.79759
G1 X135.08 Y94.023 E997.81642
G1 X132.072 Y97.031 E997.95791
G1 X131.906 Y97.762 E997.98284
G1 X135.08 Y94.588 E998.13213
G1 X135.08 Y95.154 E998.15096
G0 F4800 X129.383 Y99.723
G0 X98.549 Y113.654
G0 X97.654 Y114.549
G0 X96.719 Y121.069
G1 F1800 X88.806 Y128.983 E998.52319
G1 X88.806 Y129.549 E998.54201
G1 X91.992 Y126.363 E998.69187
G1 X91.645 Y126.965 E998.71498
G1 X91.579 Y127.341 E998.72768
G1 X88.806 Y130.115 E998.85814
G1 X88.806 Y130.68 E998.87693
G1 X91.457 Y128.029 E999.00162
G1 X91.512 Y128.54 E999.01872
G1 X88.806 Y131.246 E999.146
G1 X88.806 Y131.812 E999.16482
G1 X91.574 Y129.043 E999.29505
G1 X91.753 Y129.43 E999.30923
G1 X88.806 Y132.377 E999.44785
G1 X88.806 Y132.943 E999.46667
G1 X91.934 Y129.814 E999.61383
G1 X92.161 Y130.153 E999.6274
G1 X88.806 Y133.509 E999.78523
G1 X88.806 Y134.075 E999.80405
G1 X92.433 Y130.447 E999.97468
G1 X92.721 Y130.725 E999.98799
G1 X88.806 Y134.64 E1000.17214
G1 X88.806 Y135.206 E1000.19097
G1 X93.039 Y130.972 E1000.3901
G1 X93.432 Y131.145 E1000.40438
G1 X88.806 Y135.772 E1000.622
G1 X88.806 Y136.337 E1000.64079
G1 X93.825 Y131.318 E1000.87687
G1 X94.252 Y131.456 E1000.89179
G1 X88.806 Y136.903 E1001.14798
G1 X88.806 Y137.469 E1001.1668
G1 X94.778 Y131.496 E1001.44773
G1 X95.399 Y131.441 E1001.46847
G1 X88.806 Y138.034 E1001.77858
G1 X88.806 Y138.6 E1001.79741
G1 X96.123 Y131.282 E1002.1416
G1 X96.193 Y131.267 E1002.14398
G1 X97.332 Y130.446 E1002.19068
G1 X97.427 Y130.544 E1002.19522
G1 X88.806 Y139.166 E1002.60075
G1 X88.806 Y139.731 E1002.61954
G1 X97.708 Y130.829 E1003.03826
G1 X98.047 Y131.056 E1003.05183
G1 X88.806 Y140.297 E1003.4865
G1 X88.806 Y140.863 E1003.50533
G1 X98.462 Y131.206 E1003.95954
G1 X98.958 Y131.276 E1003.9762
G1 X88.806 Y141.428 E1004.45372
G1 X88.806 Y141.994 E1004.47254
G1 X99.524 Y131.276 E1004.97669
G1 X100.09 Y131.276 E1004.99551
G1 X88.806 Y142.56 E1005.52628
G1 X88.806 Y143.125 E1005.54507
G1 X100.655 Y131.276 E1006.10241
G1 X101.221 Y131.276 E1006.12123
G1 X88.806 Y143.691 E1006.7052
G1 X88.806 Y144.257 E1006.72402
G1 X101.787 Y131.276 E1007.33461
G1 X102.352 Y131.276 E1007.3534
G1 X88.806 Y144.823 E1007.99059
G1 X88.806 Y145.388 E1008.00938
G1 X102.918 Y131.276 E1008.67316
G1 X103.483 Y131.276 E1008.69196
G1 X88.806 Y145.954 E1009.38234
G1 X88.806 Y146.52 E1009.40117
G1 X104.049 Y131.276 E1010.11817
G1 X104.614 Y131.276 E1010.13696
G1 X88.806 Y147.085 E1010.88055
G1 X88.806 Y147.579 E1010.89698
G1 X88.877 Y147.58 E1010.89934
G1 X105.18 Y131.276 E1011.66621
G1 X105.746 Y131.276 E1011.68503
G1 X89.443 Y147.58 E1012.4519
G1 X90.008 Y147.58 E1012.47069
G1 X106.311 Y131.276 E1013.23756
G1 X106.877 Y131.276 E1013.25638
G1 X90.574 Y147.58 E1014.02325
G1 X91.14 Y147.58 E1014.04207
G1 X107.443 Y131.276 E1014.80894
G1 X108.008 Y131.277 E1014.82773
G1 X91.705 Y147.58 E1015.59458
G1 X92.271 Y147.58 E1015.6134
G1 X108.573 Y131.277 E1016.38022
G1 X109.139 Y131.277 E1016.39905
G1 X92.837 Y147.58 E1017.16587
G1 X93.402 Y147.58 E1017.18466
G1 X109.705 Y131.277 E1017.9515
G1 X110.27 Y131.277 E1017.97029
G1 X93.968 Y147.58 E1018.73711
G1 X94.534 Y147.58 E1018.75594
G1 X110.836 Y131.277 E1019.52276
G1 X111.402 Y131.277 E1019.54158
G1 X95.099 Y147.58 E1020.30843
G1 X95.665 Y147.58 E1020.32725
G1 X111.968 Y131.277 E1021.09409
G1 X112.533 Y131.278 E1021.11289
G1 X96.231 Y147.58 E1021.87968
G1 X96.797 Y147.58 E1021.89851
G1 X113.098 Y131.278 E1022.66528
G1 X113.664 Y131.278 E1022.68411
G1 X97.362 Y147.58 E1023.4509
G1 X97.928 Y147.58 E1023.46973
G1 X114.23 Y131.278 E1024.23652
G1 X114.795 Y131.278 E1024.25531
G1 X98.494 Y147.58 E1025.02209
G1 X99.059 Y147.58 E1025.04088
G1 X115.361 Y131.278 E1025.80768
G1 X115.927 Y131.278 E1025.8265
G1 X99.625 Y147.58 E1026.5933
G1 X100.191 Y147.58 E1026.61212
G1 X116.492 Y131.279 E1027.37887
G1 X117.057 Y131.279 E1027.39766
G1 X100.756 Y147.58 E1028.16441
G1 X101.322 Y147.58 E1028.18324
G1 X117.623 Y131.279 E1028.94999
G1 X118.189 Y131.279 E1028.96881
G1 X101.888 Y147.58 E1029.73556
G1 X102.453 Y147.58 E1029.75435
G1 X118.754 Y131.279 E1030.5211
G1 X119.32 Y131.279 E1030.53993
G1 X103.019 Y147.58 E1031.30668
G1 X103.585 Y147.58 E1031.3255
G1 X119.886 Y131.279 E1032.09225
G1 X120.451 Y131.279 E1032.11104
G1 X104.15 Y147.58 E1032.87779
G1 X104.716 Y147.58 E1032.89662
G1 X121.016 Y131.279 E1033.66334
G1 X121.582 Y131.279 E1033.68217
G1 X105.282 Y147.58 E1034.44889
G1 X105.848 Y147.58 E1034.46772
G1 X122.148 Y131.279 E1035.23444
G1 X122.713 Y131.279 E1035.25324
G1 X106.413 Y147.58 E1036.01996
G1 X106.979 Y147.58 E1036.03879
G1 X123.279 Y131.279 E1036.80551
G1 X123.845 Y131.279 E1036.82434
G1 X107.545 Y147.58 E1037.59106
G1 X108.11 Y147.58 E1037.60985
G1 X124.41 Y131.279 E1038.37658
G1 X124.976 Y131.279 E1038.39541
G1 X108.676 Y147.58 E1039.16213
G1 X109.242 Y147.58 E1039.18096
G0 F4800 X97.173 Y128.954
G0 X97.31 Y127.901
G0 X96.966 Y126.865
G0 X96.378 Y126.197
G0 X95.674 Y125.837
G0 X93.233 Y125.122
G1 F1800 X96.719 Y121.635 E1039.34495
G1 X96.719 Y122.201 E1039.36378
G1 X94.076 Y124.845 E1039.48812
G1 X94.341 Y124.757 E1039.49741
G1 X94.71 Y124.776 E1039.50969
G1 X96.719 Y122.766 E1039.60422
G1 X96.719 Y123.332 E1039.62304
G1 X95.248 Y124.804 E1039.69226
G1 X95.719 Y124.898 E1039.70823
G1 X96.719 Y123.898 E1039.75527
G1 X96.719 Y124.464 E1039.77409
G1 X96.15 Y125.033 E1039.80086
G1 X96.525 Y125.224 E1039.81485
G1 X96.719 Y125.029 E1039.824
G1 X96.72 Y125.323 E1039.83378
G0 F4800 X97.654 Y114.549
G0 X98.549 Y113.654
G0 X116.948 Y112.721
G1 F1800 X128.604 Y101.065 E1040.38204
G1 X129.012 Y100.945 E1040.39619
G1 X129.56 Y100.674 E1040.41652
G1 X117.513 Y112.721 E1040.98318
G0 F4800 X131.528 Y98.706
G1 F1800 X135.08 Y95.154 E1041.15025
G0 F4800 X130.955 Y99.652
G1 F1800 X129.882 Y100.515 E1041.19605
G1 X129.56 Y100.674 E1041.20799
G0 F4800 X117.513 Y112.721
G1 F1800 X118.079 Y112.721 E1041.22682
G1 X135.08 Y95.72 E1042.02649
G1 X135.08 Y96.285 E1042.04529
G1 X118.645 Y112.721 E1042.81836
G1 X119.21 Y112.721 E1042.83715
G1 X135.08 Y96.851 E1043.58363
G1 X135.08 Y97.417 E1043.60245
G1 X119.776 Y112.721 E1044.32231
G1 X120.342 Y112.721 E1044.34113
G1 X135.08 Y97.982 E1045.03439
G1 X135.08 Y98.548 E1045.05321
G1 X120.907 Y112.721 E1045.71987
G1 X121.473 Y112.721 E1045.73869
G1 X135.08 Y99.114 E1046.37872
G1 X135.08 Y99.679 E1046.39752
G1 X122.039 Y112.721 E1047.01095
G1 X122.605 Y112.721 E1047.02977
G1 X135.08 Y100.245 E1047.61658
G1 X135.08 Y100.811 E1047.63541
G1 X123.17 Y112.721 E1048.19562
G1 X123.736 Y112.721 E1048.21444
G1 X135.08 Y101.376 E1048.74805
G1 X135.08 Y101.942 E1048.76688
G1 X124.302 Y112.721 E1049.27387
G1 X124.867 Y112.721 E1049.29266
G1 X135.08 Y102.508 E1049.77305
G1 X135.08 Y103.074 E1049.79187
G1 X125.419 Y112.735 E1050.2463
G1 X125.832 Y112.887 E1050.26093
G1 X135.08 Y103.639 E1050.69593
G1 X135.08 Y104.205 E1050.71476
G1 X126.203 Y113.082 E1051.1323
G1 X126.484 Y113.366 E1051.14559
G1 X135.08 Y104.771 E1051.5499
G1 X135.08 Y105.336 E1051.56869
G1 X126.767 Y113.65 E1051.95973
G1 X127.003 Y113.979 E1051.9732
G1 X135.08 Y105.902 E1052.35311
G1 X135.08 Y106.468 E1052.37194
G1 X127.18 Y114.368 E1052.74353
G1 X127.28 Y114.833 E1052.75935
G1 X135.08 Y107.033 E1053.12624
G1 X135.08 Y107.599 E1053.14506
G1 X127.809 Y114.87 E1053.48707
G1 X128.648 Y114.597 E1053.51641
G1 X135.08 Y108.165 E1053.81896
G1 X135.08 Y108.73 E1053.83775
G1 X129.186 Y114.624 E1054.11498
G1 X129.724 Y114.652 E1054.1329
G1 X135.08 Y109.296 E1054.38483
G1 X135.08 Y109.862 E1054.40366
G1 X130.193 Y114.749 E1054.63353
G1 X130.572 Y114.935 E1054.64757
G1 X135.08 Y110.427 E1054.85961
G1 X135.08 Y110.993 E1054.87844
G1 X130.946 Y115.128 E1055.07291
G1 X131.301 Y115.338 E1055.08663
G1 X135.08 Y111.559 E1055.26438
G1 X135.08 Y112.125 E1055.28321
G1 X131.567 Y115.637 E1055.44842
G1 X131.834 Y115.937 E1055.46178
G1 X135.08 Y112.69 E1055.61449
G1 X135.08 Y113.256 E1055.63331
G1 X132.095 Y116.241 E1055.77372
G1 X132.236 Y116.666 E1055.78861
G1 X135.08 Y113.822 E1055.92238
G1 X135.08 Y114.387 E1055.94118
G1 X132.377 Y117.091 E1056.06834
G1 X132.5 Y117.533 E1056.0836
G1 X135.08 Y114.953 E1056.20495
G1 X135.08 Y115.519 E1056.22378
G1 X132.505 Y118.094 E1056.3449
G1 X132.416 Y118.748 E1056.36685
G1 X135.08 Y116.084 E1056.49216
G1 X135.08 Y116.65 E1056.51098
G0 F4800 X130.098 Y120.248
G0 X127.28 Y120.787
G1 F1800 X127.281 Y121.055 E1056.5199
G1 X127.281 Y121.621 E1056.53872
G1 X127.86 Y121.041 E1056.56598
G1 X128.254 Y121.214 E1056.58029
G1 X127.281 Y122.187 E1056.62606
G1 X127.281 Y122.752 E1056.64485
G1 X128.726 Y121.307 E1056.71282
G1 X129.268 Y121.33 E1056.73086
G1 X127.281 Y123.317 E1056.82433
G1 X127.281 Y123.883 E1056.84315
G1 X129.935 Y121.229 E1056.96799
G1 X130.249 Y121.166 E1056.97864
G1 X130.748 Y120.923 E1056.9971
G1 X130.96 Y120.77 E1057.00579
G0 F4800 X132.022 Y119.708
G1 F1800 X135.08 Y116.65 E1057.14963
G0 F4800 X130.96 Y120.77
G1 F1800 X128.034 Y123.696 E1057.28726
G0 F4800 X131.73 Y120.215
G1 F1800 X130.96 Y120.77 E1057.31883
G0 F4800 X128.034 Y123.696
G1 F1800 X128.645 Y123.495 E1057.34023
G1 X128.792 Y123.503 E1057.34512
G1 X135.08 Y117.216 E1057.64087
G1 X135.08 Y117.781 E1057.65966
G1 X129.329 Y123.532 E1057.93017
G1 X129.847 Y123.58 E1057.94747
G1 X135.08 Y118.347 E1058.19362
G1 X135.08 Y118.913 E1058.21244
G1 X130.299 Y123.693 E1058.4373
G1 X130.673 Y123.886 E1058.4513
G1 X135.08 Y119.478 E1058.65861
G1 X135.08 Y120.044 E1058.67744
G1 X131.046 Y124.078 E1058.86719
G1 X131.373 Y124.317 E1058.88066
G1 X135.08 Y120.61 E1059.05502
G1 X135.08 Y121.175 E1059.07382
G1 X131.639 Y124.617 E1059.23569
G1 X131.904 Y124.917 E1059.24901
G1 X135.08 Y121.741 E1059.3984
G1 X135.08 Y122.307 E1059.41722
G1 X132.133 Y125.254 E1059.55584
G1 X132.274 Y125.679 E1059.57073
G1 X135.08 Y122.873 E1059.70272
G1 X135.08 Y123.438 E1059.72151
G1 X132.414 Y126.104 E1059.84691
G1 X132.512 Y126.572 E1059.86281
G1 X135.08 Y124.004 E1059.98361
G1 X135.08 Y124.57 E1060.00243
G1 X132.481 Y127.168 E1060.12466
G1 X132.393 Y127.822 E1060.1466
G1 X135.08 Y125.135 E1060.27299
G1 X135.08 Y125.701 E1060.29182
G0 F4800 X109.242 Y147.58
G1 F1800 X125.659 Y131.162 E1061.06405
G1 X126.116 Y131.004 E1061.08013
G1 X126.784 Y130.336 E1061.11155
G1 X127.102 Y129.883 E1061.12996
G0 F4800 X127.18 Y129.641
G1 F1800 X127.573 Y129.813 E1061.14423
G1 X109.807 Y147.58 E1061.97991
G1 X110.373 Y147.58 E1061.99873
G1 X127.966 Y129.987 E1062.82625
G1 X128.358 Y130.16 E1062.84051
G1 X110.939 Y147.58 E1063.65987
G1 X111.504 Y147.58 E1063.67866
G1 X128.859 Y130.225 E1064.49498
G1 X129.404 Y130.246 E1064.51312
G1 X112.069 Y147.58 E1065.32849
G1 X112.635 Y147.58 E1065.34731
G1 X130.124 Y130.091 E1066.16994
G1 X130.64 Y129.9 E1066.18824
G1 X131.503 Y129.278 E1066.22362
G1 X113.201 Y147.58 E1067.08449
G1 X113.766 Y147.58 E1067.10328
G0 F4800 X131.817 Y128.964
G1 F1800 X135.08 Y125.701 E1067.25677
G0 F4800 X113.766 Y147.58
G1 F1800 X135.08 Y126.267 E1068.25929
G1 X135.08 Y126.832 E1068.27808
G1 X114.332 Y147.58 E1069.254
G1 X114.898 Y147.58 E1069.27283
G1 X135.08 Y127.398 E1070.22213
G1 X135.08 Y127.964 E1070.24095
G1 X115.463 Y147.58 E1071.16365
G1 X116.029 Y147.58 E1071.18248
G1 X135.08 Y128.529 E1072.07858
G1 X135.08 Y129.095 E1072.0974
G1 X116.595 Y147.58 E1072.96688
G1 X117.161 Y147.58 E1072.9857
G1 X135.08 Y129.661 E1073.82856
G1 X135.08 Y130.226 E1073.84735
G1 X117.726 Y147.58 E1074.66363
G1 X118.292 Y147.58 E1074.68246
G1 X135.08 Y130.792 E1075.47211
G1 X135.08 Y131.358 E1075.49094
G1 X118.858 Y147.58 E1076.25397
G1 X119.423 Y147.58 E1076.27276
G1 X135.08 Y131.923 E1077.00922
G1 X135.08 Y132.489 E1077.02804
G1 X119.989 Y147.58 E1077.73788
G1 X120.555 Y147.58 E1077.7567
G1 X135.08 Y133.055 E1078.43992
G1 X135.08 Y133.621 E1078.45874
G1 X121.12 Y147.58 E1079.11535
G1 X121.686 Y147.58 E1079.13418
G1 X135.08 Y134.186 E1079.76419
G1 X135.08 Y134.752 E1079.78302
G1 X122.252 Y147.58 E1080.38641
G1 X122.817 Y147.58 E1080.4052
G1 X135.08 Y135.318 E1080.98199
G1 X135.08 Y135.883 E1081.00078
G1 X123.383 Y147.58 E1081.55097
G1 X123.949 Y147.58 E1081.5698
G1 X135.08 Y136.449 E1082.09336
G1 X135.08 Y137.015 E1082.11219
G1 X124.514 Y147.58 E1082.60916
G1 X125.08 Y147.58 E1082.62798
G1 X135.08 Y137.58 E1083.09835
G1 X135.08 Y138.146 E1083.11718
G1 X125.646 Y147.58 E1083.56093
G1 X126.211 Y147.58 E1083.57972
G1 X135.08 Y138.712 E1083.99686
G1 X135.08 Y139.277 E1084.01566
G1 X126.777 Y147.58 E1084.4062
G1 X127.343 Y147.58 E1084.42503
G1 X135.08 Y139.843 E1084.78895
G1 X135.08 Y140.409 E1084.80778
G1 X127.909 Y147.58 E1085.14508
G1 X128.474 Y147.58 E1085.16387
G1 X135.08 Y140.974 E1085.4746
G1 X135.08 Y141.54 E1085.49342
G1 X129.04 Y147.58 E1085.77753
G1 X129.606 Y147.58 E1085.79635
G1 X135.08 Y142.106 E1086.05383
G1 X135.08 Y142.672 E1086.07266
G1 X130.171 Y147.58 E1086.30354
G1 X130.737 Y147.58 E1086.32236
G1 X135.08 Y143.237 E1086.52665
G1 X135.08 Y143.803 E1086.54547
G1 X131.303 Y147.58 E1086.72313
G1 X131.868 Y147.58 E1086.74192
G1 X135.08 Y144.369 E1086.89298
G1 X135.08 Y144.934 E1086.91177
G1 X132.434 Y147.58 E1087.03623
G1 X133 Y147.58 E1087.05506
G1 X135.08 Y145.5 E1087.15289
G1 X135.08 Y146.066 E1087.17172
G1 X133.565 Y147.58 E1087.24296
G1 X134.131 Y147.58 E1087.26178
G1 X135.08 Y146.631 E1087.30642
G1 X135.08 Y147.197 E1087.32525
G0 F4800 X134.697 Y147.58
G1 F1800 X135.08 Y147.197 E1087.34326
G1 X135.08 Y147.58 E1087.356
G0 F4800 X126.776 Y127.513
G0 X126.708 Y126.977
G0 X127.281 Y121.055
G1 F1800 X127.467 Y120.869 E1087.36475
;MESH:NONMESH
G0 X127.467 Y120.869 Z1
G0 F4800 X126.344 Y117.702
G0 X126.346 Y114.549
G0 X125.451 Y113.654
G0 X97.381 Y100.5
;TIME_ELAPSED:1451.475593
;LAYER:4
;TYPE:WALL-INNER
;MESH:I2C_LED_BTN-Body.stl
G1 F2400 X96.276 Y100.472 E1087.40151
G1 X95.104 Y100.214 E1087.44143
G1 X93.919 Y99.368 E1087.48985
G1 X93.174 Y98.487 E1087.52823
G1 X92.672 Y97.119 E1087.57669
G1 X92.672 Y95.786 E1087.62103
G1 X92.969 Y94.808 E1087.65503
G1 X93.377 Y94.073 E1087.68299
G1 X94.09 Y93.217 E1087.72004
G1 X95.081 Y92.654 E1087.75795
G1 X96.141 Y92.294 E1087.79518
G1 X97.27 Y92.331 E1087.83275
G1 X98.388 Y92.58 E1087.87085
G1 X99.473 Y93.32 E1087.91453
G1 X100.238 Y94.149 E1087.95205
G1 X100.688 Y95.208 E1087.99032
G1 X100.839 Y96.006 E1088.01733
G1 X100.845 Y96.796 E1088.04361
G1 X100.623 Y97.789 E1088.07745
G1 X100.237 Y98.58 E1088.10672
G1 X99.647 Y99.317 E1088.13812
G1 X98.746 Y100.036 E1088.17646
G1 X97.381 Y100.5 E1088.22441
G0 F4800 X97.328 Y100.095
G1 F2400 X96.316 Y100.074 E1088.25808
G1 X95.256 Y99.832 E1088.29424
G1 X94.188 Y99.068 E1088.33792
G1 X93.525 Y98.283 E1088.37209
G1 X93.072 Y97.049 E1088.41582
G1 X93.072 Y95.846 E1088.45583
G1 X93.341 Y94.964 E1088.4865
G1 X93.707 Y94.302 E1088.51166
G1 X94.352 Y93.528 E1088.54517
G1 X95.239 Y93.018 E1088.5792
G1 X96.19 Y92.701 E1088.61254
G1 X97.22 Y92.728 E1088.64681
G1 X98.235 Y92.959 E1088.68143
G1 X99.207 Y93.622 E1088.72056
G1 X99.898 Y94.367 E1088.75436
G1 X100.301 Y95.321 E1088.78881
G1 X100.446 Y96.051 E1088.81356
G1 X100.437 Y96.791 E1088.83817
G1 X100.243 Y97.656 E1088.86766
G1 X99.911 Y98.34 E1088.89295
G1 X99.347 Y99.046 E1088.923
G1 X98.551 Y99.682 E1088.95689
G1 X97.328 Y100.095 E1088.99982
G0 F4800 X97.425 Y100.389
G0 X112.628 Y98.296
G1 F2400 X111.492 Y98.269 E1089.03762
G1 X110.333 Y98.006 E1089.07715
G1 X109.149 Y97.154 E1089.12566
G1 X108.415 Y96.284 E1089.16352
G1 X107.917 Y94.93 E1089.2115
G1 X107.911 Y93.604 E1089.25561
G1 X108.212 Y92.602 E1089.29041
G1 X108.614 Y91.884 E1089.31778
G1 X109.32 Y91.028 E1089.35468
G1 X110.317 Y90.456 E1089.39291
G1 X111.383 Y90.098 E1089.43031
G1 X112.51 Y90.131 E1089.46781
G1 X113.648 Y90.39 E1089.50663
G1 X114.716 Y91.124 E1089.54973
G1 X115.485 Y91.951 E1089.58729
G1 X115.915 Y92.988 E1089.62463
G1 X116.079 Y93.794 E1089.65199
G1 X116.078 Y94.616 E1089.67933
G1 X115.87 Y95.572 E1089.71187
G1 X115.487 Y96.368 E1089.74125
G1 X114.883 Y97.117 E1089.77325
G1 X114 Y97.83 E1089.811
G1 X112.628 Y98.296 E1089.85919
G0 F4800 X112.558 Y97.896
G1 F2400 X111.541 Y97.872 E1089.89303
G1 X110.5 Y97.635 E1089.92854
G1 X109.447 Y96.879 E1089.97165
G1 X108.761 Y96.07 E1090.00693
G1 X108.315 Y94.846 E1090.05026
G1 X108.312 Y93.656 E1090.08984
G1 X108.578 Y92.768 E1090.12067
G1 X108.946 Y92.108 E1090.1458
G1 X109.599 Y91.324 E1090.17974
G1 X110.481 Y90.82 E1090.21353
G1 X111.442 Y90.499 E1090.24723
G1 X112.46 Y90.528 E1090.2811
G1 X113.464 Y90.753 E1090.31532
G1 X114.425 Y91.408 E1090.354
G1 X115.133 Y92.157 E1090.38828
G1 X115.535 Y93.113 E1090.42277
G1 X115.681 Y93.838 E1090.44737
G1 X115.683 Y94.57 E1090.47172
G1 X115.478 Y95.461 E1090.50213
G1 X115.149 Y96.15 E1090.52752
G1 X114.602 Y96.832 E1090.5566
G1 X113.787 Y97.482 E1090.59127
G1 X112.558 Y97.896 E1090.63441
G0 F4800 X112.656 Y98.192
G0 X125.695 Y100.239
G1 F2400 X125.591 Y100.216 E1090.63795
G1 X124.388 Y99.354 E1090.68717
G1 X123.648 Y98.471 E1090.72549
G1 X123.155 Y97.119 E1090.77335
G1 X123.156 Y95.774 E1090.81809
G1 X123.459 Y94.79 E1090.85233
G1 X123.853 Y94.086 E1090.87917
G1 X124.578 Y93.216 E1090.91683
G1 X125.571 Y92.649 E1090.95487
G1 X126.624 Y92.298 E1090.99178
G1 X127.746 Y92.331 E1091.02912
G1 X128.873 Y92.581 E1091.06751
G1 X129.94 Y93.307 E1091.11044
G1 X130.721 Y94.143 E1091.14849
G1 X131.165 Y95.206 E1091.1868
G1 X131.324 Y95.999 E1091.2137
G1 X131.324 Y96.806 E1091.24055
G1 X131.107 Y97.779 E1091.2737
G1 X130.733 Y98.559 E1091.30247
G1 X130.135 Y99.313 E1091.33448
G1 X129.229 Y100.039 E1091.3731
G1 X127.857 Y100.496 E1091.42119
G1 X126.732 Y100.469 E1091.45862
G1 X125.695 Y100.239 E1091.49395
G0 F4800 X125.925 Y99.881
G1 F2400 X125.746 Y99.84 E1091.50006
G1 X124.661 Y99.06 E1091.5445
G1 X124.015 Y98.295 E1091.57781
G1 X123.554 Y97.037 E1091.62237
G1 X123.552 Y95.846 E1091.66198
G1 X123.82 Y94.973 E1091.69235
G1 X124.185 Y94.309 E1091.71756
G1 X124.835 Y93.529 E1091.75133
G1 X125.72 Y93.017 E1091.78533
G1 X126.682 Y92.699 E1091.81903
G1 X127.697 Y92.728 E1091.8528
G1 X128.719 Y92.961 E1091.88767
G1 X129.678 Y93.614 E1091.92626
G1 X130.379 Y94.362 E1091.96035
G1 X130.782 Y95.324 E1091.99504
G1 X130.924 Y96.042 E1092.01939
G1 X130.924 Y96.764 E1092.0434
G1 X130.726 Y97.649 E1092.07356
G1 X130.394 Y98.343 E1092.09915
G1 X129.849 Y99.03 E1092.12832
G1 X129.032 Y99.683 E1092.1631
G1 X127.798 Y100.096 E1092.20639
G1 X126.781 Y100.072 E1092.24022
G1 X125.925 Y99.881 E1092.26939
G0 F4800 X125.856 Y100.181
G0 X126.548 Y117.582
G1 F2400 X126.559 Y118.563 E1092.31091
G0 F4800 X127.131 Y119.369
G0 X127.853 Y120.124
G0 X128.051 Y119.886
G1 F2400 X127.459 Y119.396 E1092.33647
G1 X127.006 Y118.534 E1092.36886
G1 X126.995 Y117.441 E1092.40522
G1 X127.32 Y116.738 E1092.43098
G1 X127.788 Y116.248 E1092.45351
G1 X128.448 Y115.867 E1092.47886
G1 X129.4 Y115.772 E1092.51068
G1 X130.164 Y116.004 E1092.53724
G1 X130.805 Y116.52 E1092.56461
G1 X131.147 Y117.027 E1092.58495
G1 X131.353 Y117.899 E1092.61475
G1 X131.286 Y118.526 E1092.63572
G1 X130.969 Y119.226 E1092.66128
G1 X130.278 Y119.87 E1092.6927
G1 X129.494 Y120.139 E1092.72026
G1 X128.871 Y120.16 E1092.741
G1 X128.051 Y119.886 E1092.76975
G0 F4800 X127.853 Y120.124
G0 X126.548 Y126.482
G1 F2400 X126.559 Y127.463 E1092.81127
G0 F4800 X127.131 Y128.269
G0 X127.853 Y129.024
G0 X128.051 Y128.786
G1 F2400 X127.459 Y128.296 E1092.83683
G1 X127.006 Y127.434 E1092.86922
G1 X126.995 Y126.341 E1092.90558
G1 X127.32 Y125.638 E1092.93134
G1 X127.789 Y125.147 E1092.95392
G1 X128.428 Y124.782 E1092.9784
G1 X129.013 Y124.665 E1092.99824
G1 X129.834 Y124.767 E1093.02576
G1 X130.548 Y125.157 E1093.05282
G1 X131.141 Y125.901 E1093.08446
G1 X131.353 Y126.799 E1093.11515
G1 X131.286 Y127.426 E1093.13612
G1 X130.97 Y128.124 E1093.1616
G1 X130.28 Y128.771 E1093.19306
G1 X129.5 Y129.038 E1093.22049
G1 X128.88 Y129.063 E1093.24112
G1 X128.051 Y128.786 E1093.27019
G0 F4800 X127.853 Y129.024
G0 X125.451 Y130.346
G0 X112 Y130.497
G1 F2400 X98.831 Y130.498 E1093.7082
G1 X98.296 Y130.31 E1093.72706
G1 X97.697 Y129.712 E1093.75521
G1 X97.565 Y129.456 E1093.76479
G1 X97.443 Y128.706 E1093.79366
G1 X96.991 Y129.63 E1093.83523
G1 X96.196 Y130.377 E1093.87406
G1 X95.254 Y130.706 E1093.90724
G1 X94.504 Y130.718 E1093.93219
G1 X93.555 Y130.403 E1093.96545
G1 X92.843 Y129.815 E1093.99616
G1 X92.306 Y128.795 E1094.0345
G1 X92.294 Y127.516 E1094.07704
G1 X92.682 Y126.671 E1094.10797
G1 X93.185 Y126.12 E1094.13278
G1 X94.021 Y125.639 E1094.16486
G1 X95.145 Y125.523 E1094.20244
G1 X96.047 Y125.802 E1094.23424
G1 X96.811 Y126.402 E1094.26776
G1 X97.203 Y127.001 E1094.29336
G1 X97.46 Y127.868 E1094.32795
G1 X97.5 Y127.174 E1094.35338
G1 X97.5 Y114.805 E1094.76477
G1 X97.664 Y114.318 E1094.78186
G1 X98.34 Y113.652 E1094.81343
G1 X98.754 Y113.5 E1094.8281
G1 X125.209 Y113.505 E1095.70799
G1 X125.666 Y113.65 E1095.72394
G1 X126.242 Y114.228 E1095.75108
G1 X126.5 Y114.802 E1095.77201
G1 X126.5 Y117.113 E1095.84887
G1 X126.537 Y117.478 E1095.86181
G1 X126.919 Y116.649 E1095.89399
G1 X127.421 Y115.997 E1095.92136
G1 X128.321 Y115.478 E1095.95591
G1 X129.453 Y115.364 E1095.99375
G1 X130.352 Y115.645 E1096.02508
G1 X131.067 Y116.208 E1096.05535
G1 X131.519 Y116.859 E1096.08171
G1 X131.756 Y117.868 E1096.11618
G1 X131.676 Y118.636 E1096.14186
G1 X131.302 Y119.463 E1096.17205
G1 X130.487 Y120.219 E1096.20903
G1 X129.548 Y120.55 E1096.24214
G1 X128.802 Y120.558 E1096.26695
G1 X127.856 Y120.244 E1096.30011
G1 X127.147 Y119.658 E1096.3307
G1 X126.559 Y118.563 E1096.37834
G1 X126.508 Y118.899 E1096.39162
G1 X126.5 Y119.613 E1096.41585
G1 X126.5 Y126.013 E1096.62871
G1 X126.537 Y126.378 E1096.64165
G1 X126.919 Y125.549 E1096.67383
G1 X127.423 Y124.895 E1096.70129
G1 X128.289 Y124.401 E1096.73445
G1 X129.005 Y124.262 E1096.75871
G1 X129.947 Y124.372 E1096.79025
G1 X130.815 Y124.851 E1096.82323
G1 X131.511 Y125.723 E1096.86034
G1 X131.756 Y126.768 E1096.89603
G1 X131.676 Y127.536 E1096.92172
G1 X131.303 Y128.36 E1096.9518
G1 X130.49 Y129.122 E1096.98886
G1 X129.539 Y129.445 E1097.02227
G1 X128.825 Y129.464 E1097.04602
G1 X127.855 Y129.143 E1097.08001
G1 X127.147 Y128.558 E1097.11055
G1 X126.559 Y127.463 E1097.15819
G1 X126.508 Y127.799 E1097.17148
G1 X126.499 Y129.317 E1097.22348
G1 X126.285 Y129.722 E1097.23887
G1 X125.742 Y130.275 E1097.26465
G1 X125.192 Y130.496 E1097.28436
G1 X112 Y130.497 E1097.72313
G0 F4800 X112 Y130.098
G1 F2400 X98.858 Y130.099 E1098.16023
G1 X98.535 Y129.984 E1098.17164
G1 X98.018 Y129.467 E1098.19595
G1 X97.9 Y129.1 E1098.20878
G1 X97.905 Y114.817 E1098.68383
G1 X98.027 Y114.529 E1098.69423
G1 X98.518 Y114.036 E1098.71738
G1 X98.9 Y113.9 E1098.73086
G1 X125.166 Y113.903 E1099.60447
G1 X125.439 Y113.989 E1099.61399
G1 X125.935 Y114.485 E1099.63732
G1 X126.096 Y114.822 E1099.64975
G1 X126.1 Y129.23 E1100.12896
G1 X125.971 Y129.473 E1100.13811
G1 X125.438 Y130.009 E1100.16325
G1 X125.155 Y130.098 E1100.17312
G1 X112 Y130.098 E1100.61065
G0 F4800 X112 Y130.41
G0 X98.549 Y130.346
G0 X97.654 Y129.451
G0 X97.443 Y128.706
G1 F2400 X97.474 Y128.108 E1100.6347
G1 X97.46 Y127.868 E1100.64402
G0 F4800 X97.654 Y129.451
G0 X112 Y148.52
G1 F2400 X135.769 Y148.52 E1101.43458
G1 X136.02 Y148.319 E1101.44527
G1 X136.02 Y75.692 E1103.86086
G1 X135.821 Y75.401 E1103.87258
G1 X88.178 Y75.4 E1105.4572
G1 X87.9 Y75.747 E1105.47198
G1 X87.9 Y148.318 E1107.8857
G1 X88.194 Y148.52 E1107.89757
G1 X112 Y148.52 E1108.68936
G0 F4800 X112 Y148.92
G1 F2400 X135.909 Y148.92 E1109.48458
G1 X136.42 Y148.511 E1109.50635
G1 X136.42 Y75.576 E1111.93217
G1 X136.012 Y75.001 E1111.95562
G1 X87.985 Y75 E1113.55301
G1 X87.5 Y75.607 E1113.57885
G1 X87.5 Y148.511 E1116.00365
G1 X88.077 Y148.92 E1116.02717
G1 X112 Y148.92 E1116.82285
G0 F4800 X112 Y148.61
G0 X96.086 Y130.323
G0 X95.984 Y130.028
G1 F2400 X95.179 Y130.308 E1116.8512
G1 X94.569 Y130.319 E1116.87149
G1 X93.754 Y130.048 E1116.90006
G1 X93.159 Y129.557 E1116.92572
G1 X92.705 Y128.693 E1116.95818
G1 X92.695 Y127.6 E1116.99453
G1 X93.02 Y126.895 E1117.02035
G1 X93.431 Y126.44 E1117.04075
G1 X94.159 Y126.027 E1117.06859
G1 X95.106 Y125.93 E1117.10025
G1 X95.857 Y126.162 E1117.12639
G1 X96.436 Y126.616 E1117.15086
G1 X96.844 Y127.176 E1117.17391
G1 X97.053 Y128.059 E1117.20409
G1 X96.987 Y128.683 E1117.22496
G1 X96.67 Y129.384 E1117.25055
G1 X95.984 Y130.028 E1117.28184
G0 F4800 X95.775 Y129.672
;TYPE:WALL-OUTER
G1 F2400 X95.121 Y129.906 E1117.30494
G1 X94.632 Y129.917 E1117.32121
G1 X93.952 Y129.688 E1117.34508
G1 X93.481 Y129.3 E1117.36537
G1 X93.106 Y128.597 E1117.39187
G1 X93.1 Y127.689 E1117.42208
G1 X93.358 Y127.118 E1117.44292
G1 X93.661 Y126.772 E1117.45821
G1 X94.276 Y126.417 E1117.48183
G1 X95.065 Y126.34 E1117.5082
G1 X95.67 Y126.522 E1117.52921
G1 X96.214 Y126.951 E1117.55225
G1 X96.483 Y127.385 E1117.56924
G1 X96.648 Y128.108 E1117.5939
G1 X96.596 Y128.58 E1117.6097
G1 X96.332 Y129.149 E1117.63056
G1 X95.775 Y129.672 E1117.65597
G0 F4800 X95.587 Y129.739
G0 X95.822 Y130.416
G0 X112 Y130.41
G0 X112 Y129.698
G1 F2400 X98.819 Y129.697 E1118.09437
G1 X98.3 Y129.185 E1118.11862
G1 X98.301 Y114.817 E1118.5965
G1 X98.814 Y114.303 E1118.62066
G1 X125.184 Y114.304 E1119.49773
G1 X125.699 Y114.815 E1119.52186
G1 X125.7 Y129.184 E1119.99977
G1 X125.182 Y129.7 E1120.02409
G1 X112 Y129.698 E1120.46252
G0 F4800 X111.8 Y129.698
G0 X111.8 Y130.41
G0 X125.451 Y130.346
G0 X128.033 Y129.109
G0 X128.257 Y128.431
G1 F2400 X127.777 Y128.042 E1120.48307
G1 X127.407 Y127.338 E1120.50952
G1 X127.395 Y126.428 E1120.53979
G1 X127.658 Y125.858 E1120.56067
G1 X127.988 Y125.494 E1120.57701
G1 X128.54 Y125.178 E1120.59817
G1 X129.008 Y125.072 E1120.61413
G1 X129.688 Y125.149 E1120.63689
G1 X130.282 Y125.466 E1120.65929
G1 X130.768 Y126.083 E1120.68541
G1 X130.948 Y126.848 E1120.71155
G1 X130.898 Y127.299 E1120.72664
G1 X130.64 Y127.885 E1120.74794
G1 X130.066 Y128.417 E1120.77397
G1 X129.412 Y128.648 E1120.79703
G1 X128.955 Y128.66 E1120.81224
G1 X128.257 Y128.431 E1120.83667
G0 F4800 X128.102 Y128.306
G0 X127.647 Y128.853
G0 X127.265 Y128.459
G0 X126.757 Y127.497
G0 X126.751 Y126.523
G0 X127.795 Y120.076
G0 X128.248 Y119.53
G1 F2400 X127.776 Y119.141 E1120.85702
G1 X127.407 Y118.438 E1120.88342
G1 X127.395 Y117.528 E1120.91369
G1 X127.658 Y116.958 E1120.93457
G1 X127.988 Y116.594 E1120.95091
G1 X128.583 Y116.258 E1120.97364
G1 X129.365 Y116.18 E1120.99978
G1 X129.968 Y116.366 E1121.02077
G1 X130.511 Y116.792 E1121.04372
G1 X130.783 Y117.225 E1121.06073
G1 X130.948 Y117.948 E1121.08539
G1 X130.898 Y118.399 E1121.10049
G1 X130.64 Y118.985 E1121.12178
G1 X130.07 Y119.514 E1121.14765
G1 X129.41 Y119.748 E1121.17094
G1 X128.955 Y119.76 E1121.18608
G1 X128.248 Y119.53 E1121.2108
G0 F4800 X128.094 Y119.403
G0 X127.641 Y119.948
G0 X127.265 Y119.559
G0 X126.757 Y118.597
G0 X125.949 Y100.202
G0 X126.106 Y99.512
G1 F2400 X125.914 Y99.468 E1121.21736
G1 X124.927 Y98.754 E1121.25787
G1 X124.366 Y98.089 E1121.28681
G1 X123.956 Y96.983 E1121.32604
G1 X123.952 Y95.917 E1121.3615
G1 X124.197 Y95.108 E1121.38961
G1 X124.517 Y94.532 E1121.41153
G1 X125.084 Y93.852 E1121.44098
G1 X125.873 Y93.391 E1121.47137
G1 X126.725 Y93.105 E1121.50126
G1 X127.649 Y93.125 E1121.532
G1 X128.554 Y93.331 E1121.56287
G1 X129.431 Y93.935 E1121.59829
G1 X130.036 Y94.586 E1121.62785
G1 X130.401 Y95.46 E1121.65935
G1 X130.521 Y96.065 E1121.67986
G1 X130.522 Y96.731 E1121.70201
G1 X130.337 Y97.535 E1121.72945
G1 X130.037 Y98.149 E1121.75218
G1 X129.545 Y98.761 E1121.7783
G1 X128.835 Y99.325 E1121.80846
G1 X127.718 Y99.696 E1121.84761
G1 X126.831 Y99.675 E1121.87712
G1 X126.106 Y99.512 E1121.90183
G0 F4800 X125.914 Y99.468
G0 X125.912 Y99.467
G0 X125.499 Y100.043
G0 X112.736 Y98.165
G0 X112.512 Y97.491
G1 F2400 X111.581 Y97.474 E1121.9328
G1 X110.67 Y97.265 E1121.96389
G1 X109.709 Y96.576 E1122.00322
G1 X109.122 Y95.883 E1122.03343
G1 X108.713 Y94.78 E1122.07255
G1 X108.715 Y93.697 E1122.10857
G1 X108.952 Y92.92 E1122.13559
G1 X109.278 Y92.332 E1122.15795
G1 X109.855 Y91.639 E1122.18795
G1 X110.645 Y91.185 E1122.21825
G1 X111.497 Y90.902 E1122.24811
G1 X112.41 Y90.925 E1122.27849
G1 X113.309 Y91.132 E1122.30917
G1 X114.191 Y91.735 E1122.34471
G1 X114.793 Y92.381 E1122.37408
G1 X115.155 Y93.237 E1122.40499
G1 X115.281 Y93.865 E1122.42629
G1 X115.283 Y94.52 E1122.44808
G1 X115.104 Y95.319 E1122.47531
G1 X114.814 Y95.924 E1122.49763
G1 X114.321 Y96.547 E1122.52405
G1 X113.606 Y97.119 E1122.5545
G1 X112.512 Y97.491 E1122.59294
G0 F4800 X112.312 Y97.488
G0 X112.294 Y98.203
G0 X97.226 Y100.408
G0 X97.244 Y99.696
G1 F2400 X96.341 Y99.674 E1122.62298
G1 X95.429 Y99.465 E1122.6541
G1 X94.447 Y98.754 E1122.69442
G1 X93.879 Y98.078 E1122.72379
G1 X93.474 Y96.975 E1122.76287
G1 X93.472 Y95.903 E1122.79853
G1 X93.704 Y95.141 E1122.82502
G1 X94.05 Y94.515 E1122.84881
G1 X94.616 Y93.841 E1122.87808
G1 X95.388 Y93.394 E1122.90775
G1 X96.273 Y93.1 E1122.93877
G1 X97.179 Y93.126 E1122.96892
G1 X98.071 Y93.33 E1122.99935
G1 X98.929 Y93.915 E1123.03389
G1 X99.559 Y94.585 E1123.06448
G1 X99.921 Y95.461 E1123.096
G1 X100.045 Y96.104 E1123.11778
G1 X100.04 Y96.74 E1123.13894
G1 X99.868 Y97.506 E1123.16505
G1 X99.571 Y98.13 E1123.18803
G1 X99.086 Y98.742 E1123.21401
G1 X98.341 Y99.332 E1123.24561
G1 X97.244 Y99.696 E1123.28406
G0 F4800 X97.044 Y99.692
G0 X97.026 Y100.402
G0 X97.654 Y129.451
G0 X112 Y148.61
G0 X112 Y149.32
G1 F2400 X136.049 Y149.32 E1124.08393
G1 X136.82 Y148.703 E1124.11677
G1 X136.82 Y75.459 E1126.55288
G1 X136.533 Y75.009 E1126.57063
G1 X136.204 Y74.601 E1126.58806
G1 X87.793 Y74.6 E1128.19822
G1 X87.1 Y75.467 E1128.23514
G1 X87.1 Y148.703 E1130.67097
G1 X87.513 Y149.033 E1130.68856
G1 X87.959 Y149.32 E1130.7062
G1 X112 Y149.32 E1131.5058
G0 F4800 X112.2 Y149.32
G0 X112.2 Y148.61
G0 X126.346 Y129.451
G0 X126.346 Y114.549
G0 X130.965 Y97.726
G0 X135.64 Y75.781
;TYPE:SKIN
G1 F1800 X135.178 Y75.781 E1131.52117
G0 F4800 X135.64 Y76.243
G1 F1800 X135.178 Y75.781 E1131.5429
G1 X134.612 Y75.781 E1131.56173
G1 X135.64 Y76.809 E1131.61008
G1 X135.64 Y77.374 E1131.62887
G1 X134.046 Y75.781 E1131.70383
G1 X133.481 Y75.781 E1131.72262
G1 X135.64 Y77.94 E1131.82417
G1 X135.64 Y78.506 E1131.843
G1 X132.915 Y75.781 E1131.97117
G1 X132.349 Y75.781 E1131.99
G1 X135.64 Y79.072 E1132.1448
G1 X135.64 Y79.637 E1132.16359
G1 X131.783 Y75.781 E1132.34499
G1 X131.218 Y75.781 E1132.36378
G1 X135.64 Y80.203 E1132.57178
G1 X135.64 Y80.769 E1132.5906
G1 X130.652 Y75.781 E1132.82522
G1 X130.086 Y75.781 E1132.84405
G1 X135.64 Y81.334 E1133.10527
G1 X135.64 Y81.9 E1133.12409
G1 X129.521 Y75.781 E1133.41191
G1 X128.955 Y75.781 E1133.43073
G1 X135.64 Y82.466 E1133.74518
G1 X135.64 Y83.031 E1133.76397
G1 X128.389 Y75.781 E1134.10501
G1 X127.824 Y75.781 E1134.1238
G1 X135.64 Y83.597 E1134.49144
G1 X135.64 Y84.163 E1134.51027
G1 X127.258 Y75.781 E1134.90453
G1 X126.692 Y75.781 E1134.92336
G1 X135.64 Y84.728 E1135.34422
G1 X135.64 Y85.294 E1135.36304
G1 X126.127 Y75.781 E1135.81051
G1 X125.561 Y75.781 E1135.82933
G1 X135.64 Y85.86 E1136.30342
G1 X135.64 Y86.425 E1136.32221
G1 X124.995 Y75.781 E1136.82289
G1 X124.43 Y75.781 E1136.84169
G1 X135.64 Y86.991 E1137.36897
G1 X135.64 Y87.557 E1137.3878
G1 X123.864 Y75.781 E1137.9417
G1 X123.298 Y75.781 E1137.96053
G1 X135.64 Y88.122 E1138.54103
G1 X135.64 Y88.688 E1138.55986
G1 X122.733 Y75.781 E1139.16697
G1 X122.167 Y75.781 E1139.18579
G1 X135.64 Y89.254 E1139.81952
G1 X135.64 Y89.82 E1139.83834
G1 X121.601 Y75.781 E1140.4987
G1 X121.035 Y75.781 E1140.51752
G1 X135.64 Y90.385 E1141.20447
G1 X135.64 Y90.951 E1141.2233
G1 X120.47 Y75.781 E1141.93685
G1 X119.904 Y75.781 E1141.95567
G1 X135.64 Y91.517 E1142.69585
G1 X135.64 Y92.082 E1142.71464
G1 X119.338 Y75.781 E1143.48141
G1 X118.773 Y75.781 E1143.5002
G1 X135.64 Y92.648 E1144.29357
G1 X135.64 Y93.214 E1144.3124
G1 X118.207 Y75.781 E1145.13239
G1 X117.641 Y75.781 E1145.15122
G1 X135.64 Y93.779 E1145.99781
G1 X135.64 Y94.345 E1146.01664
G1 X117.076 Y75.781 E1146.88983
G1 X116.51 Y75.781 E1146.90866
G1 X135.64 Y94.911 E1147.80847
G1 X135.64 Y95.476 E1147.82727
G1 X115.944 Y75.781 E1148.75368
G1 X115.379 Y75.781 E1148.77247
G1 X135.64 Y96.042 E1149.72549
G1 X135.64 Y96.608 E1149.74431
G1 X114.813 Y75.781 E1150.72395
G1 X114.247 Y75.781 E1150.74278
G1 X135.64 Y97.173 E1151.74902
G1 X135.64 Y97.739 E1151.76784
G1 X113.682 Y75.781 E1152.80068
G1 X113.116 Y75.781 E1152.8195
G1 X135.64 Y98.305 E1153.87896
G1 X135.64 Y98.87 E1153.89776
G0 F4800 X129.026 Y92.226
G1 F1800 X130.187 Y93.016 E1153.94446
G1 X131.047 Y93.937 E1153.98637
G1 X131.292 Y94.522 E1154.00747
G0 F4800 X135.64 Y98.87
G1 F1800 X131.292 Y94.522 E1154.21198
G1 X131.529 Y95.089 E1154.23242
G1 X131.588 Y95.384 E1154.24243
G0 F4800 X128.986 Y92.217
G1 F1800 X112.55 Y75.781 E1155.01553
G1 X111.985 Y75.781 E1155.03432
G1 X128.26 Y92.056 E1155.79985
G1 X127.585 Y91.947 E1155.82259
G1 X111.419 Y75.781 E1156.58299
G1 X110.853 Y75.781 E1156.60181
G1 X127.002 Y91.93 E1157.36141
G1 X126.46 Y91.953 E1157.37946
G1 X110.287 Y75.781 E1158.14016
G1 X109.722 Y75.781 E1158.15895
G1 X126.034 Y92.093 E1158.92622
G1 X125.608 Y92.232 E1158.94112
G1 X109.156 Y75.781 E1159.71495
G1 X108.59 Y75.781 E1159.73378
G1 X125.217 Y92.407 E1160.51584
G1 X124.857 Y92.613 E1160.52963
G1 X108.025 Y75.781 E1161.32136
G1 X107.459 Y75.781 E1161.34018
G1 X124.498 Y92.82 E1162.14164
G1 X124.191 Y93.079 E1162.155
G1 X106.893 Y75.781 E1162.96865
G1 X106.328 Y75.781 E1162.98744
G1 X123.936 Y93.389 E1163.81567
G1 X123.68 Y93.699 E1163.82904
G1 X105.762 Y75.781 E1164.67185
G1 X105.196 Y75.781 E1164.69067
G1 X123.447 Y94.032 E1165.54914
G1 X123.244 Y94.395 E1165.56298
G1 X104.631 Y75.781 E1166.4385
G1 X104.065 Y75.781 E1166.45732
G1 X123.066 Y94.781 E1167.35105
G1 X122.934 Y95.215 E1167.36614
G1 X103.499 Y75.781 E1168.28028
G1 X102.934 Y75.781 E1168.29907
G1 X122.802 Y95.649 E1169.2336
G1 X122.773 Y96.186 E1169.25148
G1 X102.368 Y75.781 E1170.21127
G1 X101.802 Y75.781 E1170.2301
G1 X122.773 Y96.751 E1171.21649
G1 X122.772 Y97.176 E1171.23062
G1 X122.853 Y97.397 E1171.23845
G1 X101.236 Y75.781 E1172.25522
G1 X100.671 Y75.781 E1172.27402
G0 F4800 X128.813 Y92.724
G0 X129.845 Y93.424
G0 X131.588 Y95.384
G1 F1800 X135.64 Y99.436 E1172.46461
G1 X135.64 Y100.002 E1172.48343
G1 X131.704 Y96.066 E1172.66857
G1 X131.704 Y96.632 E1172.6874
G1 X135.64 Y100.568 E1172.87253
G1 X135.64 Y101.133 E1172.89133
G1 X131.639 Y97.132 E1173.07952
G1 X131.536 Y97.595 E1173.0953
G1 X135.64 Y101.699 E1173.28834
G1 X135.64 Y102.265 E1173.30716
G1 X131.407 Y98.031 E1173.50629
G1 X131.223 Y98.414 E1173.52043
G1 X135.64 Y102.83 E1173.72816
G1 X135.64 Y103.396 E1173.74699
G1 X131.035 Y98.791 E1173.96359
G1 X130.784 Y99.106 E1173.97699
G1 X135.64 Y103.962 E1174.2054
G1 X135.64 Y104.527 E1174.22419
G1 X130.534 Y99.421 E1174.46436
G1 X130.253 Y99.706 E1174.47768
G1 X135.64 Y105.093 E1174.73106
G1 X135.64 Y105.659 E1174.74989
G1 X129.939 Y99.958 E1175.01805
G1 X129.625 Y100.21 E1175.03144
G1 X135.64 Y106.224 E1175.31434
G1 X135.64 Y106.79 E1175.33317
G1 X129.276 Y100.426 E1175.63251
G1 X128.851 Y100.567 E1175.6474
G1 X135.64 Y107.356 E1175.96674
G1 X135.64 Y107.921 E1175.98553
G1 X128.427 Y100.708 E1176.32481
G1 X128.003 Y100.85 E1176.33968
G1 X135.64 Y108.487 E1176.6989
G1 X135.64 Y109.053 E1176.71773
G1 X127.456 Y100.869 E1177.10268
G1 X126.88 Y100.858 E1177.12184
G1 X135.64 Y109.619 E1177.5339
G1 X135.64 Y110.184 E1177.5527
G1 X126.199 Y100.743 E1177.99677
G1 X125.465 Y100.575 E1178.02182
G0 F4800 X100.671 Y75.781
G1 F1800 X123.177 Y98.286 E1179.08041
G1 X123.32 Y98.682 E1179.09441
G1 X124.118 Y99.627 E1179.13555
G1 X125.432 Y100.568 E1179.1893
G1 X125.465 Y100.575
G1 X135.64 Y110.75 E1179.6679
G1 X135.64 Y111.316 E1179.68673
G1 X100.105 Y75.781 E1181.35819
G1 X99.539 Y75.781 E1181.37701
G1 X113.8 Y90.042 E1182.0478
G1 X113.788 Y90.033 E1182.0483
G1 X113.061 Y89.868 E1182.0731
G1 X98.974 Y75.781 E1182.73571
G1 X98.408 Y75.781 E1182.75453
G1 X112.376 Y89.748 E1183.41152
G1 X111.793 Y89.731 E1183.43092
G1 X97.842 Y75.781 E1184.08711
G1 X97.277 Y75.781 E1184.1059
G1 X111.237 Y89.741 E1184.76254
G1 X110.816 Y89.885 E1184.77734
G1 X96.711 Y75.781 E1185.44077
G1 X96.145 Y75.781 E1185.45959
G1 X110.394 Y90.029 E1186.1298
G1 X109.999 Y90.2 E1186.14411
G1 X95.58 Y75.781 E1186.82234
G1 X95.014 Y75.781 E1186.84117
G1 X109.64 Y90.406 E1187.5291
G1 X109.28 Y90.612 E1187.5429
G1 X94.448 Y75.781 E1188.24053
G1 X93.883 Y75.781 E1188.25932
G1 X108.969 Y90.867 E1188.96892
G1 X108.712 Y91.176 E1188.98229
G1 X93.317 Y75.781 E1189.70642
G1 X92.751 Y75.781 E1189.72525
G1 X108.455 Y91.484 E1190.46389
G1 X108.221 Y91.816 E1190.4774
G1 X92.186 Y75.781 E1191.23164
G1 X91.62 Y75.781 E1191.25046
G1 X108.019 Y92.18 E1192.02182
G1 X107.827 Y92.554 E1192.0358
G1 X91.054 Y75.781 E1192.82475
G1 X90.488 Y75.781 E1192.84358
G1 X107.698 Y92.99 E1193.65306
G1 X107.569 Y93.427 E1193.66822
G1 X89.923 Y75.781 E1194.49823
G1 X89.357 Y75.781 E1194.51705
G1 X107.534 Y93.958 E1195.37205
G1 X107.537 Y94.526 E1195.39094
G1 X88.791 Y75.781 E1196.27267
G1 X88.36 Y75.781 E1196.287
G1 X88.3 Y75.855 E1196.29017
G0 F4800 X114.961 Y90.832
G1 F1800 X115.812 Y91.746 E1196.33171
G1 X116.028 Y92.27 E1196.35056
G1 X135.64 Y111.881 E1197.27302
G1 X135.64 Y112.447 E1197.29185
G1 X116.34 Y93.146 E1198.19969
G1 X116.457 Y93.757 E1198.22038
G1 X116.457 Y93.83 E1198.2228
G1 X135.64 Y113.013 E1199.12511
G1 X135.64 Y113.578 E1199.14391
G1 X116.462 Y94.4 E1200.04598
G1 X116.405 Y94.909 E1200.06302
G1 X135.64 Y114.144 E1200.96777
G1 X135.64 Y114.71 E1200.9866
G1 X116.301 Y95.371 E1201.89624
G1 X116.173 Y95.808 E1201.91139
G1 X135.64 Y115.275 E1202.82706
G1 X135.64 Y115.841 E1202.84588
G1 X115.992 Y96.193 E1203.77006
G1 X115.804 Y96.571 E1203.78411
G1 X135.64 Y116.407 E1204.71713
G1 X135.64 Y116.972 E1204.73592
G1 X115.555 Y96.888 E1205.68064
G1 X115.306 Y97.204 E1205.69402
G1 X135.64 Y117.538 E1206.65047
G1 X135.64 Y118.104 E1206.66929
G1 X115.025 Y97.489 E1207.63896
G1 X114.713 Y97.742 E1207.65232
G1 X135.64 Y118.669 E1208.63666
G1 X135.64 Y119.235 E1208.65548
G1 X114.401 Y97.996 E1209.6545
G1 X114.058 Y98.219 E1209.66811
G1 X135.64 Y119.801 E1210.68326
G1 X135.64 Y120.367 E1210.70209
G1 X131.639 Y116.365 E1210.8903
G1 X131.871 Y116.698 E1210.9038
G1 X132.015 Y117.307 E1210.92462
G1 X135.64 Y120.932 E1211.09513
G1 X135.64 Y121.498 E1211.11395
G1 X132.124 Y117.982 E1211.27933
G1 X132.071 Y118.495 E1211.29649
G1 X135.64 Y122.064 E1211.46436
G1 X135.64 Y122.629 E1211.48315
G1 X131.953 Y118.942 E1211.65658
G1 X131.776 Y119.331 E1211.67079
G1 X135.64 Y123.195 E1211.85254
G1 X135.64 Y123.761 E1211.87137
G1 X131.591 Y119.712 E1212.06182
G1 X131.298 Y119.984 E1212.07512
G1 X135.64 Y124.326 E1212.27935
G1 X135.64 Y124.892 E1212.29818
G1 X131.004 Y120.256 E1212.51624
G1 X130.711 Y120.528 E1212.52954
G1 X135.64 Y125.458 E1212.76141
G1 X135.64 Y126.023 E1212.7802
G1 X130.303 Y120.686 E1213.03123
G1 X129.886 Y120.835 E1213.04596
G1 X135.64 Y126.589 E1213.31661
G1 X135.64 Y127.155 E1213.33544
G1 X129.416 Y120.931 E1213.6282
G1 X128.856 Y120.936 E1213.64682
G1 X135.64 Y127.72 E1213.96592
G1 X135.64 Y128.286 E1213.98475
G1 X128.067 Y120.713 E1214.34096
G1 X127.666 Y120.579 E1214.35502
G1 X127.039 Y120.061 E1214.38207
G1 X126.88 Y119.827 E1214.39148
G1 X126.88 Y120.091 E1214.40026
G0 F4800 X126.757 Y118.597
G0 X126.749 Y117.395
G0 X127.107 Y116.604
G0 X127.546 Y116.105
G0 X128.374 Y115.626
G0 X130.741 Y115.467
G1 F1800 X113.633 Y98.359 E1215.20497
G1 X113.209 Y98.501 E1215.21984
G1 X129.774 Y115.066 E1215.99901
G1 X129.495 Y114.979 E1216.00873
G1 X129.154 Y115.012 E1216.02012
G1 X112.784 Y98.641 E1216.79014
G1 X112.243 Y98.667 E1216.80815
G1 X128.64 Y115.064 E1217.57942
G1 X128.148 Y115.137 E1217.59596
G1 X111.663 Y98.652 E1218.37137
G1 X110.995 Y98.549 E1218.39385
G1 X125.715 Y113.27 E1219.08625
G1 X125.005 Y113.126 E1219.11035
G0 F4800 X126.713 Y114.268
G1 F1800 X127.79 Y115.345 E1219.16101
G0 F4800 X111.113 Y98.882
G0 X88.3 Y75.855
G1 F1800 X107.593 Y95.148 E1220.06849
G1 X107.921 Y96.042 E1220.10016
G0 F4800 X127.79 Y115.345
G1 F1800 X127.431 Y115.552 E1220.11395
G1 X126.88 Y115 E1220.13989
G1 X126.88 Y115.566 E1220.15871
G1 X127.134 Y115.821 E1220.17068
G1 X126.88 Y116.07 E1220.18251
G0 F4800 X126.346 Y114.549
G0 X107.921 Y96.042
G1 F1800 X88.28 Y76.401 E1221.10637
G0 F4800 X110.258 Y98.379
G1 F1800 X125.005 Y113.126 E1221.80002
G0 F4800 X110.174 Y98.359
G1 F1800 X108.887 Y97.435 E1221.85272
G1 X108.082 Y96.48 E1221.89426
G1 X107.921 Y96.042 E1221.90978
G0 F4800 X88.28 Y76.401
G1 F1800 X88.28 Y76.966 E1221.92857
G1 X124.439 Y113.126 E1223.6294
G1 X123.874 Y113.126 E1223.6482
G1 X88.28 Y77.532 E1225.32243
G1 X88.28 Y78.098 E1225.34125
G1 X123.308 Y113.126 E1226.98886
G1 X122.742 Y113.126 E1227.00769
G1 X88.28 Y78.664 E1228.62868
G1 X88.28 Y79.229 E1228.64747
G1 X122.176 Y113.125 E1230.24183
G1 X121.61 Y113.125 E1230.26066
G1 X88.28 Y79.795 E1231.8284
G1 X88.28 Y80.361 E1231.84722
G1 X121.045 Y113.125 E1233.38836
G1 X120.479 Y113.125 E1233.40719
G1 X88.28 Y80.926 E1234.92173
G1 X88.28 Y81.492 E1234.94056
G0 F4800 X125.451 Y113.654
G0 X126.346 Y114.549
G0 X126.88 Y120.091
G1 F1800 X135.64 Y128.852 E1235.35262
G0 F4800 X126.341 Y118.601
G0 X126.346 Y114.549
G0 X125.621 Y113.824
G0 X88.28 Y81.492
G1 F1800 X119.913 Y113.125 E1236.84054
G1 X119.347 Y113.124 E1236.85937
G0 F4800 X125.451 Y113.654
G0 X126.346 Y114.549
G0 X126.342 Y118.862
G0 X135.64 Y128.852
G1 F1800 X135.64 Y129.418 E1236.87819
G0 F4800 X131.068 Y124.557
G1 F1800 X131.86 Y125.552 E1236.92049
G1 X131.886 Y125.663 E1236.92428
G0 F4800 X126.341 Y119.045
G0 X126.346 Y114.549
G0 X125.621 Y113.824
G0 X98.547 Y92.226
G1 F1800 X99.723 Y93.032 E1236.9717
G1 X100.573 Y93.944 E1237.01317
G1 X100.86 Y94.638 E1237.03815
G0 F4800 X125.451 Y113.654
G0 X126.346 Y114.549
G0 X126.341 Y119.058
G0 X130.427 Y124.204
G1 F1800 X126.88 Y120.657 E1237.20499
G0 F4800 X126.346 Y114.549
G0 X125.451 Y113.654
G0 X119.347 Y113.124
G1 F1800 X100.86 Y94.638 E1238.07453
G0 F4800 X125.451 Y113.654
G0 X126.346 Y114.549
G0 X126.341 Y119.058
G0 X135.64 Y129.418
G1 F1800 X131.886 Y125.663 E1238.25113
G0 F4800 X126.88 Y120.657
G1 F1800 X126.88 Y121.223 E1238.26996
G1 X129.607 Y123.95 E1238.39823
G1 X128.995 Y123.878 E1238.41873
G1 X128.973 Y123.882 E1238.41947
G1 X126.88 Y121.789 E1238.51792
G1 X126.88 Y122.354 E1238.53671
G1 X128.498 Y123.973 E1238.61284
G1 X128.055 Y124.095 E1238.62812
G1 X126.88 Y122.92 E1238.68339
G1 X126.88 Y123.486 E1238.70221
G1 X127.695 Y124.301 E1238.74055
G1 X127.345 Y124.517 E1238.75423
G1 X126.88 Y124.051 E1238.77613
G1 X126.88 Y124.617 E1238.79495
G0 F4800 X128.996 Y124.415
G0 X129.901 Y124.523
G0 X131.886 Y125.663
G1 F1800 X132.061 Y126.405 E1238.82031
G0 F4800 X130.703 Y124.954
G0 X126.338 Y120.585
G0 X126.346 Y114.549
G0 X125.621 Y113.824
G0 X98.42 Y92.198
G1 F1800 X88.28 Y82.058 E1239.29726
G1 X88.28 Y82.623 E1239.31605
G1 X97.694 Y92.037 E1239.75886
G1 X97.036 Y91.944 E1239.78096
G1 X88.28 Y83.189 E1240.19279
G1 X88.28 Y83.755 E1240.21162
G1 X96.449 Y91.923 E1240.59584
G1 X95.925 Y91.966 E1240.61333
G1 X88.28 Y84.32 E1240.97295
G1 X88.28 Y84.886 E1240.99177
G1 X95.503 Y92.109 E1241.33152
G1 X95.081 Y92.253 E1241.34635
G1 X88.28 Y85.452 E1241.66625
G1 X88.28 Y86.017 E1241.68504
G1 X94.697 Y92.434 E1241.98688
G1 X94.337 Y92.639 E1242.00066
G1 X88.28 Y86.583 E1242.28554
G1 X88.28 Y87.149 E1242.30436
G1 X93.975 Y92.844 E1242.57224
G1 X93.682 Y93.116 E1242.58553
G1 X88.28 Y87.714 E1242.83963
G1 X88.28 Y88.28 E1242.85845
G1 X93.424 Y93.424 E1243.10041
G1 X93.166 Y93.732 E1243.11377
G1 X88.28 Y88.846 E1243.3436
G1 X88.28 Y89.412 E1243.36242
G1 X92.941 Y94.073 E1243.58166
G1 X92.74 Y94.437 E1243.59549
G1 X88.28 Y89.977 E1243.80527
G1 X88.28 Y90.543 E1243.8241
G1 X92.567 Y94.829 E1244.02572
G1 X92.434 Y95.263 E1244.04082
G1 X88.28 Y91.109 E1244.23621
G1 X88.28 Y91.674 E1244.255
G1 X92.303 Y95.697 E1244.44423
G1 X92.292 Y95.73 E1244.44539
G1 X92.292 Y96.252 E1244.46275
G1 X88.28 Y92.24 E1244.65146
G1 X88.28 Y92.806 E1244.67029
G1 X92.292 Y96.818 E1244.859
G1 X92.292 Y97.187 E1244.87128
G1 X92.406 Y97.497 E1244.88226
G1 X88.28 Y93.371 E1245.07634
G1 X88.28 Y93.937 E1245.09516
G0 F4800 X96.169 Y92.45
G0 X97.249 Y92.477
G0 X98.333 Y92.724
G0 X98.918 Y93.121
G0 X100.86 Y94.638
G1 F1800 X101.125 Y95.468 E1245.12414
G1 X118.781 Y113.124 E1245.95462
G0 F4800 X125.451 Y113.654
G0 X126.346 Y114.549
G0 X126.338 Y120.682
G0 X129.873 Y124.142
G0 X132.061 Y126.405
G1 F1800 X135.64 Y129.983 E1246.12294
G0 F4800 X130.703 Y124.954
G0 X126.339 Y120.682
G0 X126.346 Y114.549
G0 X125.451 Y113.654
G0 X118.781 Y113.124
G1 F1800 X118.216 Y113.124 E1246.14174
G1 X101.222 Y96.131 E1246.94106
G1 X101.223 Y96.698 E1246.95992
G1 X117.65 Y113.124 E1247.73257
G1 X117.084 Y113.124 E1247.7514
G1 X101.146 Y97.186 E1248.50107
G1 X101.044 Y97.65 E1248.51687
G1 X116.518 Y113.124 E1249.24472
G1 X115.952 Y113.124 E1249.26355
G1 X100.902 Y98.074 E1249.97145
G1 X100.721 Y98.458 E1249.98557
G1 X115.386 Y113.124 E1250.67539
G1 X114.821 Y113.124 E1250.69418
G1 X100.524 Y98.827 E1251.36667
G1 X100.274 Y99.143 E1251.38007
G1 X114.255 Y113.124 E1252.0377
G1 X113.689 Y113.124 E1252.05652
G1 X100.024 Y99.458 E1252.6993
G1 X99.734 Y99.734 E1252.71262
G1 X113.123 Y113.123 E1253.3424
G1 X112.557 Y113.123 E1253.36122
G1 X99.419 Y99.985 E1253.97919
G1 X99.104 Y100.235 E1253.99257
G1 X111.992 Y113.123 E1254.59878
G1 X111.426 Y113.123 E1254.61761
G1 X98.741 Y100.438 E1255.21427
G1 X98.32 Y100.582 E1255.22907
G1 X110.86 Y113.123 E1255.81894
G1 X110.294 Y113.122 E1255.83776
G1 X97.898 Y100.726 E1256.42083
G1 X97.476 Y100.87 E1256.43566
G1 X109.728 Y113.122 E1257.01196
G1 X109.162 Y113.122 E1257.03078
G1 X96.909 Y100.869 E1257.60713
G1 X96.328 Y100.853 E1257.62646
G1 X108.597 Y113.122 E1258.20355
G1 X108.031 Y113.122 E1258.22238
G1 X95.63 Y100.721 E1258.80568
G1 X94.94 Y100.565 E1258.82921
G1 X94.827 Y100.483 E1258.83386
G1 X107.465 Y113.122 E1259.42833
G1 X106.899 Y113.122 E1259.44716
G0 F4800 X125.451 Y113.654
G0 X126.346 Y114.549
G0 X127.412 Y125.157
G0 X128.336 Y124.548
G0 X128.996 Y124.415
G0 X129.901 Y124.523
G0 X130.623 Y124.911
G0 X135.64 Y129.983
G1 F1800 X135.64 Y130.549 E1259.46598
G1 X132.11 Y127.019 E1259.63202
G1 X132.058 Y127.532 E1259.64917
G1 X135.64 Y131.115 E1259.81768
G1 X135.64 Y131.68 E1259.83648
G1 X131.907 Y127.947 E1260.01206
G1 X131.73 Y128.336 E1260.02628
G1 X135.64 Y132.246 E1260.21019
G1 X135.64 Y132.812 E1260.22902
G1 X131.513 Y128.685 E1260.42314
G1 X131.221 Y128.959 E1260.43646
G1 X135.64 Y133.377 E1260.64429
G1 X135.64 Y133.943 E1260.66312
G1 X130.929 Y129.232 E1260.88471
G1 X130.613 Y129.481 E1260.89809
G1 X135.64 Y134.509 E1261.13457
G1 X135.64 Y135.074 E1261.15336
G1 X130.193 Y129.627 E1261.40957
G1 X129.773 Y129.773 E1261.42436
G1 X135.64 Y135.64 E1261.70032
G1 X135.64 Y136.206 E1261.71915
G1 X129.265 Y129.831 E1262.01901
G1 X128.687 Y129.818 E1262.03824
G1 X135.64 Y136.771 E1262.36529
G1 X135.64 Y137.337 E1262.38411
G1 X127.842 Y129.539 E1262.75091
G1 X127.669 Y129.482 E1262.75696
G1 X127.038 Y128.961 E1262.78418
G1 X126.88 Y128.728 E1262.79354
G1 X126.88 Y129.142 E1262.80731
G1 X135.64 Y137.903 E1263.21938
G1 X135.64 Y138.468 E1263.23817
G1 X126.772 Y129.601 E1263.65527
G1 X126.574 Y129.968 E1263.66914
G1 X135.64 Y139.034 E1264.09558
G1 X135.64 Y139.6 E1264.1144
G1 X126.296 Y130.256 E1264.55392
G1 X126.013 Y130.539 E1264.56723
G1 X135.64 Y140.166 E1265.02005
G1 X135.64 Y140.731 E1265.03884
G1 X125.63 Y130.721 E1265.50968
G1 X125.219 Y130.876 E1265.52429
G1 X135.64 Y141.297 E1266.01447
G1 X135.64 Y141.863 E1266.03329
G1 X124.653 Y130.876 E1266.55009
G1 X124.087 Y130.876 E1266.56891
G1 X135.64 Y142.428 E1267.11231
G1 X135.64 Y142.994 E1267.13113
G1 X123.522 Y130.876 E1267.70112
G1 X122.956 Y130.876 E1267.71995
G1 X135.64 Y143.56 E1268.31657
G1 X135.64 Y144.125 E1268.33536
G1 X122.39 Y130.876 E1268.95857
G1 X121.825 Y130.876 E1268.97737
G1 X135.64 Y144.691 E1269.62718
G1 X135.64 Y145.257 E1269.64601
G1 X121.259 Y130.876 E1270.32244
G1 X120.693 Y130.876 E1270.34127
G1 X135.64 Y145.822 E1271.04431
G1 X135.64 Y146.388 E1271.06313
G1 X120.128 Y130.876 E1271.79277
G1 X119.563 Y130.876 E1271.81156
G1 X135.64 Y146.954 E1272.5678
G1 X135.64 Y147.519 E1272.58659
G1 X118.997 Y130.876 E1273.36943
G1 X118.431 Y130.876 E1273.38825
G1 X135.64 Y148.085 E1274.19771
G1 X135.64 Y148.137 E1274.19944
G1 X135.127 Y148.137 E1274.2165
G1 X117.866 Y130.876 E1275.02841
G1 X117.3 Y130.876 E1275.04723
G1 X134.561 Y148.137 E1275.85914
G1 X133.995 Y148.137 E1275.87796
G1 X116.734 Y130.876 E1276.68987
G1 X116.168 Y130.876 E1276.70869
G1 X133.43 Y148.137 E1277.52062
G1 X132.864 Y148.137 E1277.53944
G1 X115.603 Y130.876 E1278.35135
G1 X115.037 Y130.876 E1278.37017
G1 X132.298 Y148.137 E1279.18208
G1 X131.733 Y148.137 E1279.20087
G1 X114.472 Y130.877 E1280.01275
G1 X113.906 Y130.877 E1280.03158
G1 X131.167 Y148.137 E1280.84346
G1 X130.601 Y148.137 E1280.86228
G1 X113.341 Y130.877 E1281.67414
G1 X112.775 Y130.877 E1281.69297
G1 X130.036 Y148.137 E1282.50485
G1 X129.47 Y148.137 E1282.52367
G1 X112.209 Y130.877 E1283.33555
G1 X111.644 Y130.877 E1283.35434
G1 X128.904 Y148.137 E1284.1662
G1 X128.338 Y148.137 E1284.18503
G1 X111.078 Y130.877 E1284.99688
G1 X110.512 Y130.877 E1285.01571
G1 X127.773 Y148.137 E1285.82759
G1 X127.207 Y148.137 E1285.84642
G1 X109.947 Y130.877 E1286.65827
G1 X109.381 Y130.877 E1286.6771
G1 X126.641 Y148.137 E1287.48896
G1 X126.076 Y148.137 E1287.50775
G1 X108.816 Y130.878 E1288.31958
G1 X108.25 Y130.878 E1288.33841
G1 X125.51 Y148.137 E1289.15024
G1 X124.944 Y148.137 E1289.16907
G1 X107.685 Y130.878 E1289.98088
G1 X107.119 Y130.878 E1289.9997
G1 X124.379 Y148.137 E1290.81154
G1 X123.813 Y148.137 E1290.83036
G1 X106.553 Y130.878 E1291.6422
G1 X105.988 Y130.878 E1291.66099
G1 X123.247 Y148.137 E1292.4728
G1 X122.682 Y148.137 E1292.49159
G1 X105.422 Y130.878 E1293.30342
G1 X104.856 Y130.878 E1293.32225
G1 X122.116 Y148.137 E1294.13408
G1 X121.55 Y148.137 E1294.15291
G1 X104.29 Y130.878 E1294.96474
G1 X103.725 Y130.878 E1294.98353
G1 X120.985 Y148.137 E1295.79537
G1 X120.419 Y148.137 E1295.81419
G1 X103.16 Y130.878 E1296.626
G1 X102.594 Y130.878 E1296.64483
G1 X119.853 Y148.137 E1297.45664
G1 X119.288 Y148.138 E1297.47543
G1 X102.028 Y130.878 E1298.28729
G1 X101.463 Y130.878 E1298.30608
G1 X118.723 Y148.138 E1299.11794
G1 X118.157 Y148.138 E1299.13676
G1 X100.897 Y130.878 E1299.94862
G1 X100.331 Y130.878 E1299.96745
G1 X117.591 Y148.138 E1300.7793
G1 X117.025 Y148.138 E1300.79813
G1 X99.766 Y130.878 E1301.60996
G1 X99.2 Y130.878 E1301.62879
G1 X116.46 Y148.138 E1302.44065
G1 X115.894 Y148.138 E1302.45947
G1 X98.551 Y130.795 E1303.27523
G1 X98.074 Y130.625 E1303.29208
G1 X97.304 Y129.856 E1303.32827
G1 X97.171 Y129.981 E1303.33434
G1 X115.328 Y148.138 E1304.18839
G1 X114.763 Y148.138 E1304.20718
G1 X96.879 Y130.255 E1305.04837
G1 X96.588 Y130.529 E1305.06166
G1 X114.197 Y148.138 E1305.88993
G1 X113.631 Y148.138 E1305.90876
G1 X96.254 Y130.761 E1306.72612
G1 X95.834 Y130.907 E1306.74091
G1 X113.066 Y148.138 E1307.55143
G1 X112.5 Y148.138 E1307.57025
G1 X95.413 Y131.052 E1308.37395
G1 X94.887 Y131.091 E1308.39149
G1 X111.934 Y148.138 E1309.19333
G1 X111.369 Y148.138 E1309.21212
G1 X94.274 Y131.043 E1310.01622
G1 X93.425 Y130.76 E1310.04598
G0 F4800 X125.451 Y130.346
G0 X126.346 Y129.451
G0 X126.88 Y124.617
G1 F1800 X127.059 Y124.796 E1310.0544
G1 X126.88 Y124.971 E1310.06273
G0 F4800 X126.346 Y114.549
G0 X125.451 Y113.654
G0 X95.163 Y100.071
G0 X94.237 Y99.409
G0 X88.28 Y93.937
G1 F1800 X92.734 Y98.39 E1310.27221
G1 X92.84 Y98.682 E1310.28254
G1 X93.657 Y99.648 E1310.32462
G0 F4800 X106.899 Y113.122
G1 F1800 X88.28 Y94.503 E1311.2004
G1 X88.28 Y95.068 E1311.21919
G1 X106.333 Y113.122 E1312.06837
G1 X105.768 Y113.122 E1312.08717
G1 X88.28 Y95.634 E1312.90975
G1 X88.28 Y96.2 E1312.92857
G1 X105.202 Y113.122 E1313.72453
G1 X104.636 Y113.122 E1313.74336
G1 X88.28 Y96.765 E1314.51272
G1 X88.28 Y97.331 E1314.53154
G1 X104.07 Y113.121 E1315.27426
G1 X103.504 Y113.121 E1315.29308
G1 X88.28 Y97.897 E1316.00917
G1 X88.28 Y98.462 E1316.02796
G1 X102.938 Y113.121 E1316.71745
G1 X102.373 Y113.121 E1316.73625
G1 X88.28 Y99.028 E1317.39914
G1 X88.28 Y99.594 E1317.41796
G1 X101.807 Y113.121 E1318.05423
G1 X101.241 Y113.12 E1318.07306
G1 X88.28 Y100.16 E1318.68268
G1 X88.28 Y100.725 E1318.70147
G1 X100.675 Y113.12 E1319.28449
G1 X100.109 Y113.12 E1319.30332
G1 X88.28 Y101.291 E1319.85972
G1 X88.28 Y101.857 E1319.87854
G1 X99.544 Y113.12 E1320.40834
G1 X98.978 Y113.12 E1320.42717
G1 X88.28 Y102.422 E1320.93037
G1 X88.28 Y102.988 E1320.9492
G1 X98.488 Y113.196 E1321.42935
G1 X98.091 Y113.365 E1321.4437
G1 X88.28 Y103.554 E1321.90518
G1 X88.28 Y104.119 E1321.92397
G1 X97.806 Y113.645 E1322.37205
G1 X97.521 Y113.926 E1322.38536
G1 X88.28 Y104.685 E1322.82003
G1 X88.28 Y105.251 E1322.83885
G1 X97.3 Y114.271 E1323.26312
G1 X97.12 Y114.657 E1323.27729
G1 X88.28 Y105.816 E1323.69312
G1 X88.28 Y106.382 E1323.71194
G1 X97.12 Y115.222 E1324.12775
G1 X97.12 Y115.788 E1324.14658
G1 X88.28 Y106.948 E1324.56238
G1 X88.28 Y107.513 E1324.58117
G1 X97.12 Y116.354 E1324.997
G1 X97.12 Y116.919 E1325.0158
G1 X88.28 Y108.079 E1325.4316
G1 X88.28 Y108.645 E1325.45043
G1 X97.12 Y117.485 E1325.86623
G1 X97.12 Y118.05 E1325.88503
G1 X88.28 Y109.211 E1326.30081
G1 X88.28 Y109.776 E1326.3196
G1 X97.12 Y118.616 E1326.73541
G1 X97.12 Y119.181 E1326.7542
G1 X88.28 Y110.342 E1327.16998
G1 X88.28 Y110.908 E1327.18881
G1 X97.12 Y119.747 E1327.60459
G1 X97.12 Y120.313 E1327.62342
G1 X88.28 Y111.473 E1328.03922
G1 X88.28 Y112.039 E1328.05805
G1 X97.119 Y120.878 E1328.47381
G1 X97.119 Y121.443 E1328.4926
G1 X88.28 Y112.605 E1328.90834
G1 X88.28 Y113.17 E1328.92713
G1 X97.119 Y122.009 E1329.34289
G1 X97.119 Y122.575 E1329.36171
G1 X88.28 Y113.736 E1329.77747
G1 X88.28 Y114.302 E1329.7963
G1 X97.119 Y123.141 E1330.21206
G1 X97.118 Y123.706 E1330.23085
G1 X88.28 Y114.867 E1330.64658
G1 X88.28 Y115.433 E1330.66541
G1 X97.118 Y124.271 E1331.08112
G1 X97.118 Y124.837 E1331.09995
G1 X88.28 Y115.999 E1331.51566
G1 X88.28 Y116.564 E1331.53445
G1 X97.118 Y125.403 E1331.95019
G1 X97.118 Y125.968 E1331.96898
G1 X88.28 Y117.13 E1332.38469
G1 X88.28 Y117.696 E1332.40352
G1 X95.961 Y125.377 E1332.76481
G1 X95.186 Y125.138 E1332.79178
G1 X95.159 Y125.14 E1332.79268
G1 X88.28 Y118.261 E1333.11625
G1 X88.28 Y118.827 E1333.13508
G1 X94.646 Y125.193 E1333.43451
G1 X94.132 Y125.245 E1333.4517
G1 X88.28 Y119.393 E1333.72696
G1 X88.28 Y119.959 E1333.74578
G1 X93.703 Y125.381 E1334.00084
G1 X93.344 Y125.589 E1334.01464
G1 X88.28 Y120.524 E1334.25286
G1 X88.28 Y121.09 E1334.27168
G1 X92.985 Y125.795 E1334.49299
G1 X92.708 Y126.084 E1334.50631
G1 X88.28 Y121.656 E1334.71458
G1 X88.28 Y122.221 E1334.73338
G1 X92.438 Y126.379 E1334.92896
G1 X92.234 Y126.74 E1334.94275
G1 X88.28 Y122.787 E1335.12871
G1 X88.28 Y123.353 E1335.14753
G1 X92.055 Y127.127 E1335.32507
G1 X91.915 Y127.553 E1335.33999
G1 X88.28 Y123.918 E1335.51097
G1 X88.28 Y124.484 E1335.52979
G1 X91.92 Y128.124 E1335.70101
G1 X91.926 Y128.696 E1335.72003
G1 X88.28 Y125.05 E1335.89153
G1 X88.28 Y125.615 E1335.91032
G1 X92.341 Y129.676 E1336.10134
G0 F4800 X93.425 Y130.76
G1 F1800 X110.803 Y148.138 E1336.91875
G0 F4800 X93.37 Y130.742
G1 F1800 X92.542 Y130.06 E1336.95443
G1 X92.341 Y129.676 E1336.96884
G0 F4800 X110.803 Y148.138
G1 F1800 X110.237 Y148.138 E1336.98767
G1 X88.28 Y126.181 E1338.02046
G1 X88.28 Y126.747 E1338.03928
G1 X109.672 Y148.138 E1339.04547
G1 X109.106 Y148.138 E1339.0643
G1 X88.28 Y127.312 E1340.04389
G1 X88.28 Y127.878 E1340.06271
G1 X108.54 Y148.138 E1341.01568
G1 X107.974 Y148.138 E1341.03451
G1 X88.28 Y128.444 E1341.96085
G1 X88.28 Y129.01 E1341.97968
G1 X107.409 Y148.138 E1342.87942
G1 X106.843 Y148.138 E1342.89825
G1 X88.28 Y129.575 E1343.7714
G1 X88.28 Y130.141 E1343.79022
G1 X106.277 Y148.138 E1344.63675
G1 X105.712 Y148.138 E1344.65554
G1 X88.28 Y130.707 E1345.47546
G1 X88.28 Y131.272 E1345.49425
G1 X105.146 Y148.138 E1346.28758
G1 X104.58 Y148.138 E1346.3064
G1 X88.28 Y131.838 E1347.07311
G1 X88.28 Y132.404 E1347.09193
G1 X104.015 Y148.139 E1347.83206
G1 X103.45 Y148.139 E1347.85085
G1 X88.28 Y132.969 E1348.5644
G1 X88.28 Y133.535 E1348.58322
G1 X102.884 Y148.139 E1349.27015
G1 X102.318 Y148.139 E1349.28898
G1 X88.28 Y134.101 E1349.94928
G1 X88.28 Y134.666 E1349.96807
G1 X101.753 Y148.139 E1350.6018
G1 X101.187 Y148.139 E1350.62063
G1 X88.28 Y135.232 E1351.22773
G1 X88.28 Y135.798 E1351.24656
G1 X100.621 Y148.139 E1351.82704
G1 X100.056 Y148.139 E1351.84583
G1 X88.28 Y136.363 E1352.39974
G1 X88.28 Y136.929 E1352.41857
G1 X99.49 Y148.139 E1352.94585
G1 X98.924 Y148.139 E1352.96467
G1 X88.28 Y137.495 E1353.46534
G1 X88.28 Y138.06 E1353.48413
G1 X98.359 Y148.139 E1353.95821
G1 X97.793 Y148.139 E1353.97704
G1 X88.28 Y138.626 E1354.4245
G1 X88.28 Y139.192 E1354.44333
G1 X97.227 Y148.139 E1354.86417
G1 X96.661 Y148.139 E1354.88299
G1 X88.28 Y139.758 E1355.27721
G1 X88.28 Y140.323 E1355.296
G1 X96.096 Y148.139 E1355.66364
G1 X95.53 Y148.139 E1355.68246
G1 X88.28 Y140.889 E1356.02348
G1 X88.28 Y141.455 E1356.04231
G1 X94.964 Y148.139 E1356.3567
G1 X94.399 Y148.139 E1356.37549
G1 X88.28 Y142.02 E1356.66331
G1 X88.28 Y142.586 E1356.68214
G1 X93.833 Y148.139 E1356.94333
G1 X93.267 Y148.139 E1356.96216
G1 X88.28 Y143.152 E1357.19673
G1 X88.28 Y143.717 E1357.21553
G1 X92.702 Y148.139 E1357.42352
G1 X92.136 Y148.139 E1357.44235
G1 X88.28 Y144.283 E1357.62372
G1 X88.28 Y144.849 E1357.64255
G1 X91.57 Y148.139 E1357.7973
G1 X91.005 Y148.139 E1357.81609
G1 X88.28 Y145.414 E1357.94427
G1 X88.28 Y145.98 E1357.96309
G1 X90.439 Y148.139 E1358.06464
G1 X89.873 Y148.139 E1358.08347
G1 X88.28 Y146.546 E1358.1584
G1 X88.28 Y147.111 E1358.17719
G1 X89.308 Y148.139 E1358.22555
G1 X88.742 Y148.139 E1358.24437
G0 F4800 X88.28 Y147.677
G1 F1800 X88.742 Y148.139 E1358.2661
G1 X88.28 Y148.14 E1358.28147
;MESH:NONMESH
G0 X88.28 Y148.14 Z1.2
G0 F4800 X97.445 Y100.901
;TIME_ELAPSED:1732.180898
;LAYER:5
;TYPE:WALL-INNER
;MESH:I2C_LED_BTN-Body.stl
G1 F2400 X95.849 Y100.858 E1358.33457
G1 X94.506 Y100.334 E1358.38252
G1 X93.62 Y99.635 E1358.42005
G1 X93.045 Y98.954 E1358.4497
G1 X92.598 Y98.136 E1358.4807
G1 X92.272 Y97.071 E1358.51775
G1 X92.272 Y95.725 E1358.56251
G1 X92.598 Y94.66 E1358.59956
G1 X93.033 Y93.856 E1358.62996
G1 X93.785 Y93.006 E1358.66771
G1 X94.71 Y92.379 E1358.70488
G1 X95.699 Y92.019 E1358.73988
G1 X96.428 Y91.906 E1358.76442
G1 X97.675 Y91.94 E1358.80591
G1 X98.807 Y92.391 E1358.84644
G1 X99.416 Y92.761 E1358.87014
G1 X100.433 Y93.698 E1358.91613
G1 X101.016 Y94.905 E1358.96072
G1 X101.246 Y95.996 E1358.9978
G1 X101.239 Y96.851 E1359.02624
G1 X101.016 Y97.891 E1359.06162
G1 X100.449 Y99.079 E1359.1054
G1 X99.399 Y100.057 E1359.15312
G1 X98.598 Y100.506 E1359.18367
G1 X97.445 Y100.901 E1359.2242
G0 F4800 X97.377 Y100.501
G1 F2400 X95.933 Y100.462 E1359.27225
G1 X94.705 Y99.982 E1359.3161
G1 X93.9 Y99.346 E1359.35022
G1 X93.378 Y98.728 E1359.37713
G1 X92.969 Y97.983 E1359.4054
G1 X92.672 Y97.011 E1359.4392
G1 X92.672 Y95.783 E1359.48004
G1 X92.968 Y94.817 E1359.51365
G1 X93.364 Y94.085 E1359.54133
G1 X94.049 Y93.311 E1359.57571
G1 X94.894 Y92.737 E1359.60968
G1 X95.837 Y92.4 E1359.64299
G1 X96.456 Y92.307 E1359.66381
G1 X97.592 Y92.337 E1359.7016
G1 X98.623 Y92.747 E1359.73851
G1 X99.173 Y93.08 E1359.75989
G1 X100.108 Y93.943 E1359.80221
G1 X100.637 Y95.049 E1359.84299
G1 X100.846 Y96.03 E1359.87635
G1 X100.834 Y96.842 E1359.90336
G1 X100.622 Y97.791 E1359.9357
G1 X100.12 Y98.841 E1359.97441
G1 X99.133 Y99.748 E1360.01899
G1 X98.434 Y100.141 E1360.04567
G1 X97.377 Y100.501 E1360.0828
G0 F4800 X97.314 Y100.095
G1 F2400 X96.029 Y100.065 E1360.12556
G1 X94.912 Y99.627 E1360.16546
G1 X94.179 Y99.057 E1360.19634
G1 X93.713 Y98.505 E1360.22037
G1 X93.339 Y97.825 E1360.24618
G1 X93.072 Y96.937 E1360.27703
G1 X93.072 Y95.845 E1360.31335
G1 X93.34 Y94.971 E1360.34375
G1 X93.693 Y94.317 E1360.36847
G1 X94.318 Y93.611 E1360.39983
G1 X95.081 Y93.1 E1360.43037
G1 X95.932 Y92.789 E1360.46051
G1 X96.486 Y92.707 E1360.47914
G1 X97.496 Y92.732 E1360.51274
G1 X98.44 Y93.102 E1360.54646
G1 X98.932 Y93.405 E1360.56568
G1 X99.779 Y94.183 E1360.60393
G1 X100.245 Y95.151 E1360.63966
G1 X100.446 Y96.046 E1360.67017
G1 X100.436 Y96.795 E1360.69509
G1 X100.251 Y97.626 E1360.7234
G1 X99.788 Y98.605 E1360.75942
G1 X98.92 Y99.404 E1360.79866
G1 X98.27 Y99.776 E1360.82357
G1 X97.314 Y100.095 E1360.85709
G0 F4800 X97.412 Y100.393
G0 X112.673 Y98.697
G1 F2400 X111.118 Y98.663 E1360.90882
G1 X109.746 Y98.135 E1360.95772
G1 X108.849 Y97.423 E1360.99581
G1 X108.272 Y96.73 E1361.0258
G1 X107.829 Y95.908 E1361.05686
G1 X107.51 Y94.859 E1361.09333
G1 X107.52 Y93.494 E1361.13873
G1 X107.847 Y92.455 E1361.17496
G1 X108.273 Y91.661 E1361.20493
G1 X109.039 Y90.796 E1361.24335
G1 X109.952 Y90.184 E1361.27991
G1 X110.976 Y89.804 E1361.31624
G1 X111.685 Y89.71 E1361.34003
G1 X112.913 Y89.739 E1361.38088
G1 X114.066 Y90.198 E1361.42216
G1 X114.65 Y90.563 E1361.44506
G1 X115.673 Y91.499 E1361.49118
G1 X116.255 Y92.701 E1361.5356
G1 X116.485 Y93.79 E1361.57262
G1 X116.479 Y94.688 E1361.60249
G1 X116.259 Y95.669 E1361.63593
G1 X115.688 Y96.888 E1361.6807
G1 X114.619 Y97.869 E1361.72896
G1 X113.805 Y98.324 E1361.75997
G1 X112.673 Y98.697 E1361.79961
G0 F4800 X112.628 Y98.297
G1 F2400 X111.19 Y98.264 E1361.84745
G1 X109.947 Y97.783 E1361.89178
G1 X109.133 Y97.138 E1361.92633
G1 X108.608 Y96.511 E1361.95353
G1 X108.215 Y95.784 E1361.98101
G1 X107.917 Y94.826 E1362.01438
G1 X107.917 Y93.565 E1362.05632
G1 X108.215 Y92.612 E1362.08953
G1 X108.612 Y91.876 E1362.11735
G1 X109.287 Y91.117 E1362.15113
G1 X110.118 Y90.547 E1362.18465
G1 X111.075 Y90.195 E1362.21856
G1 X111.709 Y90.109 E1362.23984
G1 X112.831 Y90.137 E1362.27717
G1 X113.849 Y90.54 E1362.31359
G1 X114.408 Y90.882 E1362.33538
G1 X115.332 Y91.728 E1362.37705
G1 X115.874 Y92.83 E1362.4179
G1 X116.085 Y93.824 E1362.45169
G1 X116.077 Y94.651 E1362.4792
G1 X115.878 Y95.546 E1362.5097
G1 X115.361 Y96.645 E1362.55009
G1 X114.386 Y97.541 E1362.59413
G1 X113.674 Y97.941 E1362.6213
G1 X112.628 Y98.297 E1362.65805
G0 F4800 X112.556 Y97.896
G1 F2400 X111.261 Y97.864 E1362.70113
G1 X110.149 Y97.431 E1362.74082
G1 X109.416 Y96.853 E1362.77187
G1 X108.957 Y96.307 E1362.79559
G1 X108.583 Y95.627 E1362.82141
G1 X108.312 Y94.743 E1362.85216
G1 X108.315 Y93.632 E1362.88911
G1 X108.583 Y92.768 E1362.9192
G1 X108.937 Y92.112 E1362.94399
G1 X109.561 Y91.41 E1362.97523
G1 X110.308 Y90.902 E1363.00528
G1 X111.172 Y90.585 E1363.03589
G1 X111.728 Y90.507 E1363.05456
G1 X112.736 Y90.532 E1363.0881
G1 X113.671 Y90.898 E1363.12149
G1 X114.167 Y91.201 E1363.14082
G1 X115.017 Y91.981 E1363.17919
G1 X115.493 Y92.961 E1363.21543
G1 X115.68 Y93.836 E1363.24519
G1 X115.677 Y94.594 E1363.2704
G1 X115.485 Y95.445 E1363.29942
G1 X115.033 Y96.403 E1363.33465
G1 X114.152 Y97.214 E1363.37448
G1 X113.51 Y97.576 E1363.39899
G1 X112.556 Y97.896 E1363.43246
G0 F4800 X112.654 Y98.192
G0 X126.341 Y100.863
G1 F2400 X124.983 Y100.333 E1363.48094
G1 X124.084 Y99.617 E1363.51917
G1 X123.516 Y98.938 E1363.54861
G1 X123.071 Y98.112 E1363.57982
G1 X122.758 Y97.092 E1363.6153
G1 X122.757 Y95.714 E1363.66114
G1 X123.084 Y94.662 E1363.69778
G1 X123.515 Y93.852 E1363.7283
G1 X124.255 Y93.022 E1363.76528
G1 X125.185 Y92.38 E1363.80287
G1 X126.217 Y92.008 E1363.83935
G1 X126.926 Y91.91 E1363.86316
G1 X128.132 Y91.933 E1363.90328
G1 X129.154 Y92.331 E1363.93976
G1 X129.876 Y92.742 E1363.96739
G1 X130.913 Y93.699 E1364.01432
G1 X131.494 Y94.897 E1364.05861
G1 X131.725 Y95.956 E1364.09466
G1 X131.719 Y96.88 E1364.12539
G1 X131.494 Y97.897 E1364.16003
G1 X130.929 Y99.085 E1364.20379
G1 X129.878 Y100.057 E1364.2514
G1 X129.081 Y100.512 E1364.28193
G1 X127.935 Y100.896 E1364.32212
G1 X126.341 Y100.863 E1364.37515
G0 F4800 X126.419 Y100.459
G1 F2400 X125.173 Y99.972 E1364.41965
G1 X124.371 Y99.335 E1364.45371
G1 X123.86 Y98.727 E1364.48013
G1 X123.457 Y97.988 E1364.50812
G1 X123.156 Y97.025 E1364.54168
G1 X123.155 Y95.792 E1364.58269
G1 X123.453 Y94.817 E1364.6166
G1 X123.841 Y94.087 E1364.6441
G1 X124.535 Y93.307 E1364.67882
G1 X125.369 Y92.742 E1364.71233
G1 X126.33 Y92.392 E1364.74634
G1 X126.949 Y92.309 E1364.76712
G1 X128.073 Y92.338 E1364.80451
G1 X129.009 Y92.704 E1364.83794
G1 X129.64 Y93.069 E1364.86219
G1 X130.585 Y93.941 E1364.90495
G1 X131.113 Y95.029 E1364.94518
G1 X131.325 Y95.999 E1364.9782
G1 X131.319 Y96.837 E1365.00607
G1 X131.114 Y97.764 E1365.03765
G1 X130.602 Y98.843 E1365.07737
G1 X129.639 Y99.732 E1365.12096
G1 X128.914 Y100.146 E1365.14873
G1 X127.856 Y100.501 E1365.18585
G1 X126.419 Y100.459 E1365.23367
G0 F4800 X126.499 Y100.064
G1 F2400 X125.38 Y99.626 E1365.27363
G1 X124.673 Y99.066 E1365.30363
G1 X124.205 Y98.517 E1365.32762
G1 X123.824 Y97.83 E1365.35375
G1 X123.554 Y96.958 E1365.38411
G1 X123.552 Y95.856 E1365.42077
G1 X123.822 Y94.972 E1365.45151
G1 X124.182 Y94.311 E1365.47654
G1 X124.791 Y93.62 E1365.50718
G1 X125.558 Y93.098 E1365.53804
G1 X126.389 Y92.795 E1365.56746
G1 X126.965 Y92.706 E1365.58684
G1 X127.971 Y92.733 E1365.62031
G1 X128.863 Y93.077 E1365.65211
G1 X129.401 Y93.393 E1365.67286
G1 X130.258 Y94.183 E1365.71163
G1 X130.732 Y95.161 E1365.74778
G1 X130.924 Y96.042 E1365.77777
G1 X130.92 Y96.794 E1365.80278
G1 X130.73 Y97.64 E1365.83162
G1 X130.271 Y98.604 E1365.86713
G1 X129.4 Y99.409 E1365.90658
G1 X128.755 Y99.777 E1365.93128
G1 X127.801 Y100.096 E1365.96473
G1 X126.499 Y100.064 E1366.00805
G0 F4800 X126.386 Y100.354
G0 X126.552 Y117.448
G1 F2400 X126.524 Y117.968 E1366.02866
G1 X126.557 Y118.528 E1366.05105
G0 F4800 X127.109 Y119.339
G0 X127.463 Y119.74
G0 X128.366 Y120.36
G0 X128.427 Y120.059
G1 F2400 X127.691 Y119.632 E1366.07935
G1 X127.283 Y119.125 E1366.101
G1 X127.021 Y118.558 E1366.12177
G1 X126.948 Y117.968 E1366.14155
G1 X127.01 Y117.414 E1366.16009
G1 X127.282 Y116.818 E1366.18188
G1 X127.691 Y116.303 E1366.20375
G1 X128.41 Y115.891 E1366.23131
G1 X129.02 Y115.765 E1366.25203
G1 X129.866 Y115.877 E1366.28041
G1 X130.581 Y116.297 E1366.30799
G1 X130.918 Y116.651 E1366.32425
G1 X131.257 Y117.304 E1366.34872
G1 X131.344 Y117.832 E1366.36652
G1 X131.288 Y118.522 E1366.38954
G1 X130.98 Y119.203 E1366.4144
G1 X130.57 Y119.652 E1366.43463
G1 X129.854 Y120.07 E1366.4622
G1 X129.03 Y120.168 E1366.4898
G1 X128.427 Y120.059 E1366.51018
G0 F4800 X128.366 Y120.36
G0 X126.552 Y126.348
G1 F2400 X126.524 Y126.868 E1366.53079
G1 X126.557 Y127.428 E1366.55318
G0 F4800 X126.346 Y129.451
G0 X125.451 Y130.346
G0 X112 Y130.41
G0 X112 Y130.098
G1 F2400 X98.812 Y130.099 E1366.99182
G1 X98.513 Y129.963 E1367.00274
G1 X98.025 Y129.468 E1367.02586
G1 X97.9 Y129.1 E1367.03879
G1 X97.905 Y114.817 E1367.51384
G1 X98.027 Y114.529 E1367.52425
G1 X98.518 Y114.036 E1367.54739
G1 X98.817 Y113.9 E1367.55831
G1 X125.153 Y113.902 E1368.43425
G1 X125.48 Y114.03 E1368.44593
G1 X125.959 Y114.512 E1368.46853
G1 X126.095 Y114.82 E1368.47973
G1 X126.1 Y129.161 E1368.95671
G1 X125.985 Y129.462 E1368.96743
G1 X125.458 Y129.983 E1368.99208
G1 X125.156 Y130.098 E1369.00283
G1 X112 Y130.098 E1369.4404
G0 F4800 X112 Y130.41
G0 X98.549 Y130.346
G0 X97.654 Y129.451
G0 X97.443 Y128.706
G1 F2400 X97.472 Y127.992 E1369.46922
G1 X97.463 Y127.798 E1369.47672
G0 F4800 X97.654 Y129.451
G0 X98.549 Y130.346
G0 X112 Y130.896
G1 F2400 X98.805 Y130.897 E1369.91559
G1 X98.297 Y130.764 E1369.93306
G1 X98.004 Y130.586 E1369.94446
G1 X97.286 Y129.868 E1369.97823
G1 X96.824 Y130.412 E1370.00197
G1 X95.961 Y130.913 E1370.03516
G1 X95.581 Y131.031 E1370.0484
G1 X94.689 Y131.133 E1370.07826
G1 X93.848 Y130.983 E1370.10667
G1 X92.956 Y130.465 E1370.14098
G1 X92.352 Y129.824 E1370.17027
G1 X91.941 Y128.939 E1370.20273
G1 X91.848 Y128.128 E1370.22988
G1 X91.927 Y127.362 E1370.25549
G1 X92.347 Y126.443 E1370.2891
G1 X92.947 Y125.795 E1370.31847
G1 X93.821 Y125.296 E1370.35194
G1 X94.666 Y125.111 E1370.38071
G1 X95.536 Y125.223 E1370.40989
G1 X96.06 Y125.399 E1370.42827
G1 X96.607 Y125.715 E1370.44928
G1 X97.1 Y126.156 E1370.47128
G1 X97.1 Y114.619 E1370.85501
G1 X97.432 Y113.986 E1370.87878
G1 X98.01 Y113.419 E1370.90571
G1 X98.638 Y113.1 E1370.92914
G1 X125.223 Y113.105 E1371.81336
G1 X125.666 Y113.218 E1371.82856
G1 X125.985 Y113.403 E1371.84083
G1 X126.718 Y114.146 E1371.87554
G1 X126.9 Y114.762 E1371.89691
G1 X126.9 Y116.001 E1371.93812
G1 X127.392 Y115.552 E1371.96027
G1 X128.102 Y115.147 E1371.98746
G1 X128.956 Y114.951 E1372.0166
G1 X130.116 Y115.098 E1372.05549
G1 X131.04 Y115.631 E1372.09097
G1 X131.571 Y116.175 E1372.11625
G1 X132.028 Y117.053 E1372.14917
G1 X132.144 Y117.832 E1372.17537
G1 X132.069 Y118.735 E1372.20551
G1 X131.649 Y119.664 E1372.23942
G1 X131.015 Y120.313 E1372.26959
G1 X130.12 Y120.843 E1372.30419
G1 X129.007 Y120.977 E1372.34147
G1 X128.146 Y120.821 E1372.37058
G1 X127.385 Y120.38 E1372.39983
G1 X126.901 Y119.939 E1372.42161
G1 X126.9 Y124.901 E1372.58665
G1 X127.392 Y124.452 E1372.6088
G1 X128.155 Y124.015 E1372.63805
G1 X129.061 Y123.857 E1372.66863
G1 X130.129 Y124.003 E1372.70449
G1 X131.015 Y124.523 E1372.73865
G1 X131.566 Y125.066 E1372.76438
G1 X132.028 Y125.952 E1372.79762
G1 X132.144 Y126.732 E1372.82385
G1 X132.069 Y127.635 E1372.85398
G1 X131.654 Y128.552 E1372.88746
G1 X131.055 Y129.195 E1372.91669
G1 X130.113 Y129.745 E1372.95297
G1 X128.979 Y129.88 E1372.99095
G1 X128.097 Y129.693 E1373.02094
G1 X127.276 Y129.217 E1373.05251
G1 X126.901 Y128.839 E1373.07022
G1 X126.843 Y129.496 E1373.09215
G1 X126.63 Y129.945 E1373.10868
G1 X126.012 Y130.563 E1373.13775
G1 X125.676 Y130.777 E1373.151
G1 X125.23 Y130.895 E1373.16634
G1 X112 Y130.896 E1373.60638
G0 F4800 X112 Y130.497
G1 F2400 X98.832 Y130.498 E1374.04434
G1 X98.259 Y130.275 E1374.0648
G1 X97.734 Y129.75 E1374.08949
G1 X97.565 Y129.456 E1374.10077
G1 X97.439 Y128.682 E1374.12868
G1 X97.005 Y129.582 E1374.16424
G1 X96.565 Y130.1 E1374.18684
G1 X95.686 Y130.617 E1374.22076
G1 X94.664 Y130.734 E1374.25497
G1 X93.946 Y130.577 E1374.27942
G1 X93.195 Y130.141 E1374.3083
G1 X92.687 Y129.597 E1374.33306
G1 X92.331 Y128.828 E1374.36124
G1 X92.248 Y128.128 E1374.38469
G1 X92.319 Y127.468 E1374.40676
G1 X92.682 Y126.671 E1374.43589
G1 X93.187 Y126.118 E1374.4608
G1 X93.999 Y125.663 E1374.49176
G1 X94.727 Y125.523 E1374.51642
G1 X95.486 Y125.619 E1374.54186
G1 X95.86 Y125.745 E1374.55499
G1 X96.564 Y126.152 E1374.58203
G1 X97.012 Y126.702 E1374.60563
G1 X97.268 Y127.193 E1374.62405
G1 X97.463 Y127.798 E1374.64714
G1 X97.495 Y127.456 E1374.65977
G1 X97.5 Y114.805 E1375.08896
G1 X97.663 Y114.321 E1375.10603
G1 X98.282 Y113.702 E1375.13514
G1 X98.875 Y113.5 E1375.15598
G1 X125.188 Y113.503 E1376.03115
G1 X125.732 Y113.716 E1376.05058
G1 X126.316 Y114.305 E1376.07817
G1 X126.5 Y114.802 E1376.0958
G1 X126.5 Y116.562 E1376.15434
G1 X126.509 Y117.12 E1376.17327
G1 X126.549 Y117.427 E1376.18444
G1 X126.918 Y116.652 E1376.21485
G1 X127.423 Y115.995 E1376.24241
G1 X128.256 Y115.52 E1376.2743
G1 X128.986 Y115.356 E1376.29919
G1 X130.001 Y115.494 E1376.33326
G1 X130.802 Y115.955 E1376.364
G1 X131.243 Y116.412 E1376.38512
G1 X131.643 Y117.177 E1376.41383
G1 X131.744 Y117.832 E1376.43587
G1 X131.678 Y118.63 E1376.46251
G1 X131.319 Y119.425 E1376.49152
G1 X130.815 Y119.972 E1376.51626
G1 X129.987 Y120.456 E1376.54816
G1 X129.011 Y120.573 E1376.58085
G1 X128.288 Y120.441 E1376.60529
G1 X127.421 Y119.938 E1376.63863
G1 X126.92 Y119.293 E1376.6658
G1 X126.557 Y118.528 E1376.6979
G1 X126.51 Y118.851 E1376.71055
G1 X126.5 Y119.385 E1376.72876
G1 X126.5 Y125.462 E1376.93088
G1 X126.509 Y126.02 E1376.94981
G1 X126.549 Y126.327 E1376.96099
G1 X126.918 Y125.552 E1376.99139
G1 X127.422 Y124.895 E1377.01893
G1 X128.295 Y124.397 E1377.05236
G1 X129.059 Y124.26 E1377.07818
G1 X129.99 Y124.387 E1377.10943
G1 X130.811 Y124.861 E1377.14096
G1 X131.244 Y125.314 E1377.1618
G1 X131.643 Y126.077 E1377.19044
G1 X131.744 Y126.732 E1377.21248
G1 X131.678 Y127.53 E1377.23911
G1 X131.319 Y128.325 E1377.26813
G1 X130.812 Y128.874 E1377.29298
G1 X129.987 Y129.356 E1377.32476
G1 X129.017 Y129.473 E1377.35726
G1 X128.289 Y129.342 E1377.38186
G1 X127.51 Y128.89 E1377.41182
G1 X126.991 Y128.342 E1377.43868
G1 X126.557 Y127.428 E1377.4794
G1 X126.51 Y127.751 E1377.49204
G1 X126.5 Y128.285 E1377.51025
G1 X126.5 Y129.202 E1377.54075
G1 X126.309 Y129.702 E1377.55855
G1 X125.743 Y130.273 E1377.58529
G1 X125.193 Y130.496 E1377.60503
G1 X112 Y130.497 E1378.04383
G0 F4800 X125.451 Y130.346
G0 X128.249 Y129.211
G0 X128.403 Y128.946
G1 F2400 X127.721 Y128.544 E1378.07017
G1 X127.322 Y128.109 E1378.0898
G1 X127.021 Y127.458 E1378.11365
G1 X126.948 Y126.868 E1378.13343
G1 X127.01 Y126.314 E1378.15197
G1 X127.282 Y125.718 E1378.17376
G1 X127.691 Y125.203 E1378.19563
G1 X128.432 Y124.78 E1378.22401
G1 X129.059 Y124.662 E1378.24523
G1 X129.861 Y124.773 E1378.27216
G1 X130.554 Y125.177 E1378.29884
G1 X130.916 Y125.548 E1378.31608
G1 X131.257 Y126.203 E1378.34064
G1 X131.344 Y126.732 E1378.35847
G1 X131.288 Y127.422 E1378.3815
G1 X130.98 Y128.103 E1378.40635
G1 X130.57 Y128.552 E1378.42658
G1 X129.867 Y128.963 E1378.45366
G1 X129.01 Y129.071 E1378.48239
G1 X128.403 Y128.946 E1378.503
G0 F4800 X128.249 Y129.211
G0 X112 Y148.2
G1 F2400 X135.609 Y148.2 E1379.28824
G1 X135.7 Y148.127 E1379.29212
G1 X135.7 Y75.889 E1381.69477
G1 X135.628 Y75.8 E1381.69858
G1 X88.37 Y75.8 E1383.27038
G1 X88.3 Y75.888 E1383.27412
G1 X88.3 Y148.128 E1385.67684
G1 X88.389 Y148.2 E1385.68064
G1 X112 Y148.2 E1386.46595
G0 F4800 X112 Y148.6
G1 F2400 X135.749 Y148.6 E1387.25584
G1 X136.1 Y148.319 E1387.2708
G1 X136.1 Y75.748 E1389.68452
G1 X135.82 Y75.4 E1389.69938
G1 X88.178 Y75.4 E1391.28395
G1 X87.9 Y75.747 E1391.29874
G1 X87.9 Y148.32 E1393.71253
G1 X88.248 Y148.6 E1393.72739
G1 X112 Y148.6 E1394.51738
G0 F4800 X112 Y149
G1 F2400 X135.889 Y149 E1395.31193
G1 X136.5 Y148.511 E1395.33796
G1 X136.5 Y75.608 E1397.76273
G1 X136.012 Y75 E1397.78866
G1 X87.985 Y75 E1399.38604
G1 X87.5 Y75.607 E1399.41188
G1 X87.5 Y148.512 E1401.83671
G1 X88.108 Y149 E1401.86264
G1 X112 Y149 E1402.65729
G0 F4800 X112 Y148.69
G0 X95.716 Y130.491
G0 X95.563 Y130.223
G1 F2400 X94.707 Y130.329 E1402.68598
G1 X94.105 Y130.206 E1402.70642
G1 X93.432 Y129.816 E1402.73229
G1 X93.022 Y129.368 E1402.75249
G1 X92.72 Y128.717 E1402.77636
G1 X92.648 Y128.128 E1402.79609
G1 X92.75 Y127.486 E1402.81771
G1 X93.02 Y126.894 E1402.83935
G1 X93.432 Y126.44 E1402.85975
G1 X94.12 Y126.046 E1402.88611
G1 X94.726 Y125.926 E1402.90666
G1 X95.554 Y126.031 E1402.93442
G1 X96.298 Y126.46 E1402.96299
G1 X96.657 Y126.887 E1402.98154
G1 X96.957 Y127.462 E1403.00311
G1 X97.044 Y127.992 E1403.02098
G1 X96.989 Y128.679 E1403.0439
G1 X96.69 Y129.34 E1403.06803
G1 X96.309 Y129.783 E1403.08746
G1 X95.563 Y130.223 E1403.11627
G0 F4800 X95.424 Y129.842
;TYPE:WALL-OUTER
G1 F2400 X94.712 Y129.924 E1403.14011
G1 X94.239 Y129.822 E1403.1562
G1 X93.661 Y129.484 E1403.17847
G1 X93.346 Y129.116 E1403.19458
G1 X93.106 Y128.583 E1403.21402
G1 X93.049 Y128.155 E1403.22838
G1 X93.1 Y127.683 E1403.24417
G1 X93.358 Y127.117 E1403.26486
G1 X93.661 Y126.772 E1403.28014
G1 X94.262 Y126.427 E1403.30318
G1 X94.717 Y126.332 E1403.31864
G1 X95.425 Y126.418 E1403.34237
G1 X96.036 Y126.77 E1403.36582
G1 X96.302 Y127.071 E1403.37918
G1 X96.572 Y127.59 E1403.39864
G1 X96.644 Y128.009 E1403.41278
G1 X96.598 Y128.559 E1403.43113
G1 X96.343 Y129.139 E1403.45221
G1 X96.033 Y129.485 E1403.46766
G1 X95.424 Y129.842 E1403.49114
G0 F4800 X95.226 Y129.864
G0 X95.314 Y130.57
G0 X112 Y130.41
G0 X112 Y129.698
G1 F2400 X98.813 Y129.696 E1403.92974
G1 X98.3 Y129.182 E1403.95389
G1 X98.301 Y114.817 E1404.43167
G1 X98.814 Y114.303 E1404.45583
G1 X125.184 Y114.3 E1405.3329
G1 X125.699 Y114.816 E1405.35714
G1 X125.698 Y129.181 E1405.83493
G1 X125.183 Y129.7 E1405.85925
G1 X112 Y129.698 E1406.29771
G0 F4800 X111.8 Y129.698
G0 X111.8 Y130.41
G0 X125.451 Y130.346
G0 X128.433 Y129.273
G0 X128.573 Y128.577
G1 F2400 X127.965 Y128.227 E1406.32105
G1 X127.646 Y127.857 E1406.3373
G1 X127.409 Y127.343 E1406.35612
G1 X127.349 Y126.895 E1406.37115
G1 X127.4 Y126.422 E1406.38698
G1 X127.658 Y125.858 E1406.40761
G1 X127.988 Y125.494 E1406.42395
G1 X128.57 Y125.161 E1406.44625
G1 X129.046 Y125.068 E1406.46238
G1 X129.728 Y125.163 E1406.48528
G1 X130.336 Y125.513 E1406.50862
G1 X130.602 Y125.811 E1406.5219
G1 X130.872 Y126.33 E1406.54136
G1 X130.944 Y126.749 E1406.5555
G1 X130.898 Y127.299 E1406.57386
G1 X130.643 Y127.879 E1406.59493
G1 X130.335 Y128.224 E1406.61031
G1 X129.727 Y128.581 E1406.63376
G1 X129.014 Y128.664 E1406.65764
G1 X128.573 Y128.577 E1406.67259
G0 F4800 X128.4 Y128.478
G0 X128.044 Y129.093
G0 X127.546 Y128.735
G0 X127.109 Y128.239
G0 X126.781 Y127.532
G0 X126.693 Y126.873
G0 X128.184 Y120.274
G0 X128.539 Y119.662
G1 F2400 X127.957 Y119.325 E1406.69496
G1 X127.646 Y118.957 E1406.71098
G1 X127.409 Y118.443 E1406.72981
G1 X127.349 Y117.995 E1406.74484
G1 X127.4 Y117.522 E1406.76066
G1 X127.658 Y116.958 E1406.78129
G1 X127.988 Y116.594 E1406.79763
G1 X128.573 Y116.263 E1406.81999
G1 X129.012 Y116.172 E1406.8349
G1 X129.728 Y116.259 E1406.85889
G1 X130.333 Y116.611 E1406.88217
G1 X130.602 Y116.911 E1406.89557
G1 X130.871 Y117.429 E1406.91499
G1 X130.946 Y117.822 E1406.92829
G1 X130.898 Y118.399 E1406.94755
G1 X130.643 Y118.979 E1406.96862
G1 X130.336 Y119.323 E1406.98396
G1 X129.728 Y119.677 E1407.00736
G1 X129.011 Y119.764 E1407.03138
G1 X128.539 Y119.662 E1407.04744
G0 F4800 X128.367 Y119.562
G0 X128.012 Y120.174
G0 X127.546 Y119.835
G0 X127.109 Y119.339
G0 X126.781 Y118.632
G0 X126.318 Y100.328
G0 X126.576 Y99.666
G1 F2400 X125.596 Y99.283 E1407.08244
G1 X124.944 Y98.772 E1407.10999
G1 X124.518 Y98.267 E1407.13197
G1 X124.2 Y97.689 E1407.15391
G1 X123.952 Y96.88 E1407.18205
G1 X123.952 Y95.918 E1407.21405
G1 X124.184 Y95.145 E1407.24089
G1 X124.494 Y94.564 E1407.26279
G1 X125.068 Y93.913 E1407.29166
G1 X125.739 Y93.458 E1407.31862
G1 X126.5 Y93.179 E1407.34558
G1 X126.979 Y93.109 E1407.36168
G1 X127.882 Y93.129 E1407.39172
G1 X128.717 Y93.449 E1407.42147
G1 X129.149 Y93.709 E1407.43824
G1 X129.928 Y94.427 E1407.47347
G1 X130.356 Y95.313 E1407.5062
G1 X130.52 Y96.065 E1407.5318
G1 X130.518 Y96.759 E1407.55488
G1 X130.356 Y97.484 E1407.57959
G1 X129.941 Y98.36 E1407.61183
G1 X129.144 Y99.094 E1407.64787
G1 X128.568 Y99.418 E1407.66985
G1 X127.719 Y99.696 E1407.69956
G1 X126.576 Y99.666 E1407.73759
G0 F4800 X126.39 Y99.594
G0 X126.132 Y100.256
G0 X112.723 Y98.169
G0 X112.499 Y97.494
G1 F2400 X111.345 Y97.466 E1407.77598
G1 X110.361 Y97.085 E1407.81108
G1 X109.698 Y96.566 E1407.83908
G1 X109.284 Y96.076 E1407.86042
G1 X108.951 Y95.471 E1407.88339
G1 X108.715 Y94.7 E1407.91021
G1 X108.713 Y93.715 E1407.94297
G1 X108.951 Y92.925 E1407.97041
G1 X109.259 Y92.356 E1407.99193
G1 X109.816 Y91.724 E1408.01995
G1 X110.507 Y91.254 E1408.04774
G1 X111.482 Y90.903 E1408.08221
G1 X112.656 Y90.931 E1408.12127
G1 X113.493 Y91.256 E1408.15113
G1 X113.925 Y91.52 E1408.16797
G1 X114.69 Y92.224 E1408.20255
G1 X115.103 Y93.074 E1408.23398
G1 X115.283 Y93.884 E1408.26158
G1 X115.279 Y94.548 E1408.28366
G1 X115.109 Y95.309 E1408.3096
G1 X114.705 Y96.16 E1408.34093
G1 X113.929 Y96.877 E1408.37607
G1 X113.328 Y97.218 E1408.39905
G1 X112.499 Y97.494 E1408.42811
G0 F4800 X112.299 Y97.49
G0 X112.281 Y98.203
G0 X97.226 Y100.408
G0 X97.244 Y99.696
G1 F2400 X96.099 Y99.667 E1408.46621
G1 X95.109 Y99.279 E1408.50158
G1 X94.447 Y98.754 E1408.52968
G1 X94.032 Y98.257 E1408.55121
G1 X93.704 Y97.651 E1408.57413
G1 X93.474 Y96.895 E1408.60041
G1 X93.472 Y95.903 E1408.63341
G1 X93.704 Y95.145 E1408.65977
G1 X94.012 Y94.568 E1408.68153
G1 X94.603 Y93.902 E1408.71114
G1 X95.261 Y93.457 E1408.73756
G1 X96.028 Y93.177 E1408.76472
G1 X96.499 Y93.109 E1408.78055
G1 X97.416 Y93.131 E1408.81106
G1 X98.271 Y93.466 E1408.8416
G1 X98.687 Y93.721 E1408.85783
G1 X99.453 Y94.433 E1408.89261
G1 X99.869 Y95.287 E1408.92421
G1 X100.045 Y96.11 E1408.9522
G1 X100.039 Y96.748 E1408.97342
G1 X99.871 Y97.502 E1408.99911
G1 X99.458 Y98.364 E1409.0309
G1 X98.683 Y99.082 E1409.06604
G1 X98.088 Y99.418 E1409.08877
G1 X97.244 Y99.696 E1409.11832
G0 F4800 X97.044 Y99.691
G0 X97.026 Y100.402
G0 X97.654 Y129.451
G0 X112 Y148.69
G0 X112 Y149.4
G1 F2400 X136.029 Y149.4 E1409.91753
G1 X136.9 Y148.703 E1409.95464
G1 X136.9 Y75.467 E1412.39047
G1 X136.204 Y74.6 E1412.42745
G1 X87.793 Y74.6 E1414.03761
G1 X87.1 Y75.467 E1414.07453
G1 X87.1 Y148.704 E1416.5104
G1 X87.967 Y149.4 E1416.54738
G1 X112 Y149.4 E1417.34672
G0 F4800 X112.2 Y149.4
G0 X112.2 Y148.69
G0 X97.654 Y129.451
G0 X88.68 Y76.18
;TYPE:SKIN
G1 F1800 X88.68 Y76.5 E1417.35736
G1 X89 Y76.18 E1417.37241
G1 X89.566 Y76.18 E1417.39124
G1 X88.68 Y77.065 E1417.43289
G1 X88.68 Y77.631 E1417.45171
G1 X90.131 Y76.18 E1417.51997
G1 X90.697 Y76.18 E1417.53879
G1 X88.68 Y78.197 E1417.63366
G1 X88.68 Y78.763 E1417.65249
G1 X91.263 Y76.18 E1417.77399
G1 X91.828 Y76.18 E1417.79278
G1 X88.68 Y79.328 E1417.94085
G1 X88.68 Y79.894 E1417.95968
G1 X92.394 Y76.18 E1418.13437
G1 X92.96 Y76.18 E1418.1532
G1 X88.68 Y80.46 E1418.35451
G1 X88.68 Y81.025 E1418.37331
G1 X93.525 Y76.18 E1418.6012
G1 X94.091 Y76.18 E1418.62003
G1 X88.68 Y81.591 E1418.87454
G1 X88.68 Y82.157 E1418.89337
G1 X94.657 Y76.18 E1419.17451
G1 X95.223 Y76.18 E1419.19333
G1 X88.68 Y82.722 E1419.50107
G1 X88.68 Y83.288 E1419.5199
G1 X95.788 Y76.18 E1419.85424
G1 X96.354 Y76.18 E1419.87306
G1 X88.68 Y83.854 E1420.23402
G1 X88.68 Y84.419 E1420.25281
G1 X96.92 Y76.18 E1420.64037
G1 X97.485 Y76.18 E1420.65917
G1 X88.68 Y84.985 E1421.07333
G1 X88.68 Y85.551 E1421.09215
G1 X98.051 Y76.18 E1421.53294
G1 X98.617 Y76.18 E1421.55176
G1 X88.68 Y86.116 E1422.01914
G1 X88.68 Y86.682 E1422.03797
G1 X99.182 Y76.18 E1422.53195
G1 X99.748 Y76.18 E1422.55078
G1 X88.68 Y87.248 E1423.07138
G1 X88.68 Y87.813 E1423.09017
G1 X100.314 Y76.18 E1423.63738
G1 X100.879 Y76.18 E1423.65617
G1 X88.68 Y88.379 E1424.22997
G1 X88.68 Y88.945 E1424.2488
G1 X101.445 Y76.18 E1424.84922
G1 X102.011 Y76.18 E1424.86805
G1 X88.68 Y89.511 E1425.4951
G1 X88.68 Y90.076 E1425.51389
G1 X102.576 Y76.18 E1426.16752
G1 X103.142 Y76.18 E1426.18634
G1 X88.68 Y90.642 E1426.86659
G1 X88.68 Y91.208 E1426.88541
G1 X103.708 Y76.18 E1427.59228
G1 X104.274 Y76.18 E1427.61111
G1 X88.68 Y91.773 E1428.34458
G1 X88.68 Y92.339 E1428.36341
G1 X104.839 Y76.18 E1429.12348
G1 X105.405 Y76.18 E1429.1423
G1 X88.68 Y92.905 E1429.92899
G1 X88.68 Y93.47 E1429.94779
G1 X105.971 Y76.18 E1430.76108
G1 X106.536 Y76.18 E1430.77987
G1 X88.68 Y94.036 E1431.61976
G1 X88.68 Y94.602 E1431.63859
G1 X107.102 Y76.18 E1432.5051
G1 X107.668 Y76.18 E1432.52393
G1 X88.68 Y95.167 E1433.41704
G1 X88.68 Y95.733 E1433.43586
G1 X108.233 Y76.18 E1434.35558
G1 X108.799 Y76.18 E1434.3744
G1 X88.68 Y96.299 E1435.32074
G1 X88.68 Y96.864 E1435.33953
G1 X109.365 Y76.18 E1436.31247
G1 X109.93 Y76.18 E1436.33126
G1 X88.68 Y97.43 E1437.33079
G1 X88.68 Y97.996 E1437.34962
G1 X92.344 Y94.332 E1437.52196
G1 X92.243 Y94.52 E1437.52906
G1 X92.032 Y95.21 E1437.55306
G1 X88.68 Y98.561 E1437.7107
G1 X88.68 Y99.127 E1437.72953
G1 X91.892 Y95.915 E1437.88061
G1 X91.892 Y96.481 E1437.89944
G1 X88.68 Y99.693 E1438.05052
G1 X88.68 Y100.259 E1438.06934
G1 X91.892 Y97.047 E1438.22043
G1 X92.005 Y97.499 E1438.23592
G1 X88.68 Y100.824 E1438.39232
G1 X88.68 Y101.39 E1438.41115
G1 X92.137 Y97.933 E1438.57375
G1 X92.282 Y98.354 E1438.58856
G1 X88.68 Y101.956 E1438.75799
G1 X88.68 Y102.521 E1438.77678
G1 X92.483 Y98.718 E1438.95566
G1 X92.684 Y99.083 E1438.96952
G1 X88.68 Y103.087 E1439.15786
G1 X88.68 Y103.653 E1439.17668
G1 X92.928 Y99.405 E1439.3765
G1 X93.187 Y99.712 E1439.38986
G1 X88.68 Y104.218 E1439.60183
G1 X88.68 Y104.784 E1439.62065
G1 X93.467 Y99.998 E1439.84579
G1 X93.783 Y100.247 E1439.85918
G1 X88.68 Y105.35 E1440.09921
G1 X88.68 Y105.915 E1440.118
G1 X94.099 Y100.497 E1440.37287
G1 X94.445 Y100.717 E1440.3865
G1 X88.68 Y106.481 E1440.65765
G1 X88.68 Y107.047 E1440.67647
G1 X94.851 Y100.876 E1440.96674
G1 X95.259 Y101.034 E1440.98129
G1 X88.68 Y107.612 E1441.29072
G1 X88.68 Y108.178 E1441.30955
G1 X95.666 Y101.193 E1441.63813
G1 X96.175 Y101.249 E1441.65516
G1 X88.68 Y108.744 E1442.0077
G1 X88.68 Y109.31 E1442.02652
G1 X96.727 Y101.263 E1442.40503
G1 X97.28 Y101.276 E1442.42343
G1 X88.68 Y109.875 E1442.82792
G1 X88.68 Y110.441 E1442.84675
G1 X98.011 Y101.111 E1443.28563
G1 X98.716 Y100.875 E1443.31035
G1 X98.934 Y100.753 E1443.31866
G0 F4800 X95.972 Y100.315
G0 X94.784 Y99.853
G0 X94.01 Y99.24
G0 X93.505 Y98.643
G0 X93.112 Y97.925
G0 X92.854 Y97.079
G0 X92.722 Y93.633
G1 F1800 X93.53 Y92.722 E1443.35916
G1 X94.534 Y92.039 E1443.39955
G1 X94.696 Y91.98 E1443.40528
G1 X110.496 Y76.18 E1444.14847
G1 X111.062 Y76.18 E1444.16729
G1 X95.587 Y91.654 E1444.89517
G1 X96.259 Y91.548 E1444.91779
G1 X111.627 Y76.18 E1445.64066
G1 X112.193 Y76.18 E1445.65948
G1 X96.835 Y91.538 E1446.38188
G1 X97.386 Y91.553 E1446.40021
G1 X112.759 Y76.18 E1447.12331
G1 X113.324 Y76.18 E1447.1421
G1 X97.888 Y91.617 E1447.86818
G1 X98.295 Y91.775 E1447.88271
G1 X113.89 Y76.18 E1448.61625
G1 X114.456 Y76.18 E1448.63507
G1 X98.702 Y91.934 E1449.37609
G1 X99.085 Y92.117 E1449.39021
G1 X115.022 Y76.18 E1450.13984
G1 X115.587 Y76.18 E1450.15863
G1 X99.438 Y92.33 E1450.91825
G1 X99.762 Y92.571 E1450.93168
G1 X116.153 Y76.18 E1451.70267
G1 X116.719 Y76.18 E1451.72149
G1 X100.058 Y92.841 E1452.50517
G1 X100.354 Y93.11 E1452.51848
G1 X117.284 Y76.18 E1453.31481
G1 X117.85 Y76.18 E1453.33364
G1 X100.65 Y93.381 E1454.1427
G1 X100.869 Y93.726 E1454.15629
G1 X118.416 Y76.18 E1454.98162
G1 X118.981 Y76.18 E1455.00041
G1 X101.052 Y94.11 E1455.84376
G1 X101.234 Y94.493 E1455.85786
G1 X119.547 Y76.18 E1456.71925
G1 X120.113 Y76.18 E1456.73808
G1 X101.401 Y94.892 E1457.61823
G1 X101.502 Y95.356 E1457.63403
G1 X120.678 Y76.18 E1458.53601
G1 X121.244 Y76.18 E1458.55483
G1 X101.603 Y95.821 E1459.47868
G1 X101.623 Y96.367 E1459.49686
G1 X121.81 Y76.18 E1460.44639
G1 X122.375 Y76.18 E1460.46518
G1 X101.616 Y96.939 E1461.44162
G1 X101.454 Y97.668 E1461.46646
G1 X122.941 Y76.18 E1462.47717
G1 X123.507 Y76.18 E1462.49599
G0 F4800 X107.974 Y91.42
G1 F1800 X108.788 Y90.508 E1462.53665
G1 X109.778 Y89.844 E1462.5763
G1 X109.881 Y89.806 E1462.57995
G0 F4800 X107.621 Y92.066
G1 F1800 X101.108 Y98.578 E1462.88628
G0 F4800 X98.934 Y100.753
G1 F1800 X88.68 Y111.007 E1463.36859
G0 F4800 X123.507 Y76.18
G1 F1800 X109.881 Y89.806 E1464.00952
G0 F4800 X100.755 Y99.32
G1 F1800 X99.615 Y100.372 E1464.06111
G1 X98.934 Y100.753 E1464.08707
G0 F4800 X109.881 Y89.806
G1 F1800 X110.78 Y89.472 E1464.11897
G0 F4800 X88.68 Y111.007
G1 F1800 X88.68 Y111.572 E1464.13776
G0 F4800 X110.78 Y89.472
G1 F1800 X124.072 Y76.18 E1464.76297
G0 F4800 X88.68 Y111.572
G1 F1800 X107.285 Y92.968 E1465.63807
G0 F4800 X124.072 Y76.18
G1 F1800 X124.638 Y76.18 E1465.6569
G1 X111.461 Y89.358 E1466.27673
G1 X112.045 Y89.339 E1466.29616
G1 X125.204 Y76.18 E1466.91512
G1 X125.77 Y76.18 E1466.93394
G1 X112.597 Y89.353 E1467.55356
G1 X113.107 Y89.409 E1467.57063
G1 X126.335 Y76.18 E1468.19285
G1 X126.901 Y76.18 E1468.21168
G1 X113.513 Y89.568 E1468.84141
G1 X113.92 Y89.727 E1468.85594
G1 X127.467 Y76.18 E1469.49315
G1 X128.032 Y76.18 E1469.51194
G1 X114.305 Y89.907 E1470.15762
G1 X114.659 Y90.119 E1470.17134
G1 X128.598 Y76.18 E1470.82699
G1 X129.164 Y76.18 E1470.84582
G1 X114.99 Y90.354 E1471.51252
G1 X115.284 Y90.626 E1471.52584
G1 X129.729 Y76.18 E1472.20531
G1 X130.295 Y76.18 E1472.22414
G1 X115.578 Y90.897 E1472.91638
G1 X115.872 Y91.169 E1472.9297
G1 X130.861 Y76.18 E1473.63474
G1 X131.426 Y76.18 E1473.65353
G1 X116.099 Y91.507 E1474.37447
G1 X116.284 Y91.889 E1474.38858
G1 X131.992 Y76.18 E1475.12746
G1 X132.558 Y76.18 E1475.14629
G1 X116.468 Y92.27 E1475.90311
G1 X116.635 Y92.668 E1475.91747
G1 X133.123 Y76.18 E1476.69301
G1 X133.689 Y76.18 E1476.71184
G1 X116.737 Y93.132 E1477.50921
G1 X116.839 Y93.596 E1477.52501
G1 X134.255 Y76.18 E1478.3442
G1 X134.821 Y76.18 E1478.36303
G1 X116.863 Y94.138 E1479.20772
G1 X116.86 Y94.706 E1479.22661
G1 X135.32 Y76.247 E1480.09489
G1 X135.32 Y76.812 E1480.11368
G1 X116.702 Y95.43 E1480.98941
G1 X116.614 Y95.819 E1481.00268
G1 X116.376 Y96.321 E1481.02116
G1 X135.32 Y77.378 E1481.9122
G1 X135.32 Y77.944 E1481.93103
G0 F4800 X110.207 Y90.674
G0 X109.744 Y90.986
G0 X107.285 Y92.968
G1 F1800 X107.139 Y93.68 E1481.9552
G1 X88.68 Y112.138 E1482.82343
G1 X88.68 Y112.704 E1482.84226
G1 X107.134 Y94.25 E1483.71028
G1 X107.13 Y94.819 E1483.7292
G1 X88.68 Y113.269 E1484.59703
G1 X88.68 Y113.835 E1484.61586
G1 X107.239 Y95.276 E1485.48882
G1 X107.371 Y95.71 E1485.50391
G1 X88.68 Y114.401 E1486.38307
G1 X88.68 Y114.966 E1486.40187
G1 X107.512 Y96.135 E1487.28764
G1 X107.713 Y96.5 E1487.3015
G1 X88.68 Y115.532 E1488.19673
G1 X88.68 Y116.098 E1488.21556
G1 X107.914 Y96.864 E1489.12026
G1 X108.158 Y97.186 E1489.1337
G1 X88.68 Y116.663 E1490.04986
G1 X88.68 Y117.229 E1490.06869
G1 X108.414 Y97.495 E1490.99692
G1 X108.692 Y97.783 E1491.01023
G1 X88.68 Y117.795 E1491.95153
G1 X88.68 Y118.36 E1491.97032
G1 X109.009 Y98.032 E1492.92651
G1 X109.326 Y98.28 E1492.9399
G1 X88.68 Y118.926 E1493.91103
G1 X88.68 Y119.492 E1493.92985
G1 X109.667 Y98.506 E1494.91699
G1 X110.074 Y98.664 E1494.93151
G1 X88.68 Y120.058 E1495.93782
G1 X88.68 Y120.623 E1495.95661
G1 X110.481 Y98.822 E1496.98206
G1 X110.888 Y98.981 E1496.9966
G1 X88.68 Y121.189 E1498.04119
G1 X88.68 Y121.755 E1498.06002
G1 X111.386 Y99.049 E1499.12804
G1 X111.937 Y99.064 E1499.14637
G1 X97.996 Y113.005 E1499.80212
G1 X98.56 Y112.721 E1499.82312
G1 X98.845 Y112.721 E1499.8326
G1 X112.489 Y99.078 E1500.47435
G1 X112.711 Y99.084 E1500.48173
G1 X113.213 Y98.919 E1500.49931
G1 X99.411 Y112.721 E1501.14851
G1 X99.976 Y112.721 E1501.1673
G0 F4800 X96.999 Y114.001
G1 F1800 X88.68 Y122.32 E1501.5586
G1 X88.68 Y122.886 E1501.57743
G1 X96.72 Y114.846 E1501.95561
G1 X96.72 Y115.412 E1501.97443
G1 X88.68 Y123.452 E1502.35261
G1 X88.68 Y124.017 E1502.3714
G1 X96.72 Y115.978 E1502.74955
G1 X96.72 Y116.543 E1502.76835
G1 X88.68 Y124.583 E1503.14652
G1 X88.68 Y125.149 E1503.16535
G1 X96.72 Y117.109 E1503.54352
G1 X96.72 Y117.675 E1503.56235
G1 X88.68 Y125.714 E1503.9405
G1 X88.68 Y126.28 E1503.95933
G1 X96.72 Y118.24 E1504.33751
G1 X96.72 Y118.806 E1504.35633
G1 X88.68 Y126.846 E1504.73451
G1 X88.68 Y127.411 E1504.7533
G1 X96.72 Y119.372 E1505.13145
G1 X96.72 Y119.937 E1505.15024
G1 X88.68 Y127.977 E1505.52842
G1 X88.68 Y128.543 E1505.54725
G1 X96.72 Y120.503 E1505.92542
G1 X96.72 Y121.069 E1505.94425
G0 F4800 X97.654 Y114.549
G0 X98.46 Y113.743
G0 X99.976 Y112.721
G1 F1800 X114.095 Y98.603 E1506.60834
G1 X114.885 Y98.145 E1506.63871
G1 X115.848 Y97.255 E1506.68233
G1 X116.125 Y96.852 E1506.69859
G0 F4800 X135.32 Y77.944
G1 F1800 X100.542 Y112.721 E1508.33442
G1 X101.108 Y112.721 E1508.35324
G1 X135.32 Y78.509 E1509.96247
G1 X135.32 Y79.075 E1509.9813
G1 X101.673 Y112.721 E1511.56392
G1 X102.238 Y112.722 E1511.58272
G1 X135.32 Y79.641 E1513.13877
G1 X135.32 Y80.206 E1513.15756
G1 X102.804 Y112.722 E1514.68701
G1 X103.37 Y112.722 E1514.70584
G1 X135.32 Y80.772 E1516.20867
G1 X135.32 Y81.338 E1516.22749
G1 X103.936 Y112.722 E1517.7037
G1 X104.501 Y112.722 E1517.72249
G1 X122.744 Y94.479 E1518.58059
G1 X122.723 Y94.519 E1518.58209
G1 X122.491 Y95.298 E1518.60912
G1 X105.067 Y112.722 E1519.4287
G1 X105.632 Y112.723 E1519.44749
G1 X122.373 Y95.981 E1520.23496
G1 X122.376 Y96.544 E1520.25368
G1 X106.198 Y112.723 E1521.01467
G1 X106.763 Y112.723 E1521.03346
G1 X122.38 Y97.106 E1521.76804
G1 X122.502 Y97.55 E1521.78335
G1 X107.329 Y112.723 E1522.49704
G1 X107.895 Y112.723 E1522.51587
G1 X122.634 Y97.983 E1523.20917
G1 X122.787 Y98.396 E1523.22382
G1 X108.46 Y112.723 E1523.89772
G1 X109.025 Y112.723 E1523.91651
G1 X122.988 Y98.761 E1524.57326
G1 X123.188 Y99.126 E1524.5871
G1 X109.591 Y112.723 E1525.22667
G1 X110.157 Y112.723 E1525.24549
G1 X123.44 Y99.44 E1525.87028
G1 X123.697 Y99.749 E1525.88365
G1 X110.722 Y112.723 E1526.49393
G1 X111.288 Y112.723 E1526.51276
G1 X123.986 Y100.025 E1527.11003
G1 X124.301 Y100.276 E1527.12343
G1 X111.854 Y112.723 E1527.7089
G1 X112.419 Y112.724 E1527.72769
G1 X124.616 Y100.527 E1528.3014
G1 X124.972 Y100.737 E1528.31514
G1 X112.984 Y112.724 E1528.879
G1 X113.55 Y112.724 E1528.89782
G1 X125.381 Y100.894 E1529.4543
G1 X125.789 Y101.051 E1529.46884
G1 X114.116 Y112.724 E1530.0179
G1 X114.681 Y112.724 E1530.03669
G1 X126.175 Y101.23 E1530.57733
G1 X126.724 Y101.247 E1530.5956
G1 X115.247 Y112.724 E1531.13544
G1 X115.812 Y112.725 E1531.15424
G1 X127.273 Y101.264 E1531.69333
G1 X127.822 Y101.281 E1531.71159
G1 X116.378 Y112.725 E1532.24989
G1 X116.943 Y112.725 E1532.26868
G0 F4800 X123.201 Y93.633
G1 F1800 X124 Y92.735 E1532.30866
G1 X125.019 Y92.037 E1532.34974
G1 X125.28 Y91.943 E1532.35896
G1 X135.32 Y81.903 E1532.83121
G1 X135.32 Y82.469 E1532.85004
G1 X126.159 Y91.63 E1533.28094
G1 X126.812 Y91.543 E1533.30286
G1 X135.32 Y83.035 E1533.70305
G1 X135.32 Y83.601 E1533.72187
G1 X127.381 Y91.539 E1534.09527
G1 X127.937 Y91.549 E1534.11377
G1 X135.32 Y84.166 E1534.46104
G1 X135.32 Y84.732 E1534.47987
G1 X128.416 Y91.635 E1534.80459
G1 X128.823 Y91.794 E1534.81912
G1 X135.32 Y85.298 E1535.1247
G1 X135.32 Y85.863 E1535.14349
G1 X129.238 Y91.945 E1535.42957
G1 X129.599 Y92.149 E1535.44336
G1 X135.32 Y86.429 E1535.71243
G1 X135.32 Y86.995 E1535.73126
G1 X129.961 Y92.354 E1535.98333
G1 X130.28 Y92.6 E1535.99673
G1 X135.32 Y87.56 E1536.23379
G1 X135.32 Y88.126 E1536.25262
G1 X130.574 Y92.871 E1536.47583
G1 X130.868 Y93.143 E1536.48915
G1 X135.32 Y88.692 E1536.69854
G1 X135.32 Y89.257 E1536.71733
G1 X131.163 Y93.414 E1536.91286
G1 X131.371 Y93.772 E1536.92663
G1 X135.32 Y89.823 E1537.11238
G1 X135.32 Y90.389 E1537.13121
G1 X131.556 Y94.153 E1537.30826
G1 X131.74 Y94.534 E1537.32233
G1 X135.32 Y90.954 E1537.49072
G1 X135.32 Y91.52 E1537.50955
G1 X131.893 Y94.947 E1537.67074
G1 X131.994 Y95.411 E1537.68654
G1 X135.32 Y92.086 E1537.84296
G1 X135.32 Y92.651 E1537.86175
G1 X132.096 Y95.875 E1538.0134
G1 X132.105 Y95.92 E1538.01492
G1 X132.102 Y96.435 E1538.03205
G1 X135.32 Y93.217 E1538.18342
G1 X135.32 Y93.783 E1538.20224
G1 X132.076 Y97.026 E1538.35481
G1 X131.914 Y97.755 E1538.37964
G1 X135.32 Y94.349 E1538.53985
G1 X135.32 Y94.914 E1538.55864
G0 F4800 X129.551 Y99.61
G0 X107.644 Y113.667
G0 X98.549 Y113.654
G0 X97.654 Y114.549
G0 X96.72 Y121.069
G1 F1800 X88.68 Y129.109 E1538.93682
G1 X88.68 Y129.674 E1538.95561
G0 F4800 X91.954 Y126.391
G1 F1800 X91.913 Y126.353 E1538.95747
G1 X92.715 Y125.491 E1538.99663
G1 X93.063 Y125.292 E1539.00997
G0 F4800 X88.68 Y129.674
G1 F1800 X91.945 Y126.409 E1539.16354
G0 F4800 X93.063 Y125.292
G1 F1800 X96.72 Y121.634 E1539.33558
G1 X96.72 Y122.2 E1539.3544
G1 X94.066 Y124.855 E1539.47926
G1 X94.648 Y124.727 E1539.49908
G1 X94.746 Y124.74 E1539.50237
G1 X96.72 Y122.766 E1539.59522
G1 X96.72 Y123.331 E1539.61401
G1 X95.249 Y124.803 E1539.68323
G1 X95.727 Y124.89 E1539.69939
G1 X96.72 Y123.897 E1539.7461
G1 X96.72 Y124.463 E1539.76492
G1 X96.15 Y125.033 E1539.79173
G1 X96.521 Y125.227 E1539.80566
G1 X96.72 Y125.028 E1539.81502
G1 X96.72 Y125.342 E1539.82546
G0 F4800 X94.304 Y125.761
G0 X91.945 Y126.409
G1 F1800 X91.554 Y127.262 E1539.85667
G1 X91.542 Y127.378 E1539.86055
G1 X88.68 Y130.24 E1539.99517
G1 X88.68 Y130.806 E1540.01399
G1 X91.479 Y128.007 E1540.14565
G1 X91.513 Y128.539 E1540.16338
G1 X88.68 Y131.371 E1540.29661
G1 X88.68 Y131.937 E1540.31544
G1 X91.571 Y129.046 E1540.45142
G1 X91.75 Y129.433 E1540.4656
G1 X88.68 Y132.503 E1540.61001
G1 X88.68 Y133.068 E1540.6288
G1 X91.929 Y129.82 E1540.7816
G1 X92.15 Y130.164 E1540.7952
G1 X88.68 Y133.634 E1540.95842
G1 X88.68 Y134.2 E1540.97724
G1 X92.426 Y130.454 E1541.15344
G1 X92.702 Y130.744 E1541.16676
G1 X88.68 Y134.765 E1541.35592
G1 X88.68 Y135.331 E1541.37474
G1 X93.052 Y130.96 E1541.58036
G1 X93.41 Y131.168 E1541.59414
G1 X88.68 Y135.897 E1541.8166
G1 X88.68 Y136.462 E1541.83539
G1 X93.785 Y131.358 E1542.07549
G1 X94.266 Y131.443 E1542.09173
G1 X88.68 Y137.028 E1542.35446
G1 X88.68 Y137.594 E1542.37328
G1 X94.769 Y131.505 E1542.65969
G1 X95.407 Y131.433 E1542.68105
G1 X88.68 Y138.159 E1542.99744
G1 X88.68 Y138.725 E1543.01627
G1 X96.183 Y131.223 E1543.36916
G1 X96.977 Y130.761 E1543.39971
G1 X97.308 Y130.42 E1543.41552
G1 X97.428 Y130.543 E1543.42124
G1 X88.68 Y139.291 E1543.83272
G1 X88.68 Y139.857 E1543.85154
G1 X97.707 Y130.83 E1544.27614
G1 X98.062 Y131.04 E1544.28986
G1 X88.68 Y140.422 E1544.73116
G1 X88.68 Y140.988 E1544.74999
G1 X98.453 Y131.216 E1545.20966
G1 X98.958 Y131.276 E1545.22657
G1 X88.68 Y141.554 E1545.71002
G1 X88.68 Y142.119 E1545.72881
G1 X99.524 Y131.276 E1546.23885
G1 X100.09 Y131.276 E1546.25768
G1 X88.68 Y142.685 E1546.79435
G1 X88.68 Y143.251 E1546.81317
G1 X100.655 Y131.276 E1547.37644
G1 X101.221 Y131.276 E1547.39526
G1 X88.68 Y143.816 E1547.98513
G1 X88.68 Y144.382 E1548.00396
G1 X101.787 Y131.276 E1548.62044
G1 X102.352 Y131.276 E1548.63924
G1 X88.68 Y144.948 E1549.28233
G1 X88.68 Y145.513 E1549.30112
G1 X102.918 Y131.276 E1549.97081
G1 X103.484 Y131.276 E1549.98963
G1 X88.68 Y146.079 E1550.68594
G1 X88.68 Y146.645 E1550.70477
G1 X104.049 Y131.276 E1551.42768
G1 X104.615 Y131.276 E1551.4465
G1 X88.68 Y147.21 E1552.19601
G1 X88.68 Y147.776 E1552.21484
G1 X105.181 Y131.276 E1552.99097
G1 X105.746 Y131.276 E1553.00976
G1 X89.202 Y147.82 E1553.78794
G1 X89.768 Y147.82 E1553.80677
G1 X106.312 Y131.276 E1554.58495
G1 X106.878 Y131.276 E1554.60377
G1 X90.334 Y147.82 E1555.38195
G1 X90.899 Y147.82 E1555.40074
G1 X107.443 Y131.276 E1556.17892
G1 X108.01 Y131.275 E1556.19778
G1 X91.465 Y147.82 E1556.97601
G1 X92.031 Y147.82 E1556.99483
G1 X108.576 Y131.275 E1557.77306
G1 X109.141 Y131.275 E1557.79185
G1 X92.596 Y147.82 E1558.57008
G1 X93.162 Y147.82 E1558.5889
G1 X109.707 Y131.275 E1559.36713
G1 X110.273 Y131.275 E1559.38595
G1 X93.728 Y147.82 E1560.16418
G1 X94.293 Y147.82 E1560.18297
G1 X110.838 Y131.275 E1560.9612
G1 X111.404 Y131.275 E1560.98002
G1 X94.859 Y147.82 E1561.75825
G1 X95.425 Y147.82 E1561.77707
G1 X111.97 Y131.275 E1562.5553
G1 X112.535 Y131.275 E1562.57409
G1 X95.99 Y147.82 E1563.35232
G1 X96.556 Y147.82 E1563.37114
G1 X113.101 Y131.275 E1564.14937
G1 X113.667 Y131.275 E1564.16819
G1 X97.122 Y147.82 E1564.94642
G1 X97.688 Y147.82 E1564.96525
G1 X114.232 Y131.275 E1565.74345
G1 X114.798 Y131.275 E1565.76227
G1 X98.253 Y147.82 E1566.5405
G1 X98.819 Y147.82 E1566.55932
G1 X115.364 Y131.275 E1567.33755
G1 X115.929 Y131.275 E1567.35634
G1 X99.385 Y147.82 E1568.13455
G1 X99.95 Y147.82 E1568.15334
G1 X116.496 Y131.274 E1568.93161
G1 X117.062 Y131.274 E1568.95044
G1 X100.516 Y147.82 E1569.72871
G1 X101.082 Y147.82 E1569.74753
G1 X117.627 Y131.274 E1570.52578
G1 X118.193 Y131.274 E1570.54461
G1 X101.647 Y147.82 E1571.32288
G1 X102.213 Y147.82 E1571.34171
G1 X118.759 Y131.274 E1572.11998
G1 X119.324 Y131.274 E1572.13877
G1 X102.779 Y147.82 E1572.91702
G1 X103.344 Y147.82 E1572.93581
G1 X119.89 Y131.274 E1573.71409
G1 X120.456 Y131.274 E1573.73291
G1 X103.91 Y147.82 E1574.51119
G1 X104.476 Y147.82 E1574.53001
G1 X121.021 Y131.274 E1575.30826
G1 X121.587 Y131.274 E1575.32709
G1 X105.041 Y147.82 E1576.10536
G1 X105.607 Y147.82 E1576.12418
G1 X122.153 Y131.274 E1576.90246
G1 X122.718 Y131.274 E1576.92125
G1 X106.173 Y147.82 E1577.6995
G1 X106.738 Y147.82 E1577.71829
G1 X123.284 Y131.274 E1578.49656
G1 X123.85 Y131.274 E1578.51539
G1 X107.304 Y147.82 E1579.29366
G1 X107.87 Y147.82 E1579.31249
G1 X124.415 Y131.274 E1580.09074
G1 X124.981 Y131.274 E1580.10956
G1 X108.436 Y147.82 E1580.88781
G1 X109.001 Y147.82 E1580.9066
G0 F4800 X126.346 Y129.451
G0 X126.346 Y114.549
G0 X125.451 Y113.654
G0 X116.943 Y112.725
G1 F1800 X128.591 Y101.077 E1581.45449
G1 X129.234 Y100.861 E1581.47705
G1 X129.558 Y100.676 E1581.48946
G1 X117.509 Y112.725 E1582.05621
G0 F4800 X131.532 Y98.702
G1 F1800 X135.32 Y94.914 E1582.23438
G0 F4800 X131.241 Y99.315
G1 F1800 X130.102 Y100.365 E1582.28591
G1 X129.558 Y100.676 E1582.30675
G0 F4800 X117.509 Y112.725
G1 F1800 X118.075 Y112.725 E1582.32557
G1 X135.32 Y95.48 E1583.13673
G1 X135.32 Y96.046 E1583.15555
G1 X118.64 Y112.726 E1583.94013
G1 X119.205 Y112.726 E1583.95892
G1 X135.32 Y96.611 E1584.71692
G1 X135.32 Y97.177 E1584.73575
G1 X119.771 Y112.726 E1585.46712
G1 X120.337 Y112.726 E1585.48595
G1 X135.32 Y97.743 E1586.1907
G1 X135.32 Y98.308 E1586.20949
G1 X120.903 Y112.726 E1586.88765
G1 X121.468 Y112.726 E1586.90644
G1 X135.32 Y98.874 E1587.558
G1 X135.32 Y99.44 E1587.57682
G1 X122.033 Y112.726 E1588.20178
G1 X122.599 Y112.726 E1588.2206
G1 X135.32 Y100.005 E1588.81896
G1 X135.32 Y100.571 E1588.83779
G1 X123.165 Y112.726 E1589.40952
G1 X123.73 Y112.726 E1589.42831
G1 X135.32 Y101.137 E1589.97345
G1 X135.32 Y101.702 E1589.99224
G1 X124.296 Y112.726 E1590.51077
G1 X124.862 Y112.726 E1590.5296
G1 X135.32 Y102.268 E1591.02151
G1 X135.32 Y102.834 E1591.04034
G1 X125.394 Y112.759 E1591.5072
G1 X125.839 Y112.88 E1591.52254
G1 X135.32 Y103.4 E1591.96847
G1 X135.32 Y103.965 E1591.98726
G1 X126.197 Y113.088 E1592.41638
G1 X126.484 Y113.367 E1592.4297
G1 X135.32 Y104.531 E1592.84531
G1 X135.32 Y105.097 E1592.86414
G1 X126.764 Y113.652 E1593.26656
G1 X127.008 Y113.974 E1593.28
G1 X135.32 Y105.662 E1593.67097
G1 X135.32 Y106.228 E1593.6898
G1 X127.178 Y114.37 E1594.07277
G1 X127.28 Y114.833 E1594.08854
G1 X135.32 Y106.794 E1594.46669
G1 X135.32 Y107.359 E1594.48549
G1 X127.793 Y114.886 E1594.83953
G1 X128.015 Y114.759 E1594.84804
G1 X128.593 Y114.652 E1594.86759
G1 X135.32 Y107.925 E1595.18401
G1 X135.32 Y108.491 E1595.20283
G1 X129.209 Y114.602 E1595.49028
G1 X129.711 Y114.665 E1595.5071
G1 X135.32 Y109.056 E1595.77093
G1 X135.32 Y109.622 E1595.78976
G1 X130.213 Y114.729 E1596.02998
G1 X130.58 Y114.927 E1596.04385
G1 X135.32 Y110.188 E1596.26678
G1 X135.32 Y110.753 E1596.28557
G1 X130.939 Y115.134 E1596.49164
G1 X131.292 Y115.347 E1596.50535
G1 X135.32 Y111.319 E1596.69482
G1 X135.32 Y111.885 E1596.71364
G1 X131.573 Y115.632 E1596.88989
G1 X131.853 Y115.917 E1596.90318
G1 X135.32 Y112.45 E1597.06625
G1 X135.32 Y113.016 E1597.08508
G1 X132.056 Y116.28 E1597.23861
G1 X132.249 Y116.653 E1597.25258
G1 X135.32 Y113.582 E1597.39703
G1 X135.32 Y114.148 E1597.41585
G1 X132.414 Y117.054 E1597.55254
G1 X132.485 Y117.548 E1597.56914
G1 X135.32 Y114.713 E1597.70249
G1 X135.32 Y115.279 E1597.72132
G1 X132.506 Y118.092 E1597.85365
G1 X132.462 Y118.703 E1597.87403
G1 X135.32 Y115.845 E1598.00846
G1 X135.32 Y116.41 E1598.02725
G0 F4800 X130.754 Y119.835
G0 X130.017 Y120.26
G0 X127.281 Y120.758
G1 F1800 X127.281 Y121.055 E1598.03713
G1 X127.469 Y120.867 E1598.04597
G0 F4800 X127.281 Y121.055
G1 F1800 X127.281 Y121.621 E1598.0648
G1 X127.837 Y121.064 E1598.09097
G1 X128.249 Y121.219 E1598.10562
G1 X127.281 Y122.187 E1598.15115
G1 X127.281 Y122.752 E1598.16994
G1 X128.723 Y121.31 E1598.23777
G1 X129.272 Y121.327 E1598.25603
G1 X127.281 Y123.318 E1598.34969
G1 X127.281 Y123.884 E1598.36851
G1 X129.915 Y121.249 E1598.49243
G1 X130.246 Y121.209 E1598.50352
G1 X130.919 Y120.811 E1598.52952
G1 X128.027 Y123.703 E1598.66555
G1 X128.275 Y123.609 E1598.67438
G1 X128.772 Y123.524 E1598.69115
G0 F4800 X132.068 Y119.662
G1 F1800 X135.32 Y116.41 E1598.84411
G0 F4800 X128.772 Y123.524
G1 F1800 X135.32 Y116.976 E1599.15211
G1 X135.32 Y117.542 E1599.17093
G1 X129.348 Y123.514 E1599.45184
G1 X129.845 Y123.582 E1599.46852
G1 X135.32 Y118.107 E1599.72605
G1 X135.32 Y118.673 E1599.74487
G1 X130.319 Y123.674 E1599.98011
G1 X130.675 Y123.883 E1599.99384
G1 X135.32 Y119.239 E1600.2123
G1 X135.32 Y119.804 E1600.23109
G1 X131.031 Y124.093 E1600.43283
G1 X131.359 Y124.331 E1600.44631
G1 X135.32 Y120.37 E1600.63263
G1 X135.32 Y120.936 E1600.65145
G1 X131.645 Y124.611 E1600.82431
G1 X131.914 Y124.908 E1600.83764
G1 X135.32 Y121.501 E1600.99787
G1 X135.32 Y122.067 E1601.0167
G1 X132.107 Y125.28 E1601.16783
G1 X132.3 Y125.652 E1601.18176
G1 X135.32 Y122.633 E1601.32379
G1 X135.32 Y123.199 E1601.34262
G1 X132.432 Y126.086 E1601.47844
G1 X132.503 Y126.581 E1601.49507
G1 X135.32 Y123.764 E1601.62757
G1 X135.32 Y124.33 E1601.6464
G1 X132.494 Y127.155 E1601.7793
G1 X132.454 Y127.708 E1601.79774
G1 X132.41 Y127.805 E1601.80128
G1 X135.32 Y124.896 E1601.93814
G1 X135.32 Y125.461 E1601.95693
G0 F4800 X109.001 Y147.82
G1 F1800 X125.647 Y131.175 E1602.73988
G0 F4800 X127.206 Y129.615
G1 F1800 X127.565 Y129.822 E1602.75367
G0 F4800 X126.941 Y130.17
G1 F1800 X126.257 Y130.855 E1602.78586
G1 X125.83 Y131.126 E1602.80268
G1 X125.647 Y131.175 E1602.80898
G0 F4800 X127.565 Y129.822
G1 F1800 X109.567 Y147.82 E1603.65556
G1 X110.133 Y147.82 E1603.67438
G1 X127.923 Y130.03 E1604.51117
G1 X128.371 Y130.147 E1604.52657
G1 X110.698 Y147.82 E1605.35785
G1 X111.264 Y147.82 E1605.37668
G1 X128.845 Y130.238 E1606.20366
G1 X129.442 Y130.207 E1606.22354
G1 X111.83 Y147.82 E1607.05198
G1 X112.395 Y147.82 E1607.07077
G1 X130.103 Y130.113 E1607.90368
G1 X130.406 Y130.014 E1607.91428
G1 X131.271 Y129.51 E1607.94758
G1 X131.374 Y129.407
G1 X135.32 Y125.461 E1608.13318
G0 F4800 X131.271 Y129.51
G1 F1800 X112.961 Y147.82 E1608.99443
G1 X113.527 Y147.82 E1609.01325
G1 X135.32 Y126.027 E1610.03833
G1 X135.32 Y126.593 E1610.05716
G1 X114.092 Y147.82 E1611.05563
G1 X114.658 Y147.82 E1611.07446
G1 X135.32 Y127.158 E1612.04633
G1 X135.32 Y127.724 E1612.06516
G1 X115.224 Y147.82 E1613.01041
G1 X115.789 Y147.82 E1613.02921
G1 X135.32 Y128.29 E1613.94786
G1 X135.32 Y128.855 E1613.96665
G1 X116.355 Y147.82 E1614.85871
G1 X116.921 Y147.82 E1614.87753
G1 X135.32 Y129.421 E1615.74297
G1 X135.32 Y129.987 E1615.76179
G1 X117.486 Y147.82 E1616.60062
G1 X118.052 Y147.82 E1616.61945
G1 X135.32 Y130.552 E1617.43168
G1 X135.32 Y131.118 E1617.45051
G1 X118.618 Y147.82 E1618.23612
G1 X119.184 Y147.82 E1618.25495
G1 X135.32 Y131.684 E1619.01393
G1 X135.32 Y132.249 E1619.03273
G1 X119.749 Y147.82 E1619.76514
G1 X120.315 Y147.82 E1619.78396
G1 X135.32 Y132.815 E1620.48975
G1 X135.32 Y133.381 E1620.50858
G1 X120.881 Y147.82 E1621.18774
G1 X121.446 Y147.82 E1621.20654
G1 X135.32 Y133.947 E1621.8591
G1 X135.32 Y134.512 E1621.87789
G1 X122.012 Y147.82 E1622.50386
G1 X122.578 Y147.82 E1622.52269
G1 X135.32 Y135.078 E1623.12203
G1 X135.32 Y135.644 E1623.14086
G1 X123.143 Y147.82 E1623.7136
G1 X123.709 Y147.82 E1623.73243
G1 X135.32 Y136.209 E1624.27857
G1 X135.32 Y136.775 E1624.2974
G1 X124.275 Y147.82 E1624.81692
G1 X124.84 Y147.82 E1624.83571
G1 X135.32 Y137.341 E1625.32864
G1 X135.32 Y137.906 E1625.34743
G1 X125.406 Y147.82 E1625.81375
G1 X125.972 Y147.82 E1625.83258
G1 X135.32 Y138.472 E1626.27228
G1 X135.32 Y139.038 E1626.2911
G1 X126.537 Y147.82 E1626.70421
G1 X127.103 Y147.82 E1626.72303
G1 X135.32 Y139.603 E1627.10953
G1 X135.32 Y140.169 E1627.12836
G1 X127.669 Y147.82 E1627.48824
G1 X128.235 Y147.82 E1627.50706
G1 X135.32 Y140.735 E1627.84032
G1 X135.32 Y141.3 E1627.85911
G1 X128.8 Y147.82 E1628.16579
G1 X129.366 Y147.82 E1628.18462
G1 X135.32 Y141.866 E1628.46468
G1 X135.32 Y142.432 E1628.4835
G1 X129.932 Y147.82 E1628.73694
G1 X130.497 Y147.82 E1628.75573
G1 X135.32 Y142.997 E1628.98259
G1 X135.32 Y143.563 E1629.00141
G1 X131.063 Y147.82 E1629.20165
G1 X131.629 Y147.82 E1629.22047
G1 X135.32 Y144.129 E1629.39409
G1 X135.32 Y144.695 E1629.41291
G1 X132.194 Y147.82 E1629.55993
G1 X132.76 Y147.82 E1629.57875
G1 X135.32 Y145.26 E1629.69917
G1 X135.32 Y145.826 E1629.71799
G1 X133.326 Y147.82 E1629.81178
G1 X133.891 Y147.82 E1629.83058
G1 X135.32 Y146.392 E1629.89777
G1 X135.32 Y146.957 E1629.91656
G1 X134.457 Y147.82 E1629.95715
G1 X135.023 Y147.82 E1629.97598
G1 X135.32 Y147.523 E1629.98995
G1 X135.32 Y147.82 E1629.99983
;MESH:NONMESH
G0 X135.32 Y147.82 Z1.4
G0 F4800 X126.346 Y129.451
G0 X126.346 Y114.549
G0 X125.451 Y113.654
G0 X97.863 Y100.357
;TIME_ELAPSED:2005.650352
;LAYER:6
;TYPE:WALL-INNER
;MESH:I2C_LED_BTN-Body.stl
G1 F2400 X96.743 Y100.542 E1630.03758
G1 X95.657 Y100.348 E1630.07428
G1 X94.906 Y100.064 E1630.10098
G1 X94.203 Y99.613 E1630.12876
G1 X93.594 Y99.014 E1630.15717
G1 X93.026 Y98.171 E1630.19098
G1 X92.672 Y97.011 E1630.23132
G1 X92.672 Y95.784 E1630.27213
G1 X92.973 Y94.805 E1630.30619
G1 X93.475 Y93.928 E1630.3398
G1 X94.348 Y93.071 E1630.38049
G1 X95.352 Y92.496 E1630.41897
G1 X96.753 Y92.254 E1630.46626
G1 X97.864 Y92.443 E1630.50374
G1 X98.923 Y92.863 E1630.54164
G1 X99.815 Y93.653 E1630.58127
G1 X100.618 Y94.857 E1630.6294
G1 X100.902 Y96.297 E1630.67822
G1 X100.701 Y97.65 E1630.72371
G1 X100.153 Y98.705 E1630.76325
G1 X99.596 Y99.368 E1630.79206
G1 X98.645 Y100.047 E1630.83092
G1 X97.863 Y100.357 E1630.8589
G0 F4800 X97.755 Y99.966
G1 F2400 X96.762 Y100.141 E1630.89244
G1 X95.764 Y99.963 E1630.92615
G1 X95.083 Y99.702 E1630.95041
G1 X94.457 Y99.302 E1630.97512
G1 X93.904 Y98.758 E1631.00092
G1 X93.391 Y97.995 E1631.0315
G1 X93.072 Y96.937 E1631.06825
G1 X93.072 Y95.843 E1631.10464
G1 X93.341 Y94.97 E1631.13502
G1 X93.796 Y94.173 E1631.16555
G1 X94.59 Y93.393 E1631.20257
G1 X95.506 Y92.875 E1631.23757
G1 X96.771 Y92.662 E1631.28023
G1 X97.752 Y92.83 E1631.31334
G1 X98.71 Y93.207 E1631.34758
G1 X99.513 Y93.921 E1631.38332
G1 X100.237 Y95.014 E1631.42692
G1 X100.495 Y96.316 E1631.47107
G1 X100.317 Y97.522 E1631.51161
G1 X99.812 Y98.497 E1631.54813
G1 X99.313 Y99.075 E1631.57353
G1 X98.43 Y99.703 E1631.60957
G1 X97.755 Y99.966 E1631.63367
G0 F4800 X97.867 Y100.256
G0 X111.996 Y98.344
G1 F2400 X110.892 Y98.152 E1631.67094
G1 X110.124 Y97.851 E1631.69837
G1 X109.448 Y97.41 E1631.72522
G1 X108.849 Y96.825 E1631.75306
G1 X108.265 Y95.964 E1631.78767
G1 X107.912 Y94.806 E1631.82793
G1 X107.912 Y93.585 E1631.86854
G1 X108.209 Y92.622 E1631.90206
G1 X108.717 Y91.731 E1631.93617
G1 X109.6 Y90.863 E1631.97736
G1 X110.594 Y90.299 E1632.01537
G1 X111.999 Y90.056 E1632.06279
G1 X113.104 Y90.243 E1632.10007
G1 X114.157 Y90.661 E1632.13775
G1 X115.042 Y91.439 E1632.17694
G1 X115.862 Y92.672 E1632.22619
G1 X116.139 Y94.114 E1632.27503
G1 X115.948 Y95.421 E1632.31896
G1 X115.391 Y96.512 E1632.35971
G1 X114.831 Y97.172 E1632.38849
G1 X113.893 Y97.844 E1632.42687
G1 X113.102 Y98.152 E1632.4551
G1 X111.996 Y98.344 E1632.49244
G0 F4800 X111.994 Y97.939
G1 F2400 X111.002 Y97.762 E1632.52596
G1 X110.333 Y97.504 E1632.5498
G1 X109.697 Y97.098 E1632.5749
G1 X109.153 Y96.564 E1632.60025
G1 X108.63 Y95.792 E1632.63127
G1 X108.312 Y94.732 E1632.66808
G1 X108.317 Y93.626 E1632.70486
G1 X108.59 Y92.757 E1632.73516
G1 X109.042 Y91.967 E1632.76543
G1 X109.838 Y91.189 E1632.80245
G1 X110.728 Y90.681 E1632.83654
G1 X112 Y90.461 E1632.87947
G1 X112.992 Y90.63 E1632.91294
G1 X113.948 Y91.007 E1632.94712
G1 X114.756 Y91.725 E1632.98307
G1 X115.483 Y92.822 E1633.02684
G1 X115.737 Y94.102 E1633.07025
G1 X115.559 Y95.314 E1633.11099
G1 X115.055 Y96.29 E1633.14752
G1 X114.56 Y96.874 E1633.17299
G1 X113.683 Y97.5 E1633.20882
G1 X112.994 Y97.766 E1633.23339
G1 X111.994 Y97.939 E1633.26714
G0 F4800 X111.94 Y98.245
G0 X126.133 Y100.347
G1 F2400 X125.382 Y100.056 E1633.29393
G1 X124.686 Y99.609 E1633.32144
G1 X124.085 Y99.019 E1633.34946
G1 X123.504 Y98.164 E1633.38384
G1 X123.157 Y97.029 E1633.42331
G1 X123.151 Y95.788 E1633.46459
G1 X123.447 Y94.826 E1633.49806
G1 X123.956 Y93.927 E1633.53243
G1 X124.848 Y93.059 E1633.57382
G1 X125.834 Y92.5 E1633.61152
G1 X127.248 Y92.253 E1633.65926
G1 X128.338 Y92.447 E1633.69609
G1 X129.398 Y92.856 E1633.73387
G1 X130.295 Y93.651 E1633.77374
G1 X131.098 Y94.857 E1633.82193
G1 X131.383 Y96.29 E1633.87053
G1 X131.186 Y97.64 E1633.9159
G1 X130.63 Y98.714 E1633.95613
G1 X130.079 Y99.366 E1633.98452
G1 X129.122 Y100.053 E1634.0237
G1 X128.337 Y100.353 E1634.05165
G1 X127.235 Y100.544 E1634.08885
G1 X126.133 Y100.347 E1634.12608
G0 F4800 X126.241 Y99.962
G1 F2400 X125.561 Y99.702 E1634.1503
G1 X124.936 Y99.297 E1634.17507
G1 X124.39 Y98.761 E1634.20052
G1 X123.872 Y97.996 E1634.23125
G1 X123.552 Y96.954 E1634.2675
G1 X123.552 Y95.847 E1634.30432
G1 X123.825 Y94.961 E1634.33515
G1 X124.284 Y94.172 E1634.36551
G1 X125.082 Y93.386 E1634.40277
G1 X125.977 Y92.876 E1634.43703
G1 X127.229 Y92.662 E1634.47928
G1 X128.232 Y92.833 E1634.51312
G1 X129.187 Y93.204 E1634.54719
G1 X129.988 Y93.914 E1634.58279
G1 X130.722 Y95.013 E1634.62675
G1 X130.977 Y96.301 E1634.67042
G1 X130.8 Y97.515 E1634.71122
G1 X130.295 Y98.492 E1634.7478
G1 X129.804 Y99.07 E1634.77303
G1 X128.929 Y99.693 E1634.80875
G1 X128.231 Y99.967 E1634.83369
G1 X127.24 Y100.139 E1634.86715
G1 X126.241 Y99.962 E1634.90089
G0 F4800 X126.128 Y100.253
G0 X126.548 Y117.572
G1 F2400 X126.555 Y118.546 E1634.94179
G0 F4800 X127.605 Y119.889
G0 X128.416 Y120.376
G0 X128.454 Y120.071
G1 F2400 X127.763 Y119.691 E1634.96802
G1 X127.217 Y119.038 E1634.99633
G1 X126.996 Y118.436 E1635.01766
G1 X126.996 Y117.438 E1635.05085
G1 X127.32 Y116.738 E1635.07651
G1 X127.788 Y116.248 E1635.09905
G1 X128.457 Y115.862 E1635.12474
G1 X129.521 Y115.788 E1635.16021
G1 X130.18 Y116.02 E1635.18345
G1 X130.731 Y116.437 E1635.20643
G1 X131.154 Y117.03 E1635.23066
G1 X131.363 Y118.059 E1635.26558
G1 X131.142 Y118.937 E1635.29569
G1 X130.497 Y119.726 E1635.32959
G1 X129.86 Y120.053 E1635.3534
G1 X129.287 Y120.169 E1635.37285
G1 X128.454 Y120.071 E1635.40075
G0 F4800 X128.416 Y120.376
G0 X126.548 Y126.472
G1 F2400 X126.555 Y127.446 E1635.44165
G0 F4800 X127.605 Y128.789
G0 X128.419 Y129.276
G0 X128.457 Y128.97
G1 F2400 X127.763 Y128.591 E1635.46795
G1 X127.217 Y127.938 E1635.49626
G1 X126.996 Y127.336 E1635.51759
G1 X126.996 Y126.338 E1635.55078
G1 X127.337 Y125.6 E1635.57782
G1 X128.112 Y124.911 E1635.61231
G1 X128.824 Y124.684 E1635.63717
G1 X129.826 Y124.767 E1635.67061
G1 X130.499 Y125.116 E1635.69582
G1 X131.15 Y125.91 E1635.72997
G1 X131.363 Y126.959 E1635.76557
G1 X131.142 Y127.837 E1635.79569
G1 X130.498 Y128.624 E1635.82951
G1 X129.852 Y128.956 E1635.85367
G1 X129.284 Y129.069 E1635.87293
G1 X128.457 Y128.97 E1635.90063
G0 F4800 X128.419 Y129.276
G0 X125.451 Y130.346
G0 X112 Y130.497
G1 F2400 X98.832 Y130.498 E1636.3386
G1 X98.303 Y130.319 E1636.35717
G1 X97.792 Y129.808 E1636.38121
G1 X97.508 Y129.282 E1636.40189
G1 X97.467 Y128.386 E1636.43545
G1 X97.188 Y129.306 E1636.4707
G1 X96.465 Y130.19 E1636.50945
G1 X95.679 Y130.601 E1636.53895
G1 X94.985 Y130.735 E1636.56245
G1 X94.011 Y130.609 E1636.59512
G1 X93.204 Y130.166 E1636.62574
G1 X92.563 Y129.399 E1636.65899
G1 X92.296 Y128.648 E1636.6855
G1 X92.296 Y127.509 E1636.72338
G1 X92.683 Y126.671 E1636.75408
G1 X93.185 Y126.12 E1636.77887
G1 X94.035 Y125.631 E1636.81149
G1 X95.183 Y125.545 E1636.84978
G1 X96.035 Y125.797 E1636.87933
G1 X96.624 Y126.242 E1636.90388
G1 X97.211 Y126.989 E1636.9369
G1 X97.464 Y128.003 E1636.97635
G1 X97.5 Y127.215 E1637.00495
G1 X97.5 Y114.805 E1637.41771
G1 X97.663 Y114.321 E1637.4347
G1 X98.29 Y113.694 E1637.46419
G1 X98.786 Y113.506 E1637.48183
G1 X125.208 Y113.505 E1638.36063
G1 X125.724 Y113.709 E1638.37908
G1 X126.382 Y114.367 E1638.41003
G1 X126.5 Y114.8 E1638.42496
G1 X126.5 Y117.113 E1638.50189
G1 X126.538 Y117.477 E1638.51479
G1 X126.919 Y116.649 E1638.54693
G1 X127.421 Y115.997 E1638.5743
G1 X128.334 Y115.471 E1638.60934
G1 X129.567 Y115.378 E1638.65047
G1 X130.382 Y115.672 E1638.67929
G1 X131.007 Y116.145 E1638.70536
G1 X131.528 Y116.861 E1638.73481
G1 X131.734 Y117.875 E1638.76922
G1 X131.734 Y118.221 E1638.78073
G1 X131.509 Y119.118 E1638.81149
G1 X130.758 Y120.04 E1638.85104
G1 X129.986 Y120.445 E1638.88004
G1 X129.297 Y120.572 E1638.90334
G1 X128.331 Y120.46 E1638.93568
G1 X127.507 Y120.007 E1638.96696
G1 X126.898 Y119.281 E1639.00068
G1 X126.555 Y118.546 E1639.03346
G1 X126.5 Y119.166 E1639.05711
G1 X126.5 Y126.013 E1639.28484
G1 X126.538 Y126.377 E1639.29775
G1 X126.919 Y125.549 E1639.32988
G1 X127.162 Y125.221 E1639.34346
G1 X127.75 Y124.697 E1639.36965
G1 X128.113 Y124.49 E1639.38355
G1 X128.797 Y124.273 E1639.40742
G1 X129.964 Y124.38 E1639.4464
G1 X130.757 Y124.801 E1639.47626
G1 X131.522 Y125.732 E1639.51633
G1 X131.734 Y126.775 E1639.55173
G1 X131.734 Y127.121 E1639.56324
G1 X131.509 Y128.019 E1639.59403
G1 X130.759 Y128.938 E1639.63349
G1 X129.987 Y129.345 E1639.66251
G1 X129.298 Y129.471 E1639.68581
G1 X128.324 Y129.357 E1639.71843
G1 X127.506 Y128.907 E1639.74948
G1 X126.898 Y128.181 E1639.78318
G1 X126.555 Y127.446 E1639.81596
G1 X126.5 Y128.066 E1639.83961
G1 X126.5 Y129.234 E1639.87846
G1 X126.296 Y129.716 E1639.89586
G1 X125.633 Y130.38 E1639.92707
G1 X125.193 Y130.496 E1639.94221
G1 X112 Y130.497 E1640.38101
G0 F4800 X112 Y130.098
G1 F2400 X98.859 Y130.099 E1640.81808
G1 X98.584 Y130.034 E1640.82748
G1 X97.97 Y129.42 E1640.85636
G1 X97.9 Y129.099 E1640.86729
G1 X97.905 Y114.817 E1641.34231
G1 X98.027 Y114.529 E1641.35271
G1 X98.533 Y114.016 E1641.37668
G1 X98.831 Y113.903 E1641.38728
G1 X125.165 Y113.903 E1642.26315
G1 X125.478 Y114.028 E1642.27436
G1 X125.932 Y114.482 E1642.29571
G1 X126.096 Y114.822 E1642.30827
G1 X126.1 Y129.182 E1642.78588
G1 X125.974 Y129.476 E1642.79652
G1 X125.42 Y130.028 E1642.82253
G1 X125.156 Y130.098 E1642.83162
G1 X112 Y130.098 E1643.26919
G0 F4800 X112 Y130.41
G0 X98.549 Y130.346
G0 X97.654 Y129.451
G0 X97.467 Y128.386
G1 F2400 X97.464 Y128.003 E1643.28413
G0 F4800 X97.654 Y129.451
G0 X112 Y148.6
G1 F2400 X135.749 Y148.6 E1644.07402
G1 X136.1 Y148.319 E1644.08898
G1 X136.1 Y75.748 E1646.5027
G1 X135.82 Y75.4 E1646.51755
G1 X88.178 Y75.4 E1648.10213
G1 X87.9 Y75.747 E1648.11692
G1 X87.9 Y148.32 E1650.53071
G1 X88.248 Y148.6 E1650.54556
G1 X112 Y148.6 E1651.33556
G0 F4800 X112 Y149
G1 F2400 X135.889 Y149 E1652.13011
G1 X136.5 Y148.511 E1652.15614
G1 X136.5 Y75.608 E1654.5809
G1 X136.012 Y75 E1654.60683
G1 X87.985 Y75 E1656.20422
G1 X87.5 Y75.607 E1656.23006
G1 X87.5 Y148.512 E1658.65489
G1 X88.108 Y149 E1658.68082
G1 X112 Y149 E1659.47547
G0 F4800 X112 Y148.69
G0 X95.717 Y130.487
G0 X95.571 Y130.209
G1 F2400 X94.98 Y130.331 E1659.49554
G1 X94.159 Y130.227 E1659.52307
G1 X93.464 Y129.852 E1659.54933
G1 X92.918 Y129.199 E1659.57764
G1 X92.696 Y128.601 E1659.59886
G1 X92.696 Y127.598 E1659.63222
G1 X93.02 Y126.895 E1659.65797
G1 X93.431 Y126.44 E1659.67836
G1 X94.166 Y126.022 E1659.70648
G1 X95.158 Y125.947 E1659.73957
G1 X95.853 Y126.161 E1659.76376
G1 X96.382 Y126.561 E1659.78581
G1 X96.854 Y127.185 E1659.81184
G1 X97.063 Y128.22 E1659.84696
G1 X96.84 Y129.099 E1659.87712
G1 X96.204 Y129.878 E1659.91057
G1 X95.571 Y130.209 E1659.93433
G0 F4800 X95.415 Y129.84
;TYPE:WALL-OUTER
G1 F2400 X94.943 Y129.923 E1659.95026
G1 X94.273 Y129.84 E1659.97272
G1 X93.726 Y129.536 E1659.99353
G1 X93.29 Y129.021 E1660.01598
G1 X93.098 Y128.559 E1660.03262
G1 X93.1 Y127.688 E1660.06159
G1 X93.358 Y127.118 E1660.0824
G1 X93.661 Y126.772 E1660.09769
G1 X94.279 Y126.415 E1660.12143
G1 X95.15 Y126.353 E1660.15047
G1 X95.67 Y126.523 E1660.16867
G1 X96.167 Y126.9 E1660.18942
G1 X96.481 Y127.357 E1660.20786
G1 X96.654 Y128.213 E1660.23691
G1 X96.47 Y128.914 E1660.26101
G1 X95.934 Y129.572 E1660.28924
G1 X95.415 Y129.84 E1660.30867
G0 F4800 X95.218 Y129.874
G0 X95.358 Y130.575
G0 X112 Y130.41
G0 X112 Y129.698
G1 F2400 X98.814 Y129.695 E1660.74723
G1 X98.305 Y129.189 E1660.77111
G1 X98.301 Y114.817 E1661.24912
G1 X98.815 Y114.301 E1661.27334
G1 X125.183 Y114.303 E1662.15035
G1 X125.699 Y114.815 E1662.17453
G1 X125.697 Y129.183 E1662.65241
G1 X125.184 Y129.7 E1662.67663
G1 X112 Y129.698 E1663.11513
G0 F4800 X111.8 Y129.698
G0 X111.8 Y130.41
G0 X125.451 Y130.346
G0 X128.238 Y129.203
G0 X128.577 Y128.582
G1 F2400 X128.028 Y128.278 E1663.136
G1 X127.59 Y127.761 E1663.15854
G1 X127.399 Y127.299 E1663.17517
G1 X127.396 Y126.427 E1663.20417
G1 X127.664 Y125.845 E1663.22548
G1 X128.313 Y125.266 E1663.25441
G1 X128.874 Y125.09 E1663.27397
G1 X129.728 Y125.163 E1663.30247
G1 X130.244 Y125.437 E1663.32191
G1 X130.773 Y126.088 E1663.34981
G1 X130.954 Y126.952 E1663.37917
G1 X130.771 Y127.652 E1663.40323
G1 X130.238 Y128.305 E1663.43127
G1 X129.722 Y128.578 E1663.45068
G1 X129.284 Y128.664 E1663.46553
G1 X128.577 Y128.582 E1663.4892
G0 F4800 X128.403 Y128.486
G0 X128.063 Y129.108
G0 X127.605 Y128.789
G0 X127.006 Y128.074
G0 X126.75 Y127.426
G0 X126.75 Y126.405
G0 X128.238 Y120.303
G0 X128.577 Y119.683
G1 F2400 X128.022 Y119.378 E1663.51026
G1 X127.59 Y118.861 E1663.53267
G1 X127.399 Y118.399 E1663.5493
G1 X127.396 Y117.527 E1663.5783
G1 X127.658 Y116.958 E1663.59914
G1 X127.988 Y116.594 E1663.61548
G1 X128.57 Y116.258 E1663.63783
G1 X129.46 Y116.191 E1663.66752
G1 X129.969 Y116.366 E1663.68542
G1 X130.464 Y116.741 E1663.70607
G1 X130.776 Y117.197 E1663.72445
G1 X130.954 Y118.052 E1663.7535
G1 X130.771 Y118.752 E1663.77756
G1 X130.244 Y119.399 E1663.80532
G1 X129.724 Y119.677 E1663.82493
G1 X129.286 Y119.764 E1663.83978
G1 X128.577 Y119.683 E1663.86352
G0 F4800 X128.402 Y119.587
G0 X128.063 Y120.208
G0 X127.605 Y119.889
G0 X127.006 Y119.174
G0 X126.776 Y118.591
G0 X126.092 Y100.239
G0 X126.349 Y99.577
G1 F2400 X125.745 Y99.343 E1663.88506
G1 X125.186 Y98.985 E1663.90714
G1 X124.695 Y98.502 E1663.93005
G1 X124.246 Y97.837 E1663.95673
G1 X123.952 Y96.892 E1663.98965
G1 X123.954 Y95.907 E1664.02241
G1 X124.189 Y95.136 E1664.04922
G1 X124.598 Y94.42 E1664.07665
G1 X125.324 Y93.709 E1664.11044
G1 X126.104 Y93.261 E1664.14036
G1 X127.242 Y93.064 E1664.17877
G1 X128.107 Y93.214 E1664.20797
G1 X128.971 Y93.552 E1664.23883
G1 X129.685 Y94.179 E1664.27044
G1 X130.341 Y95.17 E1664.30996
G1 X130.571 Y96.308 E1664.34858
G1 X130.414 Y97.389 E1664.38491
G1 X129.945 Y98.286 E1664.41858
G1 X129.513 Y98.787 E1664.44058
G1 X128.739 Y99.341 E1664.47224
G1 X128.106 Y99.586 E1664.49481
G1 X127.218 Y99.732 E1664.52474
G1 X126.349 Y99.577 E1664.5541
G0 F4800 X126.163 Y99.505
G0 X125.906 Y100.167
G0 X111.855 Y98.23
G0 X111.978 Y97.532
G1 F2400 X111.11 Y97.377 E1664.58343
G1 X110.488 Y97.133 E1664.60565
G1 X109.947 Y96.785 E1664.62705
G1 X109.456 Y96.303 E1664.64993
G1 X109.006 Y95.636 E1664.67669
G1 X108.714 Y94.694 E1664.7095
G1 X108.713 Y93.708 E1664.74229
G1 X108.946 Y92.943 E1664.76889
G1 X109.35 Y92.231 E1664.79612
G1 X110.081 Y91.511 E1664.83024
G1 X110.884 Y91.058 E1664.86091
G1 X112.018 Y90.868 E1664.89915
G1 X112.867 Y91.014 E1664.9278
G1 X113.734 Y91.353 E1664.95876
G1 X114.441 Y91.977 E1664.99013
G1 X115.106 Y92.972 E1665.02993
G1 X115.332 Y94.112 E1665.06859
G1 X115.167 Y95.201 E1665.10522
G1 X114.705 Y96.086 E1665.13843
G1 X114.299 Y96.565 E1665.15931
G1 X113.507 Y97.136 E1665.19178
G1 X112.866 Y97.386 E1665.21467
G1 X111.978 Y97.532 E1665.2446
G0 F4800 X111.782 Y97.497
G0 X111.659 Y98.195
G0 X97.903 Y100.242
G0 X97.647 Y99.581
G1 F2400 X96.737 Y99.732 E1665.27528
G1 X95.87 Y99.577 E1665.30457
G1 X95.248 Y99.333 E1665.3268
G1 X94.691 Y98.971 E1665.34889
G1 X94.227 Y98.515 E1665.37053
G1 X93.756 Y97.822 E1665.3984
G1 X93.474 Y96.895 E1665.43063
G1 X93.472 Y95.903 E1665.46362
G1 X93.722 Y95.108 E1665.49134
G1 X94.116 Y94.42 E1665.51771
G1 X94.835 Y93.716 E1665.55118
G1 X95.619 Y93.267 E1665.58123
G1 X96.758 Y93.064 E1665.61971
G1 X97.627 Y93.214 E1665.64904
G1 X98.495 Y93.551 E1665.68001
G1 X99.195 Y94.171 E1665.71111
G1 X99.866 Y95.173 E1665.75122
G1 X100.088 Y96.302 E1665.78949
G1 X99.928 Y97.399 E1665.82636
G1 X99.476 Y98.272 E1665.85906
G1 X99.049 Y98.775 E1665.881
G1 X98.268 Y99.336 E1665.91298
G1 X97.647 Y99.581 E1665.93519
G0 F4800 X97.45 Y99.613
G0 X97.571 Y100.314
G0 X97.654 Y129.451
G0 X112 Y148.69
G0 X112 Y149.4
G1 F2400 X136.029 Y149.4 E1666.7344
G1 X136.9 Y148.703 E1666.7715
G1 X136.9 Y75.467 E1669.20734
G1 X136.204 Y74.6 E1669.24432
G1 X87.793 Y74.6 E1670.85447
G1 X87.1 Y75.467 E1670.89139
G1 X87.1 Y148.704 E1673.32726
G1 X87.967 Y149.4 E1673.36424
G1 X112 Y149.4 E1674.16358
G0 F4800 X112.2 Y149.4
G0 X112.2 Y148.69
G0 X126.346 Y129.451
G0 X126.346 Y114.549
G0 X131.043 Y97.592
G0 X135.72 Y75.882
;TYPE:SKIN
G1 F1800 X135.638 Y75.78 E1674.16793
G1 X135.178 Y75.781 E1674.18323
G1 X135.72 Y76.323 E1674.20873
G0 F4800 X135.178 Y75.781
G1 F1800 X134.612 Y75.781 E1674.22755
G1 X135.72 Y76.889 E1674.27967
G1 X135.72 Y77.454 E1674.29846
G1 X134.046 Y75.781 E1674.37718
G1 X133.481 Y75.781 E1674.39597
G1 X135.72 Y78.02 E1674.50129
G1 X135.72 Y78.586 E1674.52011
G1 X132.915 Y75.781 E1674.65205
G1 X132.349 Y75.781 E1674.67088
G1 X135.72 Y79.151 E1674.82941
G1 X135.72 Y79.717 E1674.84824
G1 X131.783 Y75.781 E1675.0334
G1 X131.218 Y75.781 E1675.05219
G1 X135.72 Y80.283 E1675.26395
G1 X135.72 Y80.848 E1675.28274
G1 X130.652 Y75.781 E1675.5211
G1 X130.086 Y75.781 E1675.53993
G1 X135.72 Y81.414 E1675.80491
G1 X135.72 Y81.98 E1675.82374
G1 X129.521 Y75.781 E1676.11532
G1 X128.955 Y75.781 E1676.13414
G1 X135.72 Y82.546 E1676.45235
G1 X135.72 Y83.111 E1676.47114
G1 X128.389 Y75.781 E1676.81594
G1 X127.824 Y75.781 E1676.83474
G1 X135.72 Y83.677 E1677.20614
G1 X135.72 Y84.243 E1677.22497
G1 X127.258 Y75.781 E1677.62299
G1 X126.692 Y75.781 E1677.64182
G1 X135.72 Y84.808 E1678.06644
G1 X135.72 Y85.374 E1678.08527
G1 X126.127 Y75.781 E1678.53649
G1 X125.561 Y75.781 E1678.55532
G1 X135.72 Y85.94 E1679.03317
G1 X135.72 Y86.505 E1679.05196
G1 X124.995 Y75.781 E1679.55641
G1 X124.43 Y75.781 E1679.5752
G1 X135.72 Y87.071 E1680.10625
G1 X135.72 Y87.637 E1680.12507
G1 X123.864 Y75.781 E1680.68274
G1 X123.298 Y75.781 E1680.70157
G1 X135.72 Y88.202 E1681.28584
G1 X135.72 Y88.768 E1681.30466
G1 X122.733 Y75.781 E1681.91553
G1 X122.167 Y75.781 E1681.93435
G1 X135.72 Y89.334 E1682.57185
G1 X135.72 Y89.899 E1682.59064
G1 X121.601 Y75.781 E1683.25473
G1 X121.035 Y75.781 E1683.27355
G1 X135.72 Y90.465 E1683.96427
G1 X135.72 Y91.031 E1683.98309
G1 X120.47 Y75.781 E1684.70041
G1 X119.904 Y75.781 E1684.71923
G1 X135.72 Y91.596 E1685.46314
G1 X135.72 Y92.162 E1685.48197
G1 X119.338 Y75.781 E1686.2525
G1 X118.773 Y75.781 E1686.2713
G1 X135.72 Y92.728 E1687.06843
G1 X135.72 Y93.294 E1687.08726
G1 X118.207 Y75.781 E1687.91101
G1 X117.641 Y75.781 E1687.92984
G1 X135.72 Y93.859 E1688.7802
G1 X135.72 Y94.425 E1688.79902
G1 X117.076 Y75.781 E1689.67598
G1 X116.51 Y75.781 E1689.6948
G1 X135.72 Y94.991 E1690.59838
G1 X135.72 Y95.556 E1690.61718
G1 X115.944 Y75.781 E1691.54735
G1 X115.379 Y75.781 E1691.56615
G1 X135.72 Y96.122 E1692.52293
G1 X135.72 Y96.688 E1692.54175
G1 X114.813 Y75.781 E1693.52515
G1 X114.247 Y75.781 E1693.54398
G1 X135.72 Y97.253 E1694.55398
G1 X135.72 Y97.819 E1694.5728
G1 X113.682 Y75.781 E1695.6094
G1 X113.116 Y75.781 E1695.62823
G1 X135.72 Y98.385 E1696.69145
G1 X135.72 Y98.95 E1696.71024
G0 F4800 X129.598 Y92.526
G1 F1800 X130.58 Y93.395 E1696.75386
G1 X131.412 Y94.642 E1696.80372
G0 F4800 X135.72 Y98.95
G1 F1800 X131.412 Y94.642 E1697.00635
G0 F4800 X129.105 Y92.335
G1 F1800 X112.55 Y75.781 E1697.78502
G0 F4800 X131.412 Y94.642
G1 F1800 X131.536 Y94.829 E1697.79249
G1 X131.489 Y94.869 E1697.79454
G1 X131.59 Y95.387 E1697.81209
G0 F4800 X130.449 Y94.064
G0 X112.55 Y75.781
G1 F1800 X111.985 Y75.781 E1697.83088
G1 X128.25 Y92.046 E1698.59594
G1 X127.562 Y91.924 E1698.61918
G1 X111.419 Y75.781 E1699.3785
G1 X110.853 Y75.781 E1699.39732
G1 X126.986 Y91.913 E1700.15615
G1 X126.504 Y91.997 E1700.17242
G1 X110.287 Y75.781 E1700.93519
G1 X109.722 Y75.781 E1700.95399
G1 X126.023 Y92.082 E1701.72073
G1 X125.581 Y92.205 E1701.73599
G1 X109.156 Y75.781 E1702.50855
G1 X108.59 Y75.781 E1702.52738
G1 X125.22 Y92.41 E1703.30958
G1 X124.859 Y92.615 E1703.32339
G1 X108.025 Y75.781 E1704.11521
G1 X107.459 Y75.781 E1704.13403
G1 X124.523 Y92.845 E1704.93667
G1 X124.237 Y93.124 E1704.94996
G1 X106.893 Y75.781 E1705.76574
G1 X106.328 Y75.781 E1705.78454
G1 X123.949 Y93.402 E1706.61337
G1 X123.662 Y93.681 E1706.62669
G1 X105.762 Y75.781 E1707.46865
G1 X105.196 Y75.781 E1707.48747
G1 X123.455 Y94.04 E1708.34632
G1 X123.251 Y94.401 E1708.36011
G1 X104.631 Y75.781 E1709.23594
G1 X104.065 Y75.781 E1709.25476
G1 X123.063 Y94.779 E1710.14837
G1 X122.931 Y95.213 E1710.16346
G1 X103.499 Y75.781 E1711.07748
G1 X102.934 Y75.781 E1711.09627
G1 X122.799 Y95.646 E1712.03066
G1 X122.774 Y96.186 E1712.04864
G1 X102.368 Y75.781 E1713.00845
G1 X101.802 Y75.781 E1713.02728
G1 X122.776 Y96.755 E1714.01383
G1 X122.88 Y97.424 E1714.03635
G1 X101.236 Y75.781 E1715.05439
G1 X100.671 Y75.781 E1715.07319
G0 F4800 X129.32 Y92.987
G0 X130.018 Y93.608
G0 X131.59 Y95.387
G1 F1800 X135.72 Y99.516 E1715.26742
G1 X135.72 Y100.082 E1715.28625
G1 X131.73 Y96.092 E1715.47393
G1 X131.714 Y96.642 E1715.49223
G1 X135.72 Y100.647 E1715.68063
G1 X135.72 Y101.213 E1715.69946
G1 X131.643 Y97.136 E1715.89123
G1 X131.571 Y97.63 E1715.90783
G1 X135.72 Y101.779 E1716.10299
G1 X135.72 Y102.345 E1716.12181
G1 X131.409 Y98.034 E1716.32459
G1 X131.217 Y98.407 E1716.33854
G1 X135.72 Y102.91 E1716.55035
G1 X135.72 Y103.476 E1716.56918
G1 X131.024 Y98.78 E1716.79006
G1 X130.791 Y99.113 E1716.80358
G1 X135.72 Y104.042 E1717.03542
G1 X135.72 Y104.607 E1717.05422
G1 X130.532 Y99.419 E1717.29824
G1 X130.255 Y99.708 E1717.31156
G1 X135.72 Y105.173 E1717.56862
G1 X135.72 Y105.739 E1717.58744
G1 X129.926 Y99.945 E1717.85997
G1 X129.596 Y100.181 E1717.87347
G1 X135.72 Y106.304 E1718.1615
G1 X135.72 Y106.87 E1718.18032
G1 X129.258 Y100.408 E1718.48428
G1 X128.848 Y100.564 E1718.49887
G1 X135.72 Y107.436 E1718.8221
G1 X135.72 Y108.001 E1718.8409
G1 X128.438 Y100.72 E1719.1834
G1 X127.957 Y100.804 E1719.19964
G1 X135.72 Y108.567 E1719.56478
G1 X135.72 Y109.133 E1719.58361
G1 X127.475 Y100.888 E1719.97143
G1 X126.889 Y100.867 E1719.99093
G1 X135.72 Y109.698 E1720.40631
G1 X135.72 Y110.264 E1720.42514
G1 X126.2 Y100.744 E1720.87293
G1 X126.029 Y100.713 E1720.87871
G1 X125.333 Y100.443 E1720.90354
G0 F4800 X100.671 Y75.781
G1 F1800 X123.131 Y98.24 E1721.95997
G1 X123.157 Y98.326 E1721.96296
G1 X123.769 Y99.242 E1721.9996
G1 X124.476 Y99.934 E1722.0325
G1 X125.21 Y100.395 E1722.06133
G1 X125.333 Y100.443
G1 X135.72 Y110.83 E1722.5499
G1 X135.72 Y111.395 E1722.56869
G1 X100.105 Y75.781 E1724.24389
G1 X99.539 Y75.781 E1724.26272
G0 F4800 X114.36 Y90.335
G1 F1800 X115.34 Y91.194 E1724.30606
G1 X116.093 Y92.335 E1724.35153
G0 F4800 X99.539 Y75.781
G1 F1800 X113.917 Y90.158 E1725.0278
G0 F4800 X116.093 Y92.335
G1 F1800 X135.72 Y111.961 E1725.95097
G0 F4800 X113.917 Y90.158
G1 F1800 X113.206 Y89.875 E1725.97642
G1 X113.04 Y89.846 E1725.98203
G1 X98.974 Y75.781 E1726.64363
G1 X98.408 Y75.781 E1726.66245
G1 X112.359 Y89.732 E1727.31866
G1 X111.772 Y89.711 E1727.3382
G1 X97.842 Y75.781 E1727.99343
G1 X97.277 Y75.781 E1728.01222
G1 X111.29 Y89.794 E1728.67135
G1 X110.809 Y89.878 E1728.68759
G1 X96.711 Y75.781 E1729.35069
G1 X96.145 Y75.781 E1729.36951
G1 X110.36 Y89.996 E1730.03814
G1 X109.999 Y90.2 E1730.05194
G1 X95.58 Y75.781 E1730.73016
G1 X95.014 Y75.781 E1730.74899
G1 X109.638 Y90.404 E1731.43683
G1 X109.297 Y90.629 E1731.45042
G1 X94.448 Y75.781 E1732.14885
G1 X93.883 Y75.781 E1732.16764
G1 X109.011 Y90.909 E1732.87921
G1 X108.725 Y91.189 E1732.89253
G1 X93.317 Y75.781 E1733.61727
G1 X92.751 Y75.781 E1733.6361
G1 X108.44 Y91.47 E1734.37406
G1 X108.228 Y91.823 E1734.38775
G1 X92.186 Y75.781 E1735.14232
G1 X91.62 Y75.781 E1735.16115
G1 X108.022 Y92.183 E1735.93265
G1 X107.83 Y92.557 E1735.94663
G1 X91.054 Y75.781 E1736.73572
G1 X90.488 Y75.781 E1736.75455
G1 X107.697 Y92.989 E1737.56398
G1 X107.565 Y93.423 E1737.57907
G1 X89.923 Y75.781 E1738.40889
G1 X89.357 Y75.781 E1738.42772
G1 X107.532 Y93.955 E1739.28259
G1 X107.532 Y94.521 E1739.30142
G1 X88.791 Y75.781 E1740.18291
G1 X88.36 Y75.781 E1740.19725
G1 X88.3 Y75.855 E1740.20042
G1 X107.629 Y95.184 E1741.10959
G1 X107.877 Y95.998 E1741.1379
G0 F4800 X109.545 Y97.299
G0 X135.72 Y111.961
G1 F1800 X135.72 Y112.527 E1741.15672
G1 X116.342 Y93.149 E1742.0682
G1 X116.482 Y93.854 E1742.09211
G1 X135.72 Y113.093 E1742.99703
G1 X135.72 Y113.658 E1743.01582
G1 X116.478 Y94.416 E1743.92091
G1 X116.405 Y94.909 E1743.93748
G1 X135.72 Y114.224 E1744.846
G1 X135.72 Y114.79 E1744.86483
G1 X116.333 Y95.403 E1745.77673
G1 X116.175 Y95.81 E1745.79125
G1 X135.72 Y115.355 E1746.71059
G1 X135.72 Y115.921 E1746.72941
G1 X115.985 Y96.186 E1747.65769
G1 X115.794 Y96.56 E1747.67166
G1 X135.72 Y116.487 E1748.60894
G1 X135.72 Y117.052 E1748.62773
G1 X115.564 Y96.896 E1749.57581
G1 X115.304 Y97.202 E1749.58916
G1 X135.72 Y117.618 E1750.54947
G1 X135.72 Y118.184 E1750.56829
G1 X115.032 Y97.496 E1751.54139
G1 X114.703 Y97.732 E1751.55486
G1 X135.72 Y118.749 E1752.54343
G1 X135.72 Y119.315 E1752.56226
G1 X114.373 Y97.968 E1753.56636
G1 X114.034 Y98.195 E1753.57993
G1 X135.72 Y119.881 E1754.59997
G1 X135.72 Y120.446 E1754.61876
G1 X131.633 Y116.359 E1754.811
G1 X131.882 Y116.705 E1754.82518
G1 X132.003 Y117.295 E1754.84521
G1 X135.72 Y121.012 E1755.02005
G1 X135.72 Y121.578 E1755.03887
G1 X132.111 Y117.969 E1755.20863
G1 X132.06 Y118.484 E1755.22584
G1 X135.72 Y122.144 E1755.398
G1 X135.72 Y122.709 E1755.41679
G1 X131.946 Y118.935 E1755.59431
G1 X131.804 Y119.359 E1755.60918
G1 X135.72 Y123.275 E1755.79338
G1 X135.72 Y123.841 E1755.8122
G1 X131.549 Y119.67 E1756.00839
G1 X131.295 Y119.981 E1756.02175
G1 X135.72 Y124.406 E1756.22989
G1 X135.72 Y124.972 E1756.24871
G1 X131.04 Y120.292 E1756.46884
G1 X130.688 Y120.506 E1756.48254
G1 X135.72 Y125.538 E1756.71923
G1 X135.72 Y126.103 E1756.73803
G1 X130.317 Y120.7 E1756.99217
G1 X129.898 Y120.847 E1757.00694
G1 X135.72 Y126.669 E1757.28078
G1 X135.72 Y127.235 E1757.29961
G1 X129.42 Y120.935 E1757.59594
G1 X128.819 Y120.899 E1757.61597
G1 X135.72 Y127.8 E1757.94057
G1 X135.72 Y128.366 E1757.9594
G1 X128.093 Y120.739 E1758.31815
G1 X127.992 Y120.706 E1758.32168
G1 X127.262 Y120.305 E1758.34938
G1 X126.881 Y119.852 E1758.36907
G1 X126.88 Y120.092 E1758.37705
G0 F4800 X126.75 Y118.526
G0 X126.75 Y117.392
G0 X127.107 Y116.604
G0 X127.546 Y116.105
G0 X128.3 Y115.669
G0 X130.602 Y115.328
G1 F1800 X113.63 Y98.356 E1759.17536
G0 F4800 X130.651 Y115.377
G1 F1800 X130.739 Y115.466 E1759.17953
G0 F4800 X113.63 Y98.356
G1 F1800 X113.225 Y98.518 E1759.19403
G1 X129.767 Y115.059 E1759.97209
G1 X129.573 Y114.997 E1759.97887
G1 X129.169 Y115.026 E1759.99234
G1 X112.744 Y98.602 E1760.7649
G1 X112.26 Y98.683 E1760.78122
G1 X128.643 Y115.066 E1761.55183
G1 X128.148 Y115.137 E1761.56846
G1 X111.684 Y98.673 E1762.34287
G1 X110.995 Y98.55 E1762.36615
G1 X125.771 Y113.326 E1763.06117
G1 X125.263 Y113.126 E1763.07933
G1 X125.004 Y113.125 E1763.08794
G0 F4800 X126.718 Y114.273
G1 F1800 X127.79 Y115.345 E1763.13837
G1 X127.431 Y115.552 E1763.15215
G1 X126.88 Y115.001 E1763.17807
G1 X126.88 Y115.567 E1763.19689
G1 X127.134 Y115.821 E1763.20884
G1 X126.88 Y116.07 E1763.22067
G0 F4800 X126.346 Y114.549
G0 X107.877 Y95.998
G1 F1800 X88.28 Y76.401 E1764.14245
G0 F4800 X110.147 Y98.268
G1 F1800 X125.004 Y113.125 E1764.84128
G0 F4800 X110.12 Y98.257
G1 F1800 X110.099 Y98.289 E1764.84255
G1 X109.208 Y97.707 E1764.87795
G1 X108.528 Y97.041 E1764.90961
G1 X107.916 Y96.126 E1764.94622
G1 X107.877 Y95.998 E1764.95067
G0 F4800 X88.28 Y76.401
G1 F1800 X88.28 Y76.966 E1764.96946
G1 X124.439 Y113.125 E1766.67027
G1 X123.873 Y113.125 E1766.6891
G1 X88.28 Y77.532 E1768.36328
G1 X88.28 Y78.098 E1768.38211
G1 X123.307 Y113.125 E1770.02967
G1 X122.742 Y113.125 E1770.04846
G1 X88.28 Y78.664 E1771.66943
G1 X88.28 Y79.229 E1771.68822
G1 X122.176 Y113.125 E1773.28258
G1 X121.61 Y113.124 E1773.30141
G1 X88.28 Y79.795 E1774.86913
G1 X88.28 Y80.361 E1774.88795
G1 X121.044 Y113.124 E1776.42905
G1 X120.478 Y113.124 E1776.44787
G1 X88.28 Y80.926 E1777.96237
G1 X88.28 Y81.492 E1777.98119
G1 X119.913 Y113.124 E1779.46909
G1 X119.347 Y113.124 E1779.48791
G0 F4800 X125.451 Y113.654
G0 X126.346 Y114.549
G0 X126.88 Y120.092
G1 F1800 X135.72 Y128.932 E1779.90372
G1 X135.72 Y129.497 E1779.92251
G0 F4800 X126.341 Y118.981
G0 X126.346 Y114.549
G0 X125.621 Y113.824
G0 X99.114 Y92.524
G1 F1800 X100.108 Y93.407 E1779.96673
G1 X100.977 Y94.711 E1780.01885
G1 X100.988 Y94.765 E1780.02068
G0 F4800 X125.451 Y113.654
G0 X126.346 Y114.549
G0 X126.341 Y118.866
G0 X131.006 Y124.503
G1 F1800 X131.875 Y125.565 E1780.06632
G1 X131.897 Y125.675 E1780.07006
G0 F4800 X126.34 Y119.058
G0 X126.346 Y114.549
G0 X125.451 Y113.654
G0 X119.347 Y113.124
G1 F1800 X100.988 Y94.765 E1780.93361
G0 F4800 X125.451 Y113.654
G0 X126.346 Y114.549
G0 X126.341 Y119.058
G0 X130.409 Y124.186
G1 F1800 X126.88 Y120.658 E1781.09958
G0 F4800 X126.346 Y114.549
G0 X125.621 Y113.824
G0 X98.517 Y92.294
G1 F1800 X88.28 Y82.058 E1781.58107
G0 F4800 X125.451 Y113.654
G0 X126.346 Y114.549
G0 X126.341 Y119.058
G0 X135.72 Y129.497
G1 F1800 X131.897 Y125.675 E1781.76087
G0 F4800 X126.341 Y119.058
G0 X126.346 Y114.549
G0 X125.621 Y113.824
G0 X100.988 Y94.765
G1 F1800 X101.125 Y95.468 E1781.78469
G0 F4800 X125.451 Y113.654
G0 X126.346 Y114.549
G0 X126.341 Y119.142
G0 X131.897 Y125.675
G1 F1800 X132.042 Y126.385 E1781.80879
G0 F4800 X130.662 Y124.923
G0 X126.339 Y120.608
G0 X126.346 Y114.549
G0 X125.621 Y113.824
G0 X88.28 Y82.058
G1 F1800 X88.28 Y82.623 E1781.82758
G1 X97.691 Y92.034 E1782.27025
G1 X97.004 Y91.913 E1782.29345
G1 X88.28 Y83.189 E1782.7038
G1 X88.28 Y83.755 E1782.72263
G1 X96.447 Y91.922 E1783.10678
G1 X95.964 Y92.004 E1783.12307
G1 X88.28 Y84.32 E1783.4845
G1 X88.28 Y84.886 E1783.50333
G1 X95.481 Y92.087 E1783.84204
G1 X95.056 Y92.227 E1783.85692
G1 X88.28 Y85.452 E1784.17562
G1 X88.28 Y86.017 E1784.19441
G1 X94.696 Y92.433 E1784.4962
G1 X94.336 Y92.639 E1784.51
G1 X88.28 Y86.583 E1784.79485
G1 X88.28 Y87.149 E1784.81368
G1 X94.005 Y92.874 E1785.08297
G1 X93.72 Y93.154 E1785.09626
G1 X88.28 Y87.714 E1785.35214
G1 X88.28 Y88.28 E1785.37096
G1 X93.435 Y93.435 E1785.61344
G1 X93.156 Y93.722 E1785.62675
G1 X88.28 Y88.846 E1785.8561
G1 X88.28 Y89.412 E1785.87493
G1 X92.951 Y94.082 E1786.09461
G1 X92.745 Y94.442 E1786.10841
G1 X88.28 Y89.977 E1786.31843
G1 X88.28 Y90.543 E1786.33725
G1 X92.569 Y94.832 E1786.53899
G1 X92.435 Y95.264 E1786.55404
G1 X88.28 Y91.109 E1786.74948
G1 X88.28 Y91.674 E1786.76827
G1 X92.302 Y95.696 E1786.95745
G1 X92.292 Y95.728 E1786.95857
G1 X92.292 Y96.251 E1786.97596
G1 X88.28 Y92.24 E1787.16465
G1 X88.28 Y92.806 E1787.18348
G1 X92.292 Y96.817 E1787.37216
G1 X92.429 Y97.521 E1787.39602
G1 X88.28 Y93.371 E1787.5912
G1 X88.28 Y93.937 E1787.61002
G0 F4800 X94.305 Y99.499
G0 X116.782 Y113.668
G0 X125.451 Y113.654
G0 X126.346 Y114.549
G0 X126.88 Y120.658
G1 F1800 X126.88 Y121.224 E1787.62885
G1 X129.619 Y123.962 E1787.75766
G1 X129.002 Y123.911 E1787.77825
G1 X126.88 Y121.789 E1787.87806
G1 X126.88 Y122.355 E1787.89689
G1 X128.495 Y123.969 E1787.97283
G1 X128.066 Y124.106 E1787.98781
G1 X126.88 Y122.92 E1788.04359
G1 X126.88 Y123.486 E1788.06242
G1 X127.691 Y124.297 E1788.10057
G1 X127.363 Y124.534 E1788.11403
G1 X126.88 Y124.051 E1788.13674
G1 X126.88 Y124.617 E1788.15557
G1 X127.065 Y124.802 E1788.16427
G0 F4800 X126.346 Y114.549
G0 X125.621 Y113.824
G0 X101.125 Y95.468
G1 F1800 X118.781 Y113.124 E1788.99476
G0 F4800 X125.451 Y113.654
G0 X126.346 Y114.549
G0 X126.339 Y120.682
G0 X129.841 Y124.117
G0 X132.042 Y126.385
G1 F1800 X135.72 Y130.063 E1789.16776
G0 F4800 X130.662 Y124.923
G0 X126.339 Y120.682
G0 X126.346 Y114.549
G0 X125.451 Y113.654
G0 X118.781 Y113.124
G1 F1800 X118.215 Y113.124 E1789.18658
G1 X101.263 Y96.171 E1789.98398
G1 X101.224 Y96.699 E1790.00159
G1 X117.649 Y113.124 E1790.77417
G1 X117.083 Y113.124 E1790.79299
G1 X101.152 Y97.192 E1791.54236
G1 X101.078 Y97.684 E1791.55891
G1 X116.518 Y113.124 E1792.28516
G1 X115.952 Y113.124 E1792.30398
G1 X100.906 Y98.077 E1793.01173
G1 X100.713 Y98.45 E1793.02569
G1 X115.386 Y113.124 E1793.71589
G1 X114.82 Y113.123 E1793.73472
G1 X100.52 Y98.823 E1794.40734
G1 X100.28 Y99.149 E1794.42081
G1 X114.254 Y113.123 E1795.0781
G1 X113.689 Y113.123 E1795.09689
G1 X100.02 Y99.455 E1795.73982
G1 X99.735 Y99.735 E1795.75311
G1 X113.123 Y113.123 E1796.38284
G1 X112.557 Y113.123 E1796.40166
G1 X99.405 Y99.971 E1797.02029
G1 X99.075 Y100.206 E1797.03377
G1 X111.991 Y113.122 E1797.6413
G1 X111.425 Y113.122 E1797.66012
G1 X98.726 Y100.423 E1798.25744
G1 X98.318 Y100.581 E1798.272
G1 X110.859 Y113.122 E1798.86189
G1 X110.294 Y113.122 E1798.88068
G1 X97.901 Y100.729 E1799.46361
G1 X97.419 Y100.813 E1799.47988
G1 X109.728 Y113.122 E1800.05886
G1 X109.162 Y113.122 E1800.07768
G1 X96.937 Y100.896 E1800.65273
G1 X96.328 Y100.853 E1800.67304
G1 X108.596 Y113.122 E1801.25011
G1 X108.03 Y113.122 E1801.26894
G1 X95.64 Y100.731 E1801.85175
G1 X95.555 Y100.715 E1801.85462
G1 X94.759 Y100.416 E1801.88291
G0 F4800 X125.451 Y113.654
G0 X126.346 Y114.549
G0 X126.342 Y123.275
G0 X129.904 Y124.522
G0 X130.586 Y124.883
G0 X135.72 Y130.063
G1 F1800 X135.72 Y130.629 E1801.90173
G1 X132.111 Y127.02 E1802.07149
G1 X132.03 Y127.504 E1802.08781
G1 X135.72 Y131.194 E1802.26137
G1 X135.72 Y131.76 E1802.2802
G1 X131.916 Y127.956 E1802.45913
G1 X131.736 Y128.342 E1802.47329
G1 X135.72 Y132.326 E1802.66069
G1 X135.72 Y132.892 E1802.67951
G1 X131.482 Y128.653 E1802.87888
G1 X131.227 Y128.964 E1802.89226
G1 X135.72 Y133.457 E1803.10359
G1 X135.72 Y134.023 E1803.12242
G1 X130.959 Y129.262 E1803.34636
G1 X130.588 Y129.457 E1803.3603
G1 X135.72 Y134.589 E1803.6017
G1 X135.72 Y135.154 E1803.62049
G1 X130.217 Y129.652 E1803.87931
G1 X129.769 Y129.769 E1803.89471
G1 X135.72 Y135.72 E1804.17463
G1 X135.72 Y136.286 E1804.19345
G1 X129.291 Y129.857 E1804.49585
G1 X128.647 Y129.779 E1804.51743
G1 X135.72 Y136.851 E1804.8501
G1 X135.72 Y137.417 E1804.86892
G1 X127.805 Y129.502 E1805.24122
G1 X127.263 Y129.209 E1805.26171
G1 X126.88 Y128.752 E1805.28154
G1 X126.88 Y129.142 E1805.29451
G1 X135.72 Y137.983 E1805.71034
G1 X135.72 Y138.548 E1805.72914
G1 X126.757 Y129.585 E1806.15073
G1 X126.579 Y129.973 E1806.16493
G1 X135.72 Y139.114 E1806.59489
G1 X135.72 Y139.68 E1806.61372
G1 X126.296 Y130.255 E1807.05702
G1 X126.012 Y130.538 E1807.07035
G1 X135.72 Y140.245 E1807.52696
G1 X135.72 Y140.811 E1807.54579
G1 X125.669 Y130.76 E1808.01856
G1 X125.219 Y130.876 E1808.03401
G1 X135.72 Y141.377 E1808.52795
G1 X135.72 Y141.942 E1808.54674
G1 X124.654 Y130.876 E1809.06725
G1 X124.088 Y130.876 E1809.08607
G1 X135.72 Y142.508 E1809.63321
G1 X135.72 Y143.074 E1809.65203
G1 X123.522 Y130.876 E1810.22579
G1 X122.957 Y130.876 E1810.24458
G1 X135.72 Y143.64 E1810.84494
G1 X135.72 Y144.205 E1810.86373
G1 X122.391 Y130.876 E1811.49069
G1 X121.825 Y130.876 E1811.50951
G1 X135.72 Y144.771 E1812.16309
G1 X135.72 Y145.337 E1812.18191
G1 X121.26 Y130.876 E1812.86209
G1 X120.694 Y130.876 E1812.88092
G1 X135.72 Y145.902 E1813.58769
G1 X135.72 Y146.468 E1813.60652
G1 X120.128 Y130.876 E1814.33992
G1 X119.563 Y130.876 E1814.35871
G1 X135.72 Y147.034 E1815.11871
G1 X135.72 Y147.599 E1815.1375
G1 X118.997 Y130.876 E1815.9241
G1 X118.432 Y130.877 E1815.94289
G1 X135.704 Y148.149 E1816.75531
G1 X135.616 Y148.219 E1816.75905
G1 X135.209 Y148.219 E1816.77259
G1 X117.866 Y130.877 E1817.58833
G1 X117.301 Y130.877 E1817.60712
G1 X134.643 Y148.219 E1818.42284
G1 X134.077 Y148.219 E1818.44166
G1 X116.735 Y130.877 E1819.25738
G1 X116.169 Y130.877 E1819.2762
G1 X133.512 Y148.219 E1820.09194
G1 X132.946 Y148.219 E1820.11076
G1 X115.603 Y130.877 E1820.9265
G1 X115.038 Y130.877 E1820.94529
G1 X132.38 Y148.219 E1821.76101
G1 X131.815 Y148.219 E1821.7798
G1 X114.472 Y130.877 E1822.59554
G1 X113.906 Y130.877 E1822.61436
G1 X131.249 Y148.219 E1823.4301
G1 X130.683 Y148.219 E1823.44893
G1 X113.341 Y130.877 E1824.26464
G1 X112.775 Y130.877 E1824.28347
G1 X130.118 Y148.219 E1825.09921
G1 X129.552 Y148.219 E1825.11803
G1 X112.209 Y130.877 E1825.93377
G1 X111.644 Y130.878 E1825.95256
G1 X128.986 Y148.219 E1826.76825
G1 X128.42 Y148.219 E1826.78708
G1 X111.079 Y130.878 E1827.60274
G1 X110.513 Y130.878 E1827.62157
G1 X127.855 Y148.219 E1828.43726
G1 X127.289 Y148.219 E1828.45609
G1 X109.947 Y130.878 E1829.27178
G1 X109.382 Y130.878 E1829.29057
G1 X126.723 Y148.219 E1830.10624
G1 X126.158 Y148.219 E1830.12503
G1 X108.816 Y130.878 E1830.94072
G1 X108.25 Y130.878 E1830.95954
G1 X125.592 Y148.219 E1831.77524
G1 X125.026 Y148.219 E1831.79406
G1 X107.685 Y130.878 E1832.60973
G1 X107.119 Y130.878 E1832.62855
G1 X124.461 Y148.219 E1833.44424
G1 X123.895 Y148.219 E1833.46307
G1 X106.553 Y130.878 E1834.27876
G1 X105.988 Y130.878 E1834.29755
G1 X123.329 Y148.219 E1835.11322
G1 X122.764 Y148.219 E1835.13201
G1 X105.422 Y130.878 E1835.9477
G1 X104.857 Y130.878 E1835.96649
G1 X122.198 Y148.219 E1836.78216
G1 X121.632 Y148.219 E1836.80099
G1 X104.291 Y130.878 E1837.61665
G1 X103.725 Y130.878 E1837.63548
G1 X121.067 Y148.219 E1838.45117
G1 X120.501 Y148.219 E1838.47
G1 X103.16 Y130.878 E1839.28566
G1 X102.594 Y130.878 E1839.30449
G1 X119.935 Y148.219 E1840.12016
G1 X119.37 Y148.219 E1840.13895
G1 X102.028 Y130.878 E1840.95464
G1 X101.463 Y130.878 E1840.97343
G1 X118.804 Y148.219 E1841.7891
G1 X118.238 Y148.219 E1841.80792
G1 X100.897 Y130.878 E1842.62359
G1 X100.331 Y130.878 E1842.64242
G1 X117.672 Y148.219 E1843.45808
G1 X117.107 Y148.219 E1843.47688
G1 X99.766 Y130.878 E1844.29254
G1 X99.2 Y130.878 E1844.31137
G1 X116.541 Y148.219 E1845.12704
G1 X115.975 Y148.219 E1845.14586
G1 X98.542 Y130.786 E1845.96586
G1 X98.043 Y130.596 E1845.98362
G1 X97.507 Y130.06 E1846.00883
G1 X97.324 Y129.743 E1846.021
G1 X97.148 Y129.958 E1846.03024
G1 X115.41 Y148.219 E1846.88921
G1 X114.844 Y148.219 E1846.90803
G1 X96.893 Y130.268 E1847.75239
G1 X96.61 Y130.551 E1847.7657
G1 X114.278 Y148.219 E1848.59675
G1 X113.713 Y148.219 E1848.61555
G1 X96.237 Y130.744 E1849.43754
G1 X95.865 Y130.937 E1849.45148
G1 X113.147 Y148.219 E1850.26437
G1 X112.581 Y148.219 E1850.2832
G1 X95.402 Y131.04 E1851.09124
G1 X94.904 Y131.107 E1851.10796
G1 X112.016 Y148.219 E1851.91285
G1 X111.45 Y148.219 E1851.93168
G1 X94.26 Y131.03 E1852.74022
G1 X93.912 Y130.987 E1852.75188
G1 X93.335 Y130.671 E1852.77376
G0 F4800 X92.45 Y128.686
G0 X88.28 Y93.937
G1 F1800 X92.681 Y98.338 E1852.98077
G0 F4800 X94.759 Y100.416
G1 F1800 X107.465 Y113.122 E1853.57842
G1 X106.899 Y113.122 E1853.59725
G0 F4800 X94.734 Y100.406
G1 F1800 X93.965 Y99.912 E1853.62765
G1 X93.303 Y99.261 E1853.65853
G1 X92.681 Y98.338 E1853.69555
G0 F4800 X106.899 Y113.122
G1 F1800 X88.28 Y94.503 E1854.57133
G1 X88.28 Y95.068 E1854.59012
G1 X106.333 Y113.122 E1855.4393
G1 X105.768 Y113.122 E1855.45809
G1 X88.28 Y95.634 E1856.28068
G1 X88.28 Y96.2 E1856.2995
G1 X105.201 Y113.121 E1857.09541
G1 X104.636 Y113.121 E1857.1142
G1 X88.28 Y96.765 E1857.88354
G1 X88.28 Y97.331 E1857.90237
G1 X104.07 Y113.121 E1858.64508
G1 X103.504 Y113.121 E1858.6639
G1 X88.28 Y97.897 E1859.37999
G1 X88.28 Y98.462 E1859.39879
G1 X102.938 Y113.121 E1860.08828
G1 X102.373 Y113.121 E1860.10707
G1 X88.28 Y99.028 E1860.76996
G1 X88.28 Y99.594 E1860.78879
G1 X101.806 Y113.12 E1861.42501
G1 X101.241 Y113.12 E1861.4438
G1 X88.28 Y100.16 E1862.05342
G1 X88.28 Y100.725 E1862.07221
G1 X100.675 Y113.12 E1862.65524
G1 X100.109 Y113.12 E1862.67406
G1 X88.28 Y101.291 E1863.23046
G1 X88.28 Y101.857 E1863.24929
G1 X99.544 Y113.12 E1863.77909
G1 X98.978 Y113.12 E1863.79791
G1 X88.28 Y102.422 E1864.30111
G1 X88.28 Y102.988 E1864.31994
G1 X98.492 Y113.2 E1864.80028
G1 X98.091 Y113.365 E1864.8147
G1 X88.28 Y103.554 E1865.27618
G1 X88.28 Y104.119 E1865.29497
G1 X97.806 Y113.645 E1865.74305
G1 X97.521 Y113.926 E1865.75636
G1 X88.28 Y104.685 E1866.19103
G1 X88.28 Y105.251 E1866.20985
G1 X97.301 Y114.271 E1866.63415
G1 X97.12 Y114.657 E1866.64833
G1 X88.28 Y105.816 E1867.06416
G1 X88.28 Y106.382 E1867.08298
G1 X97.12 Y115.222 E1867.49879
G1 X97.12 Y115.788 E1867.51762
G1 X88.28 Y106.948 E1867.93342
G1 X88.28 Y107.513 E1867.95222
G1 X97.12 Y116.354 E1868.36805
G1 X97.12 Y116.919 E1868.38684
G1 X88.28 Y108.079 E1868.80264
G1 X88.28 Y108.645 E1868.82147
G1 X97.12 Y117.485 E1869.23728
G1 X97.12 Y118.051 E1869.2561
G1 X88.28 Y109.211 E1869.67191
G1 X88.28 Y109.776 E1869.6907
G1 X97.12 Y118.616 E1870.10651
G1 X97.12 Y119.182 E1870.12533
G1 X88.28 Y110.342 E1870.54114
G1 X88.28 Y110.908 E1870.55996
G1 X97.12 Y119.748 E1870.97577
G1 X97.12 Y120.314 E1870.99459
G1 X88.28 Y111.473 E1871.41042
G1 X88.28 Y112.039 E1871.42925
G1 X97.12 Y120.879 E1871.84506
G1 X97.12 Y121.445 E1871.86388
G1 X88.28 Y112.605 E1872.27969
G1 X88.28 Y113.17 E1872.29848
G1 X97.12 Y122.011 E1872.71431
G1 X97.12 Y122.576 E1872.7331
G1 X88.28 Y113.736 E1873.14891
G1 X88.28 Y114.302 E1873.16773
G1 X97.12 Y123.142 E1873.58354
G1 X97.12 Y123.708 E1873.60237
G1 X88.28 Y114.867 E1874.0182
G1 X88.28 Y115.433 E1874.03702
G1 X97.12 Y124.273 E1874.45283
G1 X97.12 Y124.839 E1874.47165
G1 X88.28 Y115.999 E1874.88746
G1 X88.28 Y116.564 E1874.90625
G1 X97.12 Y125.405 E1875.32208
G1 X97.12 Y125.97 E1875.34087
G1 X88.28 Y117.13 E1875.75668
G1 X88.28 Y117.696 E1875.7755
G1 X95.964 Y125.379 E1876.13691
G1 X95.211 Y125.161 E1876.16299
G1 X95.182 Y125.164 E1876.16396
G1 X88.28 Y118.261 E1876.48863
G1 X88.28 Y118.827 E1876.50745
G1 X94.656 Y125.203 E1876.80736
G1 X94.131 Y125.243 E1876.82487
G1 X88.28 Y119.393 E1877.10006
G1 X88.28 Y119.959 E1877.11889
G1 X93.703 Y125.381 E1877.37395
G1 X93.344 Y125.589 E1877.38775
G1 X88.28 Y120.524 E1877.62596
G1 X88.28 Y121.09 E1877.64479
G1 X92.985 Y125.795 E1877.8661
G1 X92.707 Y126.083 E1877.87941
G1 X88.28 Y121.656 E1878.08764
G1 X88.28 Y122.221 E1878.10644
G1 X92.437 Y126.378 E1878.30197
G1 X92.247 Y126.584 E1878.31129
G1 X92.232 Y126.739 E1878.31647
G1 X88.28 Y122.787 E1878.50236
G1 X88.28 Y123.353 E1878.52118
G1 X92.054 Y127.126 E1878.69868
G1 X91.916 Y127.554 E1878.71363
G1 X88.28 Y123.918 E1878.88466
G1 X88.28 Y124.484 E1878.90349
G1 X91.916 Y128.12 E1879.07451
G1 X91.916 Y128.686 E1879.09334
G1 X88.28 Y125.05 E1879.26436
G1 X88.28 Y125.615 E1879.28316
G1 X92.212 Y129.547 E1879.46811
G0 F4800 X93.335 Y130.671
G1 F1800 X110.884 Y148.219 E1880.29353
G0 F4800 X92.958 Y130.463
G1 F1800 X92.226 Y129.588 E1880.33148
G1 X92.212 Y129.547 E1880.33292
G0 F4800 X110.884 Y148.219
G1 F1800 X110.319 Y148.219 E1880.35171
G1 X88.28 Y126.181 E1881.38833
G1 X88.28 Y126.747 E1881.40716
G1 X109.753 Y148.219 E1882.41716
G1 X109.187 Y148.219 E1882.43598
G1 X88.28 Y127.312 E1883.41939
G1 X88.28 Y127.878 E1883.43821
G1 X108.622 Y148.219 E1884.39501
G1 X108.056 Y148.219 E1884.41384
G1 X88.28 Y128.444 E1885.34402
G1 X88.28 Y129.01 E1885.36284
G1 X107.49 Y148.219 E1886.2664
G1 X106.924 Y148.219 E1886.28522
G1 X88.28 Y129.575 E1887.16218
G1 X88.28 Y130.141 E1887.181
G1 X106.359 Y148.219 E1888.03136
G1 X105.793 Y148.219 E1888.05019
G1 X88.28 Y130.707 E1888.87392
G1 X88.28 Y131.272 E1888.89271
G1 X105.227 Y148.219 E1889.68985
G1 X104.662 Y148.219 E1889.70864
G1 X88.28 Y131.838 E1890.47918
G1 X88.28 Y132.404 E1890.498
G1 X104.096 Y148.219 E1891.24191
G1 X103.53 Y148.219 E1891.26074
G1 X88.28 Y132.969 E1891.97805
G1 X88.28 Y133.535 E1891.99688
G1 X102.965 Y148.219 E1892.68759
G1 X102.399 Y148.219 E1892.70642
G1 X88.28 Y134.101 E1893.37051
G1 X88.28 Y134.666 E1893.3893
G1 X101.833 Y148.219 E1894.02679
G1 X101.268 Y148.219 E1894.04558
G1 X88.28 Y135.232 E1894.65648
G1 X88.28 Y135.798 E1894.6753
G1 X100.702 Y148.219 E1895.25957
G1 X100.136 Y148.219 E1895.27839
G1 X88.28 Y136.363 E1895.83606
G1 X88.28 Y136.929 E1895.85489
G1 X99.571 Y148.219 E1896.38596
G1 X99.005 Y148.219 E1896.40479
G1 X88.28 Y137.495 E1896.90923
G1 X88.28 Y138.06 E1896.92803
G1 X98.439 Y148.219 E1897.40587
G1 X97.873 Y148.219 E1897.4247
G1 X88.28 Y138.626 E1897.87592
G1 X88.28 Y139.192 E1897.89475
G1 X97.308 Y148.219 E1898.31938
G1 X96.742 Y148.219 E1898.3382
G1 X88.28 Y139.758 E1898.7362
G1 X88.28 Y140.323 E1898.755
G1 X96.176 Y148.219 E1899.1264
G1 X95.611 Y148.219 E1899.14519
G1 X88.28 Y140.889 E1899.49
G1 X88.28 Y141.455 E1899.50882
G1 X95.045 Y148.219 E1899.827
G1 X94.479 Y148.219 E1899.84583
G1 X88.28 Y142.02 E1900.13741
G1 X88.28 Y142.586 E1900.15623
G1 X93.914 Y148.219 E1900.42122
G1 X93.348 Y148.219 E1900.44004
G1 X88.28 Y143.152 E1900.6784
G1 X88.28 Y143.717 E1900.69719
G1 X92.782 Y148.219 E1900.90895
G1 X92.217 Y148.219 E1900.92775
G1 X88.28 Y144.283 E1901.11291
G1 X88.28 Y144.849 E1901.13173
G1 X91.651 Y148.219 E1901.29027
G1 X91.085 Y148.219 E1901.3091
G1 X88.28 Y145.414 E1901.44103
G1 X88.28 Y145.98 E1901.45986
G1 X90.52 Y148.219 E1901.5652
G1 X89.954 Y148.219 E1901.58402
G1 X88.28 Y146.546 E1901.66274
G1 X88.28 Y147.111 E1901.68153
G1 X89.388 Y148.219 E1901.73365
G1 X88.823 Y148.219 E1901.75244
G0 F4800 X88.28 Y147.677
G1 F1800 X88.823 Y148.219 E1901.77796
G1 X88.382 Y148.22 E1901.79263
G1 X88.28 Y148.138 E1901.79698
G0 F4800 X125.451 Y130.346
G0 X126.346 Y129.451
G0 X126.88 Y124.969
G1 F1800 X127.065 Y124.802 E1901.80527
;MESH:NONMESH
G0 X127.065 Y124.802 Z1.6
G0 F4800 X126.346 Y114.549
G0 X125.451 Y113.654
G0 X98.306 Y100.68
;TIME_ELAPSED:2290.721425
;LAYER:7
;TYPE:WALL-INNER
;MESH:I2C_LED_BTN-Body.stl
G1 F2400 X96.778 Y100.951 E1901.85688
G1 X95.229 Y100.684 E1901.90916
G1 X93.929 Y99.95 E1901.95882
G1 X92.916 Y98.837 E1902.00887
G1 X92.445 Y97.703 E1902.04971
G1 X92.272 Y96.847 E1902.07876
G1 X92.272 Y95.948 E1902.10866
G1 X92.446 Y95.087 E1902.13788
G1 X92.787 Y94.272 E1902.16726
G1 X93.389 Y93.371 E1902.2033
G1 X94.152 Y92.72 E1902.23666
G1 X95.218 Y92.113 E1902.27746
G1 X96.767 Y91.845 E1902.32975
G1 X98.293 Y92.121 E1902.38132
G1 X99.417 Y92.756 E1902.42426
G1 X100.338 Y93.646 E1902.46686
G1 X100.903 Y94.624 E1902.50443
G1 X101.196 Y95.585 E1902.53784
G1 X101.242 Y96.871 E1902.58064
G1 X101.019 Y97.987 E1902.61849
G1 X100.324 Y99.159 E1902.66381
G1 X99.406 Y100.044 E1902.70623
G1 X98.306 Y100.68 E1902.74849
G0 F4800 X98.168 Y100.299
G1 F2400 X96.77 Y100.546 E1902.7957
G1 X95.348 Y100.292 E1902.84375
G1 X94.178 Y99.631 E1902.88844
G1 X93.259 Y98.621 E1902.93386
G1 X92.83 Y97.588 E1902.97106
G1 X92.672 Y96.808 E1902.99753
G1 X92.672 Y95.987 E1903.02484
G1 X92.83 Y95.205 E1903.05138
G1 X93.142 Y94.46 E1903.07824
G1 X93.689 Y93.641 E1903.111
G1 X94.384 Y93.048 E1903.14138
G1 X95.337 Y92.505 E1903.17786
G1 X96.762 Y92.251 E1903.22601
G1 X98.154 Y92.5 E1903.27304
G1 X99.172 Y93.076 E1903.31194
G1 X100.004 Y93.881 E1903.35045
G1 X100.532 Y94.78 E1903.38512
G1 X100.798 Y95.639 E1903.41503
G1 X100.842 Y96.83 E1903.45467
G1 X100.629 Y97.862 E1903.48972
G1 X100.017 Y98.895 E1903.52966
G1 X99.178 Y99.715 E1903.56868
G1 X98.168 Y100.299 E1903.60748
G0 F4800 X98.041 Y99.911
G1 F2400 X96.754 Y100.139 E1903.65095
G1 X95.488 Y99.912 E1903.69373
G1 X94.433 Y99.317 E1903.73402
G1 X93.601 Y98.402 E1903.77515
G1 X93.214 Y97.473 E1903.80862
G1 X93.072 Y96.768 E1903.83254
G1 X93.072 Y96.026 E1903.85722
G1 X93.214 Y95.325 E1903.88101
G1 X93.497 Y94.65 E1903.90535
G1 X93.991 Y93.909 E1903.93497
G1 X94.616 Y93.376 E1903.96229
G1 X95.506 Y92.875 E1903.99626
G1 X96.777 Y92.661 E1904.03913
G1 X98.019 Y92.881 E1904.08108
G1 X98.93 Y93.397 E1904.11591
G1 X99.699 Y94.14 E1904.15147
G1 X100.164 Y94.943 E1904.18233
G1 X100.4 Y95.711 E1904.20906
G1 X100.441 Y96.794 E1904.2451
G1 X100.257 Y97.695 E1904.27569
G1 X99.698 Y98.65 E1904.31249
G1 X98.942 Y99.384 E1904.34754
G1 X98.041 Y99.911 E1904.38226
G1 F1500 E1894.38226
G1 F1800 Z1.7
G0 F4800 X112 Y98.749 Z1.7
G1 F1800 Z1.6
G1 F1500 E1904.38226
G1 F2400 X110.451 Y98.474 E1904.43458
G1 X109.163 Y97.744 E1904.48382
G1 X108.155 Y96.638 E1904.5336
G1 X107.681 Y95.482 E1904.57515
G1 X107.514 Y94.66 E1904.60305
G1 X107.512 Y93.743 E1904.63355
G1 X107.696 Y92.863 E1904.66345
G1 X108.036 Y92.06 E1904.69245
G1 X108.628 Y91.171 E1904.72798
G1 X109.393 Y90.527 E1904.76124
G1 X110.471 Y89.91 E1904.80255
G1 X112.002 Y89.652 E1904.85419
G1 X113.515 Y89.91 E1904.90524
G1 X114.66 Y90.559 E1904.94901
G1 X115.581 Y91.448 E1904.99159
G1 X116.148 Y92.442 E1905.02965
G1 X116.432 Y93.38 E1905.06225
G1 X116.484 Y94.645 E1905.10436
G1 X116.259 Y95.784 E1905.14297
G1 X115.572 Y96.953 E1905.18807
G1 X114.641 Y97.853 E1905.23114
G1 X113.542 Y98.475 E1905.27314
G1 X112 Y98.749 E1905.32523
G0 F4800 X111.999 Y98.345
G1 F2400 X110.599 Y98.095 E1905.37253
G1 X109.429 Y97.436 E1905.41719
G1 X108.492 Y96.406 E1905.46351
G1 X108.066 Y95.37 E1905.50076
G1 X107.913 Y94.614 E1905.52642
G1 X107.912 Y93.787 E1905.55392
G1 X108.069 Y93.013 E1905.58019
G1 X108.385 Y92.258 E1905.60741
G1 X108.928 Y91.441 E1905.64004
G1 X109.624 Y90.854 E1905.67032
G1 X110.592 Y90.3 E1905.70742
G1 X112.001 Y90.056 E1905.75498
G1 X113.383 Y90.293 E1905.80162
G1 X114.403 Y90.872 E1905.84063
G1 X115.241 Y91.673 E1905.87918
G1 X115.778 Y92.599 E1905.91479
G1 X116.04 Y93.458 E1905.94466
G1 X116.083 Y94.619 E1905.9833
G1 X115.87 Y95.661 E1906.01867
G1 X115.236 Y96.721 E1906.05975
G1 X114.4 Y97.53 E1906.09845
G1 X113.406 Y98.095 E1906.13647
G1 X111.999 Y98.345 E1906.184
G0 F4800 X111.999 Y97.939
G1 F2400 X110.731 Y97.714 E1906.22684
G1 X109.679 Y97.119 E1906.26703
G1 X108.837 Y96.195 E1906.30861
G1 X108.461 Y95.282 E1906.34145
G1 X108.312 Y94.571 E1906.36562
G1 X108.315 Y93.823 E1906.39049
G1 X108.454 Y93.125 E1906.41417
G1 X108.728 Y92.473 E1906.43769
G1 X109.236 Y91.705 E1906.46831
G1 X109.854 Y91.181 E1906.49526
G1 X110.728 Y90.681 E1906.52875
G1 X112 Y90.461 E1906.57169
G1 X113.254 Y90.677 E1906.61401
G1 X114.171 Y91.199 E1906.64911
G1 X114.932 Y91.932 E1906.68425
G1 X115.394 Y92.729 E1906.71489
G1 X115.641 Y93.518 E1906.74239
G1 X115.682 Y94.587 E1906.77797
G1 X115.496 Y95.506 E1906.80915
G1 X114.927 Y96.464 E1906.84621
G1 X114.165 Y97.202 E1906.8815
G1 X113.274 Y97.714 E1906.91567
G1 X111.999 Y97.939 E1906.95874
G1 F1500 E1896.95874
G1 F1800 Z1.7
G0 F4800 X125.704 Y100.682 Z1.7
G1 F1800 Z1.6
G1 F1500 E1906.95874
G1 F2400 X124.406 Y99.942 E1907.00843
G1 X123.391 Y98.826 E1907.05861
G1 X122.921 Y97.691 E1907.09946
G1 X122.759 Y96.848 E1907.12802
G1 X122.751 Y95.965 E1907.15739
G1 X122.93 Y95.075 E1907.18758
G1 X123.29 Y94.236 E1907.21795
G1 X123.891 Y93.351 E1907.25353
G1 X124.636 Y92.719 E1907.28602
G1 X125.699 Y92.118 E1907.32664
G1 X127.257 Y91.847 E1907.37923
G1 X128.793 Y92.126 E1907.43116
G1 X129.887 Y92.746 E1907.47298
G1 X130.819 Y93.645 E1907.51605
G1 X131.379 Y94.612 E1907.55322
G1 X131.677 Y95.576 E1907.58678
G1 X131.724 Y96.856 E1907.62938
G1 X131.497 Y97.989 E1907.66781
G1 X130.811 Y99.153 E1907.71275
G1 X129.889 Y100.047 E1907.75546
G1 X128.78 Y100.683 E1907.79798
G1 X127.245 Y100.949 E1907.8498
G1 X125.704 Y100.682 E1907.90182
G0 F4800 X125.861 Y100.304
G1 F2400 X124.652 Y99.625 E1907.94794
G1 X123.734 Y98.61 E1907.99345
G1 X123.307 Y97.578 E1908.0306
G1 X123.157 Y96.807 E1908.05672
G1 X123.151 Y95.988 E1908.08397
G1 X123.314 Y95.197 E1908.11083
G1 X123.625 Y94.464 E1908.13731
G1 X124.159 Y93.653 E1908.16961
G1 X124.868 Y93.046 E1908.20065
G1 X125.834 Y92.5 E1908.23756
G1 X127.251 Y92.253 E1908.2854
G1 X128.65 Y92.505 E1908.33268
G1 X129.643 Y93.068 E1908.37064
G1 X130.499 Y93.892 E1908.41016
G1 X131.012 Y94.779 E1908.44424
G1 X131.279 Y95.641 E1908.47425
G1 X131.323 Y96.823 E1908.5136
G1 X131.118 Y97.846 E1908.5483
G1 X130.494 Y98.903 E1908.58912
G1 X129.646 Y99.726 E1908.62843
G1 X128.66 Y100.29 E1908.66621
G1 X127.241 Y100.544 E1908.71415
G1 X125.861 Y100.304 E1908.76074
G0 F4800 X125.99 Y99.92
G1 F2400 X124.908 Y99.311 E1908.80204
G1 X124.079 Y98.4 E1908.843
G1 X123.694 Y97.471 E1908.87645
G1 X123.555 Y96.766 E1908.90035
G1 X123.552 Y96.027 E1908.92493
G1 X123.697 Y95.318 E1908.949
G1 X123.978 Y94.653 E1908.97301
G1 X124.467 Y93.914 E1909.00248
G1 X125.099 Y93.377 E1909.03007
G1 X125.978 Y92.876 E1909.06372
G1 X127.247 Y92.659 E1909.10654
G1 X128.495 Y92.882 E1909.14871
G1 X129.398 Y93.393 E1909.18321
G1 X130.181 Y94.14 E1909.21921
G1 X130.642 Y94.938 E1909.24986
G1 X130.881 Y95.708 E1909.27668
G1 X130.922 Y96.79 E1909.31269
G1 X130.741 Y97.697 E1909.34345
G1 X130.175 Y98.656 E1909.38049
G1 X129.399 Y99.401 E1909.41627
G1 X128.503 Y99.915 E1909.45062
G1 X127.246 Y100.139 E1909.49309
G1 X125.99 Y99.92 E1909.5355
G1 F1500 E1899.5355
G1 F1800 Z1.7
G0 F4800 X126.554 Y117.414 Z1.7
G1 F1800 Z1.6
G1 F1500 E1909.5355
G1 F2400 X126.535 Y118.097 E1909.56322
G0 F4800 X126.862 Y118.136
G0 X127.289 Y118.853
G0 X128.227 Y119.961
G1 F2400 X127.679 Y119.618 E1909.58472
G1 X127.148 Y118.92 E1909.61389
G1 X126.956 Y117.992 E1909.64541
G1 X127.05 Y117.321 E1909.66795
G1 X127.32 Y116.738 E1909.68932
G1 X127.788 Y116.248 E1909.71185
G1 X128.457 Y115.862 E1909.73754
G1 X129.521 Y115.788 E1909.77302
G1 X130.14 Y116.004 E1909.79482
G1 X130.639 Y116.343 E1909.81489
G1 X131.115 Y116.973 E1909.84115
G1 X131.332 Y117.643 E1909.86457
G1 X131.295 Y118.506 E1909.8933
G1 X130.979 Y119.204 E1909.91879
G1 X130.568 Y119.649 E1909.93893
G1 X130.002 Y119.997 E1909.96103
G1 X129.473 Y120.147 E1909.97932
G1 X128.774 Y120.137 E1910.00257
G1 X128.227 Y119.961 E1910.02168
G1 F1500 E1900.02168
G1 F1800 Z1.7
G0 F4800 X126.554 Y126.314 Z1.7
G1 F1800 Z1.6
G1 F1500 E1910.02168
G1 F2400 X126.535 Y126.997 E1910.04941
G0 F4800 X126.862 Y127.036
G0 X127.208 Y127.616
G0 X128.162 Y128.835
G1 F2400 X127.656 Y128.481 E1910.06995
G1 X127.148 Y127.822 E1910.09762
G1 X126.956 Y126.892 E1910.12921
G1 X127.05 Y126.221 E1910.15174
G1 X127.337 Y125.6 E1910.1745
G1 X128.114 Y124.912 E1910.20902
G1 X128.748 Y124.706 E1910.23119
G1 X129.536 Y124.696 E1910.2574
G1 X130.12 Y124.895 E1910.27792
G1 X130.631 Y125.232 E1910.29828
G1 X131.115 Y125.873 E1910.32499
G1 X131.332 Y126.543 E1910.34842
G1 X131.295 Y127.406 E1910.37715
G1 X130.98 Y128.102 E1910.40256
G1 X130.593 Y128.53 E1910.42175
G1 X129.992 Y128.906 E1910.44533
G1 X129.462 Y129.049 E1910.46359
G1 X128.764 Y129.042 E1910.4868
G1 X128.162 Y128.835 E1910.50798
G1 F1500 E1900.50798
G1 F1800 Z1.7
G0 F4800 X112 Y148.2 Z1.7
G1 F1800 Z1.6
G1 F1500 E1910.50798
G1 F2400 X135.609 Y148.2 E1911.29321
G1 X135.7 Y148.127 E1911.29709
G1 X135.7 Y75.889 E1913.69974
G1 X135.628 Y75.8 E1913.70355
G1 X88.37 Y75.8 E1915.27535
G1 X88.3 Y75.888 E1915.27909
G1 X88.3 Y148.128 E1917.68181
G1 X88.389 Y148.2 E1917.68561
G1 X112 Y148.2 E1918.47092
G0 F4800 X112 Y148.6
G1 F2400 X135.749 Y148.6 E1919.26081
G1 X136.1 Y148.319 E1919.27577
G1 X136.1 Y75.748 E1921.68949
G1 X135.82 Y75.4 E1921.70435
G1 X88.178 Y75.4 E1923.28893
G1 X87.9 Y75.747 E1923.30371
G1 X87.9 Y148.32 E1925.7175
G1 X88.248 Y148.6 E1925.73236
G1 X112 Y148.6 E1926.52235
G0 F4800 X112 Y149
G1 F2400 X135.889 Y149 E1927.3169
G1 X136.5 Y148.511 E1927.34293
G1 X136.5 Y75.608 E1929.7677
G1 X136.012 Y75 E1929.79363
G1 X87.985 Y75 E1931.39101
G1 X87.5 Y75.607 E1931.41685
G1 X87.5 Y148.512 E1933.84168
G1 X88.108 Y149 E1933.86761
G1 X112 Y149 E1934.66226
G1 F1500 E1924.66226
G1 F1800 Z1.7
G0 F4800 X112 Y148.4 Z1.7
G0 X95.69 Y130.167
G1 F1800 Z1.6
G1 F1500 E1934.66226
G1 F2400 X95.146 Y130.31 E1934.68097
G1 X94.453 Y130.3 E1934.70402
G1 X93.854 Y130.091 E1934.72513
G1 X93.359 Y129.751 E1934.7451
G1 X92.848 Y129.081 E1934.77312
G1 X92.643 Y128.085 E1934.80695
G1 X92.712 Y127.563 E1934.82446
G1 X93.02 Y126.895 E1934.84892
G1 X93.431 Y126.44 E1934.86932
G1 X94.166 Y126.022 E1934.89744
G1 X95.158 Y125.947 E1934.93053
G1 X95.769 Y126.135 E1934.95179
G1 X96.32 Y126.477 E1934.97336
G1 X96.842 Y127.167 E1935.00214
G1 X97.028 Y127.888 E1935.0269
G1 X96.991 Y128.675 E1935.05311
G1 X96.69 Y129.34 E1935.07739
G1 X96.311 Y129.781 E1935.09673
G1 X95.69 Y130.167 E1935.12105
G0 F4800 X95.919 Y130.188
G0 X97.132 Y128.353
G0 X97.443 Y128.706
G1 F2400 X97.464 Y127.888 E1935.15459
G1 X97.442 Y127.583 E1935.16715
G1 F1500 E1925.16715
G0 F4800 X97.076 Y127.556
G0 X97.228 Y128.25
G0 X98.514 Y130.314
G0 X112 Y130.896
G1 F1500 E1935.16715
G1 F2400 X98.805 Y130.897 E1935.60602
G1 X98.124 Y130.706 E1935.62954
G1 X97.286 Y129.868 E1935.66896
G1 X96.851 Y130.381 E1935.69133
G1 X96.018 Y130.907 E1935.7241
G1 X95.249 Y131.116 E1935.7506
G1 X94.335 Y131.094 E1935.78101
G1 X93.544 Y130.837 E1935.80867
G1 X92.825 Y130.37 E1935.83719
G1 X92.1 Y129.417 E1935.87701
G1 X91.837 Y128.136 E1935.92051
G1 X91.932 Y127.346 E1935.94697
G1 X92.348 Y126.441 E1935.9801
G1 X92.943 Y125.799 E1936.00922
G1 X93.736 Y125.341 E1936.03967
G1 X94.23 Y125.216 E1936.05662
G1 X95.204 Y125.142 E1936.08911
G1 X96.026 Y125.378 E1936.11756
G1 X96.692 Y125.767 E1936.14321
G1 X97.1 Y126.183 E1936.16259
G1 X97.1 Y114.619 E1936.54721
G1 X97.432 Y113.986 E1936.57098
G1 X98.062 Y113.368 E1936.60033
G1 X98.385 Y113.197 E1936.61249
G1 X98.9 Y113.1 E1936.62992
G1 X125.205 Y113.099 E1937.50483
G1 X125.614 Y113.197 E1937.51882
G1 X125.976 Y113.395 E1937.53254
G1 X126.506 Y113.926 E1937.55749
G1 X126.787 Y114.345 E1937.57427
G1 X126.9 Y114.76 E1937.58858
G1 X126.9 Y116.001 E1937.62985
G1 X127.388 Y115.555 E1937.65184
G1 X128.212 Y115.08 E1937.68348
G1 X129.57 Y114.977 E1937.72877
G1 X130.446 Y115.256 E1937.75935
G1 X131.177 Y115.727 E1937.78827
G1 X131.81 Y116.564 E1937.82318
G1 X132.137 Y117.522 E1937.85685
G1 X132.088 Y118.693 E1937.89583
G1 X131.655 Y119.651 E1937.9308
G1 X131.067 Y120.284 E1937.95953
G1 X130.304 Y120.746 E1937.9892
G1 X129.583 Y120.955 E1938.01417
G1 X128.709 Y120.942 E1938.04324
G1 X127.97 Y120.718 E1938.06892
G1 X127.302 Y120.324 E1938.09472
G1 X126.901 Y119.916 E1938.11374
G1 X126.9 Y124.92 E1938.28018
G1 X127.491 Y124.395 E1938.30647
G1 X127.961 Y124.121 E1938.32456
G1 X128.687 Y123.902 E1938.34979
G1 X129.641 Y123.888 E1938.38152
G1 X130.53 Y124.193 E1938.41278
G1 X131.199 Y124.656 E1938.43984
G1 X131.809 Y125.464 E1938.47351
G1 X132.137 Y126.421 E1938.50716
G1 X132.088 Y127.593 E1938.54617
G1 X131.655 Y128.55 E1938.58111
G1 X131.069 Y129.183 E1938.6098
G1 X130.336 Y129.633 E1938.63841
G1 X129.584 Y129.855 E1938.66449
G1 X128.644 Y129.841 E1938.69576
G1 X127.862 Y129.582 E1938.72315
G1 X127.302 Y129.225 E1938.74524
G1 X126.901 Y128.816 E1938.76429
G1 X126.87 Y129.398 E1938.78368
G1 X126.568 Y130.006 E1938.80626
G1 X126.007 Y130.568 E1938.83267
G1 X125.681 Y130.775 E1938.84551
G1 X125.23 Y130.895 E1938.86104
G1 X112 Y130.896 E1939.30107
G0 F4800 X112 Y130.497
G1 F2400 X98.832 Y130.498 E1939.73904
G1 X98.573 Y130.446 E1939.74782
G1 X98.239 Y130.252 E1939.76067
G1 X97.735 Y129.751 E1939.78431
G1 X97.565 Y129.456 E1939.79563
G1 X97.439 Y128.682 E1939.82354
G1 X97.005 Y129.582 E1939.8591
G1 X96.569 Y130.095 E1939.88149
G1 X95.865 Y130.529 E1939.909
G1 X95.209 Y130.715 E1939.93168
G1 X94.4 Y130.697 E1939.95859
G1 X93.715 Y130.472 E1939.98257
G1 X93.098 Y130.069 E1940.00708
G1 X92.474 Y129.251 E1940.0413
G1 X92.24 Y128.11 E1940.08004
G1 X92.323 Y127.451 E1940.10213
G1 X92.683 Y126.671 E1940.1307
G1 X93.185 Y126.12 E1940.1555
G1 X94.035 Y125.631 E1940.18811
G1 X95.183 Y125.545 E1940.2264
G1 X95.898 Y125.756 E1940.2512
G1 X96.589 Y126.17 E1940.27799
G1 X97.091 Y126.832 E1940.30562
G1 X97.442 Y127.583 E1940.33719
G1 X97.5 Y127.111 E1940.3553
G1 X97.5 Y114.805 E1940.7646
G1 X97.663 Y114.321 E1940.78159
G1 X98.284 Y113.7 E1940.8108
G1 X98.791 Y113.505 E1940.82886
G1 X125.172 Y113.499 E1941.7063
G1 X125.725 Y113.71 E1941.72599
G1 X126.382 Y114.367 E1941.75689
G1 X126.5 Y114.8 E1941.77182
G1 X126.5 Y116.558 E1941.83029
G1 X126.512 Y117.113 E1941.8493
G1 X126.554 Y117.414 E1941.86108
G1 X126.919 Y116.649 E1941.89308
G1 X127.421 Y115.997 E1941.92045
G1 X128.334 Y115.471 E1941.95549
G1 X129.565 Y115.378 E1941.99655
G1 X130.316 Y115.645 E1942.02306
G1 X130.9 Y116.025 E1942.04624
G1 X131.463 Y116.768 E1942.07724
G1 X131.734 Y117.584 E1942.10584
G1 X131.69 Y118.604 E1942.1398
G1 X131.319 Y119.425 E1942.16976
G1 X130.82 Y119.967 E1942.19427
G1 X130.112 Y120.396 E1942.2218
G1 X129.484 Y120.554 E1942.24334
G1 X128.755 Y120.543 E1942.26759
G1 X128.098 Y120.34 E1942.29046
G1 X127.406 Y119.92 E1942.31738
G1 X126.912 Y119.27 E1942.34454
G1 X126.728 Y118.866 E1942.3593
G1 X126.535 Y118.097 E1942.38791
G1 X126.5 Y118.889 E1942.41652
G1 X126.5 Y125.458 E1942.63501
G1 X126.512 Y126.013 E1942.65403
G1 X126.554 Y126.314 E1942.6658
G1 X126.919 Y125.549 E1942.6978
G1 X127.165 Y125.219 E1942.71149
G1 X127.917 Y124.554 E1942.74488
G1 X128.726 Y124.301 E1942.77307
G1 X129.58 Y124.29 E1942.80148
G1 X130.324 Y124.544 E1942.82762
G1 X130.914 Y124.943 E1942.85131
G1 X131.463 Y125.668 E1942.88156
G1 X131.734 Y126.484 E1942.91016
G1 X131.69 Y127.504 E1942.94412
G1 X131.319 Y128.326 E1942.97411
G1 X130.817 Y128.868 E1942.99868
G1 X130.164 Y129.269 E1943.02417
G1 X129.531 Y129.454 E1943.0461
G1 X128.685 Y129.441 E1943.07425
G1 X127.991 Y129.196 E1943.09872
G1 X127.416 Y128.822 E1943.12154
G1 X126.912 Y128.17 E1943.14895
G1 X126.728 Y127.766 E1943.16371
G1 X126.535 Y126.997 E1943.19232
G1 X126.5 Y127.789 E1943.22093
G1 X126.5 Y129.248 E1943.26946
G1 X126.263 Y129.748 E1943.28786
G1 X125.705 Y130.312 E1943.31425
G1 X125.193 Y130.496 E1943.33235
G1 X112 Y130.497 E1943.77115
G0 F4800 X112 Y130.098
G1 F2400 X98.859 Y130.099 E1944.20822
G1 X98.529 Y129.972 E1944.21998
G1 X98.025 Y129.468 E1944.24369
G1 X97.9 Y129.1 E1944.25661
G1 X97.905 Y114.817 E1944.73167
G1 X98.027 Y114.529 E1944.74207
G1 X98.53 Y114.019 E1944.7659
G1 X98.9 Y113.9 E1944.77882
G1 X125.165 Y113.903 E1945.6524
G1 X125.475 Y114.025 E1945.66348
G1 X125.932 Y114.482 E1945.68498
G1 X126.096 Y114.822 E1945.69753
G1 X126.1 Y129.19 E1946.17541
G1 X125.958 Y129.489 E1946.18642
G1 X125.489 Y129.958 E1946.20848
G1 X125.156 Y130.098 E1946.2205
G1 X112 Y130.098 E1946.65807
G0 F4800 X112 Y129.698
;TYPE:WALL-OUTER
G1 F2400 X98.812 Y129.696 E1947.0967
G1 X98.3 Y129.182 E1947.12083
G1 X98.301 Y114.817 E1947.59861
G1 X98.818 Y114.303 E1947.62286
G1 X125.179 Y114.299 E1948.49963
G1 X125.699 Y114.814 E1948.52397
G1 X125.696 Y129.183 E1949.00189
G1 X125.183 Y129.7 E1949.02611
G1 X112 Y129.698 E1949.46458
G0 F4800 X111.8 Y129.698
G1 F1500 E1939.46458
G0 F4800 X111.8 Y130.41
G0 X125.486 Y130.314
G0 X127.481 Y128.568
G0 X128.334 Y128.473
G1 F1500 E1949.46458
G1 F2400 X127.946 Y128.206 E1949.48025
G1 X127.522 Y127.652 E1949.50345
G1 X127.35 Y126.823 E1949.53161
G1 X127.414 Y126.388 E1949.54623
G1 X127.664 Y125.846 E1949.56609
G1 X128.317 Y125.268 E1949.59509
G1 X128.806 Y125.102 E1949.61227
G1 X129.453 Y125.093 E1949.63379
G1 X129.973 Y125.268 E1949.65204
G1 X130.336 Y125.513 E1949.6666
G1 X130.771 Y126.084 E1949.69048
G1 X130.929 Y126.6 E1949.70843
G1 X130.898 Y127.299 E1949.7317
G1 X130.643 Y127.879 E1949.75277
G1 X130.337 Y128.222 E1949.76806
G1 X129.811 Y128.545 E1949.78859
G1 X129.421 Y128.653 E1949.80205
G1 X128.82 Y128.639 E1949.82204
G1 X128.334 Y128.473 E1949.83913
G0 F4800 X128.17 Y128.36
G1 F1500 E1939.83913
G1 F1800 Z1.7
G0 F4800 X128.33 Y119.574 Z1.7
G1 F1800 Z1.6
G1 F1500 E1949.83913
G1 F2400 X127.932 Y119.29 E1949.85539
G1 X127.522 Y118.751 E1949.87791
G1 X127.35 Y117.923 E1949.90604
G1 X127.414 Y117.488 E1949.92066
G1 X127.658 Y116.958 E1949.94007
G1 X127.988 Y116.594 E1949.95641
G1 X128.57 Y116.258 E1949.97876
G1 X129.443 Y116.192 E1950.00788
G1 X129.964 Y116.364 E1950.02613
G1 X130.345 Y116.621 E1950.04142
G1 X130.771 Y117.184 E1950.0649
G1 X130.929 Y117.7 E1950.08285
G1 X130.898 Y118.399 E1950.10612
G1 X130.643 Y118.979 E1950.12719
G1 X130.328 Y119.329 E1950.14285
G1 X129.806 Y119.647 E1950.16318
G1 X129.419 Y119.751 E1950.17651
G1 X128.836 Y119.742 E1950.1959
G1 X128.33 Y119.574 E1950.21364
G0 F4800 X128.168 Y119.458
G1 F1500 E1940.21364
G1 F1800 Z1.7
G0 F4800 X126.126 Y99.536 Z1.7
G1 F1800 Z1.6
G1 F1500 E1950.21364
G1 F2400 X125.154 Y98.986 E1950.25078
G1 X124.424 Y98.186 E1950.2868
G1 X124.075 Y97.336 E1950.31736
G1 X123.953 Y96.725 E1950.33809
G1 X123.955 Y96.052 E1950.36047
G1 X124.078 Y95.45 E1950.38091
G1 X124.331 Y94.841 E1950.40284
G1 X124.782 Y94.17 E1950.42973
G1 X125.318 Y93.712 E1950.45318
G1 X126.124 Y93.258 E1950.48395
G1 X127.242 Y93.064 E1950.52169
G1 X128.347 Y93.259 E1950.55901
G1 X129.16 Y93.715 E1950.59001
G1 X129.865 Y94.392 E1950.62252
G1 X130.28 Y95.12 E1950.65039
G1 X130.476 Y95.752 E1950.6724
G1 X130.517 Y96.776 E1950.70649
G1 X130.362 Y97.553 E1950.73284
G1 X129.859 Y98.406 E1950.76578
G1 X129.16 Y99.081 E1950.79809
G1 X128.356 Y99.537 E1950.82884
G1 X127.24 Y99.735 E1950.86654
G1 X126.126 Y99.536 E1950.90417
G0 F4800 X125.952 Y99.438
G1 F1500 E1940.90417
G1 F1800 Z1.7
G0 F4800 X112 Y97.535 Z1.7
G1 F1800 Z1.6
G1 F1500 E1950.90417
G1 F2400 X110.875 Y97.333 E1950.94219
G1 X109.917 Y96.789 E1950.97883
G1 X109.182 Y95.977 E1951.01526
G1 X108.841 Y95.158 E1951.04477
G1 X108.715 Y94.544 E1951.06561
G1 X108.715 Y93.852 E1951.08863
G1 X108.839 Y93.245 E1951.10924
G1 X109.088 Y92.648 E1951.13075
G1 X109.527 Y91.987 E1951.15714
G1 X110.084 Y91.508 E1951.18158
G1 X110.867 Y91.063 E1951.21153
G1 X112 Y90.865 E1951.24979
G1 X113.121 Y91.063 E1951.28765
G1 X113.914 Y91.511 E1951.31794
G1 X114.625 Y92.196 E1951.35078
G1 X115.04 Y92.92 E1951.37853
G1 X115.24 Y93.569 E1951.40112
G1 X115.279 Y94.564 E1951.43424
G1 X115.116 Y95.36 E1951.46127
G1 X114.619 Y96.205 E1951.49387
G1 X113.924 Y96.878 E1951.52605
G1 X113.113 Y97.338 E1951.55706
G1 X112 Y97.535 E1951.59465
G0 F4800 X111.804 Y97.5
G1 F1500 E1941.59465
G1 F1800 Z1.7
G0 F4800 X97.878 Y99.536 Z1.7
G1 F1800 Z1.6
G1 F1500 E1951.59465
G1 F2400 X96.759 Y99.735 E1951.63246
G1 X95.648 Y99.537 E1951.66999
G1 X94.688 Y98.998 E1951.70661
G1 X93.947 Y98.185 E1951.74319
G1 X93.595 Y97.336 E1951.77376
G1 X93.474 Y96.739 E1951.79402
G1 X93.475 Y96.052 E1951.81687
G1 X93.607 Y95.422 E1951.83828
G1 X93.861 Y94.825 E1951.85986
G1 X94.293 Y94.176 E1951.88579
G1 X94.86 Y93.698 E1951.91046
G1 X95.619 Y93.267 E1951.93949
G1 X96.76 Y93.064 E1951.97803
G1 X97.864 Y93.258 E1952.01532
G1 X98.671 Y93.709 E1952.04606
G1 X99.371 Y94.38 E1952.07831
G1 X99.8 Y95.12 E1952.10676
G1 X100.004 Y95.794 E1952.13019
G1 X100.04 Y96.745 E1952.16184
G1 X99.876 Y97.56 E1952.18949
G1 X99.379 Y98.403 E1952.22204
G1 X98.688 Y99.075 E1952.2541
G1 X97.878 Y99.536 E1952.28509
G0 F4800 X97.682 Y99.571
G1 F1500 E1942.28509
G1 F1800 Z1.7
G0 F4800 X95.522 Y129.799 Z1.7
G1 F1800 Z1.6
G1 F1500 E1952.28509
G1 F2400 X95.11 Y129.912 E1952.2993
G1 X94.545 Y129.903 E1952.3181
G1 X94.031 Y129.732 E1952.33612
G1 X93.632 Y129.45 E1952.35237
G1 X93.222 Y128.911 E1952.37489
G1 X93.051 Y128.083 E1952.40301
G1 X93.114 Y127.648 E1952.41763
G1 X93.358 Y127.117 E1952.43707
G1 X93.661 Y126.772 E1952.45234
G1 X94.279 Y126.415 E1952.47608
G1 X95.15 Y126.353 E1952.50512
G1 X95.641 Y126.514 E1952.52231
G1 X96.068 Y126.807 E1952.53953
G1 X96.475 Y127.345 E1952.56197
G1 X96.628 Y127.888 E1952.58073
G1 X96.598 Y128.559 E1952.60307
G1 X96.355 Y129.111 E1952.62313
G1 X96.042 Y129.481 E1952.63925
G1 X95.522 Y129.799 E1952.65952
G0 F4800 X95.33 Y129.851
G1 F1500 E1942.65952
G1 F1800 Z1.7
G0 F4800 X112 Y149.4 Z1.7
G1 F1800 Z1.6
G1 F1500 E1952.65952
G1 F2400 X136.029 Y149.4 E1953.45873
G1 X136.9 Y148.703 E1953.49583
G1 X136.9 Y75.467 E1955.93167
G1 X136.204 Y74.6 E1955.96865
G1 X87.793 Y74.6 E1957.57881
G1 X87.1 Y75.467 E1957.61572
G1 X87.1 Y148.704 E1960.0516
G1 X87.967 Y149.4 E1960.08857
G1 X112 Y149.4 E1960.88792
G0 F4800 X112.2 Y149.4
G0 X112.2 Y148.69
G0 X88.472 Y148.028
G0 X88.4 Y76.181
G0 X88.681 Y76.181
;TYPE:SKIN
G1 F1800 X88.681 Y76.499 E1960.89849
G1 X89 Y76.18 E1960.9135
G1 X89.566 Y76.18 E1960.93232
G1 X88.681 Y77.065 E1960.97395
G1 X88.681 Y77.63 E1960.99274
G1 X90.131 Y76.18 E1961.06095
G1 X90.697 Y76.18 E1961.07977
G1 X88.681 Y78.196 E1961.1746
G1 X88.681 Y78.762 E1961.19342
G1 X91.263 Y76.18 E1961.31487
G1 X91.828 Y76.18 E1961.33366
G1 X88.681 Y79.327 E1961.48169
G1 X88.681 Y79.893 E1961.50051
G1 X92.394 Y76.18 E1961.67516
G1 X92.96 Y76.18 E1961.69399
G1 X88.681 Y80.459 E1961.89526
G1 X88.681 Y81.025 E1961.91408
G1 X93.525 Y76.18 E1962.14195
G1 X94.091 Y76.18 E1962.16078
G1 X88.681 Y81.59 E1962.41525
G1 X88.681 Y82.156 E1962.43407
G1 X94.657 Y76.18 E1962.71517
G1 X95.223 Y76.18 E1962.73399
G1 X88.681 Y82.722 E1963.04171
G1 X88.681 Y83.287 E1963.0605
G1 X95.788 Y76.18 E1963.39479
G1 X96.354 Y76.18 E1963.41362
G1 X88.681 Y83.853 E1963.77453
G1 X88.681 Y84.419 E1963.79336
G1 X96.92 Y76.18 E1964.18089
G1 X97.485 Y76.18 E1964.19969
G1 X88.681 Y84.984 E1964.6138
G1 X88.681 Y85.55 E1964.63262
G1 X98.051 Y76.18 E1965.07336
G1 X98.617 Y76.18 E1965.09219
G1 X88.681 Y86.116 E1965.55954
G1 X88.681 Y86.681 E1965.57834
G1 X99.182 Y76.18 E1966.07227
G1 X99.748 Y76.18 E1966.0911
G1 X88.681 Y87.247 E1966.61165
G1 X88.681 Y87.813 E1966.63048
G1 X100.314 Y76.18 E1967.17766
G1 X100.879 Y76.18 E1967.19645
G1 X88.681 Y88.378 E1967.77021
G1 X88.681 Y88.944 E1967.78903
G1 X101.445 Y76.18 E1968.38941
G1 X102.011 Y76.18 E1968.40824
G1 X88.681 Y89.51 E1969.03524
G1 X88.681 Y90.076 E1969.05407
G1 X102.576 Y76.18 E1969.70767
G1 X103.142 Y76.18 E1969.72649
G1 X88.681 Y90.641 E1970.40669
G1 X88.681 Y91.207 E1970.42552
G1 X103.708 Y76.18 E1971.13234
G1 X104.274 Y76.18 E1971.15117
G1 X88.681 Y91.773 E1971.88462
G1 X88.681 Y92.338 E1971.90341
G1 X104.839 Y76.18 E1972.66343
G1 X105.405 Y76.18 E1972.68226
G1 X88.681 Y92.904 E1973.4689
G1 X88.681 Y93.47 E1973.48773
G1 X105.971 Y76.18 E1974.301
G1 X106.536 Y76.18 E1974.31979
G1 X88.681 Y94.035 E1975.15963
G1 X88.681 Y94.601 E1975.17846
G1 X107.102 Y76.18 E1976.04492
G1 X107.668 Y76.18 E1976.06375
G1 X88.681 Y95.167 E1976.95684
G1 X88.681 Y95.732 E1976.97563
G1 X108.233 Y76.18 E1977.8953
G1 X108.799 Y76.18 E1977.91412
G1 X88.681 Y96.298 E1978.86041
G1 X88.681 Y96.864 E1978.87924
G1 X109.365 Y76.18 E1979.85215
G1 X109.93 Y76.18 E1979.87094
G1 X88.681 Y97.429 E1980.87043
G1 X88.681 Y97.995 E1980.88925
G1 F1500 E1970.88925
G1 F1800 Z1.7
G0 F4800 X88.11 Y97.995 Z1.7
G0 X92.451 Y94.094
G1 F1800 Z1.6
G1 F1500 E1980.88925
G1 F1800 X93.101 Y93.116 E1980.92831
G1 X93.932 Y92.409 E1980.9646
G1 X94.712 Y91.964 E1980.99447
G1 F1500 E1970.99447
G1 F1800 Z1.7
G0 F4800 X88.681 Y97.995 Z1.7
G1 F1800 Z1.6
G1 F1500 E1980.99447
G1 F1800 X92.356 Y94.32 E1981.16733
G1 F1500 E1971.16733
G0 F4800 X94.712 Y91.964
G1 F1500 E1981.16733
G1 F1800 X110.496 Y76.18 E1981.90976
G1 F1500 E1971.90976
G1 F1800 Z1.7
G0 F4800 X110.496 Y75.61 Z1.7
G0 X92.356 Y94.32
G1 F1800 Z1.6
G1 F1500 E1981.90976
G1 F1800 X92.081 Y94.977 E1981.93345
G1 X92.034 Y95.208 E1981.94129
G1 X88.681 Y98.561 E1982.099
G1 X88.681 Y99.126 E1982.1178
G1 X91.892 Y95.915 E1982.26883
G1 X91.892 Y96.481 E1982.28766
G1 X88.681 Y99.692 E1982.43869
G1 X88.681 Y100.258 E1982.45752
G1 X91.92 Y97.019 E1982.60987
G1 X92.014 Y97.49 E1982.62585
G1 X88.681 Y100.824 E1982.78264
G1 X88.681 Y101.389 E1982.80143
G1 X92.131 Y97.939 E1982.96371
G1 X92.297 Y98.339 E1982.97812
G1 X88.681 Y101.955 E1983.1482
G1 X88.681 Y102.521 E1983.16703
G1 X92.463 Y98.738 E1983.34494
G1 X92.653 Y99.114 E1983.35896
G1 X88.681 Y103.086 E1983.54579
G1 X88.681 Y103.652 E1983.56461
G1 X92.923 Y99.41 E1983.76414
G1 X93.192 Y99.706 E1983.77745
G1 X88.681 Y104.218 E1983.98965
G1 X88.681 Y104.783 E1984.00845
G1 X93.462 Y100.003 E1984.23331
G1 X93.746 Y100.284 E1984.24659
G1 X88.681 Y105.349 E1984.48484
G1 X88.681 Y105.915 E1984.50366
G1 X94.108 Y100.488 E1984.75893
G1 X94.469 Y100.692 E1984.77272
G1 X88.681 Y106.48 E1985.04497
G1 X88.681 Y107.046 E1985.0638
G1 X94.831 Y100.896 E1985.35307
G1 X95.225 Y101.068 E1985.36737
G1 X88.681 Y107.612 E1985.67518
G1 X88.681 Y108.177 E1985.69397
G1 X95.708 Y101.151 E1986.02448
G1 X96.19 Y101.234 E1986.04075
G1 X88.681 Y108.743 E1986.39395
G1 X88.681 Y109.309 E1986.41277
G1 X96.672 Y101.318 E1986.78864
G1 X96.756 Y101.333 E1986.79148
G1 X97.321 Y101.235 E1986.81055
G1 X88.681 Y109.874 E1987.21693
G1 X88.681 Y110.44 E1987.23576
G0 F4800 X88.4 Y110.44
G0 X88.472 Y75.972
G0 X110.496 Y75.9
G0 X110.496 Y76.18
G1 F1800 X111.062 Y76.18 E1987.25458
G1 X95.573 Y91.669 E1987.98314
G1 X96.258 Y91.55 E1988.00626
G1 X111.627 Y76.18 E1988.72919
G1 X112.193 Y76.18 E1988.74802
G1 X96.889 Y91.484 E1989.46787
G1 X97.369 Y91.57 E1989.48409
G1 X112.759 Y76.18 E1990.20799
G1 X113.324 Y76.18 E1990.22678
G1 X97.849 Y91.655 E1990.95468
G1 X98.329 Y91.741 E1990.9709
G1 X113.89 Y76.18 E1991.70284
G1 X114.456 Y76.18 E1991.72166
G1 X98.714 Y91.922 E1992.46212
G1 X99.075 Y92.127 E1992.47593
G1 X115.022 Y76.18 E1993.22603
G1 X115.587 Y76.18 E1993.24482
G1 X99.437 Y92.33 E1994.00446
G1 X99.767 Y92.566 E1994.01796
G1 X116.153 Y76.18 E1994.78871
G1 X116.719 Y76.18 E1994.80753
G1 X100.054 Y92.845 E1995.5914
G1 X100.341 Y93.123 E1995.60469
G1 X117.284 Y76.18 E1996.40164
G1 X117.85 Y76.18 E1996.42046
G1 X100.628 Y93.402 E1997.23053
G1 X100.84 Y93.756 E1997.24426
G1 X118.416 Y76.18 E1998.07098
G1 X118.981 Y76.18 E1998.08977
G1 X101.047 Y94.114 E1998.93333
G1 X101.253 Y94.474 E1998.94713
G1 X119.547 Y76.18 E1999.80762
G1 X120.113 Y76.18 E1999.82644
G1 X101.388 Y94.905 E2000.70721
G1 X101.522 Y95.336 E2000.72222
G1 X120.678 Y76.18 E2001.62326
G1 X121.244 Y76.18 E2001.64209
G1 X101.586 Y95.838 E2002.56674
G1 X101.605 Y96.385 E2002.58494
G1 X121.81 Y76.18 E2003.53533
G1 X122.375 Y76.18 E2003.55412
G1 X101.615 Y96.94 E2004.5306
G1 X101.475 Y97.646 E2004.55454
G1 X122.941 Y76.18 E2005.56424
G0 F4800 X122.941 Y75.9
G0 X88.472 Y75.972
G0 X88.4 Y110.44
G0 X88.681 Y110.44
G1 F1800 X98.004 Y101.118 E2006.00274
G1 F1500 E1996.00274
G1 F1800 Z1.7
G0 F4800 X122.941 Y76.18 Z1.7
G1 F1800 Z1.6
G1 F1500 E2006.00274
G1 F1800 X123.507 Y76.18 E2006.02157
G1 F1500 E1996.02157
G1 F1800 Z1.7
G0 F4800 X123.507 Y75.61 Z1.7
G0 X98.004 Y101.118
G1 F1800 Z1.6
G1 F1500 E2006.02157
G1 F1800 X98.437 Y101.043 E2006.03618
G1 X98.928 Y100.759 E2006.05505
G1 F1500 E1996.05505
G1 F1800 Z1.7
G0 F4800 X107.702 Y91.875 Z1.7
G1 F1800 Z1.6
G1 F1500 E2006.05505
G1 F1800 X108.362 Y90.896 E2006.09432
G1 X109.206 Y90.189 E2006.13094
G1 X109.874 Y89.813 E2006.15643
G1 F1500 E1996.15643
G1 F1800 Z1.7
G0 F4800 X123.507 Y76.18 Z1.7
G1 F1800 Z1.6
G1 F1500 E2006.15643
G1 F1800 X109.874 Y89.813 E2006.79769
G1 F1500 E1996.79769
G1 F1800 Z1.7
G0 F4800 X98.928 Y100.759 Z1.7
G1 F1800 Z1.6
G1 F1500 E2006.79769
G1 F1800 X88.681 Y111.006 E2007.27967
G1 F1500 E1997.27967
G1 F1800 Z1.7
G0 F4800 X88.11 Y111.006 Z1.7
G0 X101.117 Y98.57
G1 F1800 Z1.6
G1 F1500 E2007.27967
G1 F1800 X107.622 Y92.065 E2007.58565
G1 F1500 E1997.58565
G1 F1800 Z1.7
G0 F4800 X100.636 Y99.386 Z1.7
G1 F1800 Z1.6
G1 F1500 E2007.58565
G1 F1800 X99.636 Y100.349 E2007.63182
G1 X98.928 Y100.759 E2007.65904
G1 F1500 E1997.65904
G1 F1800 Z1.7
G0 F4800 X88.681 Y111.006 Z1.7
G1 F1800 Z1.6
G1 F1500 E2007.65904
G1 F1800 X88.681 Y111.572 E2007.67786
G1 F1500 E1997.67786
G1 F1800 Z1.7
G0 F4800 X88.11 Y111.572 Z1.7
G0 X109.874 Y89.813
G1 F1800 Z1.6
G1 F1500 E2007.67786
G1 F1800 X110.328 Y89.557 E2007.6952
G1 X110.772 Y89.481 E2007.71018
G1 X124.072 Y76.18 E2008.33579
G1 X124.638 Y76.18 E2008.35462
G1 X111.456 Y89.362 E2008.97466
G1 X111.997 Y89.268 E2008.99292
G1 X112.098 Y89.286 E2008.99633
G1 X125.204 Y76.18 E2009.6128
G1 X125.77 Y76.18 E2009.63163
G1 X112.582 Y89.368 E2010.25195
G1 X113.066 Y89.45 E2010.26828
G1 X126.335 Y76.18 E2010.89243
G1 X126.901 Y76.18 E2010.91126
G1 X113.55 Y89.531 E2011.53925
G1 X113.934 Y89.713 E2011.55338
G1 X127.467 Y76.18 E2012.18993
G1 X128.032 Y76.18 E2012.20873
G1 X114.295 Y89.917 E2012.85487
G1 X114.657 Y90.121 E2012.86869
G1 X128.598 Y76.18 E2013.52443
G1 X129.164 Y76.18 E2013.54326
G1 X114.993 Y90.351 E2014.20982
G1 X115.28 Y90.629 E2014.22311
G1 X129.729 Y76.18 E2014.90275
G1 X130.295 Y76.18 E2014.92157
G1 X115.568 Y90.907 E2015.61428
G1 X115.856 Y91.185 E2015.6276
G1 X130.861 Y76.18 E2016.33339
G1 X131.426 Y76.18 E2016.35218
G1 X116.07 Y91.536 E2017.07448
G1 X116.275 Y91.897 E2017.08829
G1 X131.992 Y76.18 E2017.82757
G1 X132.558 Y76.18 E2017.84639
G1 X116.48 Y92.258 E2018.60265
G1 X116.62 Y92.684 E2018.61756
G1 X133.123 Y76.18 E2019.39384
G1 X133.689 Y76.18 E2019.41266
G1 X116.751 Y93.118 E2020.20938
G1 X116.822 Y93.613 E2020.22601
G1 X134.255 Y76.18 E2021.046
G1 X134.821 Y76.18 E2021.06483
G1 X116.844 Y94.156 E2021.91039
G1 X116.865 Y94.67 E2021.9275
G1 X116.858 Y94.708 E2021.92878
G1 X135.32 Y76.247 E2022.79715
G1 X135.32 Y76.812 E2022.81595
G1 X116.721 Y95.411 E2023.69079
G1 X116.621 Y95.923 E2023.70814
G1 X116.398 Y96.3 E2023.72271
G1 X135.32 Y77.378 E2024.61274
G1 X135.32 Y77.944 E2024.63156
G0 F4800 X135.6 Y77.944
G0 X135.528 Y75.972
G0 X88.472 Y75.972
G0 X88.4 Y111.572
G0 X88.681 Y111.572
G1 F1800 X107.282 Y92.971 E2025.5065
G1 X107.146 Y93.673 E2025.53028
G1 X88.681 Y112.137 E2026.39879
G1 X88.681 Y112.703 E2026.41762
G1 X107.132 Y94.252 E2027.2855
G1 X107.154 Y94.796 E2027.30361
G1 X88.681 Y113.269 E2028.17252
G1 X88.681 Y113.834 E2028.19131
G1 X107.249 Y95.266 E2029.06469
G1 X107.366 Y95.715 E2029.08013
G1 X88.681 Y114.4 E2029.95901
G1 X88.681 Y114.966 E2029.97784
G1 X107.531 Y96.116 E2030.86448
G1 X107.695 Y96.517 E2030.87889
G1 X88.681 Y115.531 E2031.77325
G1 X88.681 Y116.097 E2031.79208
G1 X107.88 Y96.898 E2032.69514
G1 X108.149 Y97.195 E2032.70847
G1 X88.681 Y116.663 E2033.62418
G1 X88.681 Y117.228 E2033.64297
G1 X108.418 Y97.492 E2034.57132
G1 X108.687 Y97.788 E2034.58462
G1 X88.681 Y117.794 E2035.52564
G1 X88.681 Y118.36 E2035.54447
G1 X108.965 Y98.076 E2036.49857
G1 X109.329 Y98.278 E2036.51241
G1 X88.681 Y118.925 E2037.48361
G1 X88.681 Y119.491 E2037.50243
G1 X109.692 Y98.48 E2038.49072
G1 X110.056 Y98.682 E2038.50457
G1 X88.681 Y120.057 E2039.50998
G1 X88.681 Y120.623 E2039.52881
G1 X110.446 Y98.858 E2040.55257
G1 X110.927 Y98.943 E2040.56882
G1 X88.681 Y121.188 E2041.61518
G1 X88.681 Y121.754 E2041.634
G1 X111.407 Y99.028 E2042.70296
G1 X111.888 Y99.113 E2042.71921
G1 X98.03 Y112.971 E2043.37105
G1 X98.246 Y112.841 E2043.37943
G1 X98.837 Y112.729 E2043.39944
G1 X112.521 Y99.045 E2044.04309
G1 X113.213 Y98.919 E2044.06649
G1 X99.412 Y112.72 E2044.71564
G1 X99.978 Y112.72 E2044.73447
G1 F1500 E2034.73447
G0 F4800 X96.998 Y114.003
G1 F1500 E2044.73447
G1 F1800 X88.681 Y122.32 E2045.12567
G1 X88.681 Y122.885 E2045.14447
G1 X96.719 Y114.847 E2045.52255
G1 X96.719 Y115.413 E2045.54137
G1 X88.681 Y123.451 E2045.91946
G1 X88.681 Y124.017 E2045.93828
G1 X96.719 Y115.978 E2046.31639
G1 X96.719 Y116.544 E2046.33521
G1 X88.681 Y124.582 E2046.7133
G1 X88.681 Y125.148 E2046.73212
G1 X96.719 Y117.11 E2047.1102
G1 X96.719 Y117.675 E2047.129
G1 X88.681 Y125.714 E2047.5071
G1 X88.681 Y126.279 E2047.52589
G1 X96.719 Y118.241 E2047.90398
G1 X96.719 Y118.807 E2047.9228
G1 X88.681 Y126.845 E2048.30089
G1 X88.681 Y127.411 E2048.31971
G1 X96.719 Y119.372 E2048.69782
G1 X96.719 Y119.938 E2048.71664
G1 X88.681 Y127.976 E2049.09473
G1 X88.681 Y128.542 E2049.11355
G1 X96.719 Y120.504 E2049.49163
G1 X96.719 Y121.069 E2049.51043
G1 F1500 E2039.51043
G0 F4800 X99.165 Y121.069
G0 X99.978 Y115.165
G0 X99.978 Y112.72
G1 F1500 E2049.51043
G1 F1800 X114.104 Y98.593 E2050.17489
G1 X114.865 Y98.164 E2050.20395
G1 X115.865 Y97.199 E2050.25017
G1 F1500 E2040.25017
G1 F1800 Z1.7
G0 F4800 X135.32 Y77.944 Z1.7
G1 F1800 Z1.6
G1 F1500 E2050.25017
G1 F1800 X100.544 Y112.72 E2051.88593
G1 X101.109 Y112.72 E2051.90472
G1 X135.32 Y78.509 E2053.5139
G1 X135.32 Y79.075 E2053.53272
G1 X101.675 Y112.72 E2055.11528
G1 X102.241 Y112.72 E2055.13411
G1 X135.32 Y79.641 E2056.69004
G1 X135.32 Y80.206 E2056.70883
G1 X102.806 Y112.72 E2058.23819
G1 X103.372 Y112.72 E2058.25702
G1 X135.32 Y80.772 E2059.75975
G1 X135.32 Y81.338 E2059.77858
G1 X103.938 Y112.72 E2061.25469
G1 X104.503 Y112.72 E2061.27348
G1 F1500 E2051.27348
G1 F1800 Z1.7
G0 F4800 X122.953 Y94.058 Z1.7
G1 F1800 Z1.6
G1 F1500 E2061.27348
G1 F1800 X123.569 Y93.132 E2061.31047
G1 X124.425 Y92.399 E2061.34796
G1 X125.337 Y91.886 E2061.38276
G1 X135.32 Y81.903 E2061.85233
G1 F1500 E2051.85233
G1 F1800 Z1.7
G0 F4800 X135.89 Y81.903 Z1.7
G0 X104.503 Y112.72
G1 F1800 Z1.6
G1 F1500 E2061.85233
G1 F1800 X122.794 Y94.429 E2062.71268
G1 F1500 E2052.71268
G1 F1800 Z1.7
G0 F4800 X135.32 Y81.903 Z1.7
G1 F1800 Z1.6
G1 F1500 E2062.71268
G1 F1800 X135.32 Y82.469 E2062.73151
G1 X126.129 Y91.659 E2063.1638
G1 X126.815 Y91.54 E2063.18696
G1 X135.32 Y83.035 E2063.58701
G1 X135.32 Y83.601 E2063.60583
G1 X127.426 Y91.494 E2063.97712
G1 X127.907 Y91.579 E2063.99336
G1 X135.32 Y84.166 E2064.34205
G1 X135.32 Y84.732 E2064.36087
G1 X128.389 Y91.663 E2064.68689
G1 X128.87 Y91.748 E2064.70313
G1 X135.32 Y85.298 E2065.00652
G1 X135.32 Y85.863 E2065.02531
G1 X129.24 Y91.943 E2065.3113
G1 X129.601 Y92.147 E2065.32509
G1 X135.32 Y86.429 E2065.59407
G1 X135.32 Y86.995 E2065.6129
G1 X129.963 Y92.352 E2065.86487
G1 X130.282 Y92.598 E2065.87827
G1 X135.32 Y87.56 E2066.11524
G1 X135.32 Y88.126 E2066.13407
G1 X130.569 Y92.876 E2066.35752
G1 X130.857 Y93.154 E2066.37083
G1 X135.32 Y88.692 E2066.58073
G1 X135.32 Y89.257 E2066.59952
G1 X131.139 Y93.439 E2066.79621
G1 X131.346 Y93.796 E2066.80993
G1 X135.32 Y89.823 E2066.99684
G1 X135.32 Y90.389 E2067.01566
G1 X131.554 Y94.155 E2067.1928
G1 X131.75 Y94.525 E2067.20673
G1 X135.32 Y90.954 E2067.37467
G1 X135.32 Y91.52 E2067.3935
G1 X131.884 Y94.956 E2067.55512
G1 X132.018 Y95.388 E2067.57016
G1 X135.32 Y92.086 E2067.72548
G1 X135.32 Y92.651 E2067.74427
G1 X132.07 Y95.901 E2067.89714
G1 X132.09 Y96.447 E2067.91531
G1 X135.32 Y93.217 E2068.06724
G1 X135.32 Y93.783 E2068.08607
G1 X132.078 Y97.024 E2068.23854
G1 X131.936 Y97.733 E2068.26259
G1 X135.32 Y94.349 E2068.42176
G1 X135.32 Y94.914 E2068.44055
G1 F1500 E2058.44055
G1 F1800 Z1.7
G0 F4800 X135.89 Y94.914 Z1.7
G0 X122.794 Y94.429
G1 F1800 Z1.6
G1 F1500 E2068.44055
G1 F1800 X122.568 Y94.956 E2068.45962
G1 X122.501 Y95.288 E2068.47089
G1 X105.069 Y112.72 E2069.29084
G1 X105.635 Y112.72 E2069.30966
G1 X122.372 Y95.983 E2070.09692
G1 X122.372 Y96.548 E2070.11571
G1 X106.2 Y112.72 E2070.87639
G1 X106.766 Y112.72 E2070.89522
G1 X122.415 Y97.071 E2071.6313
G1 X122.506 Y97.545 E2071.64735
G1 X107.332 Y112.72 E2072.36111
G1 X107.897 Y112.72 E2072.37991
G1 X122.631 Y97.986 E2073.07295
G1 X122.797 Y98.386 E2073.08735
G1 X108.463 Y112.72 E2073.76158
G1 X109.029 Y112.72 E2073.7804
G1 X122.962 Y98.786 E2074.43579
G1 X123.178 Y99.136 E2074.44947
G1 X109.594 Y112.72 E2075.08842
G1 X110.16 Y112.72 E2075.10725
G1 X123.437 Y99.443 E2075.73176
G1 X123.707 Y99.739 E2075.74508
G1 X110.726 Y112.72 E2076.35567
G1 X111.292 Y112.72 E2076.37449
G1 X123.977 Y100.034 E2076.97118
G1 X124.274 Y100.303 E2076.98451
G1 X111.857 Y112.72 E2077.56857
G1 X112.423 Y112.72 E2077.58739
G1 X124.634 Y100.509 E2078.16176
G1 X124.994 Y100.715 E2078.17556
G1 X112.989 Y112.72 E2078.74023
G1 X113.554 Y112.72 E2078.75903
G1 X125.354 Y100.92 E2079.31406
G1 X125.762 Y101.077 E2079.3286
G1 X114.12 Y112.72 E2079.87623
G1 X114.686 Y112.72 E2079.89505
G1 X126.245 Y101.161 E2080.43875
G1 X126.727 Y101.244 E2080.45502
G1 X115.251 Y112.72 E2080.99482
G1 X115.817 Y112.72 E2081.01364
G1 X127.209 Y101.328 E2081.54949
G1 X127.242 Y101.333 E2081.5506
G1 X127.88 Y101.223 E2081.57213
G1 X116.383 Y112.72 E2082.11291
G1 X116.948 Y112.72 E2082.13171
G1 F1500 E2072.13171
G0 F4800 X116.948 Y115.165
G0 X99.165 Y121.069
G0 X96.719 Y121.069
G1 F1500 E2082.13171
G1 F1800 X88.681 Y129.108 E2082.50981
G1 X88.681 Y129.673 E2082.5286
G1 F1500 E2072.5286
G1 F1800 Z1.7
G0 F4800 X88.11 Y129.673 Z1.7
G0 X92.027 Y126.228
G1 F1800 Z1.6
G1 F1500 E2082.5286
G1 F1800 X92.715 Y125.49 E2082.56216
G1 X93.069 Y125.286 E2082.57575
G1 F1500 E2072.57575
G1 F1800 Z1.7
G0 F4800 X88.681 Y129.673 Z1.7
G1 F1800 Z1.6
G1 F1500 E2082.57575
G1 F1800 X91.942 Y126.412 E2082.72914
G1 F1500 E2072.72914
G0 F4800 X93.069 Y125.286
G1 F1500 E2082.72914
G1 F1800 X96.719 Y121.635 E2082.90085
G1 X96.719 Y122.201 E2082.91967
G1 X94.047 Y124.873 E2083.04536
G1 X94.184 Y124.838 E2083.05006
G1 X94.686 Y124.8 E2083.0668
G1 X96.719 Y122.766 E2083.16245
G1 X96.719 Y123.332 E2083.18128
G1 X95.28 Y124.772 E2083.24899
G1 X95.721 Y124.896 E2083.26422
G1 X96.719 Y123.898 E2083.31117
G1 X96.719 Y124.464 E2083.32999
G1 X96.162 Y125.021 E2083.35619
G1 X96.542 Y125.207 E2083.37026
G1 X96.719 Y125.029 E2083.37861
G1 X96.719 Y125.336 E2083.38882
G1 F1500 E2073.38882
G0 F4800 X95.279 Y127.305
G0 X94.091 Y127.593
G0 X91.942 Y126.412
G1 F1500 E2083.38882
G1 F1800 X91.561 Y127.242 E2083.4192
G1 X91.545 Y127.375 E2083.42365
G1 X88.681 Y130.239 E2083.55837
G1 X88.681 Y130.805 E2083.57719
G1 X91.47 Y128.016 E2083.70838
G1 X91.529 Y128.523 E2083.72536
G1 X88.681 Y131.371 E2083.85932
G1 X88.681 Y131.936 E2083.87811
G1 X91.625 Y128.993 E2084.01656
G1 X91.722 Y129.461 E2084.03246
G1 X88.681 Y132.502 E2084.1755
G1 X88.681 Y133.068 E2084.19432
G1 X91.928 Y129.821 E2084.34705
G1 X92.173 Y130.142 E2084.36048
G1 X88.681 Y133.633 E2084.52471
G1 X88.681 Y134.199 E2084.54354
G1 X92.417 Y130.463 E2084.71927
G1 X92.702 Y130.743 E2084.73256
G1 X88.681 Y134.765 E2084.92172
G1 X88.681 Y135.33 E2084.94051
G1 X93.046 Y130.965 E2085.14582
G1 X93.39 Y131.187 E2085.15944
G1 X88.681 Y135.896 E2085.38094
G1 X88.681 Y136.462 E2085.39976
G1 X93.818 Y131.325 E2085.64139
G1 X94.247 Y131.462 E2085.65637
G1 X88.681 Y137.027 E2085.91815
G1 X88.681 Y137.593 E2085.93698
G1 X94.79 Y131.484 E2086.22433
G1 X95.363 Y131.477 E2086.24339
G1 X88.681 Y138.159 E2086.55769
G1 X88.681 Y138.724 E2086.57648
G1 X96.135 Y131.271 E2086.92707
G1 X96.986 Y130.755 E2086.96017
G1 X97.309 Y130.42 E2086.97565
G1 X97.429 Y130.542 E2086.98134
G1 X88.681 Y139.29 E2087.39282
G1 X88.681 Y139.856 E2087.41164
G1 X97.711 Y130.826 E2087.83639
G1 X98.064 Y131.039 E2087.8501
G1 X88.681 Y140.422 E2088.29145
G1 X88.681 Y140.987 E2088.31024
G1 X98.457 Y131.211 E2088.77007
G1 X98.957 Y131.276 E2088.78684
G1 X88.681 Y141.553 E2089.27022
G1 X88.681 Y142.119 E2089.28904
G1 X99.523 Y131.276 E2089.79904
G1 X100.089 Y131.276 E2089.81787
G1 X88.681 Y142.684 E2090.35446
G1 X88.681 Y143.25 E2090.37329
G1 X100.655 Y131.276 E2090.93651
G1 X101.22 Y131.276 E2090.9553
G1 X88.681 Y143.816 E2091.54512
G1 X88.681 Y144.381 E2091.56391
G1 X101.786 Y131.276 E2092.18033
G1 X102.352 Y131.276 E2092.19916
G1 X88.681 Y144.947 E2092.8422
G1 X88.681 Y145.513 E2092.86103
G1 X102.917 Y131.276 E2093.53067
G1 X103.483 Y131.276 E2093.54949
G1 X88.681 Y146.078 E2094.24573
G1 X88.681 Y146.644 E2094.26456
G1 X104.049 Y131.276 E2094.98742
G1 X104.615 Y131.276 E2095.00625
G1 X88.681 Y147.21 E2095.75573
G1 X88.681 Y147.775 E2095.77452
G1 X105.181 Y131.276 E2096.55061
G1 X105.746 Y131.276 E2096.5694
G1 X89.202 Y147.82 E2097.34758
G1 X89.768 Y147.82 E2097.36641
G1 X106.312 Y131.276 E2098.14459
G1 X106.878 Y131.276 E2098.16341
G1 X90.334 Y147.82 E2098.94159
G1 X90.899 Y147.82 E2098.96038
G1 X107.443 Y131.276 E2099.73856
G1 X108.009 Y131.276 E2099.75739
G1 X91.465 Y147.82 E2100.53557
G1 X92.031 Y147.82 E2100.55439
G1 X108.575 Y131.276 E2101.33257
G1 X109.141 Y131.276 E2101.3514
G1 X92.596 Y147.82 E2102.1296
G1 X93.162 Y147.82 E2102.14842
G1 X109.707 Y131.275 E2102.92665
G1 X110.273 Y131.275 E2102.94547
G1 X93.728 Y147.82 E2103.7237
G1 X94.293 Y147.82 E2103.74249
G1 X110.838 Y131.275 E2104.52072
G1 X111.404 Y131.275 E2104.53954
G1 X94.859 Y147.82 E2105.31777
G1 X95.425 Y147.82 E2105.33659
G1 X111.97 Y131.275 E2106.11482
G1 X112.535 Y131.275 E2106.13361
G1 X95.99 Y147.82 E2106.91184
G1 X96.556 Y147.82 E2106.93066
G1 X113.101 Y131.275 E2107.70889
G1 X113.667 Y131.275 E2107.72772
G1 X97.122 Y147.82 E2108.50594
G1 X97.688 Y147.82 E2108.52477
G1 X114.232 Y131.275 E2109.30297
G1 X114.799 Y131.274 E2109.32183
G1 X98.253 Y147.82 E2110.1001
G1 X98.819 Y147.82 E2110.11893
G1 X115.364 Y131.274 E2110.89718
G1 X115.93 Y131.274 E2110.916
G1 X99.385 Y147.82 E2111.69425
G1 X99.95 Y147.82 E2111.71304
G1 X116.496 Y131.274 E2112.49132
G1 X117.062 Y131.274 E2112.51014
G1 X100.516 Y147.82 E2113.28841
G1 X101.082 Y147.82 E2113.30724
G1 X117.627 Y131.274 E2114.08549
G1 X118.193 Y131.274 E2114.10431
G1 X101.647 Y147.82 E2114.88259
G1 X102.213 Y147.82 E2114.90141
G1 X118.759 Y131.274 E2115.67969
G1 X119.324 Y131.274 E2115.69848
G1 X102.779 Y147.82 E2116.47673
G1 X103.344 Y147.82 E2116.49552
G1 X119.89 Y131.274 E2117.27379
G1 X120.456 Y131.274 E2117.29262
G1 X103.91 Y147.82 E2118.07089
G1 X104.476 Y147.82 E2118.08972
G1 X121.022 Y131.274 E2118.86799
G1 X121.588 Y131.274 E2118.88681
G1 X105.041 Y147.82 E2119.66511
G1 X105.607 Y147.82 E2119.68394
G1 X122.153 Y131.274 E2120.46221
G1 X122.719 Y131.274 E2120.48103
G1 X106.173 Y147.82 E2121.25931
G1 X106.738 Y147.82 E2121.2781
G1 X123.285 Y131.274 E2122.0564
G1 X123.85 Y131.274 E2122.07519
G1 X107.304 Y147.82 E2122.85346
G1 X107.87 Y147.82 E2122.87229
G1 X124.416 Y131.274 E2123.65056
G1 X124.982 Y131.274 E2123.66938
G1 X108.436 Y147.82 E2124.44766
G1 X109.001 Y147.82 E2124.46645
G1 F1500 E2114.46645
G1 F1800 Z1.7
G0 F4800 X109.001 Y148.39 Z1.7
G0 X116.948 Y112.72
G1 F1800 Z1.6
G1 F1500 E2124.46645
G1 F1800 X128.563 Y101.105 E2125.01278
G1 X128.912 Y101.045 E2125.02456
G1 X129.559 Y100.675 E2125.04935
G1 F1500 E2115.04935
G0 F4800 X131.499 Y98.735
G1 F1500 E2125.04935
G1 F1800 X135.32 Y94.914 E2125.22908
G1 F1500 E2115.22908
G1 F1800 Z1.7
G0 F4800 X135.89 Y94.914 Z1.7
G0 X129.559 Y100.675
G1 F1800 Z1.6
G1 F1500 E2125.22908
G1 F1800 X117.514 Y112.72 E2125.79564
G1 F1500 E2115.79564
G1 F1800 Z1.7
G0 F4800 X131.111 Y99.392 Z1.7
G1 F1800 Z1.6
G1 F1500 E2125.79564
G1 F1800 X130.116 Y100.357 E2125.84174
G1 X129.559 Y100.675 E2125.86307
G1 F1500 E2115.86307
G1 F1800 Z1.7
G0 F4800 X129.983 Y99.176 Z1.7
G0 X117.514 Y112.72
G1 F1800 Z1.6
G1 F1500 E2125.86307
G1 F1800 X118.08 Y112.72 E2125.8819
G1 X135.32 Y95.48 E2126.69282
G1 X135.32 Y96.046 E2126.71164
G1 X118.645 Y112.72 E2127.49596
G1 X119.211 Y112.72 E2127.51478
G1 X135.32 Y96.611 E2128.2725
G1 X135.32 Y97.177 E2128.29133
G1 X119.777 Y112.72 E2129.02242
G1 X120.343 Y112.72 E2129.04125
G1 X135.32 Y97.743 E2129.74572
G1 X135.32 Y98.308 E2129.76451
G1 X120.908 Y112.72 E2130.44241
G1 X121.474 Y112.72 E2130.46123
G1 X135.32 Y98.874 E2131.11251
G1 X135.32 Y99.44 E2131.13133
G1 X122.04 Y112.72 E2131.75598
G1 X122.605 Y112.72 E2131.77477
G1 X135.32 Y100.005 E2132.37285
G1 X135.32 Y100.571 E2132.39167
G1 X123.171 Y112.72 E2132.96313
G1 X123.737 Y112.72 E2132.98195
G1 X135.32 Y101.137 E2133.52678
G1 X135.32 Y101.702 E2133.54557
G1 X124.302 Y112.72 E2134.06382
G1 X124.868 Y112.72 E2134.08265
G1 X135.32 Y102.268 E2134.57428
G1 X135.32 Y102.834 E2134.5931
G1 X125.396 Y112.757 E2135.05988
G1 X125.832 Y112.887 E2135.07501
G1 X135.32 Y103.4 E2135.52127
G1 X135.32 Y103.965 E2135.54006
G1 X126.199 Y113.085 E2135.96906
G1 X126.484 Y113.367 E2135.9824
G1 X135.32 Y104.531 E2136.39802
G1 X135.32 Y105.097 E2136.41684
G1 X126.767 Y113.649 E2136.81913
G1 X127.001 Y113.981 E2136.83264
G1 X135.32 Y105.662 E2137.22394
G1 X135.32 Y106.228 E2137.24276
G1 X127.159 Y114.389 E2137.62663
G1 X127.28 Y114.833 E2137.64193
G1 X135.32 Y106.794 E2138.02009
G1 X135.32 Y107.359 E2138.03888
G1 X127.787 Y114.892 E2138.39321
G1 X128.276 Y114.694 E2138.41076
G1 X128.573 Y114.672 E2138.42066
G1 X135.32 Y107.925 E2138.73802
G1 X135.32 Y108.491 E2138.75685
G1 X129.186 Y114.625 E2139.04537
G1 X129.758 Y114.618 E2139.0644
G1 X135.32 Y109.056 E2139.32602
G1 X135.32 Y109.622 E2139.34484
G1 X130.173 Y114.768 E2139.58692
G1 X130.589 Y114.918 E2139.60162
G1 X135.32 Y110.188 E2139.82413
G1 X135.32 Y110.753 E2139.84292
G1 X130.946 Y115.127 E2140.04866
G1 X131.291 Y115.348 E2140.06229
G1 X135.32 Y111.319 E2140.2518
G1 X135.32 Y111.885 E2140.27063
G1 X131.578 Y115.627 E2140.44664
G1 X131.822 Y115.949 E2140.46008
G1 X135.32 Y112.45 E2140.62464
G1 X135.32 Y113.016 E2140.64346
G1 X132.065 Y116.271 E2140.79657
G1 X132.245 Y116.656 E2140.8107
G1 X135.32 Y113.582 E2140.95532
G1 X135.32 Y114.148 E2140.97414
G1 X132.388 Y117.079 E2141.11203
G1 X132.484 Y117.549 E2141.12799
G1 X135.32 Y114.713 E2141.26138
G1 X135.32 Y115.279 E2141.28021
G1 X132.493 Y118.105 E2141.41316
G1 X132.469 Y118.695 E2141.4328
G1 X135.32 Y115.845 E2141.56688
G1 X135.32 Y116.41 E2141.58567
G1 F1500 E2131.58567
G1 F1800 Z1.7
G0 F4800 X135.89 Y116.41 Z1.7
G0 X127.28 Y120.763
G1 F1800 Z1.6
G1 F1500 E2141.58567
G1 F1800 X127.28 Y121.056 E2141.59541
G1 X127.28 Y121.622 E2141.61424
G1 X127.829 Y121.073 E2141.64006
G1 X128.264 Y121.204 E2141.65517
G1 X127.28 Y122.187 E2141.70143
G1 X127.28 Y122.753 E2141.72026
G1 X128.71 Y121.323 E2141.78752
G1 X129.268 Y121.33 E2141.80608
G1 X127.28 Y123.319 E2141.89962
G1 X127.28 Y123.884 E2141.91841
G1 X129.908 Y121.256 E2142.04202
G1 X130.458 Y121.097 E2142.06106
G1 X130.902 Y120.828 E2142.07833
G1 F1500 E2132.07833
G0 F4800 X132.066 Y119.664
G1 F1500 E2142.07833
G1 F1800 X135.32 Y116.41 E2142.23139
G1 F1500 E2132.23139
G1 F1800 Z1.7
G0 F4800 X135.89 Y116.41 Z1.7
G0 X130.902 Y120.828
G1 F1800 Z1.6
G1 F1500 E2142.23139
G1 F1800 X128.025 Y123.706 E2142.36674
G1 F1500 E2132.36674
G0 F4800 X130.902 Y120.828
G1 F1500 E2142.36674
G1 F1800 X131.293 Y120.591 E2142.38194
G1 X131.974 Y119.868 E2142.41498
G1 F1500 E2132.41498
G1 F1800 Z1.7
G0 F4800 X128.025 Y123.706 Z1.7
G1 F1800 Z1.6
G1 F1500 E2142.41498
G1 F1800 X128.637 Y123.522 E2142.43623
G1 X128.775 Y123.52 E2142.44082
G1 X135.32 Y116.976 E2142.74866
G1 X135.32 Y117.542 E2142.76748
G1 X129.348 Y123.513 E2143.04836
G1 X129.862 Y123.565 E2143.06555
G1 X135.32 Y118.107 E2143.32227
G1 X135.32 Y118.673 E2143.3411
G1 X130.287 Y123.706 E2143.57784
G1 X130.705 Y123.853 E2143.59257
G1 X135.32 Y119.239 E2143.80962
G1 X135.32 Y119.804 E2143.82842
G1 X131.04 Y124.085 E2144.02976
G1 X131.374 Y124.316 E2144.04327
G1 X135.32 Y120.37 E2144.22887
G1 X135.32 Y120.936 E2144.2477
G1 X131.643 Y124.613 E2144.42065
G1 X131.887 Y124.934 E2144.43406
G1 X135.32 Y121.501 E2144.59554
G1 X135.32 Y122.067 E2144.61437
G1 X132.13 Y125.257 E2144.76441
G1 X132.281 Y125.671 E2144.77907
G1 X135.32 Y122.633 E2144.92199
G1 X135.32 Y123.199 E2144.94082
G1 X132.426 Y126.092 E2145.07692
G1 X132.503 Y126.581 E2145.09338
G1 X135.32 Y123.764 E2145.22589
G1 X135.32 Y124.33 E2145.24471
G1 X132.486 Y127.163 E2145.37799
G1 X132.464 Y127.683 E2145.3953
G1 X132.409 Y127.807 E2145.39981
G1 X135.32 Y124.896 E2145.53674
G1 X135.32 Y125.461 E2145.55553
G0 F4800 X135.6 Y125.461
G0 X135.528 Y148.028
G0 X109.001 Y148.1
G0 X109.001 Y147.82
G1 F1800 X125.698 Y131.123 E2146.34091
G1 X126.168 Y130.955 E2146.35751
G1 X126.86 Y130.25 E2146.39036
G0 F4800 X127.206 Y129.616
G1 F1800 X127.551 Y129.835 E2146.40396
G1 X109.567 Y147.82 E2147.24989
G1 X110.133 Y147.82 E2147.26872
G1 X127.947 Y130.006 E2148.10663
G1 X128.364 Y130.154 E2148.12135
G1 X110.698 Y147.82 E2148.9523
G1 X111.264 Y147.82 E2148.97113
G1 X128.861 Y130.223 E2149.79884
G1 X129.416 Y130.234 E2149.8173
G1 X111.83 Y147.82 E2150.64449
G1 X112.395 Y147.82 E2150.66328
G1 X130.124 Y130.091 E2151.4972
G1 X130.495 Y129.98 E2151.51008
G1 X131.284 Y129.497 E2151.54085
G1 X131.421 Y129.36
G1 X135.32 Y125.461 E2151.72425
G1 F1500 E2141.72425
G1 F1800 Z1.7
G0 F4800 X135.89 Y125.461 Z1.7
G0 X131.284 Y129.497
G1 F1800 Z1.6
G1 F1500 E2151.72425
G1 F1800 X112.961 Y147.82 E2152.58611
G1 X113.527 Y147.82 E2152.60493
G1 X135.32 Y126.027 E2153.63001
G1 X135.32 Y126.593 E2153.64883
G1 X114.092 Y147.82 E2154.64731
G1 X114.658 Y147.82 E2154.66613
G1 X135.32 Y127.158 E2155.63801
G1 X135.32 Y127.724 E2155.65684
G1 X115.224 Y147.82 E2156.60209
G1 X115.789 Y147.82 E2156.62088
G1 X135.32 Y128.29 E2157.53954
G1 X135.32 Y128.855 E2157.55833
G1 X116.355 Y147.82 E2158.45039
G1 X116.921 Y147.82 E2158.46921
G1 X135.32 Y129.421 E2159.33464
G1 X135.32 Y129.987 E2159.35347
G1 X117.486 Y147.82 E2160.1923
G1 X118.052 Y147.82 E2160.21113
G1 X135.32 Y130.552 E2161.02336
G1 X135.32 Y131.118 E2161.04219
G1 X118.618 Y147.82 E2161.8278
G1 X119.184 Y147.82 E2161.84662
G1 X135.32 Y131.684 E2162.60561
G1 X135.32 Y132.249 E2162.6244
G1 X119.749 Y147.82 E2163.35681
G1 X120.315 Y147.82 E2163.37564
G1 X135.32 Y132.815 E2164.08143
G1 X135.32 Y133.381 E2164.10025
G1 X120.881 Y147.82 E2164.77942
G1 X121.446 Y147.82 E2164.79821
G1 X135.32 Y133.947 E2165.45078
G1 X135.32 Y134.512 E2165.46957
G1 X122.012 Y147.82 E2166.09554
G1 X122.578 Y147.82 E2166.11436
G1 X135.32 Y135.078 E2166.71371
G1 X135.32 Y135.644 E2166.73253
G1 X123.143 Y147.82 E2167.30528
G1 X123.709 Y147.82 E2167.3241
G1 X135.32 Y136.209 E2167.87025
G1 X135.32 Y136.775 E2167.88907
G1 X124.275 Y147.82 E2168.4086
G1 X124.84 Y147.82 E2168.42739
G1 X135.32 Y137.341 E2168.92031
G1 X135.32 Y137.906 E2168.93911
G1 X125.406 Y147.82 E2169.40543
G1 X125.972 Y147.82 E2169.42425
G1 X135.32 Y138.472 E2169.86396
G1 X135.32 Y139.038 E2169.88278
G1 X126.537 Y147.82 E2170.29588
G1 X127.103 Y147.82 E2170.31471
G1 X135.32 Y139.603 E2170.70121
G1 X135.32 Y140.169 E2170.72004
G1 X127.669 Y147.82 E2171.07992
G1 X128.235 Y147.82 E2171.09874
G1 X135.32 Y140.735 E2171.432
G1 X135.32 Y141.3 E2171.45079
G1 X128.8 Y147.82 E2171.75747
G1 X129.366 Y147.82 E2171.7763
G1 X135.32 Y141.866 E2172.05635
G1 X135.32 Y142.432 E2172.07518
G1 X129.932 Y147.82 E2172.32861
G1 X130.497 Y147.82 E2172.34741
G1 X135.32 Y142.997 E2172.57426
G1 X135.32 Y143.563 E2172.59309
G1 X131.063 Y147.82 E2172.79333
G1 X131.629 Y147.82 E2172.81215
G1 X135.32 Y144.129 E2172.98576
G1 X135.32 Y144.695 E2173.00459
G1 X132.194 Y147.82 E2173.1516
G1 X132.76 Y147.82 E2173.17043
G1 X135.32 Y145.26 E2173.29084
G1 X135.32 Y145.826 E2173.30967
G1 X133.326 Y147.82 E2173.40346
G1 X133.891 Y147.82 E2173.42225
G1 X135.32 Y146.392 E2173.48945
G1 X135.32 Y146.957 E2173.50824
G1 X134.457 Y147.82 E2173.54883
G1 X135.023 Y147.82 E2173.56766
G1 X135.32 Y147.523 E2173.58163
G1 X135.32 Y147.82 E2173.5915
G1 F1500 E2163.5915
G1 F1800 Z1.7
G0 F4800 X135.32 Y148.39 Z1.7
G0 X127.28 Y121.056
G1 F1800 Z1.6
G1 F1500 E2173.5915
G1 F1800 X127.448 Y120.888 E2173.59941
G1 F1500 E2163.59941
G1 F1800 Z1.7
;MESH:NONMESH
G0 F4800 X95.159 Y99.715 Z1.7
;TIME_ELAPSED:2596.549823
;LAYER:8
;MESH:I2C_LED_BTN-Body.stl
G0 X95.159 Y99.715 Z1.9
;TYPE:WALL-OUTER
G1 F1800 Z1.8
G1 F1500 E2173.59941
G1 F2400 X94.794 Y99.53 E2173.61312
G1 X94.175 Y99.07 E2173.63922
G1 X93.656 Y98.411 E2173.66754
G1 X93.394 Y97.955 E2173.68476
G1 X93.171 Y97.272 E2173.70866
G1 X93.075 Y96.755 E2173.7265
G1 X93.079 Y96.034 E2173.7506
G1 X93.165 Y95.51 E2173.76835
G1 X93.403 Y94.845 E2173.79202
G1 X93.663 Y94.383 E2173.81009
G1 X94.103 Y93.827 E2173.83409
G1 X94.657 Y93.336 E2173.8592
G1 X95.159 Y93.081 E2173.87826
G1 X95.159 Y93.519 E2173.89293
G1 X94.853 Y93.701 E2173.90495
G1 X94.331 Y94.163 E2173.92849
G1 X93.847 Y94.826 E2173.95579
G1 X93.49 Y95.772 E2173.98925
G1 X93.472 Y96.795 E2174.02286
G1 X93.776 Y97.9 E2174.06012
G1 X94.301 Y98.598 E2174.08858
G1 X94.843 Y99.081 E2174.11249
G1 X95.159 Y99.277 E2174.12486
G1 X95.159 Y99.715 E2174.1395
G0 F4800 X94.981 Y99.625
G1 F1500 E2164.1395
G0 F4800 X94.393 Y98.975
G0 X95.355 Y98.387
G0 X97.495 Y99.716
G0 X98.36 Y99.716
G1 F1500 E2174.1395
G1 F2400 X98.36 Y99.314 E2174.15277
G1 X99.095 Y98.736 E2174.18356
G1 X99.58 Y98.112 E2174.20951
G1 X99.897 Y97.44 E2174.23373
G1 X100.056 Y96.769 E2174.25587
G1 X100.041 Y95.927 E2174.28275
G1 X99.84 Y95.204 E2174.30684
G1 X99.416 Y94.451 E2174.33486
G1 X99.069 Y94.04 E2174.35262
G1 X98.358 Y93.478 E2174.38284
G1 X98.358 Y93.081 E2174.39594
G1 X98.737 Y93.273 E2174.40993
G1 X99.448 Y93.836 E2174.44055
G1 X99.976 Y94.586 E2174.47197
G1 X100.27 Y95.236 E2174.49617
G1 X100.431 Y95.909 E2174.51931
G1 X100.462 Y96.605 E2174.54271
G1 X100.329 Y97.442 E2174.5716
G1 X99.962 Y98.255 E2174.60201
G1 X99.551 Y98.818 E2174.62572
G1 X99.163 Y99.205 E2174.64431
G1 X98.73 Y99.528 E2174.66246
G1 X98.36 Y99.716 E2174.67626
G0 F4800 X98.36 Y99.516
G1 F1500 E2164.67626
G0 F4800 X99.187 Y100.269
G0 X110.013 Y98.289
G0 X110.399 Y97.515
G1 F1500 E2174.67626
G1 F2400 X110.034 Y97.33 E2174.68997
G1 X109.415 Y96.87 E2174.71607
G1 X108.896 Y96.211 E2174.74439
G1 X108.634 Y95.755 E2174.76162
G1 X108.411 Y95.072 E2174.78552
G1 X108.315 Y94.555 E2174.80335
G1 X108.319 Y93.834 E2174.82746
G1 X108.405 Y93.31 E2174.8452
G1 X108.643 Y92.645 E2174.86887
G1 X108.903 Y92.183 E2174.88695
G1 X109.343 Y91.627 E2174.91094
G1 X109.897 Y91.136 E2174.93606
G1 X110.399 Y90.881 E2174.95511
G1 X110.399 Y91.319 E2174.96979
G1 X110.093 Y91.501 E2174.98181
G1 X109.571 Y91.963 E2175.00534
G1 X109.087 Y92.626 E2175.03264
G1 X108.73 Y93.572 E2175.0661
G1 X108.712 Y94.595 E2175.09971
G1 X109.016 Y95.7 E2175.13697
G1 X109.541 Y96.398 E2175.16544
G1 X110.083 Y96.881 E2175.18934
G1 X110.399 Y97.077 E2175.20171
G1 X110.399 Y97.515 E2175.21635
G0 F4800 X110.221 Y97.425
G1 F1500 E2165.21635
G0 F4800 X109.633 Y96.775
G0 X110.595 Y96.187
G0 X112.735 Y97.516
G0 X113.6 Y97.516
G1 F1500 E2175.21635
G1 F2400 X113.6 Y97.115 E2175.22969
G1 X114.29 Y96.579 E2175.25918
G1 X114.788 Y95.958 E2175.28592
G1 X115.078 Y95.366 E2175.30763
G1 X115.297 Y94.581 E2175.33392
G1 X115.281 Y93.727 E2175.36113
G1 X115.08 Y93.004 E2175.38521
G1 X114.656 Y92.251 E2175.41324
G1 X114.309 Y91.84 E2175.43099
G1 X113.598 Y91.278 E2175.46121
G1 X113.598 Y90.881 E2175.47432
G1 X113.977 Y91.073 E2175.48831
G1 X114.688 Y91.636 E2175.51892
G1 X115.216 Y92.386 E2175.55034
G1 X115.51 Y93.036 E2175.57455
G1 X115.671 Y93.709 E2175.59768
G1 X115.696 Y94.277 E2175.61668
G1 X115.607 Y95.003 E2175.64125
G1 X115.372 Y95.703 E2175.66606
G1 X115.12 Y96.182 E2175.68419
G1 X114.568 Y96.88 E2175.71409
G1 X113.97 Y97.328 E2175.73925
G1 X113.6 Y97.516 E2175.75305
G0 F4800 X113.6 Y97.316
G1 F1500 E2165.75305
G0 F4800 X114.427 Y98.069
G0 X124.82 Y100.273
G0 X125.639 Y99.715
G1 F1500 E2175.75305
G1 F2400 X125.274 Y99.53 E2175.76677
G1 X124.655 Y99.07 E2175.79287
G1 X124.136 Y98.411 E2175.82118
G1 X123.874 Y97.955 E2175.83841
G1 X123.651 Y97.272 E2175.86231
G1 X123.555 Y96.755 E2175.88015
G1 X123.559 Y96.034 E2175.90425
G1 X123.645 Y95.51 E2175.922
G1 X123.883 Y94.845 E2175.94567
G1 X124.143 Y94.383 E2175.96374
G1 X124.583 Y93.827 E2175.98774
G1 X125.137 Y93.336 E2176.01285
G1 X125.639 Y93.081 E2176.03191
G1 X125.639 Y93.519 E2176.04658
G1 X125.333 Y93.701 E2176.0586
G1 X124.811 Y94.163 E2176.08213
G1 X124.327 Y94.826 E2176.10944
G1 X123.97 Y95.772 E2176.1429
G1 X123.952 Y96.795 E2176.1765
G1 X124.256 Y97.9 E2176.21376
G1 X124.781 Y98.598 E2176.24223
G1 X125.323 Y99.081 E2176.26614
G1 X125.639 Y99.277 E2176.27851
G1 X125.639 Y99.715 E2176.29315
G0 F4800 X125.461 Y99.625
G1 F1500 E2166.29315
G0 F4800 X124.873 Y98.975
G0 X125.835 Y98.387
G0 X127.975 Y99.716
G0 X128.84 Y99.716
G1 F1500 E2176.29315
G1 F2400 X128.84 Y99.315 E2176.30648
G1 X129.53 Y98.779 E2176.33598
G1 X130.028 Y98.158 E2176.36272
G1 X130.318 Y97.566 E2176.38443
G1 X130.537 Y96.781 E2176.41072
G1 X130.521 Y95.927 E2176.43792
G1 X130.32 Y95.204 E2176.46201
G1 X129.896 Y94.451 E2176.49003
G1 X129.549 Y94.04 E2176.50779
G1 X128.838 Y93.478 E2176.53801
G1 X128.838 Y93.081 E2176.55111
G1 X129.217 Y93.273 E2176.5651
G1 X129.928 Y93.836 E2176.59572
G1 X130.456 Y94.586 E2176.62714
G1 X130.75 Y95.236 E2176.65134
G1 X130.911 Y95.909 E2176.67447
G1 X130.936 Y96.477 E2176.69348
G1 X130.847 Y97.203 E2176.71805
G1 X130.612 Y97.903 E2176.74285
G1 X130.36 Y98.382 E2176.76099
G1 X129.808 Y99.08 E2176.79088
G1 X129.21 Y99.528 E2176.81604
G1 X128.84 Y99.716 E2176.82985
G0 F4800 X128.84 Y99.516
G1 F1500 E2166.82985
G0 F4800 X129.307 Y100.448
G0 X126.116 Y117.496
G0 X126.095 Y127.172
G0 X128.84 Y147.335
G0 X112 Y148.598
;TYPE:WALL-INNER
G1 F1500 E2176.82985
G1 F2400 X88.303 Y148.6 E2177.65742
G1 X87.905 Y148.252 E2177.67624
G1 X87.904 Y136.177 E2178.10998
G1 X87.903 Y124.102 E2178.54072
G1 X87.902 Y112.027 E2178.96944
G1 X87.902 Y99.952 E2179.39515
G1 X87.901 Y87.877 E2179.81886
G1 X87.9 Y75.802 E2180.23955
G1 X88.245 Y75.405 E2180.25796
G1 X104.079 Y75.403 E2180.81884
G1 X119.913 Y75.402 E2181.38498
G1 X135.747 Y75.4 E2181.95638
G1 X136.1 Y75.801 E2181.97535
G1 X136.099 Y87.877 E2182.39608
G1 X136.098 Y99.953 E2182.81982
G1 X136.097 Y112.029 E2183.24557
G1 X136.097 Y124.105 E2183.67433
G1 X136.096 Y136.181 E2184.1051
G1 X136.095 Y148.257 E2184.53888
G1 X135.692 Y148.595 E2184.55742
G1 X112 Y148.598 E2185.37694
G0 F4800 X112 Y148.998
G1 F2400 X135.868 Y148.997 E2186.20255
G1 X136.497 Y148.482 E2186.23121
G1 X136.498 Y136.34 E2186.66736
G1 X136.498 Y124.198 E2187.10048
G1 X136.499 Y112.056 E2187.53159
G1 X136.499 Y99.914 E2187.95966
G1 X136.5 Y87.772 E2188.38572
G1 X136.5 Y75.63 E2188.80875
G1 X136 Y75.024 E2188.8371
G1 X135.5 Y75 E2188.85475
G1 X127.585 Y75.001 E2189.11932
G1 X119.67 Y75.001 E2189.38652
G1 X111.755 Y75.002 E2189.65635
G1 X103.84 Y75.002 E2189.92882
G1 X95.925 Y75.003 E2190.20392
G1 X88.01 Y75.003 E2190.48165
G1 X87.5 Y75.632 E2190.51
G1 X87.501 Y87.774 E2190.93303
G1 X87.501 Y99.916 E2191.35909
G1 X87.502 Y112.058 E2191.78716
G1 X87.502 Y124.2 E2192.21826
G1 X87.503 Y136.342 E2192.65139
G1 X87.503 Y148.484 E2193.08754
G1 X88.131 Y149 E2193.11647
G1 X112 Y148.998 E2193.95005
G0 F4800 X112 Y149.4
;TYPE:WALL-OUTER
G1 F2400 X136.029 Y149.4 E2194.74925
G1 X136.9 Y148.703 E2194.78636
G1 X136.9 Y75.467 E2197.2222
G1 X136.204 Y74.6 E2197.25918
G1 X87.793 Y74.6 E2198.86933
G1 X87.101 Y75.467 E2198.90623
G1 X87.1 Y148.704 E2201.3421
G1 X87.967 Y149.4 E2201.37908
G1 X112 Y149.4 E2202.17842
G0 F4800 X112.2 Y149.4
G0 X112.2 Y149.09
G0 X112 Y148.51
G0 X112 Y148.199
G1 F2400 X88.399 Y148.2 E2202.96339
G1 X88.302 Y148.035 E2202.96976
G1 X88.3 Y75.901 E2205.36894
G1 X88.465 Y75.802 E2205.37534
G1 X135.573 Y75.8 E2206.94216
G1 X135.7 Y75.939 E2206.94843
G1 X135.698 Y148.035 E2209.34635
G1 X135.535 Y148.198 E2209.35402
G1 X112 Y148.199 E2210.13679
G0 F4800 X111.8 Y148.199
G1 F1500 E2200.13679
G1 F1800 Z1.9
G0 F4800 X128.194 Y119.488 Z1.9
G1 F1800 Z1.8
G1 F1500 E2210.13679
G1 F2400 X128.942 Y119.763 E2210.1625
G1 X129.749 Y119.664 E2210.1888
G1 X130.311 Y119.335 E2210.20997
G1 X130.636 Y118.979 E2210.22569
G1 X130.92 Y118.345 E2210.24856
G1 X130.892 Y117.523 E2210.27564
G1 X130.748 Y117.151 E2210.28888
G1 X130.341 Y116.625 E2210.31078
G1 X129.994 Y116.378 E2210.3248
G1 X129.407 Y116.19 E2210.3453
G1 X128.864 Y116.193 E2210.36327
G1 X128.293 Y116.373 E2210.38319
G1 X127.679 Y116.925 E2210.41072
G1 X127.388 Y117.569 E2210.43375
G1 X127.41 Y118.412 E2210.46068
G1 X127.69 Y119.001 E2210.48145
G1 X128.194 Y119.488 E2210.50394
G0 F4800 X128.381 Y119.557
G0 X128.138 Y119.913
G1 F2400 X127.615 Y119.533 E2210.52609
G1 X127.129 Y118.819 E2210.5556
G1 X126.969 Y118.172 E2210.57844
G1 X126.982 Y117.595 E2210.59826
G1 X127.228 Y116.907 E2210.62304
G1 X127.462 Y116.567 E2210.63711
G1 X128.051 Y116.025 E2210.6644
G1 X128.762 Y115.804 E2210.68941
G1 X129.505 Y115.796 E2210.71419
G1 X130.278 Y116.053 E2210.74155
G1 X130.834 Y116.568 E2210.76739
G1 X131.076 Y116.915 E2210.78178
G1 X131.277 Y117.423 E2210.8
G1 X131.335 Y118.087 E2210.82272
G1 X131.282 Y118.504 E2210.83705
G1 X131.074 Y119.024 E2210.85577
G1 X130.839 Y119.373 E2210.86997
G1 X130.213 Y119.91 E2210.89843
G1 X129.535 Y120.126 E2210.92317
G1 X128.735 Y120.132 E2210.95057
G1 X128.138 Y119.913 E2210.97236
G0 F4800 X127.977 Y119.796
G1 F1500 E2200.97236
G1 F1800 Z1.9
G0 F4800 X128.138 Y128.813 Z1.9
G1 F1800 Z1.8
G1 F1500 E2210.97236
G1 F2400 X127.615 Y128.433 E2210.9945
G1 X127.129 Y127.719 E2211.02402
G1 X126.969 Y127.072 E2211.04685
G1 X126.982 Y126.495 E2211.06667
G1 X127.228 Y125.807 E2211.09146
G1 X127.462 Y125.467 E2211.10553
G1 X128.05 Y124.925 E2211.1328
G1 X128.787 Y124.696 E2211.15898
G1 X129.53 Y124.712 E2211.18444
G1 X130.296 Y124.976 E2211.21287
G1 X130.834 Y125.468 E2211.23833
G1 X131.076 Y125.815 E2211.25272
G1 X131.277 Y126.323 E2211.27093
G1 X131.335 Y126.987 E2211.29365
G1 X131.282 Y127.404 E2211.30799
G1 X131.074 Y127.924 E2211.32671
G1 X130.839 Y128.273 E2211.34091
G1 X130.213 Y128.81 E2211.36937
G1 X129.535 Y129.026 E2211.3941
G1 X128.735 Y129.032 E2211.42151
G1 X128.138 Y128.813 E2211.44329
G0 F4800 X127.977 Y128.696
G0 X128.194 Y128.388
G1 F2400 X128.942 Y128.663 E2211.46901
G1 X129.749 Y128.564 E2211.4953
G1 X130.311 Y128.235 E2211.51648
G1 X130.636 Y127.879 E2211.53219
G1 X130.92 Y127.245 E2211.55506
G1 X130.892 Y126.423 E2211.58215
G1 X130.748 Y126.051 E2211.59538
G1 X130.307 Y125.497 E2211.61881
G1 X129.645 Y125.138 E2211.64374
G1 X128.883 Y125.085 E2211.6694
G1 X128.293 Y125.273 E2211.69035
G1 X127.679 Y125.825 E2211.71802
G1 X127.388 Y126.469 E2211.74105
G1 X127.41 Y127.312 E2211.76798
G1 X127.69 Y127.901 E2211.78875
G1 X128.194 Y128.388 E2211.81124
G0 F4800 X128.381 Y128.457
G1 F1500 E2201.81124
G0 F4800 X127.661 Y129.543
G0 X126.153 Y131.753
G0 X112 Y131.765
G0 X112 Y130.9
G1 F1500 E2211.81124
G1 F2400 X98.7 Y130.9 E2212.2536
G1 X98.7 Y130.5 E2212.26691
G1 X125.3 Y130.5 E2213.15163
G1 X125.3 Y130.9 E2213.16493
G1 X112 Y130.9 E2213.60729
G0 F4800 X111.8 Y130.9
G1 F1500 E2203.60729
G0 F4800 X111.8 Y131.765
G0 X97.847 Y131.753
G0 X96.638 Y130.603
G0 X95.449 Y129.824
G1 F1500 E2213.60729
G1 F2400 X96.011 Y129.495 E2213.62846
G1 X96.336 Y129.139 E2213.64417
G1 X96.62 Y128.512 E2213.66684
G1 X96.592 Y127.683 E2213.69422
G1 X96.448 Y127.311 E2213.70745
G1 X96.041 Y126.785 E2213.72935
G1 X95.694 Y126.538 E2213.74338
G1 X95.107 Y126.35 E2213.76388
G1 X94.564 Y126.353 E2213.78185
G1 X93.993 Y126.533 E2213.80176
G1 X93.379 Y127.085 E2213.82929
G1 X93.088 Y127.729 E2213.85233
G1 X93.11 Y128.572 E2213.87925
G1 X93.39 Y129.161 E2213.90002
G1 X93.894 Y129.648 E2213.92252
G1 X94.642 Y129.923 E2213.94823
G1 X95.449 Y129.824 E2213.97453
G0 F4800 X95.621 Y129.723
G0 X95.913 Y130.07
G1 F2400 X95.235 Y130.286 E2213.99926
G1 X94.435 Y130.292 E2214.02667
G1 X93.838 Y130.073 E2214.04845
G1 X93.315 Y129.693 E2214.0706
G1 X92.829 Y128.979 E2214.10011
G1 X92.669 Y128.332 E2214.12295
G1 X92.682 Y127.755 E2214.14277
G1 X92.928 Y127.067 E2214.16755
G1 X93.162 Y126.727 E2214.18163
G1 X93.751 Y126.185 E2214.20891
G1 X94.462 Y125.964 E2214.23393
G1 X95.205 Y125.956 E2214.2587
G1 X95.978 Y126.213 E2214.28607
G1 X96.534 Y126.728 E2214.3119
G1 X96.776 Y127.075 E2214.32629
G1 X96.977 Y127.583 E2214.34451
G1 X97.035 Y128.247 E2214.36723
G1 X96.982 Y128.664 E2214.38156
G1 X96.774 Y129.184 E2214.40028
G1 X96.539 Y129.533 E2214.41448
G1 X95.913 Y130.07 E2214.44294
G0 F4800 X95.723 Y130.13
G1 F1500 E2204.44294
G1 F1800 Z1.9
;MESH:NONMESH
G0 F4800 X95.156 Y99.71 Z1.9
;TIME_ELAPSED:2637.943647
;LAYER:9
;MESH:I2C_LED_BTN-Body.stl
G0 X95.156 Y99.71 Z2.1
;TYPE:WALL-OUTER
G1 F1800 Z2
G1 F1500 E2214.44294
G1 F2400 X94.799 Y99.528 E2214.45661
G1 X94.215 Y99.084 E2214.48137
G1 X93.859 Y98.698 E2214.49892
G1 X93.566 Y98.26 E2214.51671
G1 X93.266 Y97.601 E2214.54128
G1 X93.097 Y96.905 E2214.56552
G1 X93.06 Y96.403 E2214.58234
G1 X93.13 Y95.676 E2214.60663
G1 X93.318 Y95.009 E2214.63014
G1 X93.766 Y94.225 E2214.66078
G1 X94.242 Y93.687 E2214.68467
G1 X94.79 Y93.273 E2214.70797
G1 X95.155 Y93.09 E2214.72196
G1 X95.155 Y93.526 E2214.73682
G1 X94.495 Y93.997 E2214.76419
G1 X94.096 Y94.449 E2214.78425
G1 X93.745 Y95.045 E2214.8072
G1 X93.526 Y95.74 E2214.83143
G1 X93.461 Y96.419 E2214.85412
G1 X93.52 Y97.022 E2214.87407
G1 X93.784 Y97.821 E2214.9015
G1 X94.114 Y98.372 E2214.92254
G1 X94.481 Y98.787 E2214.94087
G1 X95.156 Y99.274 E2214.96883
G1 X95.156 Y99.71 E2214.98366
G0 F4800 X94.978 Y99.62
G1 F1500 E2204.98366
G0 F4800 X94.858 Y99.316
G0 X96.025 Y99.36
G0 X97.495 Y99.715
G0 X98.36 Y99.715
G1 F1500 E2214.98366
G1 F2400 X98.36 Y99.277 E2214.99826
G1 X98.68 Y99.076 E2215.01071
G1 X99.287 Y98.519 E2215.0377
G1 X99.737 Y97.878 E2215.06349
G1 X99.98 Y97.107 E2215.09024
G1 X100.056 Y96.38 E2215.11455
G1 X99.959 Y95.405 E2215.14665
G1 X99.464 Y94.515 E2215.17968
G1 X99.047 Y94.014 E2215.20141
G1 X98.363 Y93.527 E2215.2299
G1 X98.363 Y93.03 E2215.24676
G1 X99.325 Y93.71 E2215.28682
G1 X99.865 Y94.39 E2215.31635
G1 X100.141 Y94.904 E2215.33605
G1 X100.413 Y95.759 E2215.36663
G1 X100.456 Y96.469 E2215.391
G1 X100.371 Y97.2 E2215.41572
G1 X100.088 Y98.064 E2215.44581
G1 X99.665 Y98.687 E2215.4708
G1 X99.3 Y99.08 E2215.48895
G1 X98.712 Y99.536 E2215.51413
G1 X98.36 Y99.715 E2215.52733
G0 F4800 X98.36 Y99.515
G1 F1500 E2205.52733
G0 F4800 X99.185 Y100.27
G0 X109.441 Y97.968
G0 X110.396 Y97.51
G1 F1500 E2215.52733
G1 F2400 X110.039 Y97.328 E2215.54099
G1 X109.455 Y96.884 E2215.56576
G1 X109.099 Y96.498 E2215.58331
G1 X108.806 Y96.06 E2215.6011
G1 X108.506 Y95.401 E2215.62566
G1 X108.337 Y94.705 E2215.6499
G1 X108.3 Y94.203 E2215.66673
G1 X108.37 Y93.476 E2215.69102
G1 X108.558 Y92.809 E2215.71453
G1 X109.006 Y92.025 E2215.74516
G1 X109.482 Y91.487 E2215.76905
G1 X110.03 Y91.073 E2215.79235
G1 X110.395 Y90.89 E2215.80634
G1 X110.395 Y91.326 E2215.82121
G1 X109.735 Y91.797 E2215.84858
G1 X109.336 Y92.249 E2215.86863
G1 X108.985 Y92.845 E2215.89158
G1 X108.766 Y93.54 E2215.91582
G1 X108.701 Y94.219 E2215.9385
G1 X108.76 Y94.822 E2215.95845
G1 X109.024 Y95.621 E2215.98588
G1 X109.354 Y96.172 E2216.00692
G1 X109.721 Y96.587 E2216.02526
G1 X110.396 Y97.074 E2216.05322
G1 X110.396 Y97.51 E2216.06804
G0 F4800 X110.218 Y97.42
G1 F1500 E2206.06804
G0 F4800 X110.098 Y97.116
G0 X111.265 Y97.16
G0 X112.735 Y97.515
G0 X113.6 Y97.515
G1 F1500 E2216.06804
G1 F2400 X113.6 Y97.077 E2216.08265
G1 X113.92 Y96.876 E2216.09509
G1 X114.527 Y96.319 E2216.12208
G1 X114.977 Y95.678 E2216.14787
G1 X115.22 Y94.907 E2216.17462
G1 X115.296 Y94.18 E2216.19893
G1 X115.199 Y93.205 E2216.23103
G1 X114.704 Y92.315 E2216.26406
G1 X114.287 Y91.814 E2216.28579
G1 X113.603 Y91.327 E2216.31428
G1 X113.603 Y90.83 E2216.33114
G1 X114.565 Y91.51 E2216.3712
G1 X115.105 Y92.19 E2216.40074
G1 X115.381 Y92.704 E2216.42043
G1 X115.653 Y93.559 E2216.45102
G1 X115.696 Y94.269 E2216.47539
G1 X115.611 Y95 E2216.50011
G1 X115.328 Y95.864 E2216.5302
G1 X114.905 Y96.487 E2216.55518
G1 X114.54 Y96.88 E2216.57333
G1 X113.952 Y97.336 E2216.59851
G1 X113.6 Y97.515 E2216.61171
G0 F4800 X113.6 Y97.315
G1 F1500 E2206.61171
G0 F4800 X114.425 Y98.07
G0 X124.681 Y100.168
G0 X125.636 Y99.71
G1 F1500 E2216.61171
G1 F2400 X125.279 Y99.528 E2216.62537
G1 X124.695 Y99.084 E2216.65014
G1 X124.339 Y98.698 E2216.66769
G1 X124.046 Y98.26 E2216.68548
G1 X123.746 Y97.601 E2216.71005
G1 X123.577 Y96.905 E2216.73428
G1 X123.54 Y96.403 E2216.75111
G1 X123.63 Y95.472 E2216.78222
G1 X123.96 Y94.686 E2216.81086
G1 X124.24 Y94.233 E2216.82866
G1 X124.722 Y93.687 E2216.85288
G1 X125.27 Y93.273 E2216.87618
G1 X125.635 Y93.09 E2216.89017
G1 X125.635 Y93.526 E2216.90503
G1 X124.975 Y93.997 E2216.93241
G1 X124.572 Y94.454 E2216.95267
G1 X124.253 Y94.998 E2216.97354
G1 X124.006 Y95.74 E2216.99942
G1 X123.941 Y96.419 E2217.02211
G1 X124 Y97.022 E2217.04206
G1 X124.264 Y97.821 E2217.06949
G1 X124.594 Y98.372 E2217.09053
G1 X124.961 Y98.787 E2217.10886
G1 X125.636 Y99.274 E2217.13682
G1 X125.636 Y99.71 E2217.15165
G0 F4800 X125.458 Y99.62
G1 F1500 E2207.15165
G0 F4800 X125.338 Y99.316
G0 X126.505 Y99.36
G0 X127.975 Y99.715
G0 X128.84 Y99.715
G1 F1500 E2217.15165
G1 F2400 X128.84 Y99.277 E2217.16626
G1 X129.16 Y99.076 E2217.1787
G1 X129.767 Y98.519 E2217.20569
G1 X130.217 Y97.878 E2217.23148
G1 X130.46 Y97.107 E2217.25823
G1 X130.536 Y96.38 E2217.28254
G1 X130.439 Y95.405 E2217.31464
G1 X129.944 Y94.515 E2217.34767
G1 X129.527 Y94.014 E2217.3694
G1 X128.843 Y93.527 E2217.39789
G1 X128.843 Y93.03 E2217.41475
G1 X129.805 Y93.71 E2217.45481
G1 X130.345 Y94.39 E2217.48434
G1 X130.621 Y94.904 E2217.50404
G1 X130.893 Y95.759 E2217.53463
G1 X130.936 Y96.469 E2217.55899
G1 X130.851 Y97.2 E2217.58371
G1 X130.568 Y98.064 E2217.6138
G1 X130.145 Y98.687 E2217.63879
G1 X129.78 Y99.08 E2217.65694
G1 X129.192 Y99.536 E2217.68212
G1 X128.84 Y99.715 E2217.69532
G0 F4800 X128.84 Y99.515
G1 F1500 E2207.69532
G0 F4800 X129.307 Y100.449
G0 X126.173 Y117.221
G0 X126.084 Y118.106
G0 X126.084 Y127.006
G0 X128.84 Y147.335
G0 X112 Y148.598
;TYPE:WALL-INNER
G1 F1500 E2217.69532
G1 F2400 X88.303 Y148.6 E2218.52289
G1 X87.905 Y148.252 E2218.54171
G1 X87.904 Y136.177 E2218.97545
G1 X87.903 Y124.102 E2219.40619
G1 X87.902 Y112.027 E2219.83491
G1 X87.902 Y99.952 E2220.26062
G1 X87.901 Y87.877 E2220.68433
G1 X87.9 Y75.802 E2221.10502
G1 X88.245 Y75.405 E2221.12343
G1 X104.079 Y75.403 E2221.68431
G1 X119.913 Y75.402 E2222.25045
G1 X135.747 Y75.4 E2222.82185
G1 X136.1 Y75.801 E2222.84082
G1 X136.099 Y87.877 E2223.26155
G1 X136.098 Y99.953 E2223.68529
G1 X136.097 Y112.029 E2224.11104
G1 X136.097 Y124.105 E2224.5398
G1 X136.096 Y136.181 E2224.97057
G1 X136.095 Y148.257 E2225.40435
G1 X135.692 Y148.595 E2225.42289
G1 X112 Y148.598 E2226.24241
G0 F4800 X112 Y148.998
G1 F2400 X135.868 Y148.997 E2227.06802
G1 X136.497 Y148.482 E2227.09668
G1 X136.498 Y136.34 E2227.53283
G1 X136.498 Y124.198 E2227.96595
G1 X136.499 Y112.056 E2228.39706
G1 X136.499 Y99.914 E2228.82513
G1 X136.5 Y87.772 E2229.25119
G1 X136.5 Y75.63 E2229.67422
G1 X136 Y75.024 E2229.70257
G1 X135.5 Y75 E2229.72022
G1 X127.585 Y75.001 E2229.98479
G1 X119.67 Y75.001 E2230.25199
G1 X111.755 Y75.002 E2230.52182
G1 X103.84 Y75.002 E2230.79429
G1 X95.925 Y75.003 E2231.06939
G1 X88.01 Y75.003 E2231.34713
G1 X87.5 Y75.632 E2231.37547
G1 X87.501 Y87.774 E2231.7985
G1 X87.501 Y99.916 E2232.22456
G1 X87.502 Y112.058 E2232.65263
G1 X87.502 Y124.2 E2233.08374
G1 X87.503 Y136.342 E2233.51686
G1 X87.503 Y148.484 E2233.95301
G1 X88.131 Y149 E2233.98194
G1 X112 Y148.998 E2234.81552
G0 F4800 X112 Y149.4
;TYPE:WALL-OUTER
G1 F2400 X136.029 Y149.4 E2235.61472
G1 X136.9 Y148.703 E2235.65183
G1 X136.9 Y75.467 E2238.08767
G1 X136.204 Y74.6 E2238.12465
G1 X87.793 Y74.6 E2239.7348
G1 X87.101 Y75.467 E2239.7717
G1 X87.1 Y148.704 E2242.20757
G1 X87.967 Y149.4 E2242.24455
G1 X112 Y149.4 E2243.04389
G0 F4800 X112.2 Y149.4
G0 X112.2 Y149.09
G0 X112 Y148.51
G0 X112 Y148.199
G1 F2400 X88.399 Y148.2 E2243.82886
G1 X88.302 Y148.035 E2243.83523
G1 X88.3 Y75.901 E2246.23442
G1 X88.465 Y75.802 E2246.24082
G1 X135.573 Y75.8 E2247.80763
G1 X135.7 Y75.939 E2247.8139
G1 X135.698 Y148.035 E2250.21182
G1 X135.535 Y148.198 E2250.21949
G1 X112 Y148.199 E2251.00226
G0 F4800 X111.8 Y148.199
G1 F1500 E2241.00226
G1 F1800 Z2.1
G0 F4800 X128.611 Y119.681 Z2.1
G1 F1800 Z2
G1 F1500 E2251.00226
G1 F2400 X129.265 Y119.756 E2251.0235
G1 X129.745 Y119.664 E2251.03935
G1 X130.323 Y119.338 E2251.06098
G1 X130.654 Y118.953 E2251.07761
G1 X130.898 Y118.39 E2251.09782
G1 X130.943 Y117.951 E2251.11228
G1 X130.755 Y117.162 E2251.13891
G1 X130.466 Y116.747 E2251.15557
G1 X130.07 Y116.417 E2251.1728
G1 X129.462 Y116.197 E2251.19457
G1 X128.585 Y116.243 E2251.22356
G1 X127.806 Y116.772 E2251.25457
G1 X127.539 Y117.164 E2251.27022
G1 X127.357 Y117.927 E2251.29618
G1 X127.548 Y118.786 E2251.32545
G1 X127.974 Y119.317 E2251.34758
G1 X128.611 Y119.681 E2251.37101
G0 F4800 X128.809 Y119.703
G0 X128.152 Y119.92
G1 F2400 X127.517 Y119.448 E2251.39812
G1 X127.221 Y119.025 E2251.41572
G1 X126.941 Y118.273 E2251.44294
G1 X127.027 Y117.425 E2251.47214
G1 X127.22 Y116.915 E2251.49064
G1 X127.458 Y116.564 E2251.50481
G1 X128.06 Y116.025 E2251.53196
G1 X128.764 Y115.813 E2251.55715
G1 X129.531 Y115.803 E2251.58317
G1 X130.3 Y116.07 E2251.61058
G1 X130.812 Y116.528 E2251.634
G1 X131.076 Y116.915 E2251.64982
G1 X131.268 Y117.426 E2251.66843
G1 X131.345 Y118.087 E2251.69111
G1 X131.282 Y118.504 E2251.70517
G1 X130.988 Y119.239 E2251.7315
G1 X130.256 Y119.903 E2251.7647
G1 X129.49 Y120.145 E2251.79182
G1 X128.766 Y120.127 E2251.81639
G1 X128.152 Y119.92 E2251.83854
G0 F4800 X127.992 Y119.801
G1 F1500 E2241.83854
G1 F1800 Z2.1
G0 F4800 X128.152 Y128.82 Z2.1
G1 F1800 Z2
G1 F1500 E2251.83854
G1 F2400 X127.517 Y128.348 E2251.86564
G1 X127.221 Y127.925 E2251.88324
G1 X126.941 Y127.173 E2251.91046
G1 X127.027 Y126.325 E2251.93966
G1 X127.22 Y125.815 E2251.95816
G1 X127.458 Y125.464 E2251.97234
G1 X128.025 Y124.939 E2251.99817
G1 X128.763 Y124.705 E2252.02411
G1 X129.53 Y124.709 E2252.05001
G1 X130.3 Y124.969 E2252.07771
G1 X130.812 Y125.428 E2252.10115
G1 X131.076 Y125.815 E2252.11697
G1 X131.268 Y126.326 E2252.13558
G1 X131.345 Y126.987 E2252.15827
G1 X131.282 Y127.404 E2252.17233
G1 X130.988 Y128.139 E2252.19866
G1 X130.256 Y128.803 E2252.23186
G1 X129.49 Y129.045 E2252.25898
G1 X128.766 Y129.027 E2252.28355
G1 X128.152 Y128.82 E2252.30569
G0 F4800 X127.992 Y128.701
G0 X128.611 Y128.581
G1 F2400 X129.265 Y128.656 E2252.32693
G1 X129.745 Y128.564 E2252.34278
G1 X130.323 Y128.238 E2252.36441
G1 X130.654 Y127.853 E2252.38104
G1 X130.898 Y127.29 E2252.40125
G1 X130.943 Y126.851 E2252.4157
G1 X130.755 Y126.062 E2252.44234
G1 X130.466 Y125.647 E2252.45899
G1 X130.071 Y125.314 E2252.47626
G1 X129.358 Y125.083 E2252.50157
G1 X128.866 Y125.094 E2252.51797
G1 X128.233 Y125.321 E2252.54023
G1 X127.801 Y125.675 E2252.55862
G1 X127.521 Y126.105 E2252.57552
G1 X127.357 Y126.827 E2252.5999
G1 X127.548 Y127.686 E2252.62916
G1 X127.974 Y128.217 E2252.6513
G1 X128.611 Y128.581 E2252.67472
G0 F4800 X128.809 Y128.603
G1 F1500 E2242.67472
G0 F4800 X128.452 Y129.84
G0 X126.153 Y131.753
G0 X112 Y131.765
G0 X112 Y130.9
G1 F1500 E2252.67472
G1 F2400 X98.7 Y130.9 E2253.11708
G1 X98.7 Y130.5 E2253.13039
G1 X125.3 Y130.5 E2254.01511
G1 X125.3 Y130.9 E2254.02841
G1 X112 Y130.9 E2254.47077
G0 F4800 X111.8 Y130.9
G1 F1500 E2244.47077
G0 F4800 X111.8 Y131.765
G0 X97.847 Y131.753
G0 X96.647 Y130.617
G0 X95.445 Y129.824
G1 F1500 E2254.47077
G1 F2400 X96.023 Y129.498 E2254.4924
G1 X96.354 Y129.113 E2254.50903
G1 X96.598 Y128.55 E2254.52924
G1 X96.643 Y128.111 E2254.54369
G1 X96.455 Y127.322 E2254.57033
G1 X96.166 Y126.907 E2254.58699
G1 X95.77 Y126.577 E2254.60422
G1 X95.162 Y126.357 E2254.62599
G1 X94.285 Y126.403 E2254.65498
G1 X93.506 Y126.932 E2254.68599
G1 X93.239 Y127.324 E2254.70164
G1 X93.057 Y128.087 E2254.7276
G1 X93.248 Y128.946 E2254.75687
G1 X93.674 Y129.477 E2254.779
G1 X94.311 Y129.841 E2254.80243
G1 X94.965 Y129.916 E2254.82367
G1 X95.445 Y129.824 E2254.83952
G0 F4800 X95.619 Y129.726
G0 X95.956 Y130.063
G1 F2400 X95.19 Y130.305 E2254.86664
G1 X94.466 Y130.287 E2254.8912
G1 X93.852 Y130.08 E2254.91335
G1 X93.217 Y129.608 E2254.94045
G1 X92.921 Y129.185 E2254.95805
G1 X92.641 Y128.433 E2254.98528
G1 X92.727 Y127.585 E2255.01448
G1 X92.92 Y127.075 E2255.03298
G1 X93.158 Y126.724 E2255.04715
G1 X93.76 Y126.185 E2255.0743
G1 X94.464 Y125.973 E2255.09948
G1 X95.231 Y125.963 E2255.12551
G1 X96 Y126.23 E2255.15292
G1 X96.512 Y126.688 E2255.17634
G1 X96.776 Y127.075 E2255.19215
G1 X96.968 Y127.586 E2255.21076
G1 X97.045 Y128.247 E2255.23345
G1 X96.982 Y128.664 E2255.24751
G1 X96.688 Y129.399 E2255.27384
G1 X95.956 Y130.063 E2255.30704
G0 F4800 X95.766 Y130.123
G1 F1500 E2245.30704
G1 F1800 Z2.1
;MESH:NONMESH
G0 F4800 X95.159 Y99.713 Z2.1
;TIME_ELAPSED:2679.229238
;LAYER:10
;MESH:I2C_LED_BTN-Body.stl
G0 X95.159 Y99.713 Z2.3
;TYPE:WALL-OUTER
G1 F1800 Z2.2
G1 F1500 E2255.30704
G1 F2400 X94.783 Y99.522 E2255.32128
G1 X94.237 Y99.131 E2255.34401
G1 X93.711 Y98.508 E2255.3714
G1 X93.407 Y97.954 E2255.39273
G1 X93.168 Y97.285 E2255.41683
G1 X93.076 Y96.767 E2255.43442
G1 X93.076 Y96.029 E2255.4589
G1 X93.166 Y95.517 E2255.47628
G1 X93.327 Y95 E2255.49411
G1 X93.651 Y94.398 E2255.51656
G1 X94.091 Y93.834 E2255.54047
G1 X94.64 Y93.347 E2255.56525
G1 X95.16 Y93.083 E2255.58494
G1 X95.16 Y93.519 E2255.59944
G1 X94.862 Y93.694 E2255.6111
G1 X94.185 Y94.283 E2255.64095
G1 X93.666 Y95.181 E2255.67441
G1 X93.476 Y96.057 E2255.70363
G1 X93.474 Y96.725 E2255.72579
G1 X93.603 Y97.361 E2255.74711
G1 X93.999 Y98.233 E2255.77816
G1 X94.565 Y98.892 E2255.80619
G1 X95.159 Y99.275 E2255.82946
G1 X95.159 Y99.713 E2255.84414
G0 F4800 X94.981 Y99.623
G1 F1500 E2245.84414
G0 F4800 X96.025 Y99.623
G0 X97.495 Y99.358
G0 X98.364 Y99.707
G1 F1500 E2255.84414
G1 F2400 X98.364 Y99.27 E2255.85896
G1 X99.058 Y98.767 E2255.88783
G1 X99.453 Y98.296 E2255.90812
G1 X99.783 Y97.708 E2255.92999
G1 X99.993 Y97.03 E2255.95306
G1 X100.063 Y96.193 E2255.98016
G1 X99.924 Y95.368 E2256.00673
G1 X99.506 Y94.573 E2256.03586
G1 X99.046 Y94.013 E2256.06021
G1 X98.368 Y93.524 E2256.08884
G1 X98.368 Y93.096 E2256.10361
G1 X98.739 Y93.281 E2256.11792
G1 X99.322 Y93.71 E2256.14272
G1 X99.785 Y94.272 E2256.16736
G1 X100.128 Y94.853 E2256.19019
G1 X100.384 Y95.594 E2256.21705
G1 X100.487 Y96.556 E2256.25043
G1 X100.272 Y97.543 E2256.28504
G1 X99.939 Y98.296 E2256.31311
G1 X99.429 Y98.986 E2256.3425
G1 X98.74 Y99.513 E2256.37236
G1 X98.364 Y99.707 E2256.38679
G0 F4800 X98.364 Y99.507
G1 F1500 E2246.38679
G0 F4800 X98.664 Y99.312
G0 X99.331 Y100.16
G0 X110.011 Y98.287
G0 X110.399 Y97.513
G1 F1500 E2256.38679
G1 F2400 X110.023 Y97.322 E2256.40102
G1 X109.477 Y96.931 E2256.42375
G1 X108.951 Y96.308 E2256.45114
G1 X108.647 Y95.754 E2256.47248
G1 X108.408 Y95.085 E2256.49658
G1 X108.316 Y94.567 E2256.51416
G1 X108.316 Y93.829 E2256.53865
G1 X108.406 Y93.317 E2256.55602
G1 X108.567 Y92.8 E2256.57385
G1 X108.891 Y92.198 E2256.59631
G1 X109.331 Y91.634 E2256.62022
G1 X109.88 Y91.147 E2256.64499
G1 X110.4 Y90.883 E2256.66468
G1 X110.4 Y91.319 E2256.67918
G1 X110.102 Y91.494 E2256.69085
G1 X109.425 Y92.083 E2256.72069
G1 X108.906 Y92.981 E2256.75416
G1 X108.716 Y93.857 E2256.78337
G1 X108.714 Y94.525 E2256.80554
G1 X108.843 Y95.161 E2256.82685
G1 X109.239 Y96.033 E2256.85791
G1 X109.805 Y96.692 E2256.88593
G1 X110.399 Y97.075 E2256.90921
G1 X110.399 Y97.513 E2256.92388
G0 F4800 X110.221 Y97.423
G1 F1500 E2246.92388
G0 F4800 X111.265 Y97.423
G0 X112.735 Y97.158
G0 X113.605 Y97.507
G1 F1500 E2256.92388
G1 F2400 X113.605 Y97.07 E2256.93878
G1 X114.256 Y96.607 E2256.96568
G1 X114.695 Y96.097 E2256.98795
G1 X115.032 Y95.485 E2257.01084
G1 X115.233 Y94.83 E2257.03317
G1 X115.303 Y93.993 E2257.06027
G1 X115.164 Y93.168 E2257.08685
G1 X114.746 Y92.373 E2257.11597
G1 X114.286 Y91.813 E2257.14032
G1 X113.608 Y91.324 E2257.16896
G1 X113.608 Y90.896 E2257.18373
G1 X113.979 Y91.081 E2257.19803
G1 X114.562 Y91.51 E2257.22283
G1 X115.025 Y92.072 E2257.24747
G1 X115.368 Y92.653 E2257.2703
G1 X115.624 Y93.394 E2257.29716
G1 X115.727 Y94.356 E2257.33055
G1 X115.512 Y95.343 E2257.36515
G1 X115.105 Y96.261 E2257.39922
G1 X114.435 Y96.98 E2257.4324
G1 X113.982 Y97.314 E2257.45158
G1 X113.605 Y97.507 E2257.46609
G0 F4800 X113.605 Y97.307
G1 F1500 E2247.46609
G0 F4800 X113.905 Y97.114
G0 X114.546 Y97.982
G0 X124.808 Y100.265
G0 X125.639 Y99.713
G1 F1500 E2257.46609
G1 F2400 X125.263 Y99.522 E2257.48033
G1 X124.717 Y99.131 E2257.50306
G1 X124.191 Y98.508 E2257.53045
G1 X123.887 Y97.954 E2257.55178
G1 X123.648 Y97.285 E2257.57588
G1 X123.556 Y96.767 E2257.59347
G1 X123.556 Y96.029 E2257.61795
G1 X123.646 Y95.517 E2257.63533
G1 X123.873 Y94.827 E2257.65979
G1 X124.246 Y94.225 E2257.68346
G1 X124.573 Y93.832 E2257.70047
G1 X125.12 Y93.347 E2257.72515
G1 X125.64 Y93.083 E2257.74483
G1 X125.64 Y93.519 E2257.75934
G1 X125.342 Y93.694 E2257.771
G1 X124.703 Y94.25 E2257.79946
G1 X124.156 Y95.14 E2257.83351
G1 X123.956 Y96.057 E2257.8641
G1 X123.954 Y96.725 E2257.88626
G1 X124.083 Y97.361 E2257.90758
G1 X124.479 Y98.233 E2257.93863
G1 X125.045 Y98.892 E2257.96666
G1 X125.639 Y99.275 E2257.98993
G1 X125.639 Y99.713 E2258.00461
G0 F4800 X125.461 Y99.623
G1 F1500 E2248.00461
G0 F4800 X126.505 Y99.623
G0 X127.975 Y99.358
G0 X128.845 Y99.707
G1 F1500 E2258.00461
G1 F2400 X128.845 Y99.27 E2258.01951
G1 X129.496 Y98.807 E2258.04641
G1 X129.935 Y98.297 E2258.06868
G1 X130.272 Y97.685 E2258.09157
G1 X130.473 Y97.03 E2258.1139
G1 X130.543 Y96.193 E2258.141
G1 X130.404 Y95.368 E2258.16757
G1 X129.986 Y94.573 E2258.1967
G1 X129.526 Y94.013 E2258.22104
G1 X128.848 Y93.524 E2258.24968
G1 X128.848 Y93.096 E2258.26445
G1 X129.219 Y93.281 E2258.27876
G1 X129.802 Y93.71 E2258.30355
G1 X130.265 Y94.272 E2258.3282
G1 X130.608 Y94.853 E2258.35103
G1 X130.864 Y95.594 E2258.37789
G1 X130.967 Y96.556 E2258.41127
G1 X130.752 Y97.543 E2258.44588
G1 X130.345 Y98.461 E2258.47994
G1 X129.675 Y99.18 E2258.51312
G1 X129.222 Y99.514 E2258.53231
G1 X128.845 Y99.707 E2258.54682
G0 F4800 X128.845 Y99.507
G1 F1500 E2248.54682
G0 F4800 X129.145 Y99.314
G0 X129.562 Y100.319
G0 X132.127 Y117.221
G0 X132.216 Y118.106
G0 X132.216 Y127.006
G0 X129.078 Y147.335
G0 X112 Y148.598
;TYPE:WALL-INNER
G1 F1500 E2258.54682
G1 F2400 X88.303 Y148.6 E2259.37439
G1 X87.905 Y148.252 E2259.39321
G1 X87.904 Y136.177 E2259.82695
G1 X87.903 Y124.102 E2260.25769
G1 X87.902 Y112.027 E2260.68641
G1 X87.902 Y99.952 E2261.11212
G1 X87.901 Y87.877 E2261.53583
G1 X87.9 Y75.802 E2261.95652
G1 X88.245 Y75.405 E2261.97493
G1 X104.079 Y75.403 E2262.53581
G1 X119.913 Y75.402 E2263.10195
G1 X135.747 Y75.4 E2263.67335
G1 X136.1 Y75.801 E2263.69232
G1 X136.099 Y87.877 E2264.11305
G1 X136.098 Y99.953 E2264.53679
G1 X136.097 Y112.029 E2264.96254
G1 X136.097 Y124.105 E2265.3913
G1 X136.096 Y136.181 E2265.82207
G1 X136.095 Y148.257 E2266.25585
G1 X135.692 Y148.595 E2266.27439
G1 X112 Y148.598 E2267.09391
G0 F4800 X112 Y148.998
G1 F2400 X135.868 Y148.997 E2267.91952
G1 X136.497 Y148.482 E2267.94818
G1 X136.498 Y136.34 E2268.38433
G1 X136.498 Y124.198 E2268.81745
G1 X136.499 Y112.056 E2269.24856
G1 X136.499 Y99.914 E2269.67663
G1 X136.5 Y87.772 E2270.10269
G1 X136.5 Y75.63 E2270.52572
G1 X136 Y75.024 E2270.55407
G1 X135.5 Y75 E2270.57172
G1 X127.585 Y75.001 E2270.83629
G1 X119.67 Y75.001 E2271.10349
G1 X111.755 Y75.002 E2271.37332
G1 X103.84 Y75.002 E2271.64579
G1 X95.925 Y75.003 E2271.92089
G1 X88.01 Y75.003 E2272.19862
G1 X87.5 Y75.632 E2272.22697
G1 X87.501 Y87.774 E2272.65
G1 X87.501 Y99.916 E2273.07606
G1 X87.502 Y112.058 E2273.50413
G1 X87.502 Y124.2 E2273.93523
G1 X87.503 Y136.342 E2274.36836
G1 X87.503 Y148.484 E2274.80451
G1 X88.131 Y149 E2274.83344
G1 X112 Y148.998 E2275.66702
G0 F4800 X112 Y149.4
;TYPE:WALL-OUTER
G1 F2400 X136.029 Y149.4 E2276.46622
G1 X136.9 Y148.703 E2276.50333
G1 X136.9 Y75.467 E2278.93917
G1 X136.204 Y74.6 E2278.97615
G1 X87.793 Y74.6 E2280.5863
G1 X87.101 Y75.467 E2280.6232
G1 X87.1 Y148.704 E2283.05907
G1 X87.967 Y149.4 E2283.09605
G1 X112 Y149.4 E2283.89539
G0 F4800 X112.2 Y149.4
G0 X112.2 Y149.09
G0 X112 Y148.51
G0 X112 Y148.199
G1 F2400 X88.399 Y148.2 E2284.68036
G1 X88.302 Y148.035 E2284.68673
G1 X88.3 Y75.901 E2287.08591
G1 X88.465 Y75.802 E2287.09231
G1 X135.573 Y75.8 E2288.65913
G1 X135.7 Y75.939 E2288.6654
G1 X135.698 Y148.035 E2291.06332
G1 X135.535 Y148.198 E2291.07099
G1 X112 Y148.199 E2291.85376
G0 F4800 X111.8 Y148.199
G1 F1500 E2281.85376
G1 F1800 Z2.3
G0 F4800 X128.356 Y119.581 Z2.3
G1 F1800 Z2.2
G1 F1500 E2291.85376
G1 F2400 X128.809 Y119.731 E2291.86947
G1 X129.352 Y119.757 E2291.88719
G1 X130.018 Y119.54 E2291.91008
G1 X130.497 Y119.157 E2291.93048
G1 X130.895 Y118.408 E2291.95869
G1 X130.943 Y117.895 E2291.97557
G1 X130.727 Y117.101 E2292.00253
G1 X130.236 Y116.517 E2292.02784
G1 X129.478 Y116.195 E2292.05551
G1 X128.607 Y116.243 E2292.08496
G1 X128.042 Y116.545 E2292.10616
G1 X127.499 Y117.189 E2292.13404
G1 X127.356 Y118.038 E2292.16296
G1 X127.548 Y118.786 E2292.1889
G1 X127.959 Y119.313 E2292.21102
G1 X128.356 Y119.581 E2292.22675
G0 F4800 X128.545 Y119.643
G0 X127.995 Y119.862
G1 F2400 X127.463 Y119.371 E2292.25179
G1 X127.221 Y119.025 E2292.26619
G1 X127.024 Y118.502 E2292.28533
G1 X126.95 Y118.06 E2292.30083
G1 X127.031 Y117.426 E2292.32305
G1 X127.282 Y116.74 E2292.34807
G1 X127.873 Y116.18 E2292.37536
G1 X128.242 Y115.969 E2292.38971
G1 X128.761 Y115.814 E2292.40835
G1 X129.61 Y115.815 E2292.43758
G1 X130.298 Y116.078 E2292.46318
G1 X130.834 Y116.568 E2292.48854
G1 X131.079 Y116.913 E2292.50283
G1 X131.268 Y117.426 E2292.52128
G1 X131.343 Y118.087 E2292.54402
G1 X131.282 Y118.504 E2292.5581
G1 X130.971 Y119.251 E2292.58502
G1 X130.423 Y119.755 E2292.61003
G1 X130.053 Y119.966 E2292.62448
G1 X129.486 Y120.141 E2292.64461
G1 X128.65 Y120.107 E2292.67271
G1 X127.995 Y119.862 E2292.6965
G0 F4800 X127.849 Y119.727
G1 F1500 E2282.6965
G1 F1800 Z2.3
G0 F4800 X127.995 Y128.762 Z2.3
G1 F1800 Z2.2
G1 F1500 E2292.6965
G1 F2400 X127.463 Y128.271 E2292.72154
G1 X127.221 Y127.925 E2292.73593
G1 X127.024 Y127.402 E2292.75508
G1 X126.95 Y126.96 E2292.77058
G1 X127.031 Y126.326 E2292.7928
G1 X127.281 Y125.642 E2292.81781
G1 X127.873 Y125.08 E2292.84523
G1 X128.242 Y124.868 E2292.85963
G1 X128.761 Y124.71 E2292.87812
G1 X129.646 Y124.729 E2292.90808
G1 X130.299 Y124.976 E2292.932
G1 X130.834 Y125.468 E2292.95726
G1 X131.079 Y125.813 E2292.97155
G1 X131.268 Y126.326 E2292.99
G1 X131.343 Y126.987 E2293.01274
G1 X131.282 Y127.404 E2293.02682
G1 X130.971 Y128.151 E2293.05374
G1 X130.423 Y128.655 E2293.07875
G1 X130.053 Y128.866 E2293.0932
G1 X129.486 Y129.041 E2293.11333
G1 X128.65 Y129.007 E2293.14143
G1 X127.995 Y128.762 E2293.16522
G0 F4800 X127.849 Y128.627
G0 X128.356 Y128.481
G1 F2400 X128.809 Y128.631 E2293.18093
G1 X129.352 Y128.657 E2293.19865
G1 X130.018 Y128.44 E2293.22154
G1 X130.497 Y128.057 E2293.24194
G1 X130.895 Y127.308 E2293.27015
G1 X130.943 Y126.795 E2293.28703
G1 X130.727 Y126.001 E2293.31399
G1 X130.299 Y125.492 E2293.33588
G1 X129.755 Y125.179 E2293.35645
G1 X129.273 Y125.083 E2293.37222
G1 X128.539 Y125.176 E2293.39597
G1 X128.039 Y125.451 E2293.41466
G1 X127.499 Y126.089 E2293.44232
G1 X127.356 Y126.938 E2293.47124
G1 X127.548 Y127.686 E2293.49719
G1 X127.959 Y128.213 E2293.5193
G1 X128.356 Y128.481 E2293.53504
G0 F4800 X128.545 Y128.543
G1 F1500 E2283.53504
G0 F4800 X127.333 Y129.34
G0 X126.153 Y131.753
G0 X112 Y131.765
G0 X112 Y130.9
G1 F1500 E2293.53504
G1 F2400 X98.7 Y130.9 E2293.9774
G1 X98.7 Y130.5 E2293.9907
G1 X125.3 Y130.5 E2294.87542
G1 X125.3 Y130.9 E2294.88872
G1 X112 Y130.9 E2295.33108
G0 F4800 X111.8 Y130.9
G1 F1500 E2285.33108
G1 F1800 Z2.3
G0 F4800 X95.718 Y129.7 Z2.3
G1 F1800 Z2.2
G1 F1500 E2295.33108
G1 F2400 X96.197 Y129.317 E2295.35148
G1 X96.595 Y128.568 E2295.37969
G1 X96.643 Y128.055 E2295.39657
G1 X96.427 Y127.261 E2295.42353
G1 X95.936 Y126.677 E2295.44884
G1 X95.178 Y126.355 E2295.47651
G1 X94.307 Y126.403 E2295.50596
G1 X93.742 Y126.705 E2295.52716
G1 X93.199 Y127.349 E2295.55504
G1 X93.056 Y128.198 E2295.58396
G1 X93.248 Y128.946 E2295.6099
G1 X93.659 Y129.473 E2295.63202
G1 X94.056 Y129.741 E2295.64775
G1 X94.509 Y129.891 E2295.66346
G1 X95.052 Y129.917 E2295.68118
G1 X95.718 Y129.7 E2295.70407
G0 F4800 X95.874 Y129.576
G0 X95.753 Y130.126
G1 F2400 X95.186 Y130.301 E2295.7242
G1 X94.35 Y130.267 E2295.75231
G1 X93.695 Y130.022 E2295.77609
G1 X93.163 Y129.531 E2295.80113
G1 X92.921 Y129.185 E2295.81553
G1 X92.724 Y128.662 E2295.83467
G1 X92.65 Y128.22 E2295.85018
G1 X92.731 Y127.586 E2295.87239
G1 X92.982 Y126.9 E2295.89741
G1 X93.573 Y126.34 E2295.9247
G1 X93.942 Y126.129 E2295.93905
G1 X94.461 Y125.974 E2295.95769
G1 X95.31 Y125.975 E2295.98692
G1 X95.998 Y126.238 E2296.01252
G1 X96.534 Y126.728 E2296.03788
G1 X96.779 Y127.073 E2296.05217
G1 X96.968 Y127.586 E2296.07062
G1 X97.043 Y128.247 E2296.09336
G1 X96.982 Y128.664 E2296.10744
G1 X96.671 Y129.411 E2296.13436
G1 X96.123 Y129.915 E2296.15937
G1 X95.753 Y130.126 E2296.17382
G0 F4800 X95.562 Y130.185
G1 F1500 E2286.17382
G1 F1800 Z2.3
;MESH:NONMESH
G0 F4800 X95.156 Y99.708 Z2.3
;TIME_ELAPSED:2720.152975
;LAYER:11
;MESH:I2C_LED_BTN-Body.stl
G0 X95.156 Y99.708 Z2.5
;TYPE:WALL-OUTER
G1 F1800 Z2.4
G1 F1500 E2296.17382
G1 F2400 X94.781 Y99.515 E2296.1882
G1 X94.239 Y99.123 E2296.211
G1 X93.734 Y98.532 E2296.23698
G1 X93.462 Y98.071 E2296.25479
G1 X93.255 Y97.589 E2296.27237
G1 X93.097 Y96.93 E2296.29479
G1 X93.06 Y96.399 E2296.31232
G1 X93.133 Y95.677 E2296.33658
G1 X93.272 Y95.174 E2296.35424
G1 X93.578 Y94.514 E2296.37886
G1 X93.879 Y94.065 E2296.39675
G1 X94.343 Y93.602 E2296.41844
G1 X94.778 Y93.277 E2296.43668
G1 X95.161 Y93.083 E2296.45096
G1 X95.161 Y93.519 E2296.46542
G1 X94.784 Y93.749 E2296.47997
G1 X94.199 Y94.286 E2296.50578
G1 X93.799 Y94.927 E2296.53029
G1 X93.549 Y95.628 E2296.55461
G1 X93.434 Y96.606 E2296.5867
G1 X93.64 Y97.48 E2296.61612
G1 X93.99 Y98.217 E2296.64285
G1 X94.485 Y98.796 E2296.66806
G1 X95.156 Y99.27 E2296.69593
G1 X95.156 Y99.708 E2296.71079
G0 F4800 X94.979 Y99.617
G1 F1500 E2286.71079
G0 F4800 X96.025 Y99.279
G0 X97.495 Y99.766
G0 X98.361 Y99.766
G1 F1500 E2296.71079
G1 F2400 X98.361 Y99.274 E2296.72724
G1 X98.816 Y98.978 E2296.74529
G1 X99.477 Y98.29 E2296.77686
G1 X99.831 Y97.598 E2296.80272
G1 X100.033 Y96.838 E2296.82874
G1 X100.044 Y96.096 E2296.85324
G1 X99.848 Y95.128 E2296.88576
G1 X99.322 Y94.32 E2296.91775
G1 X98.939 Y93.927 E2296.936
G1 X98.362 Y93.525 E2296.95939
G1 X98.362 Y93.041 E2296.97573
G1 X99.059 Y93.503 E2297.00409
G1 X99.562 Y93.965 E2297.02749
G1 X99.985 Y94.598 E2297.05338
G1 X100.263 Y95.182 E2297.07506
G1 X100.485 Y96.222 E2297.11069
G1 X100.365 Y97.19 E2297.14378
G1 X100.219 Y97.705 E2297.16194
G1 X99.937 Y98.301 E2297.18431
G1 X99.571 Y98.791 E2297.20537
G1 X99.142 Y99.224 E2297.22615
G1 X98.361 Y99.766 E2297.25808
G0 F4800 X98.361 Y99.566
G1 F1500 E2287.25808
G0 F4800 X98.975 Y100.392
G0 X109.459 Y97.987
G0 X110.396 Y97.508
G1 F1500 E2297.25808
G1 F2400 X110.021 Y97.315 E2297.27246
G1 X109.479 Y96.923 E2297.29526
G1 X108.974 Y96.332 E2297.32125
G1 X108.702 Y95.871 E2297.33905
G1 X108.495 Y95.389 E2297.35663
G1 X108.337 Y94.73 E2297.37906
G1 X108.3 Y94.199 E2297.39658
G1 X108.373 Y93.477 E2297.42084
G1 X108.512 Y92.974 E2297.4385
G1 X108.818 Y92.314 E2297.46312
G1 X109.119 Y91.865 E2297.48101
G1 X109.583 Y91.402 E2297.5027
G1 X110.018 Y91.077 E2297.52094
G1 X110.401 Y90.883 E2297.53522
G1 X110.401 Y91.319 E2297.54969
G1 X110.024 Y91.549 E2297.56423
G1 X109.439 Y92.086 E2297.59005
G1 X109.039 Y92.727 E2297.61455
G1 X108.789 Y93.428 E2297.63887
G1 X108.674 Y94.406 E2297.67097
G1 X108.88 Y95.28 E2297.70038
G1 X109.23 Y96.017 E2297.72711
G1 X109.725 Y96.596 E2297.75232
G1 X110.396 Y97.07 E2297.78019
G1 X110.396 Y97.508 E2297.79505
G0 F4800 X110.219 Y97.417
G1 F1500 E2287.79505
G0 F4800 X111.265 Y97.079
G0 X112.735 Y97.566
G0 X113.601 Y97.566
G1 F1500 E2297.79505
G1 F2400 X113.601 Y97.074 E2297.8115
G1 X114.056 Y96.778 E2297.82955
G1 X114.686 Y96.121 E2297.8596
G1 X115.055 Y95.445 E2297.88534
G1 X115.273 Y94.645 E2297.91306
G1 X115.284 Y93.896 E2297.93785
G1 X115.088 Y92.928 E2297.97037
G1 X114.562 Y92.12 E2298.00236
G1 X114.179 Y91.727 E2298.02061
G1 X113.602 Y91.325 E2298.044
G1 X113.602 Y90.841 E2298.06034
G1 X114.299 Y91.303 E2298.08871
G1 X114.802 Y91.765 E2298.1121
G1 X115.225 Y92.398 E2298.138
G1 X115.503 Y92.982 E2298.15967
G1 X115.725 Y94.022 E2298.1953
G1 X115.605 Y94.99 E2298.2284
G1 X115.423 Y95.618 E2298.25063
G1 X115.131 Y96.159 E2298.27139
G1 X114.81 Y96.592 E2298.28981
G1 X114.382 Y97.024 E2298.31054
G1 X113.601 Y97.566 E2298.34247
G0 F4800 X113.601 Y97.366
G1 F1500 E2288.34247
G0 F4800 X114.215 Y98.192
G0 X124.699 Y100.187
G0 X125.636 Y99.708
G1 F1500 E2298.34247
G1 F2400 X125.261 Y99.515 E2298.35685
G1 X124.719 Y99.123 E2298.37966
G1 X124.214 Y98.532 E2298.40564
G1 X123.942 Y98.071 E2298.42344
G1 X123.735 Y97.589 E2298.44102
G1 X123.577 Y96.93 E2298.46345
G1 X123.54 Y96.399 E2298.48097
G1 X123.613 Y95.677 E2298.50523
G1 X123.752 Y95.174 E2298.52289
G1 X124.058 Y94.514 E2298.54751
G1 X124.359 Y94.065 E2298.5654
G1 X124.823 Y93.602 E2298.58709
G1 X125.258 Y93.277 E2298.60533
G1 X125.641 Y93.083 E2298.61961
G1 X125.641 Y93.519 E2298.63408
G1 X125.264 Y93.749 E2298.64862
G1 X124.679 Y94.286 E2298.67444
G1 X124.279 Y94.927 E2298.69894
G1 X124.029 Y95.628 E2298.72326
G1 X123.914 Y96.606 E2298.75536
G1 X124.12 Y97.48 E2298.78478
G1 X124.47 Y98.217 E2298.81151
G1 X124.965 Y98.796 E2298.83672
G1 X125.636 Y99.27 E2298.86459
G1 X125.636 Y99.708 E2298.87945
G0 F4800 X125.459 Y99.617
G1 F1500 E2288.87945
G0 F4800 X126.505 Y99.279
G0 X127.975 Y99.766
G0 X128.841 Y99.766
G1 F1500 E2298.87945
G1 F2400 X128.841 Y99.274 E2298.89589
G1 X129.296 Y98.978 E2298.91395
G1 X129.926 Y98.321 E2298.94399
G1 X130.295 Y97.645 E2298.96974
G1 X130.513 Y96.845 E2298.99745
G1 X130.524 Y96.096 E2299.02224
G1 X130.328 Y95.128 E2299.05476
G1 X129.802 Y94.32 E2299.08675
G1 X129.419 Y93.927 E2299.105
G1 X128.842 Y93.525 E2299.12839
G1 X128.842 Y93.041 E2299.14473
G1 X129.539 Y93.503 E2299.1731
G1 X130.042 Y93.965 E2299.1965
G1 X130.465 Y94.598 E2299.22239
G1 X130.743 Y95.182 E2299.24406
G1 X130.965 Y96.222 E2299.2797
G1 X130.845 Y97.19 E2299.31279
G1 X130.663 Y97.818 E2299.33502
G1 X130.371 Y98.359 E2299.35578
G1 X130.05 Y98.792 E2299.3742
G1 X129.622 Y99.224 E2299.39493
G1 X128.841 Y99.766 E2299.42687
G0 F4800 X128.841 Y99.566
G1 F1500 E2289.42687
G0 F4800 X129.267 Y100.48
G0 X126.173 Y117.221
G0 X126.084 Y118.106
G0 X126.084 Y127.006
G0 X128.841 Y147.335
G0 X112 Y148.598
;TYPE:WALL-INNER
G1 F1500 E2299.42687
G1 F2400 X88.303 Y148.6 E2300.25444
G1 X87.905 Y148.252 E2300.27325
G1 X87.904 Y136.177 E2300.707
G1 X87.903 Y124.102 E2301.13773
G1 X87.902 Y112.027 E2301.56646
G1 X87.902 Y99.952 E2301.99217
G1 X87.901 Y87.877 E2302.41588
G1 X87.9 Y75.802 E2302.83657
G1 X88.245 Y75.405 E2302.85498
G1 X104.079 Y75.403 E2303.41585
G1 X119.913 Y75.402 E2303.98199
G1 X135.747 Y75.4 E2304.5534
G1 X136.1 Y75.801 E2304.57237
G1 X136.099 Y87.877 E2304.99309
G1 X136.098 Y99.953 E2305.41683
G1 X136.097 Y112.029 E2305.84258
G1 X136.097 Y124.105 E2306.27134
G1 X136.096 Y136.181 E2306.70211
G1 X136.095 Y148.257 E2307.13589
G1 X135.692 Y148.595 E2307.15444
G1 X112 Y148.598 E2307.97396
G0 F4800 X112 Y148.998
G1 F2400 X135.868 Y148.997 E2308.79956
G1 X136.497 Y148.482 E2308.82822
G1 X136.498 Y136.34 E2309.26438
G1 X136.498 Y124.198 E2309.6975
G1 X136.499 Y112.056 E2310.1286
G1 X136.499 Y99.914 E2310.55668
G1 X136.5 Y87.772 E2310.98274
G1 X136.5 Y75.63 E2311.40576
G1 X136 Y75.024 E2311.43411
G1 X135.5 Y75 E2311.45176
G1 X127.585 Y75.001 E2311.71633
G1 X119.67 Y75.001 E2311.98354
G1 X111.755 Y75.002 E2312.25337
G1 X103.84 Y75.002 E2312.52584
G1 X95.925 Y75.003 E2312.80094
G1 X88.01 Y75.003 E2313.07867
G1 X87.5 Y75.632 E2313.10702
G1 X87.501 Y87.774 E2313.53005
G1 X87.501 Y99.916 E2313.9561
G1 X87.502 Y112.058 E2314.38418
G1 X87.502 Y124.2 E2314.81528
G1 X87.503 Y136.342 E2315.2484
G1 X87.503 Y148.484 E2315.68456
G1 X88.131 Y149 E2315.71348
G1 X112 Y148.998 E2316.54706
G0 F4800 X112 Y149.4
;TYPE:WALL-OUTER
G1 F2400 X136.029 Y149.4 E2317.34627
G1 X136.9 Y148.703 E2317.38337
G1 X136.9 Y75.467 E2319.81921
G1 X136.204 Y74.6 E2319.85619
G1 X87.793 Y74.6 E2321.46635
G1 X87.101 Y75.467 E2321.50324
G1 X87.1 Y148.704 E2323.93912
G1 X87.967 Y149.4 E2323.9761
G1 X112 Y149.4 E2324.77544
G0 F4800 X112.2 Y149.4
G0 X112.2 Y149.09
G0 X112 Y148.51
G0 X112 Y148.199
G1 F2400 X88.399 Y148.2 E2325.56041
G1 X88.302 Y148.035 E2325.56678
G1 X88.3 Y75.901 E2327.96596
G1 X88.465 Y75.802 E2327.97236
G1 X135.573 Y75.8 E2329.53918
G1 X135.7 Y75.939 E2329.54544
G1 X135.698 Y148.035 E2331.94337
G1 X135.535 Y148.198 E2331.95103
G1 X112 Y148.199 E2332.73381
G0 F4800 X111.8 Y148.199
G1 F1500 E2322.73381
G1 F1800 Z2.5
G0 F4800 X128.301 Y119.558 Z2.5
G1 F1800 Z2.4
G1 F1500 E2332.73381
G1 F2400 X128.868 Y119.743 E2332.75365
G1 X129.35 Y119.756 E2332.76944
G1 X130.018 Y119.54 E2332.79244
G1 X130.582 Y119.08 E2332.81641
G1 X130.92 Y118.346 E2332.84302
G1 X130.892 Y117.521 E2332.8702
G1 X130.659 Y116.98 E2332.88979
G1 X130.07 Y116.417 E2332.91743
G1 X129.557 Y116.216 E2332.93603
G1 X128.787 Y116.208 E2332.96164
G1 X128.274 Y116.399 E2332.9798
G1 X127.764 Y116.819 E2333.00167
G1 X127.52 Y117.209 E2333.01682
G1 X127.346 Y117.922 E2333.04098
G1 X127.524 Y118.755 E2333.06953
G1 X127.959 Y119.313 E2333.09306
G1 X128.301 Y119.558 E2333.10698
G0 F4800 X128.491 Y119.62
G0 X128.017 Y119.883
G1 F2400 X127.463 Y119.371 E2333.13282
G1 X127.221 Y119.025 E2333.14722
G1 X126.942 Y118.276 E2333.17433
G1 X127.027 Y117.425 E2333.20363
G1 X127.22 Y116.915 E2333.22213
G1 X127.457 Y116.563 E2333.23628
G1 X127.874 Y116.181 E2333.25528
G1 X128.242 Y115.968 E2333.2697
G1 X128.76 Y115.805 E2333.28795
G1 X129.646 Y115.826 E2333.31742
G1 X130.302 Y116.072 E2333.34107
G1 X130.832 Y116.569 E2333.36621
G1 X131.076 Y116.915 E2333.38064
G1 X131.277 Y117.423 E2333.39881
G1 X131.335 Y118.087 E2333.42153
G1 X131.282 Y118.504 E2333.43587
G1 X130.973 Y119.256 E2333.46277
G1 X130.422 Y119.754 E2333.48766
G1 X130.053 Y119.966 E2333.50217
G1 X129.493 Y120.141 E2333.52212
G1 X128.723 Y120.122 E2333.54812
G1 X128.017 Y119.883 E2333.57328
G0 F4800 X127.871 Y119.748
G1 F1500 E2323.57328
G1 F1800 Z2.5
G0 F4800 X128.017 Y128.783 Z2.5
G1 F1800 Z2.4
G1 F1500 E2333.57328
G1 F2400 X127.463 Y128.271 E2333.59913
G1 X127.221 Y127.925 E2333.61352
G1 X126.942 Y127.176 E2333.64064
G1 X127.027 Y126.325 E2333.66994
G1 X127.22 Y125.815 E2333.68844
G1 X127.456 Y125.463 E2333.70253
G1 X127.874 Y125.081 E2333.72151
G1 X128.243 Y124.869 E2333.73598
G1 X128.784 Y124.698 E2333.75509
G1 X129.646 Y124.726 E2333.7837
G1 X130.302 Y124.972 E2333.80735
G1 X130.832 Y125.469 E2333.83248
G1 X131.076 Y125.815 E2333.84692
G1 X131.277 Y126.323 E2333.86509
G1 X131.335 Y126.987 E2333.88781
G1 X131.282 Y127.404 E2333.90214
G1 X130.973 Y128.156 E2333.92905
G1 X130.422 Y128.654 E2333.95394
G1 X130.053 Y128.866 E2333.96844
G1 X129.493 Y129.041 E2333.9884
G1 X128.723 Y129.022 E2334.0144
G1 X128.017 Y128.783 E2334.03956
G0 F4800 X127.871 Y128.648
G0 X128.301 Y128.458
G1 F2400 X128.868 Y128.643 E2334.0594
G1 X129.35 Y128.656 E2334.0752
G1 X130.018 Y128.44 E2334.0982
G1 X130.582 Y127.98 E2334.12216
G1 X130.92 Y127.246 E2334.14877
G1 X130.892 Y126.421 E2334.17595
G1 X130.659 Y125.88 E2334.19554
G1 X130.07 Y125.317 E2334.22318
G1 X129.572 Y125.12 E2334.24117
G1 X128.894 Y125.086 E2334.26347
G1 X128.284 Y125.295 E2334.2847
G1 X127.764 Y125.716 E2334.30684
G1 X127.52 Y126.109 E2334.32208
G1 X127.346 Y126.822 E2334.34624
G1 X127.524 Y127.655 E2334.37479
G1 X127.959 Y128.213 E2334.39832
G1 X128.301 Y128.458 E2334.41224
G0 F4800 X128.491 Y128.52
G1 F1500 E2324.41224
G0 F4800 X127.335 Y129.342
G0 X126.153 Y131.753
G0 X112 Y131.765
G0 X112 Y130.9
G1 F1500 E2334.41224
G1 F2400 X98.7 Y130.9 E2334.8546
G1 X98.7 Y130.5 E2334.8679
G1 X125.3 Y130.5 E2335.75262
G1 X125.3 Y130.9 E2335.76593
G1 X112 Y130.9 E2336.20829
G0 F4800 X111.8 Y130.9
G1 F1500 E2326.20829
G1 F1800 Z2.5
G0 F4800 X95.718 Y129.7 Z2.5
G1 F1800 Z2.4
G1 F1500 E2336.20829
G1 F2400 X96.282 Y129.24 E2336.23225
G1 X96.62 Y128.506 E2336.25886
G1 X96.592 Y127.681 E2336.28604
G1 X96.359 Y127.14 E2336.30563
G1 X95.77 Y126.577 E2336.33328
G1 X95.257 Y126.376 E2336.35188
G1 X94.487 Y126.368 E2336.37749
G1 X93.974 Y126.559 E2336.39565
G1 X93.464 Y126.979 E2336.41751
G1 X93.22 Y127.369 E2336.43266
G1 X93.046 Y128.082 E2336.45683
G1 X93.224 Y128.915 E2336.48537
G1 X93.659 Y129.473 E2336.5089
G1 X94.001 Y129.718 E2336.52283
G1 X94.568 Y129.903 E2336.54266
G1 X95.05 Y129.916 E2336.55846
G1 X95.718 Y129.7 E2336.58146
G0 F4800 X95.872 Y129.574
G0 X95.753 Y130.126
G1 F2400 X95.193 Y130.301 E2336.60141
G1 X94.423 Y130.282 E2336.62741
G1 X93.717 Y130.043 E2336.65258
G1 X93.163 Y129.531 E2336.67842
G1 X92.921 Y129.185 E2336.69281
G1 X92.642 Y128.436 E2336.71993
G1 X92.727 Y127.585 E2336.74923
G1 X92.92 Y127.075 E2336.76773
G1 X93.157 Y126.723 E2336.78188
G1 X93.574 Y126.341 E2336.80088
G1 X93.942 Y126.128 E2336.8153
G1 X94.46 Y125.965 E2336.83354
G1 X95.346 Y125.986 E2336.86302
G1 X96.002 Y126.232 E2336.88667
G1 X96.532 Y126.729 E2336.9118
G1 X96.776 Y127.075 E2336.92624
G1 X96.977 Y127.583 E2336.94441
G1 X97.035 Y128.247 E2336.96713
G1 X96.982 Y128.664 E2336.98146
G1 X96.673 Y129.416 E2337.00837
G1 X96.122 Y129.914 E2337.03325
G1 X95.753 Y130.126 E2337.04776
G0 F4800 X95.563 Y130.185
G1 F1500 E2327.04776
G1 F1800 Z2.5
;MESH:NONMESH
G0 F4800 X95.157 Y99.732 Z2.5
;TIME_ELAPSED:2761.050892
;LAYER:12
;MESH:I2C_LED_BTN-Body.stl
G0 X95.157 Y99.732 Z2.7
;TYPE:WALL-OUTER
G1 F1800 Z2.6
G1 F1500 E2337.04776
G1 F2400 X94.422 Y99.288 E2337.07704
G1 X93.773 Y98.608 E2337.10924
G1 X93.41 Y97.967 E2337.13423
G1 X93.173 Y97.299 E2337.15816
G1 X93.059 Y96.568 E2337.18258
G1 X93.08 Y96.032 E2337.20038
G1 X93.169 Y95.514 E2337.21812
G1 X93.422 Y94.801 E2337.24354
G1 X93.811 Y94.152 E2337.26895
G1 X94.348 Y93.597 E2337.2949
G1 X94.829 Y93.245 E2337.31492
G1 X95.159 Y93.081 E2337.32724
G1 X95.159 Y93.518 E2337.34184
G1 X94.769 Y93.759 E2337.35702
G1 X94.177 Y94.308 E2337.38333
G1 X93.727 Y95.086 E2337.41248
G1 X93.528 Y95.74 E2337.43487
G1 X93.449 Y96.548 E2337.46147
G1 X93.622 Y97.515 E2337.49349
G1 X94.097 Y98.357 E2337.52573
G1 X94.579 Y98.883 E2337.54981
G1 X95.157 Y99.27 E2337.57318
G1 X95.157 Y99.732 E2337.58877
G0 F4800 X94.986 Y99.629
G1 F1500 E2327.58877
G0 F4800 X94.758 Y99.252
G0 X96.025 Y99.295
G0 X97.495 Y99.366
G0 X98.366 Y99.709
G1 F1500 E2337.58877
G1 F2400 X98.366 Y99.302 E2337.60251
G1 X99.057 Y98.763 E2337.63137
G1 X99.465 Y98.28 E2337.65193
G1 X99.777 Y97.73 E2337.67275
G1 X100.016 Y96.996 E2337.69804
G1 X100.053 Y96.306 E2337.72045
G1 X99.967 Y95.65 E2337.74201
G1 X99.757 Y95.009 E2337.764
G1 X99.341 Y94.341 E2337.78984
G1 X98.903 Y93.895 E2337.81043
G1 X98.362 Y93.525 E2337.83223
G1 X98.362 Y93.042 E2337.84845
G1 X99.091 Y93.526 E2337.87799
G1 X99.569 Y93.996 E2337.90062
G1 X99.988 Y94.604 E2337.92567
G1 X100.274 Y95.259 E2337.94992
G1 X100.431 Y95.999 E2337.97546
G1 X100.449 Y96.632 E2337.99684
G1 X100.375 Y97.179 E2338.01519
G1 X100.087 Y98.046 E2338.04596
G1 X99.58 Y98.813 E2338.07792
G1 X98.887 Y99.442 E2338.11091
G1 X98.366 Y99.709 E2338.13136
G0 F4800 X98.366 Y99.509
G1 F1500 E2328.13136
G0 F4800 X99.422 Y100.146
G0 X109.001 Y97.642
G0 X110.397 Y97.532
G1 F1500 E2338.13136
G1 F2400 X109.662 Y97.088 E2338.16063
G1 X109.013 Y96.408 E2338.19283
G1 X108.65 Y95.767 E2338.21783
G1 X108.413 Y95.099 E2338.24175
G1 X108.299 Y94.368 E2338.26618
G1 X108.32 Y93.832 E2338.28397
G1 X108.409 Y93.314 E2338.30172
G1 X108.662 Y92.601 E2338.32713
G1 X109.051 Y91.952 E2338.35255
G1 X109.588 Y91.397 E2338.37849
G1 X110.069 Y91.045 E2338.39851
G1 X110.399 Y90.881 E2338.41083
G1 X110.399 Y91.318 E2338.42544
G1 X110.009 Y91.559 E2338.44061
G1 X109.417 Y92.108 E2338.46693
G1 X108.967 Y92.886 E2338.49607
G1 X108.768 Y93.54 E2338.51847
G1 X108.689 Y94.348 E2338.54507
G1 X108.862 Y95.315 E2338.57709
G1 X109.337 Y96.157 E2338.60932
G1 X109.819 Y96.683 E2338.63341
G1 X110.397 Y97.07 E2338.65677
G1 X110.397 Y97.532 E2338.67237
G0 F4800 X110.226 Y97.429
G1 F1500 E2328.67237
G0 F4800 X109.998 Y97.052
G0 X111.265 Y97.095
G0 X112.735 Y97.166
G0 X113.606 Y97.509
G1 F1500 E2338.67237
G1 F2400 X113.606 Y97.1 E2338.68618
G1 X114.284 Y96.576 E2338.71439
G1 X114.704 Y96.087 E2338.73546
G1 X115.023 Y95.514 E2338.75716
G1 X115.256 Y94.796 E2338.78183
G1 X115.293 Y94.106 E2338.80424
G1 X115.207 Y93.45 E2338.8258
G1 X114.997 Y92.809 E2338.84779
G1 X114.581 Y92.141 E2338.87363
G1 X114.143 Y91.695 E2338.89422
G1 X113.602 Y91.325 E2338.91602
G1 X113.602 Y90.842 E2338.93224
G1 X114.331 Y91.326 E2338.96178
G1 X114.809 Y91.796 E2338.98441
G1 X115.228 Y92.404 E2339.00946
G1 X115.514 Y93.059 E2339.03371
G1 X115.671 Y93.799 E2339.05925
G1 X115.689 Y94.432 E2339.08063
G1 X115.615 Y94.979 E2339.09898
G1 X115.391 Y95.673 E2339.123
G1 X115.097 Y96.215 E2339.14361
G1 X114.754 Y96.673 E2339.16312
G1 X114.127 Y97.242 E2339.1929
G1 X113.606 Y97.509 E2339.21334
G0 F4800 X113.606 Y97.309
G1 F1500 E2329.21334
G0 F4800 X114.662 Y97.946
G0 X124.544 Y100.078
G0 X125.638 Y99.732
G1 F1500 E2339.21334
G1 F2400 X125.101 Y99.407 E2339.23474
G1 X124.608 Y98.997 E2339.2566
G1 X124.222 Y98.537 E2339.27667
G1 X123.889 Y97.962 E2339.29894
G1 X123.653 Y97.299 E2339.32264
G1 X123.539 Y96.568 E2339.34706
G1 X123.56 Y96.032 E2339.36486
G1 X123.649 Y95.514 E2339.3826
G1 X123.902 Y94.801 E2339.40801
G1 X124.291 Y94.152 E2339.43343
G1 X124.828 Y93.597 E2339.45938
G1 X125.309 Y93.245 E2339.4794
G1 X125.639 Y93.081 E2339.49172
G1 X125.639 Y93.518 E2339.50632
G1 X125.249 Y93.759 E2339.5215
G1 X124.657 Y94.308 E2339.54781
G1 X124.207 Y95.086 E2339.57696
G1 X124.008 Y95.74 E2339.59935
G1 X123.929 Y96.548 E2339.62595
G1 X124.101 Y97.511 E2339.65767
G1 X124.561 Y98.325 E2339.68846
G1 X124.98 Y98.809 E2339.70965
G1 X125.638 Y99.27 E2339.73643
G1 X125.638 Y99.732 E2339.75199
G0 F4800 X125.467 Y99.629
G1 F1500 E2329.75199
G0 F4800 X125.853 Y98.366
G0 X127.975 Y99.366
G0 X128.846 Y99.709
G1 F1500 E2339.75199
G1 F2400 X128.846 Y99.3 E2339.7658
G1 X129.524 Y98.776 E2339.79402
G1 X129.944 Y98.287 E2339.81508
G1 X130.263 Y97.714 E2339.83678
G1 X130.496 Y96.996 E2339.86145
G1 X130.533 Y96.306 E2339.88386
G1 X130.447 Y95.65 E2339.90542
G1 X130.237 Y95.009 E2339.92741
G1 X129.821 Y94.341 E2339.95326
G1 X129.383 Y93.895 E2339.97384
G1 X128.842 Y93.525 E2339.99564
G1 X128.842 Y93.042 E2340.01187
G1 X129.571 Y93.526 E2340.04141
G1 X130.049 Y93.996 E2340.06404
G1 X130.468 Y94.604 E2340.08909
G1 X130.754 Y95.259 E2340.11333
G1 X130.911 Y95.999 E2340.13887
G1 X130.929 Y96.632 E2340.16025
G1 X130.855 Y97.179 E2340.17861
G1 X130.631 Y97.873 E2340.20262
G1 X130.337 Y98.415 E2340.22323
G1 X129.994 Y98.873 E2340.24274
G1 X129.367 Y99.442 E2340.27252
G1 X128.846 Y99.709 E2340.29296
G0 F4800 X128.846 Y99.509
G1 F1500 E2330.29296
G0 F4800 X129.613 Y100.299
G0 X132.22 Y118.003
G0 X132.22 Y126.903
G0 X129.151 Y147.335
G0 X112 Y148.598
;TYPE:WALL-INNER
G1 F1500 E2340.29296
G1 F2400 X88.303 Y148.6 E2341.12054
G1 X87.905 Y148.252 E2341.13935
G1 X87.904 Y136.177 E2341.5731
G1 X87.903 Y124.102 E2342.00383
G1 X87.902 Y112.027 E2342.43256
G1 X87.902 Y99.952 E2342.85827
G1 X87.901 Y87.877 E2343.28198
G1 X87.9 Y75.802 E2343.70267
G1 X88.245 Y75.405 E2343.72108
G1 X104.079 Y75.403 E2344.28195
G1 X119.913 Y75.402 E2344.84809
G1 X135.747 Y75.4 E2345.4195
G1 X136.1 Y75.801 E2345.43847
G1 X136.099 Y87.877 E2345.85919
G1 X136.098 Y99.953 E2346.28293
G1 X136.097 Y112.029 E2346.70868
G1 X136.097 Y124.105 E2347.13744
G1 X136.096 Y136.181 E2347.56821
G1 X136.095 Y148.257 E2348.00199
G1 X135.692 Y148.595 E2348.02054
G1 X112 Y148.598 E2348.84006
G0 F4800 X112 Y148.998
G1 F2400 X135.868 Y148.997 E2349.66566
G1 X136.497 Y148.482 E2349.69432
G1 X136.498 Y136.34 E2350.13048
G1 X136.498 Y124.198 E2350.5636
G1 X136.499 Y112.056 E2350.9947
G1 X136.499 Y99.914 E2351.42278
G1 X136.5 Y87.772 E2351.84883
G1 X136.5 Y75.63 E2352.27186
G1 X136 Y75.024 E2352.30021
G1 X135.5 Y75 E2352.31786
G1 X127.585 Y75.001 E2352.58243
G1 X119.67 Y75.001 E2352.84963
G1 X111.755 Y75.002 E2353.11947
G1 X103.84 Y75.002 E2353.39194
G1 X95.925 Y75.003 E2353.66704
G1 X88.01 Y75.003 E2353.94477
G1 X87.5 Y75.632 E2353.97312
G1 X87.501 Y87.774 E2354.39615
G1 X87.501 Y99.916 E2354.8222
G1 X87.502 Y112.058 E2355.25028
G1 X87.502 Y124.2 E2355.68138
G1 X87.503 Y136.342 E2356.1145
G1 X87.503 Y148.484 E2356.55066
G1 X88.131 Y149 E2356.57958
G1 X112 Y148.998 E2357.41316
G0 F4800 X112 Y149.4
;TYPE:WALL-OUTER
G1 F2400 X136.029 Y149.4 E2358.21237
G1 X136.9 Y148.703 E2358.24947
G1 X136.9 Y75.467 E2360.68531
G1 X136.204 Y74.6 E2360.72229
G1 X87.793 Y74.6 E2362.33245
G1 X87.101 Y75.467 E2362.36934
G1 X87.1 Y148.704 E2364.80522
G1 X87.967 Y149.4 E2364.84219
G1 X112 Y149.4 E2365.64154
G0 F4800 X112.2 Y149.4
G0 X112.2 Y149.09
G0 X112 Y148.51
G0 X112 Y148.199
G1 F2400 X88.399 Y148.2 E2366.42651
G1 X88.302 Y148.035 E2366.43287
G1 X88.3 Y75.901 E2368.83206
G1 X88.465 Y75.802 E2368.83846
G1 X135.573 Y75.8 E2370.40528
G1 X135.7 Y75.939 E2370.41154
G1 X135.698 Y148.035 E2372.80946
G1 X135.535 Y148.198 E2372.81713
G1 X112 Y148.199 E2373.59991
G0 F4800 X111.8 Y148.199
G1 F1500 E2363.59991
G0 F4800 X111.8 Y148.51
G0 X127.967 Y148.41
G0 X127.967 Y147.335
G0 X126.08 Y126.87
G0 X126.157 Y126.256
G0 X127.631 Y120.663
G0 X127.967 Y119.683
G1 F1500 E2373.59991
G1 F2400 X127.367 Y118.981 E2373.65443
G1 X127.179 Y118.474 E2373.68653
G1 X127.111 Y117.968 E2373.71727
G1 X127.171 Y117.436 E2373.74905
G1 X127.365 Y116.963 E2373.77889
G1 X127.728 Y116.5 E2373.81275
G1 X128.303 Y116.107 E2373.85317
G1 X128.795 Y115.966 E2373.88385
G1 X129.379 Y115.929 E2373.91947
G1 X129.915 Y116.074 E2373.95276
G1 X130.333 Y116.308 E2373.98116
G1 X130.834 Y116.759 E2374.02023
G1 X131.154 Y117.457 E2374.06288
G1 X131.199 Y118.328 E2374.11125
G1 X130.857 Y119.122 E2374.16027
G1 X130.196 Y119.759 E2374.2134
G1 X129.362 Y120.005 E2374.2656
G1 X128.782 Y119.967 E2374.30117
G1 X127.967 Y119.683 E2374.35313
G1 F1500 E2364.35313
G1 F1800 Z2.7
G0 F4800 X127.967 Y128.583 Z2.7
G1 F1800 Z2.6
G1 F1500 E2374.35313
G1 F2400 X127.367 Y127.881 E2374.40765
G1 X127.179 Y127.374 E2374.43975
G1 X127.111 Y126.868 E2374.47049
G1 X127.171 Y126.336 E2374.50227
G1 X127.365 Y125.863 E2374.53211
G1 X127.728 Y125.4 E2374.56597
G1 X128.303 Y125.007 E2374.60639
G1 X128.793 Y124.857 E2374.63673
G1 X129.381 Y124.815 E2374.67143
G1 X130.161 Y125.057 E2374.71896
G1 X130.835 Y125.663 E2374.77097
G1 X131.154 Y126.357 E2374.81352
G1 X131.199 Y127.228 E2374.86189
G1 X130.857 Y128.022 E2374.91092
G1 X130.196 Y128.659 E2374.96404
G1 X129.362 Y128.905 E2375.01624
G1 X128.782 Y128.867 E2375.05181
G1 X127.967 Y128.583 E2375.10377
G1 F1500 E2365.10377
G0 F4800 X127.297 Y129.306
G0 X126.153 Y131.652
G0 X112.001 Y131.664
G0 X112 Y130.824
G1 F1500 E2375.10377
G1 F2400 X98.675 Y130.825 E2375.49046
G1 X98.675 Y130.475 E2375.50064
G1 X125.326 Y130.474 E2376.27404
G1 X125.326 Y130.822 E2376.28411
G1 X112 Y130.824 E2376.66972
G0 F4800 X111.8 Y130.824
G1 F1500 E2366.66972
G0 F4800 X111.801 Y131.664
G0 X97.847 Y131.653
G0 X96.646 Y130.618
G0 X95.896 Y129.919
G1 F1500 E2376.66972
G1 F2400 X95.062 Y130.165 E2376.72192
G1 X94.482 Y130.127 E2376.75749
G1 X93.667 Y129.843 E2376.80945
G1 X93.067 Y129.141 E2376.86396
G1 X92.879 Y128.634 E2376.89607
G1 X92.811 Y128.128 E2376.9268
G1 X92.871 Y127.596 E2376.95859
G1 X93.065 Y127.123 E2376.98843
G1 X93.428 Y126.66 E2377.02228
G1 X94.003 Y126.267 E2377.0627
G1 X94.495 Y126.126 E2377.09339
G1 X95.079 Y126.089 E2377.12901
G1 X95.615 Y126.234 E2377.16229
G1 X96.033 Y126.468 E2377.19069
G1 X96.534 Y126.919 E2377.22976
G1 X96.854 Y127.617 E2377.27241
G1 X96.899 Y128.488 E2377.32078
G1 X96.557 Y129.282 E2377.36981
G1 X95.896 Y129.919 E2377.42294
G1 F1500 E2367.42294
G1 F1800 Z2.7
;MESH:NONMESH
G0 F4800 X95.163 Y99.75 Z2.7
;TIME_ELAPSED:2801.833468
;LAYER:13
;MESH:I2C_LED_BTN-Body.stl
G0 X95.163 Y99.75 Z2.9
;TYPE:WALL-OUTER
G1 F1800 Z2.8
G1 F1500 E2377.42294
G1 F2400 X94.539 Y99.353 E2377.44772
G1 X94.017 Y98.877 E2377.47151
G1 X93.519 Y98.206 E2377.49944
G1 X93.205 Y97.472 E2377.52626
G1 X93.076 Y96.77 E2377.55024
G1 X93.076 Y96.03 E2377.57485
G1 X93.172 Y95.5 E2377.59285
G1 X93.427 Y94.788 E2377.61832
G1 X93.845 Y94.129 E2377.64493
G1 X94.258 Y93.678 E2377.66567
G1 X94.768 Y93.28 E2377.6874
G1 X95.16 Y93.083 E2377.70207
G1 X95.16 Y93.518 E2377.71654
G1 X94.85 Y93.708 E2377.72857
G1 X94.319 Y94.168 E2377.75159
G1 X93.82 Y94.89 E2377.78019
G1 X93.594 Y95.47 E2377.80053
G1 X93.473 Y96.071 E2377.82077
G1 X93.474 Y96.727 E2377.84259
G1 X93.594 Y97.351 E2377.86394
G1 X93.906 Y98.101 E2377.89095
G1 X94.43 Y98.743 E2377.91797
G1 X95.163 Y99.319 E2377.94835
G1 X95.163 Y99.75 E2377.96254
G0 F4800 X94.995 Y99.643
G1 F1500 E2367.96254
G0 F4800 X96.025 Y99.643
G0 X97.495 Y99.352
G0 X98.364 Y99.708
G1 F1500 E2377.96254
G1 F2400 X98.364 Y99.27 E2377.97744
G1 X99.028 Y98.791 E2378.00474
G1 X99.492 Y98.266 E2378.02752
G1 X99.892 Y97.481 E2378.05587
G1 X100.044 Y96.737 E2378.08037
G1 X100.052 Y96.152 E2378.09983
G1 X99.905 Y95.343 E2378.12772
G1 X99.522 Y94.581 E2378.1563
G1 X99.06 Y94.031 E2378.18001
G1 X98.363 Y93.527 E2378.20862
G1 X98.363 Y93.091 E2378.22337
G1 X98.751 Y93.291 E2378.23826
G1 X99.373 Y93.779 E2378.26527
G1 X99.952 Y94.487 E2378.29653
G1 X100.288 Y95.277 E2378.32523
G1 X100.471 Y96.197 E2378.35658
G1 X100.407 Y96.993 E2378.38381
G1 X100.243 Y97.657 E2378.40667
G1 X99.992 Y98.184 E2378.42628
G1 X99.689 Y98.651 E2378.44507
G1 X99.222 Y99.158 E2378.46823
G1 X98.753 Y99.507 E2378.48816
G1 X98.364 Y99.708 E2378.50316
G0 F4800 X98.364 Y99.508
G1 F1500 E2368.50316
G0 F4800 X98.676 Y99.311
G0 X99.325 Y100.169
G0 X109.919 Y98.264
G0 X110.403 Y97.55
G1 F1500 E2378.50316
G1 F2400 X109.779 Y97.153 E2378.52794
G1 X109.257 Y96.677 E2378.55173
G1 X108.759 Y96.006 E2378.57966
G1 X108.445 Y95.272 E2378.60648
G1 X108.316 Y94.57 E2378.63046
G1 X108.316 Y93.83 E2378.65507
G1 X108.412 Y93.3 E2378.67307
G1 X108.667 Y92.588 E2378.69854
G1 X109.085 Y91.929 E2378.72515
G1 X109.498 Y91.478 E2378.74589
G1 X110.008 Y91.08 E2378.76762
G1 X110.4 Y90.883 E2378.78229
G1 X110.4 Y91.318 E2378.79676
G1 X110.09 Y91.508 E2378.80879
G1 X109.559 Y91.968 E2378.83181
G1 X109.06 Y92.69 E2378.86041
G1 X108.834 Y93.27 E2378.88075
G1 X108.713 Y93.871 E2378.90099
G1 X108.714 Y94.527 E2378.92281
G1 X108.834 Y95.151 E2378.94416
G1 X109.146 Y95.901 E2378.97117
G1 X109.67 Y96.543 E2378.99819
G1 X110.403 Y97.119 E2379.02857
G1 X110.403 Y97.55 E2379.04276
G0 F4800 X110.235 Y97.443
G1 F1500 E2369.04276
G0 F4800 X111.265 Y97.443
G0 X112.735 Y97.152
G0 X113.604 Y97.508
G1 F1500 E2379.04276
G1 F2400 X113.604 Y97.07 E2379.05766
G1 X114.305 Y96.57 E2379.08701
G1 X114.756 Y96.019 E2379.11064
G1 X115.132 Y95.281 E2379.13722
G1 X115.284 Y94.537 E2379.16172
G1 X115.292 Y93.952 E2379.18118
G1 X115.133 Y93.079 E2379.21077
G1 X114.691 Y92.295 E2379.24025
G1 X114.272 Y91.811 E2379.26123
G1 X113.603 Y91.327 E2379.28869
G1 X113.603 Y90.891 E2379.30344
G1 X113.991 Y91.091 E2379.31833
G1 X114.809 Y91.736 E2379.35419
G1 X115.312 Y92.561 E2379.38729
G1 X115.528 Y93.077 E2379.40589
G1 X115.711 Y93.997 E2379.43725
G1 X115.647 Y94.793 E2379.46447
G1 X115.483 Y95.457 E2379.48733
G1 X115.187 Y96.076 E2379.51044
G1 X114.637 Y96.822 E2379.54227
G1 X113.993 Y97.307 E2379.57015
G1 X113.604 Y97.508 E2379.58516
G0 F4800 X113.604 Y97.308
G1 F1500 E2369.58516
G0 F4800 X113.917 Y97.112
G0 X114.565 Y97.969
G0 X125.159 Y100.464
G0 X125.643 Y99.75
G1 F1500 E2379.58516
G1 F2400 X125.019 Y99.353 E2379.60994
G1 X124.497 Y98.877 E2379.63373
G1 X123.999 Y98.206 E2379.66166
G1 X123.685 Y97.472 E2379.68848
G1 X123.556 Y96.77 E2379.71246
G1 X123.556 Y96.03 E2379.73707
G1 X123.652 Y95.5 E2379.75507
G1 X123.907 Y94.788 E2379.78054
G1 X124.325 Y94.129 E2379.80715
G1 X124.738 Y93.678 E2379.82789
G1 X125.248 Y93.28 E2379.84962
G1 X125.64 Y93.083 E2379.86429
G1 X125.64 Y93.518 E2379.87876
G1 X125.33 Y93.708 E2379.89079
G1 X124.799 Y94.168 E2379.91381
G1 X124.3 Y94.89 E2379.94241
G1 X124.074 Y95.47 E2379.96275
G1 X123.953 Y96.071 E2379.98299
G1 X123.954 Y96.727 E2380.00481
G1 X124.074 Y97.351 E2380.02616
G1 X124.386 Y98.101 E2380.05317
G1 X124.91 Y98.743 E2380.08018
G1 X125.643 Y99.319 E2380.11057
G1 X125.643 Y99.75 E2380.12476
G0 F4800 X125.475 Y99.643
G1 F1500 E2370.12476
G0 F4800 X126.505 Y99.643
G0 X127.975 Y99.352
G0 X128.844 Y99.708
G1 F1500 E2380.12476
G1 F2400 X128.844 Y99.27 E2380.13966
G1 X129.545 Y98.77 E2380.16901
G1 X129.996 Y98.219 E2380.19264
G1 X130.372 Y97.481 E2380.21922
G1 X130.524 Y96.737 E2380.24372
G1 X130.532 Y96.152 E2380.26318
G1 X130.373 Y95.279 E2380.29277
G1 X129.931 Y94.495 E2380.32225
G1 X129.512 Y94.011 E2380.34322
G1 X128.843 Y93.527 E2380.37069
G1 X128.843 Y93.091 E2380.38544
G1 X129.231 Y93.291 E2380.40032
G1 X130.049 Y93.936 E2380.43618
G1 X130.552 Y94.761 E2380.46929
G1 X130.768 Y95.277 E2380.48789
G1 X130.951 Y96.197 E2380.51925
G1 X130.887 Y96.993 E2380.54647
G1 X130.723 Y97.657 E2380.56933
G1 X130.427 Y98.276 E2380.59244
G1 X129.877 Y99.022 E2380.62427
G1 X129.233 Y99.507 E2380.65215
G1 X128.844 Y99.708 E2380.66715
G0 F4800 X128.844 Y99.508
G1 F1500 E2370.66715
G0 F4800 X129.157 Y99.312
G0 X129.574 Y100.312
G0 X132.128 Y117.222
G0 X132.216 Y118.117
G0 X132.216 Y127.017
G0 X129.088 Y147.335
G0 X112 Y148.598
;TYPE:WALL-INNER
G1 F1500 E2380.66715
G1 F2400 X88.303 Y148.6 E2381.49473
G1 X87.905 Y148.252 E2381.51354
G1 X87.904 Y136.177 E2381.94729
G1 X87.903 Y124.102 E2382.37802
G1 X87.902 Y112.027 E2382.80675
G1 X87.902 Y99.952 E2383.23246
G1 X87.901 Y87.877 E2383.65616
G1 X87.9 Y75.802 E2384.07686
G1 X88.245 Y75.405 E2384.09527
G1 X104.079 Y75.403 E2384.65614
G1 X119.913 Y75.402 E2385.22228
G1 X135.747 Y75.4 E2385.79369
G1 X136.1 Y75.801 E2385.81266
G1 X136.099 Y87.877 E2386.23338
G1 X136.098 Y99.953 E2386.65712
G1 X136.097 Y112.029 E2387.08287
G1 X136.097 Y124.105 E2387.51163
G1 X136.096 Y136.181 E2387.9424
G1 X136.095 Y148.257 E2388.37618
G1 X135.692 Y148.595 E2388.39473
G1 X112 Y148.598 E2389.21425
G0 F4800 X112 Y148.998
G1 F2400 X135.868 Y148.997 E2390.03985
G1 X136.497 Y148.482 E2390.06851
G1 X136.498 Y136.34 E2390.50467
G1 X136.498 Y124.198 E2390.93779
G1 X136.499 Y112.056 E2391.36889
G1 X136.499 Y99.914 E2391.79697
G1 X136.5 Y87.772 E2392.22302
G1 X136.5 Y75.63 E2392.64605
G1 X136 Y75.024 E2392.6744
G1 X135.5 Y75 E2392.69205
G1 X127.585 Y75.001 E2392.95662
G1 X119.67 Y75.001 E2393.22382
G1 X111.755 Y75.002 E2393.49366
G1 X103.84 Y75.002 E2393.76613
G1 X95.925 Y75.003 E2394.04123
G1 X88.01 Y75.003 E2394.31896
G1 X87.5 Y75.632 E2394.34731
G1 X87.501 Y87.774 E2394.77033
G1 X87.501 Y99.916 E2395.19639
G1 X87.502 Y112.058 E2395.62447
G1 X87.502 Y124.2 E2396.05557
G1 X87.503 Y136.342 E2396.48869
G1 X87.503 Y148.484 E2396.92485
G1 X88.131 Y149 E2396.95377
G1 X112 Y148.998 E2397.78735
G0 F4800 X112 Y149.4
;TYPE:WALL-OUTER
G1 F2400 X136.029 Y149.4 E2398.58656
G1 X136.9 Y148.703 E2398.62366
G1 X136.9 Y75.467 E2401.0595
G1 X136.204 Y74.6 E2401.09648
G1 X87.793 Y74.6 E2402.70664
G1 X87.101 Y75.467 E2402.74353
G1 X87.1 Y148.704 E2405.17941
G1 X87.967 Y149.4 E2405.21638
G1 X112 Y149.4 E2406.01573
G0 F4800 X112.2 Y149.4
G0 X112.2 Y149.09
G0 X112 Y148.51
G0 X112 Y148.199
G1 F2400 X88.399 Y148.2 E2406.8007
G1 X88.302 Y148.035 E2406.80706
G1 X88.3 Y75.901 E2409.20625
G1 X88.465 Y75.802 E2409.21265
G1 X135.573 Y75.8 E2410.77947
G1 X135.7 Y75.939 E2410.78573
G1 X135.698 Y148.035 E2413.18365
G1 X135.535 Y148.198 E2413.19132
G1 X112 Y148.199 E2413.9741
G0 F4800 X111.8 Y148.199
G1 F1500 E2403.9741
G0 F4800 X111.8 Y148.51
G0 X128.623 Y148.41
G0 X128.623 Y147.335
G0 X126.085 Y127.014
G0 X126.143 Y126.243
G0 X128.381 Y120.926
G0 X128.623 Y120.082
G1 F1500 E2413.9741
G1 F2400 X127.898 Y119.713 E2414.00805
G1 X127.421 Y119.253 E2414.03594
G1 X127.1 Y118.634 E2414.0658
G1 X127.004 Y117.967 E2414.09415
G1 X127.048 Y117.521 E2414.11252
G1 X127.28 Y116.934 E2414.13939
G1 X127.509 Y116.596 E2414.15725
G1 X128.148 Y116.036 E2414.19413
G1 X129.06 Y115.812 E2414.23442
G1 X129.756 Y115.894 E2414.26379
G1 X130.405 Y116.227 E2414.29387
G1 X130.967 Y116.784 E2414.32677
G1 X131.217 Y117.439 E2414.35685
G1 X131.286 Y118.093 E2414.38545
G1 X131.222 Y118.491 E2414.40288
G1 X131.001 Y119.06 E2414.42892
G1 X130.549 Y119.581 E2414.4584
G1 X130.12 Y119.865 E2414.48103
G1 X129.521 Y120.089 E2414.50921
G1 X128.623 Y120.082 E2414.54759
G1 F1500 E2404.54759
G1 F1800 Z2.9
G0 F4800 X128.623 Y128.982 Z2.9
G1 F1800 Z2.8
G1 F1500 E2414.54759
G1 F2400 X127.898 Y128.613 E2414.58155
G1 X127.421 Y128.153 E2414.60943
G1 X127.1 Y127.534 E2414.63929
G1 X127.004 Y126.867 E2414.66764
G1 X127.048 Y126.421 E2414.68601
G1 X127.28 Y125.834 E2414.71288
G1 X127.509 Y125.496 E2414.73074
G1 X128.148 Y124.936 E2414.76762
G1 X129.06 Y124.712 E2414.80791
G1 X129.756 Y124.794 E2414.83728
G1 X130.405 Y125.127 E2414.86737
G1 X130.967 Y125.684 E2414.90026
G1 X131.217 Y126.339 E2414.93034
G1 X131.286 Y126.993 E2414.95894
G1 X131.222 Y127.391 E2414.97637
G1 X131.001 Y127.96 E2415.00241
G1 X130.549 Y128.481 E2415.03189
G1 X130.12 Y128.765 E2415.05452
G1 X129.521 Y128.989 E2415.0827
G1 X128.623 Y128.982 E2415.12108
G1 F1500 E2405.12108
G0 F4800 X128.011 Y129.719
G0 X126.506 Y129.661
G0 X98.75 Y129.635
G0 X98.75 Y130.55
G1 F1500 E2415.12108
G1 F2400 X125.252 Y130.548 E2416.2185
G1 F1500 E2406.2185
G0 F4800 X125.252 Y129.635
G0 X97.847 Y129.647
G0 X96.344 Y130.797
G0 X95.82 Y130.025
G1 F1500 E2416.2185
G1 F2400 X95.221 Y130.249 E2416.24668
G1 X94.323 Y130.242 E2416.28507
G1 X93.598 Y129.873 E2416.31902
G1 X93.121 Y129.413 E2416.3469
G1 X92.8 Y128.794 E2416.37676
G1 X92.704 Y128.127 E2416.40511
G1 X92.748 Y127.681 E2416.42349
G1 X92.98 Y127.094 E2416.45036
G1 X93.209 Y126.756 E2416.46821
G1 X93.848 Y126.196 E2416.50509
G1 X94.76 Y125.972 E2416.54539
G1 X95.456 Y126.054 E2416.57476
G1 X96.105 Y126.387 E2416.60484
G1 X96.667 Y126.944 E2416.63774
G1 X96.917 Y127.599 E2416.66782
G1 X96.986 Y128.253 E2416.69642
G1 X96.922 Y128.651 E2416.71385
G1 X96.701 Y129.22 E2416.73988
G1 X96.249 Y129.741 E2416.76936
G1 X95.82 Y130.025 E2416.79199
G1 F1500 E2406.79199
G1 F1800 Z2.9
;MESH:NONMESH
G0 F4800 X95.156 Y99.708 Z2.9
;TIME_ELAPSED:2842.308363
;LAYER:14
;MESH:I2C_LED_BTN-Body.stl
G0 X95.156 Y99.708 Z3.1
;TYPE:WALL-OUTER
G1 F1800 Z3
G1 F1500 E2416.79199
G1 F2400 X94.767 Y99.508 E2416.80694
G1 X94.274 Y99.136 E2416.82789
G1 X93.728 Y98.508 E2416.85599
G1 X93.42 Y97.976 E2416.87694
G1 X93.139 Y97.187 E2416.90536
G1 X93.063 Y96.4 E2416.93205
G1 X93.111 Y95.735 E2416.95445
G1 X93.275 Y95.166 E2416.97444
G1 X93.489 Y94.672 E2416.9927
G1 X93.973 Y93.954 E2417.02165
G1 X94.469 Y93.496 E2417.04421
G1 X95.162 Y93.043 E2417.07189
G1 X95.162 Y93.519 E2417.08764
G1 X94.843 Y93.715 E2417.09994
G1 X94.217 Y94.258 E2417.12681
G1 X93.778 Y94.975 E2417.15379
G1 X93.481 Y95.876 E2417.18424
G1 X93.48 Y96.739 E2417.21209
G1 X93.604 Y97.341 E2417.23202
G1 X93.901 Y98.073 E2417.25763
G1 X94.495 Y98.799 E2417.28844
G1 X95.156 Y99.27 E2417.31564
G1 X95.156 Y99.708 E2417.3305
G0 F4800 X94.978 Y99.617
G1 F1500 E2407.3305
G0 F4800 X96.025 Y99.272
G0 X97.495 Y99.267
G0 X98.364 Y99.707
G1 F1500 E2417.3305
G1 F2400 X98.364 Y99.27 E2417.34533
G1 X99.058 Y98.775 E2417.37425
G1 X99.458 Y98.293 E2417.39508
G1 X99.771 Y97.734 E2417.41585
G1 X99.999 Y97.007 E2417.44082
G1 X100.059 Y96.325 E2417.46347
G1 X99.928 Y95.488 E2417.49123
G1 X99.754 Y95.022 E2417.50744
G1 X99.314 Y94.292 E2417.53537
G1 X98.694 Y93.726 E2417.56294
G1 X98.359 Y93.519 E2417.5759
G1 X98.359 Y93.083 E2417.5903
G1 X98.802 Y93.309 E2417.60709
G1 X99.372 Y93.765 E2417.63258
G1 X99.935 Y94.492 E2417.66484
G1 X100.248 Y95.177 E2417.69052
G1 X100.417 Y95.903 E2417.71568
G1 X100.456 Y96.436 E2417.73381
G1 X100.361 Y97.353 E2417.76524
G1 X100.108 Y97.928 E2417.78619
G1 X99.88 Y98.386 E2417.80304
G1 X99.384 Y99.03 E2417.83061
G1 X98.757 Y99.503 E2417.85758
G1 X98.364 Y99.707 E2417.87275
G0 F4800 X98.364 Y99.507
G1 F1500 E2407.87275
G0 F4800 X99.335 Y100.162
G0 X109.428 Y97.963
G0 X110.396 Y97.508
G1 F1500 E2417.87275
G1 F2400 X110.007 Y97.308 E2417.8877
G1 X109.514 Y96.936 E2417.90865
G1 X108.968 Y96.308 E2417.93675
G1 X108.66 Y95.776 E2417.9577
G1 X108.379 Y94.987 E2417.98612
G1 X108.303 Y94.2 E2418.01281
G1 X108.351 Y93.535 E2418.03521
G1 X108.515 Y92.966 E2418.0552
G1 X108.729 Y92.472 E2418.07346
G1 X109.213 Y91.754 E2418.10241
G1 X109.709 Y91.296 E2418.12497
G1 X110.402 Y90.843 E2418.15265
G1 X110.402 Y91.319 E2418.1684
G1 X110.083 Y91.515 E2418.1807
G1 X109.457 Y92.058 E2418.20757
G1 X109.018 Y92.775 E2418.23455
G1 X108.721 Y93.676 E2418.265
G1 X108.72 Y94.539 E2418.29285
G1 X108.844 Y95.141 E2418.31278
G1 X109.141 Y95.873 E2418.33839
G1 X109.735 Y96.599 E2418.3692
G1 X110.396 Y97.07 E2418.3964
G1 X110.396 Y97.508 E2418.41126
G0 F4800 X110.218 Y97.417
G1 F1500 E2408.41126
G0 F4800 X111.265 Y97.072
G0 X112.735 Y97.067
G0 X113.604 Y97.507
G1 F1500 E2418.41126
G1 F2400 X113.604 Y97.07 E2418.42609
G1 X114.262 Y96.598 E2418.45309
G1 X114.686 Y96.118 E2418.47407
G1 X115.004 Y95.556 E2418.49512
G1 X115.231 Y94.896 E2418.51798
G1 X115.3 Y94.114 E2418.54383
G1 X115.174 Y93.309 E2418.57053
G1 X115.007 Y92.856 E2418.58618
G1 X114.551 Y92.087 E2418.61525
G1 X113.897 Y91.498 E2418.64408
G1 X113.599 Y91.319 E2418.65553
G1 X113.599 Y90.883 E2418.66992
G1 X114.042 Y91.109 E2418.68671
G1 X114.619 Y91.572 E2418.71255
G1 X115.136 Y92.25 E2418.74218
G1 X115.511 Y93.032 E2418.7716
G1 X115.66 Y93.707 E2418.79505
G1 X115.696 Y94.235 E2418.81301
G1 X115.603 Y95.135 E2418.84385
G1 X115.276 Y95.92 E2418.87313
G1 X114.933 Y96.443 E2418.89435
G1 X114.473 Y96.95 E2418.91723
G1 X113.997 Y97.303 E2418.93738
G1 X113.604 Y97.507 E2418.95255
G0 F4800 X113.604 Y97.307
G1 F1500 E2408.95255
G0 F4800 X114.573 Y97.963
G0 X124.668 Y100.163
G0 X125.636 Y99.708
G1 F1500 E2418.95255
G1 F2400 X125.247 Y99.508 E2418.9675
G1 X124.754 Y99.136 E2418.98845
G1 X124.208 Y98.508 E2419.01655
G1 X123.9 Y97.976 E2419.0375
G1 X123.619 Y97.187 E2419.06592
G1 X123.543 Y96.4 E2419.09261
G1 X123.591 Y95.735 E2419.11501
G1 X123.755 Y95.166 E2419.135
G1 X123.969 Y94.672 E2419.15326
G1 X124.453 Y93.954 E2419.18221
G1 X124.949 Y93.496 E2419.20477
G1 X125.642 Y93.043 E2419.23245
G1 X125.642 Y93.519 E2419.2482
G1 X125.323 Y93.715 E2419.2605
G1 X124.697 Y94.258 E2419.28737
G1 X124.258 Y94.975 E2419.31435
G1 X123.961 Y95.876 E2419.3448
G1 X123.96 Y96.739 E2419.37265
G1 X124.084 Y97.341 E2419.39258
G1 X124.381 Y98.073 E2419.41819
G1 X124.975 Y98.799 E2419.449
G1 X125.636 Y99.27 E2419.4762
G1 X125.636 Y99.708 E2419.49106
G0 F4800 X125.458 Y99.617
G1 F1500 E2409.49106
G0 F4800 X126.505 Y99.272
G0 X127.975 Y99.267
G0 X128.844 Y99.707
G1 F1500 E2419.49106
G1 F2400 X128.844 Y99.27 E2419.50589
G1 X129.502 Y98.798 E2419.53289
G1 X129.926 Y98.318 E2419.55387
G1 X130.244 Y97.756 E2419.57492
G1 X130.471 Y97.096 E2419.59778
G1 X130.54 Y96.314 E2419.62363
G1 X130.414 Y95.509 E2419.65033
G1 X130.247 Y95.056 E2419.66598
G1 X129.791 Y94.287 E2419.69505
G1 X129.137 Y93.698 E2419.72388
G1 X128.839 Y93.519 E2419.73533
G1 X128.839 Y93.083 E2419.74972
G1 X129.282 Y93.309 E2419.76651
G1 X129.859 Y93.772 E2419.79235
G1 X130.376 Y94.45 E2419.82198
G1 X130.751 Y95.232 E2419.8514
G1 X130.9 Y95.907 E2419.87485
G1 X130.936 Y96.435 E2419.89281
G1 X130.843 Y97.335 E2419.92365
G1 X130.516 Y98.12 E2419.95293
G1 X130.173 Y98.643 E2419.97415
G1 X129.713 Y99.15 E2419.99703
G1 X129.237 Y99.503 E2420.01718
G1 X128.844 Y99.707 E2420.03235
G0 F4800 X128.844 Y99.507
G1 F1500 E2410.03235
G0 F4800 X129.647 Y100.274
G0 X129.135 Y147.335
G0 X112 Y148.598
;TYPE:WALL-INNER
G1 F1500 E2420.03235
G1 F2400 X88.303 Y148.6 E2420.85993
G1 X87.905 Y148.252 E2420.87874
G1 X87.904 Y136.177 E2421.31249
G1 X87.903 Y124.102 E2421.74322
G1 X87.902 Y112.027 E2422.17195
G1 X87.902 Y99.952 E2422.59766
G1 X87.901 Y87.877 E2423.02136
G1 X87.9 Y75.802 E2423.44206
G1 X88.245 Y75.405 E2423.46047
G1 X104.079 Y75.403 E2424.02134
G1 X119.913 Y75.402 E2424.58748
G1 X135.747 Y75.4 E2425.15889
G1 X136.1 Y75.801 E2425.17785
G1 X136.099 Y87.877 E2425.59858
G1 X136.098 Y99.953 E2426.02232
G1 X136.097 Y112.029 E2426.44807
G1 X136.097 Y124.105 E2426.87683
G1 X136.096 Y136.181 E2427.3076
G1 X136.095 Y148.257 E2427.74138
G1 X135.692 Y148.595 E2427.75992
G1 X112 Y148.598 E2428.57944
G0 F4800 X112 Y148.998
G1 F2400 X135.868 Y148.997 E2429.40505
G1 X136.497 Y148.482 E2429.43371
G1 X136.498 Y136.34 E2429.86986
G1 X136.498 Y124.198 E2430.30299
G1 X136.499 Y112.056 E2430.73409
G1 X136.499 Y99.914 E2431.16217
G1 X136.5 Y87.772 E2431.58822
G1 X136.5 Y75.63 E2432.01125
G1 X136 Y75.024 E2432.0396
G1 X135.5 Y75 E2432.05725
G1 X127.585 Y75.001 E2432.32182
G1 X119.67 Y75.001 E2432.58902
G1 X111.755 Y75.002 E2432.85886
G1 X103.84 Y75.002 E2433.13133
G1 X95.925 Y75.003 E2433.40643
G1 X88.01 Y75.003 E2433.68416
G1 X87.5 Y75.632 E2433.71251
G1 X87.501 Y87.774 E2434.13553
G1 X87.501 Y99.916 E2434.56159
G1 X87.502 Y112.058 E2434.98966
G1 X87.502 Y124.2 E2435.42077
G1 X87.503 Y136.342 E2435.85389
G1 X87.503 Y148.484 E2436.29004
G1 X88.131 Y149 E2436.31897
G1 X112 Y148.998 E2437.15255
G0 F4800 X112 Y149.4
;TYPE:WALL-OUTER
G1 F2400 X136.029 Y149.4 E2437.95176
G1 X136.9 Y148.703 E2437.98886
G1 X136.9 Y75.467 E2440.4247
G1 X136.204 Y74.6 E2440.46168
G1 X87.793 Y74.6 E2442.07184
G1 X87.101 Y75.467 E2442.10873
G1 X87.1 Y148.704 E2444.5446
G1 X87.967 Y149.4 E2444.58158
G1 X112 Y149.4 E2445.38092
G0 F4800 X112.2 Y149.4
G0 X112.2 Y149.09
G0 X112 Y148.51
G0 X112 Y148.199
G1 F2400 X88.399 Y148.2 E2446.1659
G1 X88.302 Y148.035 E2446.17226
G1 X88.3 Y75.901 E2448.57145
G1 X88.465 Y75.802 E2448.57785
G1 X135.573 Y75.8 E2450.14467
G1 X135.7 Y75.939 E2450.15093
G1 X135.698 Y148.035 E2452.54885
G1 X135.535 Y148.198 E2452.55652
G1 X112 Y148.199 E2453.3393
G0 F4800 X111.8 Y148.199
G1 F1500 E2443.3393
;MESH:NONMESH
G0 F1800 X111.8 Y148.199 Z3.2
G0 F4800 X111.8 Y148.51
G0 X94.873 Y148.41
G0 X94.873 Y147.335
G0 X94.364 Y100.281
G0 X95.154 Y99.71
;TIME_ELAPSED:2877.100821
;LAYER:15
;TYPE:WALL-OUTER
;MESH:I2C_LED_BTN-Body.stl
G1 F1500 E2453.3393
G1 F2400 X94.706 Y99.485 E2453.35672
G1 X94.143 Y99.013 E2453.38201
G1 X93.718 Y98.521 E2453.40396
G1 X93.333 Y97.829 E2453.43109
G1 X93.137 Y97.131 E2453.45587
G1 X93.056 Y96.33 E2453.48318
G1 X93.157 Y95.482 E2453.5125
G1 X93.509 Y94.594 E2453.54491
G1 X93.904 Y94.051 E2453.56747
G1 X94.443 Y93.499 E2453.59377
G1 X95.16 Y93.044 E2453.62272
G1 X95.16 Y93.518 E2453.63864
G1 X94.797 Y93.738 E2453.65273
G1 X94.329 Y94.163 E2453.67359
G1 X93.885 Y94.741 E2453.69765
G1 X93.576 Y95.509 E2453.72505
G1 X93.477 Y96.081 E2453.74412
G1 X93.48 Y96.734 E2453.76529
G1 X93.593 Y97.323 E2453.78494
G1 X93.95 Y98.185 E2453.81535
G1 X94.511 Y98.814 E2453.84282
G1 X95.154 Y99.289 E2453.86941
G1 X95.154 Y99.71 E2453.88369
G0 F4800 X94.976 Y99.621
G1 F1500 E2443.88369
G0 F4800 X96.025 Y99.368
G0 X97.495 Y99.745
G0 X98.361 Y99.745
G1 F1500 E2453.88369
G1 F2400 X98.36 Y99.271 E2453.89954
G1 X98.903 Y98.905 E2453.92132
G1 X99.473 Y98.268 E2453.94947
G1 X99.767 Y97.745 E2453.96922
G1 X99.98 Y97.123 E2453.99109
G1 X100.052 Y96.154 E2454.02373
G1 X99.924 Y95.479 E2454.04669
G1 X99.573 Y94.615 E2454.07725
G1 X98.962 Y93.928 E2454.10714
G1 X98.362 Y93.524 E2454.13108
G1 X98.362 Y93.086 E2454.14579
G1 X98.903 Y93.37 E2454.16672
G1 X99.465 Y93.882 E2454.19283
G1 X99.972 Y94.509 E2454.22018
G1 X100.285 Y95.29 E2454.24859
G1 X100.47 Y96.211 E2454.28061
G1 X100.365 Y97.297 E2454.31817
G1 X100.037 Y98.154 E2454.34976
G1 X99.46 Y98.917 E2454.38253
G1 X99.063 Y99.288 E2454.40088
G1 X98.361 Y99.745 E2454.42888
G0 F4800 X98.361 Y99.545
G1 F1500 E2444.42888
G0 F4800 X98.922 Y100.414
G0 X109.397 Y97.969
G0 X110.394 Y97.51
G1 F1500 E2454.42888
G1 F2400 X109.946 Y97.285 E2454.4463
G1 X109.383 Y96.813 E2454.47159
G1 X108.958 Y96.321 E2454.49354
G1 X108.573 Y95.629 E2454.52067
G1 X108.377 Y94.931 E2454.54545
G1 X108.296 Y94.13 E2454.57276
G1 X108.397 Y93.282 E2454.60208
G1 X108.749 Y92.394 E2454.63449
G1 X109.144 Y91.851 E2454.65705
G1 X109.683 Y91.299 E2454.68335
G1 X110.4 Y90.844 E2454.7123
G1 X110.4 Y91.318 E2454.72822
G1 X110.037 Y91.538 E2454.74231
G1 X109.569 Y91.963 E2454.76317
G1 X109.125 Y92.541 E2454.78723
G1 X108.816 Y93.309 E2454.81463
G1 X108.717 Y93.881 E2454.8337
G1 X108.72 Y94.534 E2454.85487
G1 X108.833 Y95.123 E2454.87452
G1 X109.19 Y95.985 E2454.90493
G1 X109.751 Y96.614 E2454.9324
G1 X110.394 Y97.089 E2454.95899
G1 X110.394 Y97.51 E2454.97327
G0 F4800 X110.216 Y97.421
G1 F1500 E2444.97327
G0 F4800 X111.265 Y97.168
G0 X112.735 Y97.545
G0 X113.601 Y97.545
G1 F1500 E2454.97327
G1 F2400 X113.6 Y97.071 E2454.98912
G1 X114.143 Y96.705 E2455.0109
G1 X114.713 Y96.068 E2455.03905
G1 X115.007 Y95.545 E2455.0588
G1 X115.22 Y94.923 E2455.08067
G1 X115.292 Y93.954 E2455.11331
G1 X115.164 Y93.279 E2455.13627
G1 X114.813 Y92.415 E2455.16683
G1 X114.202 Y91.728 E2455.19672
G1 X113.602 Y91.324 E2455.22066
G1 X113.602 Y90.886 E2455.23537
G1 X114.143 Y91.17 E2455.2563
G1 X114.705 Y91.682 E2455.28241
G1 X115.212 Y92.309 E2455.30976
G1 X115.525 Y93.09 E2455.33817
G1 X115.71 Y94.011 E2455.37019
G1 X115.605 Y95.097 E2455.40775
G1 X115.277 Y95.954 E2455.43934
G1 X114.7 Y96.717 E2455.47211
G1 X114.303 Y97.088 E2455.49046
G1 X113.601 Y97.545 E2455.51846
G0 F4800 X113.601 Y97.345
G1 F1500 E2445.51846
G0 F4800 X114.162 Y98.214
G0 X124.637 Y100.169
G0 X125.634 Y99.71
G1 F1500 E2455.51846
G1 F2400 X125.186 Y99.485 E2455.53588
G1 X124.623 Y99.013 E2455.56117
G1 X124.198 Y98.521 E2455.58312
G1 X123.813 Y97.829 E2455.61025
G1 X123.617 Y97.131 E2455.63503
G1 X123.536 Y96.33 E2455.66234
G1 X123.637 Y95.482 E2455.69166
G1 X123.989 Y94.594 E2455.72407
G1 X124.384 Y94.051 E2455.74663
G1 X124.923 Y93.499 E2455.77293
G1 X125.64 Y93.044 E2455.80188
G1 X125.64 Y93.518 E2455.8178
G1 X125.277 Y93.738 E2455.83189
G1 X124.809 Y94.163 E2455.85275
G1 X124.365 Y94.741 E2455.87681
G1 X124.056 Y95.509 E2455.90421
G1 X123.957 Y96.081 E2455.92328
G1 X123.96 Y96.734 E2455.94445
G1 X124.073 Y97.323 E2455.9641
G1 X124.43 Y98.185 E2455.99451
G1 X124.991 Y98.814 E2456.02198
G1 X125.634 Y99.289 E2456.04857
G1 X125.634 Y99.71 E2456.06285
G0 F4800 X125.456 Y99.621
G1 F1500 E2446.06285
G0 F4800 X126.505 Y99.368
G0 X127.975 Y99.745
G0 X128.841 Y99.745
G1 F1500 E2456.06285
G1 F2400 X128.84 Y99.271 E2456.0787
G1 X129.383 Y98.905 E2456.10048
G1 X129.953 Y98.268 E2456.12862
G1 X130.247 Y97.745 E2456.14838
G1 X130.46 Y97.123 E2456.17025
G1 X130.532 Y96.154 E2456.20289
G1 X130.404 Y95.479 E2456.22585
G1 X130.053 Y94.615 E2456.25641
G1 X129.442 Y93.928 E2456.2863
G1 X128.842 Y93.524 E2456.31024
G1 X128.842 Y93.086 E2456.32495
G1 X129.383 Y93.37 E2456.34588
G1 X129.945 Y93.882 E2456.37199
G1 X130.452 Y94.509 E2456.39934
G1 X130.765 Y95.29 E2456.42775
G1 X130.95 Y96.211 E2456.45977
G1 X130.845 Y97.297 E2456.49733
G1 X130.517 Y98.154 E2456.52892
G1 X129.94 Y98.917 E2456.56169
G1 X129.543 Y99.288 E2456.58004
G1 X128.841 Y99.745 E2456.60804
G0 F4800 X128.841 Y99.545
G1 F1500 E2446.60804
G0 F4800 X129.264 Y100.488
G0 X128.841 Y147.335
G0 X112 Y148.598
;TYPE:WALL-INNER
G1 F1500 E2456.60804
G1 F2400 X88.303 Y148.6 E2457.43561
G1 X87.905 Y148.252 E2457.45442
G1 X87.904 Y136.177 E2457.88817
G1 X87.903 Y124.102 E2458.3189
G1 X87.902 Y112.027 E2458.74763
G1 X87.902 Y99.952 E2459.17334
G1 X87.901 Y87.877 E2459.59705
G1 X87.9 Y75.802 E2460.01774
G1 X88.245 Y75.405 E2460.03615
G1 X104.079 Y75.403 E2460.59702
G1 X119.913 Y75.402 E2461.16316
G1 X135.747 Y75.4 E2461.73457
G1 X136.1 Y75.801 E2461.75354
G1 X136.099 Y87.877 E2462.17426
G1 X136.098 Y99.953 E2462.59801
G1 X136.097 Y112.029 E2463.02375
G1 X136.097 Y124.105 E2463.45251
G1 X136.096 Y136.181 E2463.88328
G1 X136.095 Y148.257 E2464.31706
G1 X135.692 Y148.595 E2464.33561
G1 X112 Y148.598 E2465.15513
G0 F4800 X112 Y148.998
G1 F2400 X135.868 Y148.997 E2465.98073
G1 X136.497 Y148.482 E2466.0094
G1 X136.498 Y136.34 E2466.44555
G1 X136.498 Y124.198 E2466.87867
G1 X136.499 Y112.056 E2467.30977
G1 X136.499 Y99.914 E2467.73785
G1 X136.5 Y87.772 E2468.16391
G1 X136.5 Y75.63 E2468.58693
G1 X136 Y75.024 E2468.61528
G1 X135.5 Y75 E2468.63293
G1 X127.585 Y75.001 E2468.8975
G1 X119.67 Y75.001 E2469.16471
G1 X111.755 Y75.002 E2469.43454
G1 X103.84 Y75.002 E2469.70701
G1 X95.925 Y75.003 E2469.98211
G1 X88.01 Y75.003 E2470.25984
G1 X87.5 Y75.632 E2470.28819
G1 X87.501 Y87.774 E2470.71122
G1 X87.501 Y99.916 E2471.13727
G1 X87.502 Y112.058 E2471.56535
G1 X87.502 Y124.2 E2471.99645
G1 X87.503 Y136.342 E2472.42958
G1 X87.503 Y148.484 E2472.86573
G1 X88.131 Y149 E2472.89465
G1 X112 Y148.998 E2473.72823
G0 F4800 X112 Y149.4
;TYPE:WALL-OUTER
G1 F2400 X136.029 Y149.4 E2474.52744
G1 X136.9 Y148.703 E2474.56455
G1 X136.9 Y75.467 E2477.00038
G1 X136.204 Y74.6 E2477.03736
G1 X87.793 Y74.6 E2478.64752
G1 X87.101 Y75.467 E2478.68442
G1 X87.1 Y148.704 E2481.12029
G1 X87.967 Y149.4 E2481.15727
G1 X112 Y149.4 E2481.95661
G0 F4800 X112.2 Y149.4
G0 X112.2 Y149.09
G0 X112 Y148.51
G0 X112 Y148.199
G1 F2400 X88.399 Y148.2 E2482.74158
G1 X88.302 Y148.035 E2482.74795
G1 X88.3 Y75.901 E2485.14713
G1 X88.465 Y75.802 E2485.15353
G1 X135.573 Y75.8 E2486.72035
G1 X135.7 Y75.939 E2486.72661
G1 X135.698 Y148.035 E2489.12454
G1 X135.535 Y148.198 E2489.1322
G1 X112 Y148.199 E2489.91498
G0 F4800 X111.8 Y148.199
G1 F1500 E2479.91498
G1 F1800 Z3.3
;MESH:NONMESH
G0 F4800 X95.157 Y99.745 Z3.3
;TIME_ELAPSED:2911.847730
;LAYER:16
;MESH:I2C_LED_BTN-Body.stl
G0 X95.157 Y99.745 Z3.5
;TYPE:WALL-OUTER
G1 F1800 Z3.4
G1 F1500 E2489.91498
G1 F2400 X94.601 Y99.398 E2489.93727
G1 X94.149 Y99.014 E2489.95749
G1 X93.799 Y98.614 E2489.97539
G1 X93.412 Y97.975 E2490.00023
G1 X93.192 Y97.412 E2490.02044
G1 X93.076 Y96.774 E2490.04217
G1 X93.075 Y96.036 E2490.06672
G1 X93.23 Y95.273 E2490.09235
G1 X93.495 Y94.63 E2490.11571
G1 X94.066 Y93.818 E2490.14989
G1 X94.751 Y93.291 E2490.17921
G1 X95.161 Y93.081 E2490.19453
G1 X95.161 Y93.518 E2490.20899
G1 X94.856 Y93.702 E2490.22072
G1 X94.246 Y94.212 E2490.24657
G1 X93.662 Y95.147 E2490.28195
G1 X93.473 Y96.078 E2490.31292
G1 X93.474 Y96.727 E2490.3345
G1 X93.633 Y97.564 E2490.3627
G1 X94.093 Y98.343 E2490.39256
G1 X94.579 Y98.879 E2490.41651
G1 X95.157 Y99.273 E2490.43983
G1 X95.157 Y99.745 E2490.4558
G0 F4800 X94.988 Y99.64
G1 F1500 E2480.4558
G0 F4800 X96.025 Y99.64
G0 X97.495 Y99.718
G0 X98.358 Y99.718
G1 F1500 E2490.4558
G1 F2400 X98.358 Y99.324 E2490.46878
G1 X99.023 Y98.795 E2490.49669
G1 X99.447 Y98.316 E2490.51764
G1 X99.845 Y97.62 E2490.54384
G1 X100.029 Y96.86 E2490.56933
G1 X100.028 Y95.968 E2490.59841
G1 X99.883 Y95.338 E2490.61969
G1 X99.612 Y94.739 E2490.64134
G1 X99.094 Y94.025 E2490.67009
G1 X98.362 Y93.514 E2490.69941
G1 X98.362 Y93.086 E2490.71372
G1 X98.766 Y93.295 E2490.72915
G1 X99.368 Y93.744 E2490.75426
G1 X99.907 Y94.462 E2490.78397
G1 X100.251 Y95.178 E2490.81052
G1 X100.387 Y95.689 E2490.82828
G1 X100.453 Y96.422 E2490.85337
G1 X100.375 Y97.161 E2490.87865
G1 X100.196 Y97.827 E2490.90193
G1 X99.703 Y98.633 E2490.93367
G1 X99.2 Y99.174 E2490.95842
G1 X98.769 Y99.506 E2490.9766
G1 X98.358 Y99.718 E2490.99191
G0 F4800 X98.358 Y99.518
G1 F1500 E2480.99191
G0 F4800 X99.235 Y100.239
G0 X109.856 Y98.231
G0 X110.397 Y97.545
G1 F1500 E2490.99191
G1 F2400 X109.841 Y97.198 E2491.0142
G1 X109.389 Y96.814 E2491.03442
G1 X109.039 Y96.414 E2491.05232
G1 X108.652 Y95.775 E2491.07716
G1 X108.432 Y95.212 E2491.09737
G1 X108.316 Y94.574 E2491.1191
G1 X108.315 Y93.836 E2491.14364
G1 X108.47 Y93.073 E2491.16928
G1 X108.735 Y92.43 E2491.19264
G1 X109.306 Y91.618 E2491.22682
G1 X109.991 Y91.091 E2491.25614
G1 X110.401 Y90.881 E2491.27146
G1 X110.401 Y91.318 E2491.28592
G1 X110.096 Y91.502 E2491.29765
G1 X109.486 Y92.012 E2491.3235
G1 X108.902 Y92.947 E2491.35888
G1 X108.713 Y93.878 E2491.38985
G1 X108.714 Y94.527 E2491.41143
G1 X108.873 Y95.364 E2491.43963
G1 X109.333 Y96.143 E2491.46949
G1 X109.819 Y96.679 E2491.49344
G1 X110.397 Y97.073 E2491.51676
G1 X110.397 Y97.545 E2491.53273
G0 F4800 X110.228 Y97.44
G1 F1500 E2481.53273
G0 F4800 X111.265 Y97.44
G0 X112.735 Y97.518
G0 X113.598 Y97.518
G1 F1500 E2491.53273
G1 F2400 X113.598 Y97.124 E2491.54571
G1 X114.263 Y96.595 E2491.57362
G1 X114.687 Y96.116 E2491.59457
G1 X115.085 Y95.42 E2491.62077
G1 X115.269 Y94.66 E2491.64626
G1 X115.268 Y93.768 E2491.67534
G1 X115.123 Y93.138 E2491.69662
G1 X114.852 Y92.539 E2491.71827
G1 X114.334 Y91.825 E2491.74702
G1 X113.602 Y91.314 E2491.77634
G1 X113.602 Y90.886 E2491.79065
G1 X114.006 Y91.095 E2491.80608
G1 X114.608 Y91.544 E2491.83118
G1 X115.147 Y92.262 E2491.8609
G1 X115.491 Y92.978 E2491.88745
G1 X115.627 Y93.489 E2491.90521
G1 X115.693 Y94.222 E2491.9303
G1 X115.615 Y94.961 E2491.95557
G1 X115.436 Y95.627 E2491.97886
G1 X114.943 Y96.433 E2492.0106
G1 X114.44 Y96.974 E2492.03535
G1 X114.009 Y97.306 E2492.05353
G1 X113.598 Y97.518 E2492.06884
G0 F4800 X113.598 Y97.318
G1 F1500 E2482.06884
G0 F4800 X114.475 Y98.039
G0 X124.316 Y99.922
G0 X125.637 Y99.743
G1 F1500 E2492.06884
G1 F2400 X124.919 Y99.297 E2492.0978
G1 X124.35 Y98.712 E2492.12582
G1 X123.968 Y98.152 E2492.14916
G1 X123.672 Y97.412 E2492.17633
G1 X123.556 Y96.774 E2492.19806
G1 X123.555 Y96.036 E2492.2226
G1 X123.71 Y95.269 E2492.24843
G1 X123.968 Y94.644 E2492.27115
G1 X124.381 Y94.039 E2492.29551
G1 X124.792 Y93.625 E2492.31472
G1 X125.231 Y93.292 E2492.33328
G1 X125.641 Y93.081 E2492.34861
G1 X125.641 Y93.518 E2492.36307
G1 X125.275 Y93.736 E2492.37703
G1 X124.68 Y94.281 E2492.40306
G1 X124.141 Y95.152 E2492.43585
G1 X123.953 Y96.078 E2492.46665
G1 X123.954 Y96.727 E2492.48824
G1 X124.123 Y97.618 E2492.51833
G1 X124.6 Y98.382 E2492.54828
G1 X125.108 Y98.921 E2492.57316
G1 X125.637 Y99.273 E2492.59461
G1 X125.637 Y99.743 E2492.61056
G0 F4800 X125.468 Y99.638
G1 F1500 E2482.61056
G0 F4800 X125.699 Y98.275
G0 X127.975 Y99.718
G0 X128.838 Y99.718
G1 F1500 E2492.61056
G1 F2400 X128.838 Y99.324 E2492.62353
G1 X129.503 Y98.795 E2492.65144
G1 X129.927 Y98.316 E2492.6724
G1 X130.325 Y97.62 E2492.6986
G1 X130.509 Y96.86 E2492.72409
G1 X130.508 Y95.968 E2492.75316
G1 X130.363 Y95.338 E2492.77445
G1 X130.092 Y94.739 E2492.7961
G1 X129.574 Y94.025 E2492.82485
G1 X128.842 Y93.514 E2492.85417
G1 X128.842 Y93.086 E2492.86848
G1 X129.246 Y93.295 E2492.88391
G1 X129.848 Y93.744 E2492.90901
G1 X130.387 Y94.462 E2492.93872
G1 X130.731 Y95.178 E2492.96527
G1 X130.867 Y95.689 E2492.98304
G1 X130.933 Y96.422 E2493.00813
G1 X130.855 Y97.161 E2493.0334
G1 X130.676 Y97.827 E2493.05668
G1 X130.183 Y98.633 E2493.08842
G1 X129.68 Y99.174 E2493.11317
G1 X129.249 Y99.506 E2493.13136
G1 X128.838 Y99.718 E2493.14666
G0 F4800 X128.838 Y99.518
G1 F1500 E2483.14666
G0 F4800 X129.31 Y100.445
G0 X128.838 Y147.335
G0 X112 Y148.598
;TYPE:WALL-INNER
G1 F1500 E2493.14666
G1 F2400 X88.303 Y148.6 E2493.97424
G1 X87.905 Y148.252 E2493.99305
G1 X87.904 Y136.177 E2494.4268
G1 X87.903 Y124.102 E2494.85753
G1 X87.902 Y112.027 E2495.28626
G1 X87.902 Y99.952 E2495.71197
G1 X87.901 Y87.877 E2496.13568
G1 X87.9 Y75.802 E2496.55637
G1 X88.245 Y75.405 E2496.57478
G1 X104.079 Y75.403 E2497.13565
G1 X119.913 Y75.402 E2497.70179
G1 X135.747 Y75.4 E2498.2732
G1 X136.1 Y75.801 E2498.29217
G1 X136.099 Y87.877 E2498.71289
G1 X136.098 Y99.953 E2499.13663
G1 X136.097 Y112.029 E2499.56238
G1 X136.097 Y124.105 E2499.99114
G1 X136.096 Y136.181 E2500.42191
G1 X136.095 Y148.257 E2500.85569
G1 X135.692 Y148.595 E2500.87424
G1 X112 Y148.598 E2501.69376
G0 F4800 X112 Y148.998
G1 F2400 X135.868 Y148.997 E2502.51936
G1 X136.497 Y148.482 E2502.54802
G1 X136.498 Y136.34 E2502.98418
G1 X136.498 Y124.198 E2503.4173
G1 X136.499 Y112.056 E2503.8484
G1 X136.499 Y99.914 E2504.27648
G1 X136.5 Y87.772 E2504.70253
G1 X136.5 Y75.63 E2505.12556
G1 X136 Y75.024 E2505.15391
G1 X135.5 Y75 E2505.17156
G1 X127.585 Y75.001 E2505.43613
G1 X119.67 Y75.001 E2505.70333
G1 X111.755 Y75.002 E2505.97317
G1 X103.84 Y75.002 E2506.24564
G1 X95.925 Y75.003 E2506.52074
G1 X88.01 Y75.003 E2506.79847
G1 X87.5 Y75.632 E2506.82682
G1 X87.501 Y87.774 E2507.24984
G1 X87.501 Y99.916 E2507.6759
G1 X87.502 Y112.058 E2508.10398
G1 X87.502 Y124.2 E2508.53508
G1 X87.503 Y136.342 E2508.9682
G1 X87.503 Y148.484 E2509.40436
G1 X88.131 Y149 E2509.43328
G1 X112 Y148.998 E2510.26686
G0 F4800 X112 Y149.4
;TYPE:WALL-OUTER
G1 F2400 X136.029 Y149.4 E2511.06607
G1 X136.9 Y148.703 E2511.10317
G1 X136.9 Y75.467 E2513.53901
G1 X136.204 Y74.6 E2513.57599
G1 X87.793 Y74.6 E2515.18615
G1 X87.101 Y75.467 E2515.22304
G1 X87.1 Y148.704 E2517.65892
G1 X87.967 Y149.4 E2517.69589
G1 X112 Y149.4 E2518.49524
G0 F4800 X112.2 Y149.4
G0 X112.2 Y149.09
G0 X112 Y148.51
G0 X112 Y148.199
G1 F2400 X88.399 Y148.2 E2519.28021
G1 X88.302 Y148.035 E2519.28657
G1 X88.3 Y75.901 E2521.68576
G1 X88.465 Y75.802 E2521.69216
G1 X135.573 Y75.8 E2523.25898
G1 X135.7 Y75.939 E2523.26524
G1 X135.698 Y148.035 E2525.66316
G1 X135.535 Y148.198 E2525.67083
G1 X112 Y148.199 E2526.45361
G0 F4800 X111.8 Y148.199
G1 F1500 E2516.45361
G1 F1800 Z3.5
;MESH:NONMESH
G0 F4800 X95.159 Y99.716 Z3.5
;TIME_ELAPSED:2946.352600
;LAYER:17
;MESH:I2C_LED_BTN-Body.stl
G0 X95.159 Y99.716 Z3.7
;TYPE:WALL-OUTER
G1 F1800 Z3.6
G1 F1500 E2526.45361
G1 F2400 X94.87 Y99.578 E2526.46434
G1 X94.272 Y99.148 E2526.48951
G1 X93.713 Y98.489 E2526.51912
G1 X93.349 Y97.814 E2526.54507
G1 X93.102 Y97.067 E2526.57196
G1 X93.051 Y96.184 E2526.60233
G1 X93.17 Y95.502 E2526.6257
G1 X93.361 Y94.937 E2526.64554
G1 X93.708 Y94.304 E2526.66967
G1 X94.04 Y93.886 E2526.68742
G1 X94.73 Y93.289 E2526.71807
G1 X95.158 Y93.081 E2526.73422
G1 X95.158 Y93.517 E2526.7489
G1 X94.876 Y93.687 E2526.75996
G1 X94.186 Y94.28 E2526.79007
G1 X93.751 Y95.036 E2526.81872
G1 X93.461 Y95.876 E2526.84783
G1 X93.475 Y96.711 E2526.87512
G1 X93.589 Y97.31 E2526.89515
G1 X93.922 Y98.075 E2526.92241
G1 X94.296 Y98.587 E2526.94308
G1 X94.847 Y99.084 E2526.96751
G1 X95.159 Y99.278 E2526.97973
G1 X95.159 Y99.716 E2526.99441
G0 F4800 X94.979 Y99.63
G1 F1500 E2516.99441
G0 F4800 X94.461 Y99.03
G0 X95.376 Y98.401
G0 X97.495 Y99.757
G0 X98.356 Y99.757
G1 F1500 E2526.99441
G1 F2400 X98.356 Y99.312 E2527.00906
G1 X99.038 Y98.78 E2527.03711
G1 X99.453 Y98.309 E2527.05778
G1 X99.791 Y97.712 E2527.08094
G1 X100.008 Y96.981 E2527.10637
G1 X100.068 Y96.022 E2527.13769
G1 X99.756 Y94.945 E2527.17405
G1 X99.084 Y94.008 E2527.21163
G1 X98.36 Y93.525 E2527.24036
G1 X98.361 Y93.048 E2527.25623
G1 X99.102 Y93.538 E2527.28592
G1 X99.474 Y93.883 E2527.30263
G1 X100.099 Y94.726 E2527.33666
G1 X100.378 Y95.645 E2527.36836
G1 X100.454 Y96.381 E2527.39334
G1 X100.392 Y97.111 E2527.41814
G1 X100.178 Y97.843 E2527.44394
G1 X99.714 Y98.648 E2527.4757
G1 X99.153 Y99.221 E2527.50317
G1 X98.356 Y99.757 E2527.53551
G0 F4800 X98.356 Y99.557
G1 F1500 E2517.53551
G0 F4800 X98.926 Y100.417
G0 X109.673 Y98.129
G0 X110.399 Y97.516
G1 F1500 E2527.53551
G1 F2400 X110.11 Y97.378 E2527.54625
G1 X109.512 Y96.948 E2527.57142
G1 X108.953 Y96.289 E2527.60102
G1 X108.589 Y95.614 E2527.62698
G1 X108.342 Y94.867 E2527.65386
G1 X108.291 Y93.984 E2527.68424
G1 X108.41 Y93.302 E2527.70761
G1 X108.601 Y92.737 E2527.72744
G1 X108.948 Y92.104 E2527.75157
G1 X109.28 Y91.686 E2527.76933
G1 X109.97 Y91.089 E2527.79998
G1 X110.398 Y90.881 E2527.81612
G1 X110.398 Y91.317 E2527.83081
G1 X110.116 Y91.487 E2527.84187
G1 X109.426 Y92.08 E2527.87198
G1 X108.991 Y92.836 E2527.90062
G1 X108.701 Y93.676 E2527.92974
G1 X108.715 Y94.511 E2527.95703
G1 X108.829 Y95.11 E2527.97705
G1 X109.162 Y95.875 E2528.00432
G1 X109.536 Y96.387 E2528.02499
G1 X110.087 Y96.884 E2528.04942
G1 X110.399 Y97.078 E2528.06164
G1 X110.399 Y97.516 E2528.07632
G0 F4800 X110.219 Y97.43
G1 F1500 E2518.07632
G0 F4800 X109.701 Y96.83
G0 X110.616 Y96.201
G0 X112.735 Y97.557
G0 X113.596 Y97.557
G1 F1500 E2528.07632
G1 F2400 X113.596 Y97.112 E2528.09097
G1 X114.276 Y96.584 E2528.11917
G1 X114.707 Y96.077 E2528.14086
G1 X115.038 Y95.495 E2528.16269
G1 X115.248 Y94.781 E2528.18701
G1 X115.308 Y93.822 E2528.21833
G1 X114.996 Y92.745 E2528.25469
G1 X114.324 Y91.808 E2528.29227
G1 X113.6 Y91.325 E2528.321
G1 X113.601 Y90.848 E2528.33687
G1 X114.342 Y91.338 E2528.36656
G1 X114.714 Y91.683 E2528.38327
G1 X115.339 Y92.526 E2528.4173
G1 X115.618 Y93.445 E2528.449
G1 X115.694 Y94.181 E2528.47398
G1 X115.632 Y94.911 E2528.49871
G1 X115.472 Y95.463 E2528.51812
G1 X115.169 Y96.098 E2528.54187
G1 X114.712 Y96.708 E2528.56754
G1 X114.341 Y97.056 E2528.58471
G1 X113.596 Y97.557 E2528.61472
G0 F4800 X113.596 Y97.357
G1 F1500 E2518.61472
G0 F4800 X114.166 Y98.217
G0 X124.913 Y100.329
G0 X125.639 Y99.716
G1 F1500 E2528.61472
G1 F2400 X125.35 Y99.577 E2528.62547
G1 X124.906 Y99.264 E2528.6438
G1 X124.502 Y98.888 E2528.66244
G1 X124.175 Y98.465 E2528.6804
G1 X123.829 Y97.815 E2528.70538
G1 X123.582 Y97.067 E2528.73236
G1 X123.531 Y96.184 E2528.76274
G1 X123.65 Y95.502 E2528.78611
G1 X123.837 Y94.949 E2528.80552
G1 X124.173 Y94.331 E2528.82904
G1 X124.521 Y93.885 E2528.84785
G1 X125.21 Y93.289 E2528.87846
G1 X125.638 Y93.081 E2528.8946
G1 X125.638 Y93.517 E2528.90928
G1 X125.356 Y93.687 E2528.92034
G1 X124.663 Y94.284 E2528.95062
G1 X124.228 Y95.042 E2528.97939
G1 X123.941 Y95.877 E2529.00832
G1 X123.955 Y96.711 E2529.03558
G1 X124.069 Y97.31 E2529.0556
G1 X124.387 Y98.053 E2529.08208
G1 X124.773 Y98.59 E2529.10386
G1 X125.302 Y99.072 E2529.12766
G1 X125.639 Y99.278 E2529.14083
G1 X125.639 Y99.716 E2529.15551
G0 F4800 X125.459 Y99.63
G1 F1500 E2519.15551
G0 F4800 X126.505 Y99.63
G0 X127.975 Y99.757
G0 X128.836 Y99.757
G1 F1500 E2529.15551
G1 F2400 X128.836 Y99.312 E2529.17016
G1 X129.516 Y98.784 E2529.19836
G1 X129.947 Y98.277 E2529.22005
G1 X130.278 Y97.695 E2529.24188
G1 X130.488 Y96.981 E2529.2662
G1 X130.548 Y96.022 E2529.29752
G1 X130.236 Y94.945 E2529.33388
G1 X129.564 Y94.008 E2529.37146
G1 X128.84 Y93.525 E2529.40019
G1 X128.841 Y93.048 E2529.41606
G1 X129.582 Y93.538 E2529.44575
G1 X129.954 Y93.883 E2529.46246
G1 X130.579 Y94.726 E2529.49649
G1 X130.858 Y95.645 E2529.52819
G1 X130.934 Y96.381 E2529.55317
G1 X130.872 Y97.111 E2529.57791
G1 X130.712 Y97.663 E2529.59731
G1 X130.409 Y98.298 E2529.62106
G1 X129.952 Y98.908 E2529.64673
G1 X129.581 Y99.256 E2529.6639
G1 X128.836 Y99.757 E2529.69391
G0 F4800 X128.836 Y99.557
G1 F1500 E2519.69391
G0 F4800 X129.261 Y100.487
G0 X128.836 Y147.335
G0 X112 Y148.598
;TYPE:WALL-INNER
G1 F1500 E2529.69391
G1 F2400 X88.303 Y148.6 E2530.52148
G1 X87.905 Y148.252 E2530.5403
G1 X87.904 Y136.177 E2530.97404
G1 X87.903 Y124.102 E2531.40478
G1 X87.902 Y112.027 E2531.8335
G1 X87.902 Y99.952 E2532.25922
G1 X87.901 Y87.877 E2532.68292
G1 X87.9 Y75.802 E2533.10361
G1 X88.245 Y75.405 E2533.12203
G1 X104.079 Y75.403 E2533.6829
G1 X119.913 Y75.402 E2534.24904
G1 X135.747 Y75.4 E2534.82044
G1 X136.1 Y75.801 E2534.83941
G1 X136.099 Y87.877 E2535.26014
G1 X136.098 Y99.953 E2535.68388
G1 X136.097 Y112.029 E2536.10963
G1 X136.097 Y124.105 E2536.53839
G1 X136.096 Y136.181 E2536.96916
G1 X136.095 Y148.257 E2537.40294
G1 X135.692 Y148.595 E2537.42148
G1 X112 Y148.598 E2538.241
G0 F4800 X112 Y148.998
G1 F2400 X135.868 Y148.997 E2539.06661
G1 X136.497 Y148.482 E2539.09527
G1 X136.498 Y136.34 E2539.53142
G1 X136.498 Y124.198 E2539.96454
G1 X136.499 Y112.056 E2540.39565
G1 X136.499 Y99.914 E2540.82372
G1 X136.5 Y87.772 E2541.24978
G1 X136.5 Y75.63 E2541.67281
G1 X136 Y75.024 E2541.70116
G1 X135.5 Y75 E2541.71881
G1 X127.585 Y75.001 E2541.98338
G1 X119.67 Y75.001 E2542.25058
G1 X111.755 Y75.002 E2542.52041
G1 X103.84 Y75.002 E2542.79288
G1 X95.925 Y75.003 E2543.06798
G1 X88.01 Y75.003 E2543.34572
G1 X87.5 Y75.632 E2543.37406
G1 X87.501 Y87.774 E2543.79709
G1 X87.501 Y99.916 E2544.22315
G1 X87.502 Y112.058 E2544.65122
G1 X87.502 Y124.2 E2545.08233
G1 X87.503 Y136.342 E2545.51545
G1 X87.503 Y148.484 E2545.9516
G1 X88.131 Y149 E2545.98053
G1 X112 Y148.998 E2546.81411
G0 F4800 X112 Y149.4
;TYPE:WALL-OUTER
G1 F2400 X136.029 Y149.4 E2547.61332
G1 X136.9 Y148.703 E2547.65042
G1 X136.9 Y75.467 E2550.08626
G1 X136.204 Y74.6 E2550.12324
G1 X87.793 Y74.6 E2551.73339
G1 X87.101 Y75.467 E2551.77029
G1 X87.1 Y148.704 E2554.20616
G1 X87.967 Y149.4 E2554.24314
G1 X112 Y149.4 E2555.04248
G0 F4800 X112.2 Y149.4
G0 X112.2 Y149.09
G0 X112 Y148.51
G0 X112 Y148.199
G1 F2400 X88.399 Y148.2 E2555.82745
G1 X88.302 Y148.035 E2555.83382
G1 X88.3 Y75.901 E2558.23301
G1 X88.465 Y75.802 E2558.23941
G1 X135.573 Y75.8 E2559.80622
G1 X135.7 Y75.939 E2559.81249
G1 X135.698 Y148.035 E2562.21041
G1 X135.535 Y148.198 E2562.21808
G1 X112 Y148.199 E2563.00085
G0 F4800 X111.8 Y148.199
G1 F1500 E2553.00085
;MESH:NONMESH
G0 F1800 X111.8 Y148.199 Z3.8
G0 F4800 X111.8 Y148.51
G0 X95.082 Y148.41
G0 X95.082 Y147.335
G0 X94.72 Y100.468
G0 X95.082 Y99.72
;TIME_ELAPSED:2981.237581
;LAYER:18
;TYPE:WALL-OUTER
;MESH:I2C_LED_BTN-Body.stl
G1 F1500 E2563.00085
G1 F2400 X94.555 Y99.418 E2563.01878
G1 X94.025 Y98.925 E2563.04027
G1 X93.575 Y98.326 E2563.06232
G1 X93.334 Y97.852 E2563.07802
G1 X93.111 Y97.133 E2563.1003
G1 X93.032 Y96.315 E2563.12477
G1 X93.135 Y95.47 E2563.15039
G1 X93.462 Y94.663 E2563.1766
G1 X93.783 Y94.16 E2563.19416
G1 X94.292 Y93.603 E2563.21587
G1 X94.724 Y93.282 E2563.23149
G1 X95.082 Y93.091 E2563.24343
G1 X95.084 Y93.476 E2563.2547
G1 X94.569 Y93.813 E2563.27241
G1 X94.052 Y94.383 E2563.29442
G1 X93.724 Y94.927 E2563.31275
G1 X93.51 Y95.472 E2563.32979
G1 X93.402 Y96.079 E2563.34763
G1 X93.403 Y96.717 E2563.36567
G1 X93.521 Y97.335 E2563.38345
G1 X93.756 Y97.934 E2563.4018
G1 X94.044 Y98.398 E2563.41738
G1 X94.545 Y98.964 E2563.43862
G1 X95.084 Y99.324 E2563.45716
G1 X95.082 Y99.72 E2563.46872
G0 F4800 X94.909 Y99.621
G1 F1500 E2553.46872
G0 F4800 X95.925 Y99.621
G0 X97.596 Y99.73
G0 X98.435 Y99.729
G1 F1500 E2563.46872
G1 F2400 X98.435 Y99.319 E2563.48069
G1 X98.822 Y99.065 E2563.49408
G1 X99.449 Y98.484 E2563.51832
G1 X99.913 Y97.638 E2563.54536
G1 X100.109 Y96.826 E2563.56897
G1 X100.13 Y96.045 E2563.59119
G1 X99.924 Y95.168 E2563.61666
G1 X99.548 Y94.492 E2563.63859
G1 X98.955 Y93.824 E2563.66355
G1 X98.435 Y93.477 E2563.68122
G1 X98.435 Y93.067 E2563.69315
G1 X98.934 Y93.378 E2563.71036
G1 X99.508 Y93.893 E2563.73306
G1 X99.952 Y94.487 E2563.75502
G1 X100.272 Y95.099 E2563.77546
G1 X100.47 Y96.018 E2563.80266
G1 X100.464 Y96.788 E2563.82481
G1 X100.366 Y97.315 E2563.84064
G1 X100.192 Y97.853 E2563.85709
G1 X99.94 Y98.332 E2563.87289
G1 X99.494 Y98.923 E2563.89475
G1 X98.934 Y99.418 E2563.91662
G1 X98.435 Y99.729 E2563.93383
G0 F4800 X98.435 Y99.529
G1 F1500 E2553.93383
G0 F4800 X98.97 Y100.388
G0 X109.911 Y98.252
G0 X110.322 Y97.52
G1 F1500 E2563.93383
G1 F2400 X109.795 Y97.218 E2563.95176
G1 X109.265 Y96.725 E2563.97325
G1 X108.815 Y96.126 E2563.9953
G1 X108.574 Y95.652 E2564.011
G1 X108.351 Y94.933 E2564.03328
G1 X108.272 Y94.115 E2564.05774
G1 X108.375 Y93.27 E2564.08337
G1 X108.702 Y92.463 E2564.10958
G1 X109.023 Y91.96 E2564.12714
G1 X109.532 Y91.403 E2564.14885
G1 X109.964 Y91.082 E2564.16447
G1 X110.322 Y90.891 E2564.17641
G1 X110.324 Y91.276 E2564.18768
G1 X109.809 Y91.613 E2564.20539
G1 X109.292 Y92.183 E2564.2274
G1 X108.964 Y92.727 E2564.24573
G1 X108.75 Y93.272 E2564.26277
G1 X108.642 Y93.879 E2564.28061
G1 X108.643 Y94.517 E2564.29864
G1 X108.761 Y95.135 E2564.31643
G1 X108.996 Y95.734 E2564.33478
G1 X109.284 Y96.198 E2564.35036
G1 X109.785 Y96.764 E2564.3716
G1 X110.324 Y97.124 E2564.39014
G1 X110.322 Y97.52 E2564.4017
G0 F4800 X110.149 Y97.421
G1 F1500 E2554.4017
G0 F4800 X111.165 Y97.421
G0 X112.836 Y97.53
G0 X113.675 Y97.529
G1 F1500 E2564.4017
G1 F2400 X113.675 Y97.119 E2564.41367
G1 X114.062 Y96.865 E2564.42706
G1 X114.689 Y96.284 E2564.4513
G1 X115.153 Y95.438 E2564.47834
G1 X115.349 Y94.626 E2564.50195
G1 X115.37 Y93.845 E2564.52417
G1 X115.164 Y92.966 E2564.54969
G1 X114.787 Y92.292 E2564.57159
G1 X114.195 Y91.624 E2564.59653
G1 X113.675 Y91.277 E2564.6142
G1 X113.675 Y90.867 E2564.62613
G1 X114.174 Y91.178 E2564.64334
G1 X114.748 Y91.693 E2564.66604
G1 X115.192 Y92.287 E2564.68799
G1 X115.512 Y92.899 E2564.70844
G1 X115.71 Y93.818 E2564.73564
G1 X115.704 Y94.588 E2564.75779
G1 X115.606 Y95.115 E2564.77362
G1 X115.432 Y95.653 E2564.79007
G1 X115.18 Y96.132 E2564.80587
G1 X114.734 Y96.723 E2564.82772
G1 X114.174 Y97.218 E2564.8496
G1 X113.675 Y97.529 E2564.86681
G0 F4800 X113.675 Y97.329
G1 F1500 E2554.86681
G0 F4800 X114.21 Y98.188
G0 X125.151 Y100.452
G0 X125.562 Y99.72
G1 F1500 E2564.86681
G1 F2400 X125.035 Y99.418 E2564.88474
G1 X124.503 Y98.923 E2564.90637
G1 X124.156 Y98.486 E2564.9228
G1 X123.813 Y97.85 E2564.94407
G1 X123.591 Y97.133 E2564.96628
G1 X123.512 Y96.315 E2564.99075
G1 X123.615 Y95.47 E2565.01637
G1 X124.023 Y94.463 E2565.04926
G1 X124.623 Y93.73 E2565.07777
G1 X125.204 Y93.282 E2565.09961
G1 X125.562 Y93.091 E2565.11155
G1 X125.564 Y93.476 E2565.12282
G1 X124.985 Y93.86 E2565.14292
G1 X124.511 Y94.414 E2565.1639
G1 X124.194 Y94.949 E2565.18174
G1 X123.99 Y95.472 E2565.19803
G1 X123.882 Y96.079 E2565.21587
G1 X123.883 Y96.717 E2565.23391
G1 X124.001 Y97.335 E2565.2517
G1 X124.224 Y97.907 E2565.26915
G1 X124.525 Y98.404 E2565.28577
G1 X125.025 Y98.964 E2565.30706
G1 X125.564 Y99.324 E2565.3256
G1 X125.562 Y99.72 E2565.33716
G0 F4800 X125.389 Y99.621
G1 F1500 E2555.33716
G0 F4800 X126.405 Y99.621
G0 X128.076 Y99.73
G0 X128.915 Y99.729
G1 F1500 E2565.33716
G1 F2400 X128.915 Y99.319 E2565.34912
G1 X129.302 Y99.065 E2565.36252
G1 X129.929 Y98.484 E2565.38676
G1 X130.393 Y97.638 E2565.41379
G1 X130.589 Y96.826 E2565.43741
G1 X130.61 Y96.045 E2565.45963
G1 X130.404 Y95.168 E2565.4851
G1 X130.028 Y94.492 E2565.50703
G1 X129.435 Y93.824 E2565.53198
G1 X128.915 Y93.477 E2565.54966
G1 X128.915 Y93.067 E2565.56159
G1 X129.414 Y93.378 E2565.5788
G1 X129.988 Y93.893 E2565.6015
G1 X130.432 Y94.487 E2565.62345
G1 X130.752 Y95.099 E2565.64389
G1 X130.95 Y96.018 E2565.6711
G1 X130.944 Y96.788 E2565.69325
G1 X130.846 Y97.315 E2565.70907
G1 X130.672 Y97.853 E2565.72553
G1 X130.42 Y98.332 E2565.74133
G1 X129.974 Y98.923 E2565.76318
G1 X129.414 Y99.418 E2565.78506
G1 X128.915 Y99.729 E2565.80227
G0 F4800 X128.915 Y99.529
G1 F1500 E2555.80227
G0 F4800 X129.45 Y100.388
G0 X128.915 Y147.335
G0 X112 Y148.598
;TYPE:WALL-INNER
G1 F1500 E2565.80227
G1 F2400 X88.303 Y148.6 E2566.62984
G1 X87.905 Y148.252 E2566.64866
G1 X87.904 Y136.177 E2567.0824
G1 X87.903 Y124.102 E2567.51313
G1 X87.902 Y112.027 E2567.94186
G1 X87.902 Y99.952 E2568.36757
G1 X87.901 Y87.877 E2568.79128
G1 X87.9 Y75.802 E2569.21197
G1 X88.245 Y75.405 E2569.23038
G1 X104.079 Y75.403 E2569.79126
G1 X119.913 Y75.402 E2570.35739
G1 X135.747 Y75.4 E2570.9288
G1 X136.1 Y75.801 E2570.94777
G1 X136.099 Y87.877 E2571.3685
G1 X136.098 Y99.953 E2571.79224
G1 X136.097 Y112.029 E2572.21798
G1 X136.097 Y124.105 E2572.64675
G1 X136.096 Y136.181 E2573.07751
G1 X136.095 Y148.257 E2573.5113
G1 X135.692 Y148.595 E2573.52984
G1 X112 Y148.598 E2574.34936
G0 F4800 X112 Y148.998
G1 F2400 X135.868 Y148.997 E2575.17497
G1 X136.497 Y148.482 E2575.20363
G1 X136.498 Y136.34 E2575.63978
G1 X136.498 Y124.198 E2576.0729
G1 X136.499 Y112.056 E2576.50401
G1 X136.499 Y99.914 E2576.93208
G1 X136.5 Y87.772 E2577.35814
G1 X136.5 Y75.63 E2577.78116
G1 X136 Y75.024 E2577.80952
G1 X135.5 Y75 E2577.82716
G1 X127.585 Y75.001 E2578.09173
G1 X119.67 Y75.001 E2578.35894
G1 X111.755 Y75.002 E2578.62877
G1 X103.84 Y75.002 E2578.90124
G1 X95.925 Y75.003 E2579.17634
G1 X88.01 Y75.003 E2579.45407
G1 X87.5 Y75.632 E2579.48242
G1 X87.501 Y87.774 E2579.90545
G1 X87.501 Y99.916 E2580.3315
G1 X87.502 Y112.058 E2580.75958
G1 X87.502 Y124.2 E2581.19068
G1 X87.503 Y136.342 E2581.62381
G1 X87.503 Y148.484 E2582.05996
G1 X88.131 Y149 E2582.08888
G1 X112 Y148.998 E2582.92247
G0 F4800 X112 Y149.4
;TYPE:WALL-OUTER
G1 F2400 X136.029 Y149.4 E2583.72167
G1 X136.9 Y148.703 E2583.75878
G1 X136.9 Y75.467 E2586.19462
G1 X136.204 Y74.6 E2586.23159
G1 X87.793 Y74.6 E2587.84175
G1 X87.101 Y75.467 E2587.87865
G1 X87.1 Y148.704 E2590.31452
G1 X87.967 Y149.4 E2590.3515
G1 X112 Y149.4 E2591.15084
G0 F4800 X112.2 Y149.4
G0 X112.2 Y149.09
G0 X112 Y148.51
G0 X112 Y148.199
G1 F2400 X88.399 Y148.2 E2591.93581
G1 X88.302 Y148.035 E2591.94218
G1 X88.3 Y75.901 E2594.34136
G1 X88.465 Y75.802 E2594.34776
G1 X135.573 Y75.8 E2595.91458
G1 X135.7 Y75.939 E2595.92084
G1 X135.698 Y148.035 E2598.31877
G1 X135.535 Y148.198 E2598.32643
G1 X112 Y148.199 E2599.10921
G0 F4800 X111.8 Y148.199
G1 F1500 E2589.10921
;MESH:NONMESH
G0 F1800 X111.8 Y148.199 Z4
G0 F4800 X111.8 Y148.51
G0 X94.806 Y148.41
G0 X94.806 Y147.335
G0 X94.357 Y100.275
G0 X94.806 Y99.475
;TIME_ELAPSED:3016.275103
;LAYER:19
;TYPE:WALL-OUTER
;MESH:I2C_LED_BTN-Body.stl
G1 F1500 E2599.10921
G1 F2400 X94.561 Y99.326 E2599.12139
G1 X94.017 Y98.812 E2599.15313
G1 X93.649 Y98.284 E2599.18069
G1 X93.33 Y97.629 E2599.21225
G1 X93.176 Y97.131 E2599.23401
G1 X93.097 Y96.263 E2599.26887
G1 X93.188 Y95.671 E2599.29343
G1 X93.403 Y94.981 E2599.32425
G1 X93.738 Y94.317 E2599.35555
G1 X94.303 Y93.709 E2599.38936
G1 X94.809 Y93.329 E2599.41525
G1 F1500 E2589.41525
G0 F4800 X95.35 Y94.068
G0 X98.196 Y98.72
G0 X98.713 Y99.473
G1 F1500 E2599.41525
G1 F2400 X99.333 Y98.991 E2599.44914
G1 X99.869 Y98.295 E2599.48712
G1 X100.187 Y97.629 E2599.51842
G1 X100.38 Y96.932 E2599.54945
G1 X100.398 Y96.244 E2599.57818
G1 X100.303 Y95.463 E2599.61076
G1 X99.962 Y94.626 E2599.64961
G1 X99.31 Y93.756 E2599.69572
G1 X98.713 Y93.321 E2599.72655
G1 F1500 E2589.72655
G0 F4800 X99.462 Y92.692
G0 X109.291 Y97.903
G0 X110.046 Y97.275
G1 F1500 E2599.72655
G1 F2400 X109.801 Y97.126 E2599.73873
G1 X109.257 Y96.612 E2599.77047
G1 X108.889 Y96.084 E2599.79803
G1 X108.57 Y95.429 E2599.82959
G1 X108.416 Y94.931 E2599.85135
G1 X108.337 Y94.063 E2599.88621
G1 X108.428 Y93.471 E2599.91076
G1 X108.643 Y92.781 E2599.94159
G1 X108.978 Y92.117 E2599.97288
G1 X109.543 Y91.509 E2600.0067
G1 X110.049 Y91.129 E2600.03259
G1 F1500 E2590.03259
G0 F4800 X110.59 Y91.868
G0 X113.436 Y96.52
G0 X113.953 Y97.273
G1 F1500 E2600.03259
G1 F2400 X114.573 Y96.791 E2600.06648
G1 X115.109 Y96.095 E2600.10446
G1 X115.427 Y95.429 E2600.13576
G1 X115.62 Y94.732 E2600.16679
G1 X115.638 Y94.032 E2600.19602
G1 X115.543 Y93.262 E2600.22815
G1 X115.202 Y92.426 E2600.26696
G1 X114.55 Y91.556 E2600.31306
G1 X113.953 Y91.121 E2600.3439
G1 F1500 E2590.3439
G0 F4800 X113.823 Y92.143
G0 X113.039 Y91.604
G0 X113.058 Y89.589
G0 X114.702 Y90.492
G0 X124.531 Y100.103
G0 X126.182 Y101.012
G0 X126.201 Y98.994
G0 X125.547 Y98.546
G0 X125.286 Y99.475
G1 F1500 E2600.3439
G1 F2400 X125.041 Y99.326 E2600.35608
G1 X124.497 Y98.812 E2600.38782
G1 X124.129 Y98.284 E2600.41538
G1 X123.81 Y97.629 E2600.44694
G1 X123.656 Y97.131 E2600.4687
G1 X123.577 Y96.263 E2600.50356
G1 X123.668 Y95.671 E2600.52811
G1 X123.883 Y94.981 E2600.55894
G1 X124.218 Y94.317 E2600.59023
G1 X124.783 Y93.709 E2600.62405
G1 X125.289 Y93.329 E2600.64994
G1 F1500 E2590.64994
G0 F4800 X125.83 Y94.068
G0 X128.675 Y98.72
G0 X129.192 Y99.474
G1 F1500 E2600.64994
G1 F2400 X129.749 Y99.073 E2600.67904
G1 X130.126 Y98.616 E2600.70357
G1 X130.498 Y98.02 E2600.73161
G1 X130.856 Y97.067 E2600.77208
G1 X130.878 Y96.244 E2600.80494
G1 X130.783 Y95.463 E2600.83751
G1 X130.442 Y94.626 E2600.87637
G1 X129.79 Y93.756 E2600.92247
G1 X129.193 Y93.321 E2600.95331
G1 F1500 E2590.95331
G0 F4800 X128.676 Y94.081
G0 X128.279 Y98.997
G0 X129.193 Y147.335
G0 X112 Y148.598
;TYPE:WALL-INNER
G1 F1500 E2600.95331
G1 F2400 X88.303 Y148.6 E2601.78088
G1 X87.905 Y148.252 E2601.79969
G1 X87.904 Y136.177 E2602.23344
G1 X87.903 Y124.102 E2602.66417
G1 X87.902 Y112.027 E2603.0929
G1 X87.902 Y99.952 E2603.51861
G1 X87.901 Y87.877 E2603.94232
G1 X87.9 Y75.802 E2604.36301
G1 X88.245 Y75.405 E2604.38142
G1 X104.079 Y75.403 E2604.94229
G1 X119.913 Y75.402 E2605.50843
G1 X135.747 Y75.4 E2606.07984
G1 X136.1 Y75.801 E2606.09881
G1 X136.099 Y87.877 E2606.51953
G1 X136.098 Y99.953 E2606.94327
G1 X136.097 Y112.029 E2607.36902
G1 X136.097 Y124.105 E2607.79778
G1 X136.096 Y136.181 E2608.22855
G1 X136.095 Y148.257 E2608.66233
G1 X135.692 Y148.595 E2608.68088
G1 X112 Y148.598 E2609.5004
G0 F4800 X112 Y148.998
G1 F2400 X135.868 Y148.997 E2610.326
G1 X136.497 Y148.482 E2610.35466
G1 X136.498 Y136.34 E2610.79082
G1 X136.498 Y124.198 E2611.22394
G1 X136.499 Y112.056 E2611.65504
G1 X136.499 Y99.914 E2612.08312
G1 X136.5 Y87.772 E2612.50917
G1 X136.5 Y75.63 E2612.9322
G1 X136 Y75.024 E2612.96055
G1 X135.5 Y75 E2612.9782
G1 X127.585 Y75.001 E2613.24277
G1 X119.67 Y75.001 E2613.50997
G1 X111.755 Y75.002 E2613.77981
G1 X103.84 Y75.002 E2614.05228
G1 X95.925 Y75.003 E2614.32738
G1 X88.01 Y75.003 E2614.60511
G1 X87.5 Y75.632 E2614.63346
G1 X87.501 Y87.774 E2615.05649
G1 X87.501 Y99.916 E2615.48254
G1 X87.502 Y112.058 E2615.91062
G1 X87.502 Y124.2 E2616.34172
G1 X87.503 Y136.342 E2616.77484
G1 X87.503 Y148.484 E2617.211
G1 X88.131 Y149 E2617.23992
G1 X112 Y148.998 E2618.0735
G0 F4800 X112 Y149.4
;TYPE:WALL-OUTER
G1 F2400 X136.029 Y149.4 E2618.87271
G1 X136.9 Y148.703 E2618.90981
G1 X136.9 Y75.467 E2621.34565
G1 X136.204 Y74.6 E2621.38263
G1 X87.793 Y74.6 E2622.99279
G1 X87.101 Y75.467 E2623.02968
G1 X87.1 Y148.704 E2625.46556
G1 X87.967 Y149.4 E2625.50254
G1 X112 Y149.4 E2626.30188
G0 F4800 X112.2 Y149.4
G0 X112.2 Y149.09
G0 X112 Y148.51
G0 X112 Y148.199
G1 F2400 X88.399 Y148.2 E2627.08685
G1 X88.302 Y148.035 E2627.09321
G1 X88.3 Y75.901 E2629.4924
G1 X88.465 Y75.802 E2629.4988
G1 X135.573 Y75.8 E2631.06562
G1 X135.7 Y75.939 E2631.07188
G1 X135.698 Y148.035 E2633.4698
G1 X135.535 Y148.198 E2633.47747
G1 X112 Y148.199 E2634.26025
G0 F4800 X111.8 Y148.199
;MESH:NONMESH
G0 F1800 X111.8 Y148.199 Z4.2
G0 F4800 X112 Y148.598
;TIME_ELAPSED:3049.066188
;LAYER:20
;TYPE:WALL-INNER
;MESH:I2C_LED_BTN-Body.stl
G1 F2400 X88.303 Y148.6 E2635.08782
G1 X87.905 Y148.252 E2635.10664
G1 X87.904 Y136.177 E2635.54038
G1 X87.903 Y124.102 E2635.97112
G1 X87.902 Y112.027 E2636.39984
G1 X87.902 Y99.952 E2636.82555
G1 X87.901 Y87.877 E2637.24926
G1 X87.9 Y75.802 E2637.66995
G1 X88.245 Y75.405 E2637.68836
G1 X104.079 Y75.403 E2638.24924
G1 X119.913 Y75.402 E2638.81538
G1 X135.747 Y75.4 E2639.38678
G1 X136.1 Y75.801 E2639.40575
G1 X136.099 Y87.877 E2639.82648
G1 X136.098 Y99.953 E2640.25022
G1 X136.097 Y112.029 E2640.67597
G1 X136.097 Y124.105 E2641.10473
G1 X136.096 Y136.181 E2641.5355
G1 X136.095 Y148.257 E2641.96928
G1 X135.692 Y148.595 E2641.98782
G1 X112 Y148.598 E2642.80734
G0 F4800 X112 Y148.998
G1 F2400 X135.868 Y148.997 E2643.63295
G1 X136.497 Y148.482 E2643.66161
G1 X136.498 Y136.34 E2644.09776
G1 X136.498 Y124.198 E2644.53088
G1 X136.499 Y112.056 E2644.96199
G1 X136.499 Y99.914 E2645.39006
G1 X136.5 Y87.772 E2645.81612
G1 X136.5 Y75.63 E2646.23915
G1 X136 Y75.024 E2646.2675
G1 X135.5 Y75 E2646.28515
G1 X127.585 Y75.001 E2646.54972
G1 X119.67 Y75.001 E2646.81692
G1 X111.755 Y75.002 E2647.08675
G1 X103.84 Y75.002 E2647.35922
G1 X95.925 Y75.003 E2647.63432
G1 X88.01 Y75.003 E2647.91205
G1 X87.5 Y75.632 E2647.9404
G1 X87.501 Y87.774 E2648.36343
G1 X87.501 Y99.916 E2648.78949
G1 X87.502 Y112.058 E2649.21756
G1 X87.502 Y124.2 E2649.64866
G1 X87.503 Y136.342 E2650.08179
G1 X87.503 Y148.484 E2650.51794
G1 X88.131 Y149 E2650.54687
G1 X112 Y148.998 E2651.38045
G0 F4800 X112 Y149.4
;TYPE:WALL-OUTER
G1 F2400 X136.029 Y149.4 E2652.17965
G1 X136.9 Y148.703 E2652.21676
G1 X136.9 Y75.467 E2654.6526
G1 X136.204 Y74.6 E2654.68958
G1 X87.793 Y74.6 E2656.29973
G1 X87.101 Y75.467 E2656.33663
G1 X87.1 Y148.704 E2658.7725
G1 X87.967 Y149.4 E2658.80948
G1 X112 Y149.4 E2659.60882
G0 F4800 X112.2 Y149.4
G0 X112.2 Y149.09
G0 X112 Y148.51
G0 X112 Y148.199
G1 F2400 X88.399 Y148.2 E2660.39379
G1 X88.302 Y148.035 E2660.40016
G1 X88.3 Y75.901 E2662.79934
G1 X88.465 Y75.802 E2662.80574
G1 X135.5 Y75.8 E2664.37014
G1 X135.7 Y75.895 E2664.3775
G1 X135.698 Y148.035 E2666.77689
G1 X135.535 Y148.198 E2666.78455
G1 X112 Y148.199 E2667.56733
G0 F4800 X111.8 Y148.199
;MESH:NONMESH
G0 F1800 X111.8 Y148.199 Z4.4
G0 F4800 X112 Y148.598
;TIME_ELAPSED:3073.623685
;LAYER:21
;TYPE:WALL-INNER
;MESH:I2C_LED_BTN-Body.stl
G1 F2400 X88.303 Y148.6 E2668.3949
G1 X87.905 Y148.252 E2668.41372
G1 X87.904 Y136.177 E2668.84746
G1 X87.903 Y124.102 E2669.2782
G1 X87.902 Y112.027 E2669.70692
G1 X87.902 Y99.952 E2670.13264
G1 X87.901 Y87.877 E2670.55634
G1 X87.9 Y75.802 E2670.97703
G1 X88.245 Y75.405 E2670.99545
G1 X104.079 Y75.403 E2671.55632
G1 X119.913 Y75.402 E2672.12246
G1 X135.747 Y75.4 E2672.69386
G1 X136.1 Y75.801 E2672.71283
G1 X136.099 Y87.877 E2673.13356
G1 X136.098 Y99.953 E2673.5573
G1 X136.097 Y112.029 E2673.98305
G1 X136.097 Y124.105 E2674.41181
G1 X136.096 Y136.181 E2674.84258
G1 X136.095 Y148.257 E2675.27636
G1 X135.692 Y148.595 E2675.2949
G1 X112 Y148.598 E2676.11442
G0 F4800 X112 Y148.998
G1 F2400 X135.868 Y148.997 E2676.94003
G1 X136.497 Y148.482 E2676.96869
G1 X136.498 Y136.34 E2677.40484
G1 X136.498 Y124.198 E2677.83796
G1 X136.499 Y112.056 E2678.26907
G1 X136.499 Y99.914 E2678.69714
G1 X136.5 Y87.772 E2679.1232
G1 X136.5 Y75.63 E2679.54623
G1 X136 Y75.024 E2679.57458
G1 X135.5 Y75 E2679.59223
G1 X127.585 Y75.001 E2679.8568
G1 X119.67 Y75.001 E2680.124
G1 X111.755 Y75.002 E2680.39383
G1 X103.84 Y75.002 E2680.6663
G1 X95.925 Y75.003 E2680.9414
G1 X88.01 Y75.003 E2681.21914
G1 X87.5 Y75.632 E2681.24748
G1 X87.501 Y87.774 E2681.67051
G1 X87.501 Y99.916 E2682.09657
G1 X87.502 Y112.058 E2682.52464
G1 X87.502 Y124.2 E2682.95575
G1 X87.503 Y136.342 E2683.38887
G1 X87.503 Y148.484 E2683.82502
G1 X88.131 Y149 E2683.85395
G1 X112 Y148.998 E2684.68753
G0 F4800 X112 Y149.4
;TYPE:WALL-OUTER
G1 F2400 X136.029 Y149.4 E2685.48674
G1 X136.9 Y148.703 E2685.52384
G1 X136.9 Y75.467 E2687.95968
G1 X136.204 Y74.6 E2687.99666
G1 X87.793 Y74.6 E2689.60681
G1 X87.101 Y75.467 E2689.64371
G1 X87.1 Y148.704 E2692.07958
G1 X87.967 Y149.4 E2692.11656
G1 X112 Y149.4 E2692.9159
G0 F4800 X112.2 Y149.4
G0 X112.2 Y149.09
G0 X112 Y148.51
G0 X112 Y148.199
G1 F2400 X88.399 Y148.2 E2693.70087
G1 X88.302 Y148.035 E2693.70724
G1 X88.3 Y75.901 E2696.10643
G1 X88.465 Y75.802 E2696.11283
G1 X135.5 Y75.8 E2697.67722
G1 X135.7 Y75.895 E2697.68458
G1 X135.698 Y148.035 E2700.08397
G1 X135.535 Y148.198 E2700.09163
G1 X112 Y148.199 E2700.87441
G0 F4800 X111.8 Y148.199
;MESH:NONMESH
G0 F1800 X111.8 Y148.199 Z4.6
G0 F4800 X112 Y148.598
;TIME_ELAPSED:3098.181182
;LAYER:22
;TYPE:WALL-INNER
;MESH:I2C_LED_BTN-Body.stl
G1 F2400 X88.303 Y148.6 E2701.70198
G1 X87.905 Y148.252 E2701.7208
G1 X87.904 Y136.177 E2702.15455
G1 X87.903 Y124.102 E2702.58528
G1 X87.902 Y112.027 E2703.014
G1 X87.902 Y99.952 E2703.43972
G1 X87.901 Y87.877 E2703.86342
G1 X87.9 Y75.802 E2704.28411
G1 X88.245 Y75.405 E2704.30253
G1 X104.079 Y75.403 E2704.8634
G1 X119.913 Y75.402 E2705.42954
G1 X135.747 Y75.4 E2706.00094
G1 X136.1 Y75.801 E2706.01991
G1 X136.099 Y87.877 E2706.44064
G1 X136.098 Y99.953 E2706.86438
G1 X136.097 Y112.029 E2707.29013
G1 X136.097 Y124.105 E2707.71889
G1 X136.096 Y136.181 E2708.14966
G1 X136.095 Y148.257 E2708.58344
G1 X135.692 Y148.595 E2708.60198
G1 X112 Y148.598 E2709.4215
G0 F4800 X112 Y148.998
G1 F2400 X135.868 Y148.997 E2710.24711
G1 X136.497 Y148.482 E2710.27577
G1 X136.498 Y136.34 E2710.71192
G1 X136.498 Y124.198 E2711.14505
G1 X136.499 Y112.056 E2711.57615
G1 X136.499 Y99.914 E2712.00422
G1 X136.5 Y87.772 E2712.43028
G1 X136.5 Y75.63 E2712.85331
G1 X136 Y75.024 E2712.88166
G1 X135.5 Y75 E2712.89931
G1 X127.585 Y75.001 E2713.16388
G1 X119.67 Y75.001 E2713.43108
G1 X111.755 Y75.002 E2713.70092
G1 X103.84 Y75.002 E2713.97338
G1 X95.925 Y75.003 E2714.24848
G1 X88.01 Y75.003 E2714.52622
G1 X87.5 Y75.632 E2714.55456
G1 X87.501 Y87.774 E2714.97759
G1 X87.501 Y99.916 E2715.40365
G1 X87.502 Y112.058 E2715.83172
G1 X87.502 Y124.2 E2716.26283
G1 X87.503 Y136.342 E2716.69595
G1 X87.503 Y148.484 E2717.1321
G1 X88.131 Y149 E2717.16103
G1 X112 Y148.998 E2717.99461
G0 F4800 X112 Y149.4
;TYPE:WALL-OUTER
G1 F2400 X136.029 Y149.4 E2718.79382
G1 X136.9 Y148.703 E2718.83092
G1 X136.9 Y75.467 E2721.26676
G1 X136.204 Y74.6 E2721.30374
G1 X87.793 Y74.6 E2722.91389
G1 X87.101 Y75.467 E2722.95079
G1 X87.1 Y148.704 E2725.38666
G1 X87.967 Y149.4 E2725.42364
G1 X112 Y149.4 E2726.22298
G0 F4800 X112.2 Y149.4
G0 X112.2 Y149.09
G0 X112 Y148.51
G0 X112 Y148.199
G1 F2400 X88.399 Y148.2 E2727.00795
G1 X88.302 Y148.035 E2727.01432
G1 X88.3 Y75.901 E2729.41351
G1 X88.465 Y75.802 E2729.41991
G1 X135.573 Y75.8 E2730.98673
G1 X135.7 Y75.939 E2730.99299
G1 X135.698 Y148.035 E2733.39091
G1 X135.535 Y148.198 E2733.39858
G1 X112 Y148.199 E2734.18135
G0 F4800 X111.8 Y148.199
;MESH:NONMESH
G0 F1800 X111.8 Y148.199 Z4.8
G0 F4800 X112 Y148.598
;TIME_ELAPSED:3122.738119
;LAYER:23
;TYPE:WALL-INNER
;MESH:I2C_LED_BTN-Body.stl
G1 F2400 X88.303 Y148.6 E2735.00893
G1 X87.905 Y148.252 E2735.02774
G1 X87.904 Y136.177 E2735.46149
G1 X87.903 Y124.102 E2735.89222
G1 X87.902 Y112.027 E2736.32095
G1 X87.902 Y99.952 E2736.74666
G1 X87.901 Y87.877 E2737.17037
G1 X87.9 Y75.802 E2737.59106
G1 X88.245 Y75.405 E2737.60947
G1 X104.079 Y75.403 E2738.17034
G1 X119.913 Y75.402 E2738.73648
G1 X135.747 Y75.4 E2739.30789
G1 X136.1 Y75.801 E2739.32686
G1 X136.099 Y87.877 E2739.74758
G1 X136.098 Y99.953 E2740.17132
G1 X136.097 Y112.029 E2740.59707
G1 X136.097 Y124.105 E2741.02583
G1 X136.096 Y136.181 E2741.4566
G1 X136.095 Y148.257 E2741.89038
G1 X135.692 Y148.595 E2741.90893
G1 X112 Y148.598 E2742.72845
G0 F4800 X112 Y148.998
G1 F2400 X135.868 Y148.997 E2743.55405
G1 X136.497 Y148.482 E2743.58271
G1 X136.498 Y136.34 E2744.01887
G1 X136.498 Y124.198 E2744.45199
G1 X136.499 Y112.056 E2744.88309
G1 X136.499 Y99.914 E2745.31117
G1 X136.5 Y87.772 E2745.73722
G1 X136.5 Y75.63 E2746.16025
G1 X136 Y75.024 E2746.1886
G1 X135.5 Y75 E2746.20625
G1 X127.585 Y75.001 E2746.47082
G1 X119.67 Y75.001 E2746.73802
G1 X111.755 Y75.002 E2747.00786
G1 X103.84 Y75.002 E2747.28033
G1 X95.925 Y75.003 E2747.55543
G1 X88.01 Y75.003 E2747.83316
G1 X87.5 Y75.632 E2747.86151
G1 X87.501 Y87.774 E2748.28454
G1 X87.501 Y99.916 E2748.71059
G1 X87.502 Y112.058 E2749.13867
G1 X87.502 Y124.2 E2749.56977
G1 X87.503 Y136.342 E2750.00289
G1 X87.503 Y148.484 E2750.43905
G1 X88.131 Y149 E2750.46797
G1 X112 Y148.998 E2751.30155
G0 F4800 X112 Y149.4
;TYPE:WALL-OUTER
G1 F2400 X136.029 Y149.4 E2752.10076
G1 X136.9 Y148.703 E2752.13786
G1 X136.9 Y75.467 E2754.5737
G1 X136.204 Y74.6 E2754.61068
G1 X87.793 Y74.6 E2756.22084
G1 X87.101 Y75.467 E2756.25773
G1 X87.1 Y148.704 E2758.69361
G1 X87.967 Y149.4 E2758.73059
G1 X112 Y149.4 E2759.52993
G0 F4800 X112.2 Y149.4
G0 X112.2 Y149.09
G0 X112 Y148.51
G0 X112 Y148.199
G1 F2400 X88.399 Y148.2 E2760.3149
G1 X88.302 Y148.035 E2760.32126
G1 X88.3 Y75.901 E2762.72045
G1 X88.465 Y75.802 E2762.72685
G1 X135.573 Y75.8 E2764.29367
G1 X135.7 Y75.939 E2764.29993
G1 X135.698 Y148.035 E2766.69785
G1 X135.535 Y148.198 E2766.70552
G1 X112 Y148.199 E2767.4883
G0 F4800 X111.8 Y148.199
;MESH:NONMESH
G0 F1800 X111.8 Y148.199 Z5
G0 F4800 X112 Y148.598
;TIME_ELAPSED:3147.295057
;LAYER:24
;TYPE:WALL-INNER
;MESH:I2C_LED_BTN-Body.stl
G1 F2400 X88.303 Y148.6 E2768.31587
G1 X87.905 Y148.252 E2768.33469
G1 X87.904 Y136.177 E2768.76843
G1 X87.903 Y124.102 E2769.19917
G1 X87.902 Y112.027 E2769.62789
G1 X87.902 Y99.952 E2770.0536
G1 X87.901 Y87.877 E2770.47731
G1 X87.9 Y75.802 E2770.898
G1 X88.245 Y75.405 E2770.91641
G1 X104.079 Y75.403 E2771.47729
G1 X119.913 Y75.402 E2772.04343
G1 X135.747 Y75.4 E2772.61483
G1 X136.1 Y75.801 E2772.6338
G1 X136.099 Y87.877 E2773.05453
G1 X136.098 Y99.953 E2773.47827
G1 X136.097 Y112.029 E2773.90402
G1 X136.097 Y124.105 E2774.33278
G1 X136.096 Y136.181 E2774.76355
G1 X136.095 Y148.257 E2775.19733
G1 X135.692 Y148.595 E2775.21587
G1 X112 Y148.598 E2776.03539
G0 F4800 X112 Y148.998
G1 F2400 X135.868 Y148.997 E2776.861
G1 X136.497 Y148.482 E2776.88966
G1 X136.498 Y136.34 E2777.32581
G1 X136.498 Y124.198 E2777.75893
G1 X136.499 Y112.056 E2778.19004
G1 X136.499 Y99.914 E2778.61811
G1 X136.5 Y87.772 E2779.04417
G1 X136.5 Y75.63 E2779.4672
G1 X136 Y75.024 E2779.49555
G1 X135.5 Y75 E2779.5132
G1 X127.585 Y75.001 E2779.77777
G1 X119.67 Y75.001 E2780.04497
G1 X111.755 Y75.002 E2780.3148
G1 X103.84 Y75.002 E2780.58727
G1 X95.925 Y75.003 E2780.86237
G1 X88.01 Y75.003 E2781.1401
G1 X87.5 Y75.632 E2781.16845
G1 X87.501 Y87.774 E2781.59148
G1 X87.501 Y99.916 E2782.01754
G1 X87.502 Y112.058 E2782.44561
G1 X87.502 Y124.2 E2782.87671
G1 X87.503 Y136.342 E2783.30984
G1 X87.503 Y148.484 E2783.74599
G1 X88.131 Y149 E2783.77492
G1 X112 Y148.998 E2784.6085
G0 F4800 X112 Y149.4
;TYPE:WALL-OUTER
G1 F2400 X136.029 Y149.4 E2785.4077
G1 X136.9 Y148.703 E2785.44481
G1 X136.9 Y75.467 E2787.88065
G1 X136.204 Y74.6 E2787.91763
G1 X87.793 Y74.6 E2789.52778
G1 X87.101 Y75.467 E2789.56468
G1 X87.1 Y148.704 E2792.00055
G1 X87.967 Y149.4 E2792.03753
G1 X112 Y149.4 E2792.83687
G0 F4800 X112.2 Y149.4
G0 X112.2 Y149.09
G0 X112 Y148.51
G0 X112 Y148.199
G1 F2400 X88.399 Y148.2 E2793.62184
G1 X88.302 Y148.035 E2793.62821
G1 X88.3 Y75.901 E2796.02739
G1 X88.465 Y75.802 E2796.03379
G1 X135.573 Y75.8 E2797.60061
G1 X135.7 Y75.939 E2797.60688
G1 X135.698 Y148.035 E2800.0048
G1 X135.535 Y148.198 E2800.01246
G1 X112 Y148.199 E2800.79524
G0 F4800 X111.8 Y148.199
;MESH:NONMESH
G0 F1800 X111.8 Y148.199 Z5.2
G0 F4800 X112 Y148.598
;TIME_ELAPSED:3171.851994
;LAYER:25
;TYPE:WALL-INNER
;MESH:I2C_LED_BTN-Body.stl
G1 F2400 X88.303 Y148.6 E2801.62282
G1 X87.905 Y148.252 E2801.64163
G1 X87.904 Y136.177 E2802.07538
G1 X87.903 Y124.102 E2802.50611
G1 X87.902 Y112.027 E2802.93483
G1 X87.902 Y99.952 E2803.36055
G1 X87.901 Y87.877 E2803.78425
G1 X87.9 Y75.802 E2804.20495
G1 X88.245 Y75.405 E2804.22336
G1 X104.079 Y75.403 E2804.78423
G1 X119.913 Y75.402 E2805.35037
G1 X135.747 Y75.4 E2805.92178
G1 X136.1 Y75.801 E2805.94074
G1 X136.099 Y87.877 E2806.36147
G1 X136.098 Y99.953 E2806.78521
G1 X136.097 Y112.029 E2807.21096
G1 X136.097 Y124.105 E2807.63972
G1 X136.096 Y136.181 E2808.07049
G1 X136.095 Y148.257 E2808.50427
G1 X135.692 Y148.595 E2808.52281
G1 X112 Y148.598 E2809.34233
G0 F4800 X112 Y148.998
G1 F2400 X135.868 Y148.997 E2810.16794
G1 X136.497 Y148.482 E2810.1966
G1 X136.498 Y136.34 E2810.63275
G1 X136.498 Y124.198 E2811.06588
G1 X136.499 Y112.056 E2811.49698
G1 X136.499 Y99.914 E2811.92506
G1 X136.5 Y87.772 E2812.35111
G1 X136.5 Y75.63 E2812.77414
G1 X136 Y75.024 E2812.80249
G1 X135.5 Y75 E2812.82014
G1 X127.585 Y75.001 E2813.08471
G1 X119.67 Y75.001 E2813.35191
G1 X111.755 Y75.002 E2813.62175
G1 X103.84 Y75.002 E2813.89422
G1 X95.925 Y75.003 E2814.16932
G1 X88.01 Y75.003 E2814.44705
G1 X87.5 Y75.632 E2814.4754
G1 X87.501 Y87.774 E2814.89842
G1 X87.501 Y99.916 E2815.32448
G1 X87.502 Y112.058 E2815.75255
G1 X87.502 Y124.2 E2816.18366
G1 X87.503 Y136.342 E2816.61678
G1 X87.503 Y148.484 E2817.05293
G1 X88.131 Y149 E2817.08186
G1 X112 Y148.998 E2817.91544
G0 F4800 X112 Y149.4
;TYPE:WALL-OUTER
G1 F2400 X136.029 Y149.4 E2818.71465
G1 X136.9 Y148.703 E2818.75175
G1 X136.9 Y75.467 E2821.18759
G1 X136.204 Y74.6 E2821.22457
G1 X87.793 Y74.6 E2822.83473
G1 X87.101 Y75.467 E2822.87162
G1 X87.1 Y148.704 E2825.30749
G1 X87.967 Y149.4 E2825.34447
G1 X112 Y149.4 E2826.14381
G0 F4800 X112.2 Y149.4
G0 X112.2 Y149.09
G0 X112 Y148.51
G0 X112 Y148.199
G1 F2400 X88.399 Y148.2 E2826.92879
G1 X88.302 Y148.035 E2826.93515
G1 X88.3 Y75.901 E2829.33434
G1 X88.465 Y75.802 E2829.34074
G1 X135.573 Y75.8 E2830.90756
G1 X135.7 Y75.939 E2830.91382
G1 X135.698 Y148.035 E2833.31174
G1 X135.535 Y148.198 E2833.31941
G1 X112 Y148.199 E2834.10219
G0 F4800 X111.8 Y148.199
;MESH:NONMESH
G0 F1800 X111.8 Y148.199 Z5.4
G0 F4800 X112 Y148.598
;TIME_ELAPSED:3196.408932
;LAYER:26
;TYPE:WALL-INNER
;MESH:I2C_LED_BTN-Body.stl
G1 F2400 X88.303 Y148.6 E2834.92976
G1 X87.905 Y148.252 E2834.94857
G1 X87.904 Y136.177 E2835.38232
G1 X87.903 Y124.102 E2835.81305
G1 X87.902 Y112.027 E2836.24178
G1 X87.902 Y99.952 E2836.66749
G1 X87.901 Y87.877 E2837.0912
G1 X87.9 Y75.802 E2837.51189
G1 X88.245 Y75.405 E2837.5303
G1 X104.079 Y75.403 E2838.09117
G1 X119.913 Y75.402 E2838.65731
G1 X135.747 Y75.4 E2839.22872
G1 X136.1 Y75.801 E2839.24769
G1 X136.099 Y87.877 E2839.66841
G1 X136.098 Y99.953 E2840.09215
G1 X136.097 Y112.029 E2840.5179
G1 X136.097 Y124.105 E2840.94666
G1 X136.096 Y136.181 E2841.37743
G1 X136.095 Y148.257 E2841.81121
G1 X135.692 Y148.595 E2841.82976
G1 X112 Y148.598 E2842.64928
G0 F4800 X112 Y148.998
G1 F2400 X135.868 Y148.997 E2843.47488
G1 X136.497 Y148.482 E2843.50354
G1 X136.498 Y136.34 E2843.9397
G1 X136.498 Y124.198 E2844.37282
G1 X136.499 Y112.056 E2844.80392
G1 X136.499 Y99.914 E2845.232
G1 X136.5 Y87.772 E2845.65806
G1 X136.5 Y75.63 E2846.08108
G1 X136 Y75.024 E2846.10943
G1 X135.5 Y75 E2846.12708
G1 X127.585 Y75.001 E2846.39165
G1 X119.67 Y75.001 E2846.65886
G1 X111.755 Y75.002 E2846.92869
G1 X103.84 Y75.002 E2847.20116
G1 X95.925 Y75.003 E2847.47626
G1 X88.01 Y75.003 E2847.75399
G1 X87.5 Y75.632 E2847.78234
G1 X87.501 Y87.774 E2848.20537
G1 X87.501 Y99.916 E2848.63142
G1 X87.502 Y112.058 E2849.0595
G1 X87.502 Y124.2 E2849.4906
G1 X87.503 Y136.342 E2849.92373
G1 X87.503 Y148.484 E2850.35988
G1 X88.131 Y149 E2850.3888
G1 X112 Y148.998 E2851.22238
G0 F4800 X112 Y149.4
;TYPE:WALL-OUTER
G1 F2400 X136.029 Y149.4 E2852.02159
G1 X136.9 Y148.703 E2852.05869
G1 X136.9 Y75.467 E2854.49453
G1 X136.204 Y74.6 E2854.53151
G1 X87.793 Y74.6 E2856.14167
G1 X87.101 Y75.467 E2856.17856
G1 X87.1 Y148.704 E2858.61444
G1 X87.967 Y149.4 E2858.65142
G1 X112 Y149.4 E2859.45076
G0 F4800 X112.2 Y149.4
G0 X112.2 Y149.09
G0 X112 Y148.51
G0 X112 Y148.199
G1 F2400 X88.399 Y148.2 E2860.23573
G1 X88.302 Y148.035 E2860.2421
G1 X88.3 Y75.901 E2862.64128
G1 X88.465 Y75.802 E2862.64768
G1 X135.573 Y75.8 E2864.2145
G1 X135.7 Y75.939 E2864.22076
G1 X135.698 Y148.035 E2866.61869
G1 X135.535 Y148.198 E2866.62635
G1 X112 Y148.199 E2867.40913
G0 F4800 X111.8 Y148.199
;MESH:NONMESH
G0 F1800 X111.8 Y148.199 Z5.6
G0 F4800 X112 Y148.598
;TIME_ELAPSED:3220.965869
;LAYER:27
;TYPE:WALL-INNER
;MESH:I2C_LED_BTN-Body.stl
G1 F2400 X88.303 Y148.6 E2868.2367
G1 X87.905 Y148.252 E2868.25552
G1 X87.904 Y136.177 E2868.68926
G1 X87.903 Y124.102 E2869.12
G1 X87.902 Y112.027 E2869.54872
G1 X87.902 Y99.952 E2869.97444
G1 X87.901 Y87.877 E2870.39814
G1 X87.9 Y75.802 E2870.81883
G1 X88.245 Y75.405 E2870.83725
G1 X104.079 Y75.403 E2871.39812
G1 X119.913 Y75.402 E2871.96426
G1 X135.747 Y75.4 E2872.53566
G1 X136.1 Y75.801 E2872.55463
G1 X136.099 Y87.877 E2872.97536
G1 X136.098 Y99.953 E2873.3991
G1 X136.097 Y112.029 E2873.82485
G1 X136.097 Y124.105 E2874.25361
G1 X136.096 Y136.181 E2874.68438
G1 X136.095 Y148.257 E2875.11816
G1 X135.692 Y148.595 E2875.1367
G1 X112 Y148.598 E2875.95622
G0 F4800 X112 Y148.998
G1 F2400 X135.868 Y148.997 E2876.78183
G1 X136.497 Y148.482 E2876.81049
G1 X136.498 Y136.34 E2877.24664
G1 X136.498 Y124.198 E2877.67976
G1 X136.499 Y112.056 E2878.11087
G1 X136.499 Y99.914 E2878.53894
G1 X136.5 Y87.772 E2878.965
G1 X136.5 Y75.63 E2879.38803
G1 X136 Y75.024 E2879.41638
G1 X135.5 Y75 E2879.43403
G1 X127.585 Y75.001 E2879.6986
G1 X119.67 Y75.001 E2879.9658
G1 X111.755 Y75.002 E2880.23563
G1 X103.84 Y75.002 E2880.5081
G1 X95.925 Y75.003 E2880.7832
G1 X88.01 Y75.003 E2881.06094
G1 X87.5 Y75.632 E2881.08928
G1 X87.501 Y87.774 E2881.51231
G1 X87.501 Y99.916 E2881.93837
G1 X87.502 Y112.058 E2882.36644
G1 X87.502 Y124.2 E2882.79755
G1 X87.503 Y136.342 E2883.23067
G1 X87.503 Y148.484 E2883.66682
G1 X88.131 Y149 E2883.69575
G1 X112 Y148.998 E2884.52933
G0 F4800 X112 Y149.4
;TYPE:WALL-OUTER
G1 F2400 X136.029 Y149.4 E2885.32854
G1 X136.9 Y148.703 E2885.36564
G1 X136.9 Y75.467 E2887.80148
G1 X136.204 Y74.6 E2887.83846
G1 X87.793 Y74.6 E2889.44861
G1 X87.101 Y75.467 E2889.48551
G1 X87.1 Y148.704 E2891.92138
G1 X87.967 Y149.4 E2891.95836
G1 X112 Y149.4 E2892.7577
G0 F4800 X112.2 Y149.4
G0 X112.2 Y149.09
G0 X112 Y148.51
G0 X112 Y148.199
G1 F2400 X88.399 Y148.2 E2893.54267
G1 X88.302 Y148.035 E2893.54904
G1 X88.3 Y75.901 E2895.94823
G1 X88.465 Y75.802 E2895.95463
G1 X135.573 Y75.8 E2897.52144
G1 X135.7 Y75.939 E2897.52771
G1 X135.698 Y148.035 E2899.92563
G1 X135.535 Y148.198 E2899.9333
G1 X112 Y148.199 E2900.71607
G0 F4800 X111.8 Y148.199
;MESH:NONMESH
G0 F1800 X111.8 Y148.199 Z5.8
G0 F4800 X112 Y148.598
;TIME_ELAPSED:3245.522806
;LAYER:28
;TYPE:WALL-INNER
;MESH:I2C_LED_BTN-Body.stl
G1 F2400 X88.303 Y148.6 E2901.54365
G1 X87.905 Y148.252 E2901.56246
G1 X87.904 Y136.177 E2901.99621
G1 X87.903 Y124.102 E2902.42694
G1 X87.902 Y112.027 E2902.85567
G1 X87.902 Y99.952 E2903.28138
G1 X87.901 Y87.877 E2903.70508
G1 X87.9 Y75.802 E2904.12578
G1 X88.245 Y75.405 E2904.14419
G1 X104.079 Y75.403 E2904.70506
G1 X119.913 Y75.402 E2905.2712
G1 X135.747 Y75.4 E2905.84261
G1 X136.1 Y75.801 E2905.86157
G1 X136.099 Y87.877 E2906.2823
G1 X136.098 Y99.953 E2906.70604
G1 X136.097 Y112.029 E2907.13179
G1 X136.097 Y124.105 E2907.56055
G1 X136.096 Y136.181 E2907.99132
G1 X136.095 Y148.257 E2908.4251
G1 X135.692 Y148.595 E2908.44365
G1 X112 Y148.598 E2909.26316
G0 F4800 X112 Y148.998
G1 F2400 X135.868 Y148.997 E2910.08877
G1 X136.497 Y148.482 E2910.11743
G1 X136.498 Y136.34 E2910.55358
G1 X136.498 Y124.198 E2910.98671
G1 X136.499 Y112.056 E2911.41781
G1 X136.499 Y99.914 E2911.84589
G1 X136.5 Y87.772 E2912.27194
G1 X136.5 Y75.63 E2912.69497
G1 X136 Y75.024 E2912.72332
G1 X135.5 Y75 E2912.74097
G1 X127.585 Y75.001 E2913.00554
G1 X119.67 Y75.001 E2913.27274
G1 X111.755 Y75.002 E2913.54258
G1 X103.84 Y75.002 E2913.81505
G1 X95.925 Y75.003 E2914.09015
G1 X88.01 Y75.003 E2914.36788
G1 X87.5 Y75.632 E2914.39623
G1 X87.501 Y87.774 E2914.81925
G1 X87.501 Y99.916 E2915.24531
G1 X87.502 Y112.058 E2915.67339
G1 X87.502 Y124.2 E2916.10449
G1 X87.503 Y136.342 E2916.53761
G1 X87.503 Y148.484 E2916.97376
G1 X88.131 Y149 E2917.00269
G1 X112 Y148.998 E2917.83627
G0 F4800 X112 Y149.4
;TYPE:WALL-OUTER
G1 F2400 X136.029 Y149.4 E2918.63548
G1 X136.9 Y148.703 E2918.67258
G1 X136.9 Y75.467 E2921.10842
G1 X136.204 Y74.6 E2921.1454
G1 X87.793 Y74.6 E2922.75556
G1 X87.101 Y75.467 E2922.79245
G1 X87.1 Y148.704 E2925.22832
G1 X87.967 Y149.4 E2925.2653
G1 X112 Y149.4 E2926.06464
G0 F4800 X112.2 Y149.4
G0 X112.2 Y149.09
G0 X112 Y148.51
G0 X112 Y148.199
G1 F2400 X88.399 Y148.2 E2926.84962
G1 X88.302 Y148.035 E2926.85598
G1 X88.3 Y75.901 E2929.25517
G1 X88.465 Y75.802 E2929.26157
G1 X135.573 Y75.8 E2930.82839
G1 X135.7 Y75.939 E2930.83465
G1 X135.698 Y148.035 E2933.23257
G1 X135.535 Y148.198 E2933.24024
G1 X112 Y148.199 E2934.02302
G0 F4800 X111.8 Y148.199
;MESH:NONMESH
G0 F1800 X111.8 Y148.199 Z6
G0 F4800 X112 Y148.598
;TIME_ELAPSED:3270.079744
;LAYER:29
;TYPE:WALL-INNER
;MESH:I2C_LED_BTN-Body.stl
G1 F2400 X88.303 Y148.6 E2934.85059
G1 X87.905 Y148.252 E2934.86941
G1 X87.904 Y136.177 E2935.30315
G1 X87.903 Y124.102 E2935.73388
G1 X87.902 Y112.027 E2936.16261
G1 X87.902 Y99.952 E2936.58832
G1 X87.901 Y87.877 E2937.01203
G1 X87.9 Y75.802 E2937.43272
G1 X88.245 Y75.405 E2937.45113
G1 X104.079 Y75.403 E2938.01201
G1 X119.913 Y75.402 E2938.57814
G1 X135.747 Y75.4 E2939.14955
G1 X136.1 Y75.801 E2939.16852
G1 X136.099 Y87.877 E2939.58925
G1 X136.098 Y99.953 E2940.01299
G1 X136.097 Y112.029 E2940.43873
G1 X136.097 Y124.105 E2940.86749
G1 X136.096 Y136.181 E2941.29826
G1 X136.095 Y148.257 E2941.73205
G1 X135.692 Y148.595 E2941.75059
G1 X112 Y148.598 E2942.57011
G0 F4800 X112 Y148.998
G1 F2400 X135.868 Y148.997 E2943.39572
G1 X136.497 Y148.482 E2943.42438
G1 X136.498 Y136.34 E2943.86053
G1 X136.498 Y124.198 E2944.29365
G1 X136.499 Y112.056 E2944.72476
G1 X136.499 Y99.914 E2945.15283
G1 X136.5 Y87.772 E2945.57889
G1 X136.5 Y75.63 E2946.00191
G1 X136 Y75.024 E2946.03027
G1 X135.5 Y75 E2946.04791
G1 X127.585 Y75.001 E2946.31248
G1 X119.67 Y75.001 E2946.57969
G1 X111.755 Y75.002 E2946.84952
G1 X103.84 Y75.002 E2947.12199
G1 X95.925 Y75.003 E2947.39709
G1 X88.01 Y75.003 E2947.67482
G1 X87.5 Y75.632 E2947.70317
G1 X87.501 Y87.774 E2948.1262
G1 X87.501 Y99.916 E2948.55225
G1 X87.502 Y112.058 E2948.98033
G1 X87.502 Y124.2 E2949.41143
G1 X87.503 Y136.342 E2949.84456
G1 X87.503 Y148.484 E2950.28071
G1 X88.131 Y149 E2950.30963
G1 X112 Y148.998 E2951.14321
G0 F4800 X112 Y149.4
;TYPE:WALL-OUTER
G1 F2400 X136.029 Y149.4 E2951.94242
G1 X136.9 Y148.703 E2951.97953
G1 X136.9 Y75.467 E2954.41537
G1 X136.204 Y74.6 E2954.45234
G1 X87.793 Y74.6 E2956.0625
G1 X87.101 Y75.467 E2956.0994
G1 X87.1 Y148.704 E2958.53527
G1 X87.967 Y149.4 E2958.57225
G1 X112 Y149.4 E2959.37159
G0 F4800 X112.2 Y149.4
G0 X112.2 Y149.09
G0 X112 Y148.51
G0 X112 Y148.199
G1 F2400 X88.399 Y148.2 E2960.15656
G1 X88.302 Y148.035 E2960.16293
G1 X88.3 Y75.901 E2962.56211
G1 X88.465 Y75.802 E2962.56851
G1 X135.573 Y75.8 E2964.13533
G1 X135.7 Y75.939 E2964.14159
G1 X135.698 Y148.035 E2966.53952
G1 X135.535 Y148.198 E2966.54718
G1 X112 Y148.199 E2967.32996
G0 F4800 X111.8 Y148.199
;MESH:NONMESH
G0 F1800 X111.8 Y148.199 Z6.2
G0 F4800 X112 Y148.598
;TIME_ELAPSED:3294.636681
;LAYER:30
;TYPE:WALL-INNER
;MESH:I2C_LED_BTN-Body.stl
G1 F2400 X88.303 Y148.6 E2968.15753
G1 X87.905 Y148.252 E2968.17635
G1 X87.904 Y136.177 E2968.61009
G1 X87.903 Y124.102 E2969.04083
G1 X87.902 Y112.027 E2969.46955
G1 X87.902 Y99.952 E2969.89527
G1 X87.901 Y87.877 E2970.31897
G1 X87.9 Y75.802 E2970.73966
G1 X88.245 Y75.405 E2970.75808
G1 X104.079 Y75.403 E2971.31895
G1 X119.913 Y75.402 E2971.88509
G1 X135.747 Y75.4 E2972.45649
G1 X136.1 Y75.801 E2972.47546
G1 X136.099 Y87.877 E2972.89619
G1 X136.098 Y99.953 E2973.31993
G1 X136.097 Y112.029 E2973.74568
G1 X136.097 Y124.105 E2974.17444
G1 X136.096 Y136.181 E2974.60521
G1 X136.095 Y148.257 E2975.03899
G1 X135.692 Y148.595 E2975.05753
G1 X112 Y148.598 E2975.87705
G0 F4800 X112 Y148.998
G1 F2400 X135.868 Y148.997 E2976.70266
G1 X136.497 Y148.482 E2976.73132
G1 X136.498 Y136.34 E2977.16747
G1 X136.498 Y124.198 E2977.60059
G1 X136.499 Y112.056 E2978.0317
G1 X136.499 Y99.914 E2978.45977
G1 X136.5 Y87.772 E2978.88583
G1 X136.5 Y75.63 E2979.30886
G1 X136 Y75.024 E2979.33721
G1 X135.5 Y75 E2979.35486
G1 X127.585 Y75.001 E2979.61943
G1 X119.67 Y75.001 E2979.88663
G1 X111.755 Y75.002 E2980.15647
G1 X103.84 Y75.002 E2980.42893
G1 X95.925 Y75.003 E2980.70403
G1 X88.01 Y75.003 E2980.98177
G1 X87.5 Y75.632 E2981.01011
G1 X87.501 Y87.774 E2981.43314
G1 X87.501 Y99.916 E2981.8592
G1 X87.502 Y112.058 E2982.28727
G1 X87.502 Y124.2 E2982.71838
G1 X87.503 Y136.342 E2983.1515
G1 X87.503 Y148.484 E2983.58765
G1 X88.131 Y149 E2983.61658
G1 X112 Y148.998 E2984.45016
G0 F4800 X112 Y149.4
;TYPE:WALL-OUTER
G1 F2400 X136.029 Y149.4 E2985.24937
G1 X136.9 Y148.703 E2985.28647
G1 X136.9 Y75.467 E2987.72231
G1 X136.204 Y74.6 E2987.75929
G1 X87.793 Y74.6 E2989.36944
G1 X87.101 Y75.467 E2989.40634
G1 X87.1 Y148.704 E2991.84221
G1 X87.967 Y149.4 E2991.87919
G1 X112 Y149.4 E2992.67853
G0 F4800 X112.2 Y149.4
G0 X112.2 Y149.09
G0 X112 Y148.51
G0 X112 Y148.199
G1 F2400 X88.399 Y148.2 E2993.4635
G1 X88.302 Y148.035 E2993.46987
G1 X88.3 Y75.901 E2995.86906
G1 X88.465 Y75.802 E2995.87546
G1 X135.573 Y75.8 E2997.44228
G1 X135.7 Y75.939 E2997.44854
G1 X135.698 Y148.035 E2999.84646
G1 X135.535 Y148.198 E2999.85413
G1 X112 Y148.199 E3000.6369
G0 F4800 X111.8 Y148.199
;MESH:NONMESH
G0 F1800 X111.8 Y148.199 Z6.4
G0 F4800 X112 Y148.598
;TIME_ELAPSED:3319.193619
;LAYER:31
;TYPE:WALL-INNER
;MESH:I2C_LED_BTN-Body.stl
G1 F2400 X88.303 Y148.6 E3001.46448
G1 X87.905 Y148.252 E3001.48329
G1 X87.904 Y136.177 E3001.91704
G1 X87.903 Y124.102 E3002.34777
G1 X87.902 Y112.027 E3002.7765
G1 X87.902 Y99.952 E3003.20221
G1 X87.901 Y87.877 E3003.62592
G1 X87.9 Y75.802 E3004.04661
G1 X88.245 Y75.405 E3004.06502
G1 X104.079 Y75.403 E3004.62589
G1 X119.913 Y75.402 E3005.19203
G1 X135.747 Y75.4 E3005.76344
G1 X136.1 Y75.801 E3005.78241
G1 X136.099 Y87.877 E3006.20313
G1 X136.098 Y99.953 E3006.62687
G1 X136.097 Y112.029 E3007.05262
G1 X136.097 Y124.105 E3007.48138
G1 X136.096 Y136.181 E3007.91215
G1 X136.095 Y148.257 E3008.34593
G1 X135.692 Y148.595 E3008.36448
G1 X112 Y148.598 E3009.184
G0 F4800 X112 Y148.998
G1 F2400 X135.868 Y148.997 E3010.0096
G1 X136.497 Y148.482 E3010.03826
G1 X136.498 Y136.34 E3010.47442
G1 X136.498 Y124.198 E3010.90754
G1 X136.499 Y112.056 E3011.33864
G1 X136.499 Y99.914 E3011.76672
G1 X136.5 Y87.772 E3012.19277
G1 X136.5 Y75.63 E3012.6158
G1 X136 Y75.024 E3012.64415
G1 X135.5 Y75 E3012.6618
G1 X127.585 Y75.001 E3012.92637
G1 X119.67 Y75.001 E3013.19357
G1 X111.755 Y75.002 E3013.46341
G1 X103.84 Y75.002 E3013.73588
G1 X95.925 Y75.003 E3014.01098
G1 X88.01 Y75.003 E3014.28871
G1 X87.5 Y75.632 E3014.31706
G1 X87.501 Y87.774 E3014.74009
G1 X87.501 Y99.916 E3015.16614
G1 X87.502 Y112.058 E3015.59422
G1 X87.502 Y124.2 E3016.02532
G1 X87.503 Y136.342 E3016.45844
G1 X87.503 Y148.484 E3016.8946
G1 X88.131 Y149 E3016.92352
G1 X112 Y148.998 E3017.7571
G0 F4800 X112 Y149.4
;TYPE:WALL-OUTER
G1 F2400 X136.029 Y149.4 E3018.55631
G1 X136.9 Y148.703 E3018.59341
G1 X136.9 Y75.467 E3021.02925
G1 X136.204 Y74.6 E3021.06623
G1 X87.793 Y74.6 E3022.67639
G1 X87.101 Y75.467 E3022.71328
G1 X87.1 Y148.704 E3025.14916
G1 X87.967 Y149.4 E3025.18613
G1 X112 Y149.4 E3025.98548
G0 F4800 X112.2 Y149.4
G0 X112.2 Y149.09
G0 X112 Y148.51
G0 X112 Y148.199
G1 F2400 X88.399 Y148.2 E3026.77045
G1 X88.302 Y148.035 E3026.77681
G1 X88.3 Y75.901 E3029.176
G1 X88.465 Y75.802 E3029.1824
G1 X135.573 Y75.8 E3030.74922
G1 X135.7 Y75.939 E3030.75548
G1 X135.698 Y148.035 E3033.1534
G1 X135.535 Y148.198 E3033.16107
G1 X112 Y148.199 E3033.94385
G0 F4800 X111.8 Y148.199
;MESH:NONMESH
G0 F1800 X111.8 Y148.199 Z6.6
G0 F4800 X112 Y148.598
;TIME_ELAPSED:3343.750556
;LAYER:32
;TYPE:WALL-INNER
;MESH:I2C_LED_BTN-Body.stl
G1 F2400 X88.303 Y148.6 E3034.77142
G1 X87.905 Y148.252 E3034.79024
G1 X87.904 Y136.177 E3035.22398
G1 X87.903 Y124.102 E3035.65472
G1 X87.902 Y112.027 E3036.08344
G1 X87.902 Y99.952 E3036.50915
G1 X87.901 Y87.877 E3036.93286
G1 X87.9 Y75.802 E3037.35355
G1 X88.245 Y75.405 E3037.37196
G1 X104.079 Y75.403 E3037.93284
G1 X119.913 Y75.402 E3038.49898
G1 X135.747 Y75.4 E3039.07038
G1 X136.1 Y75.801 E3039.08935
G1 X136.099 Y87.877 E3039.51008
G1 X136.098 Y99.953 E3039.93382
G1 X136.097 Y112.029 E3040.35957
G1 X136.097 Y124.105 E3040.78833
G1 X136.096 Y136.181 E3041.2191
G1 X136.095 Y148.257 E3041.65288
G1 X135.692 Y148.595 E3041.67142
G1 X112 Y148.598 E3042.49094
G0 F4800 X112 Y148.998
G1 F2400 X135.868 Y148.997 E3043.31655
G1 X136.497 Y148.482 E3043.34521
G1 X136.498 Y136.34 E3043.78136
G1 X136.498 Y124.198 E3044.21448
G1 X136.499 Y112.056 E3044.64559
G1 X136.499 Y99.914 E3045.07366
G1 X136.5 Y87.772 E3045.49972
G1 X136.5 Y75.63 E3045.92274
G1 X136 Y75.024 E3045.9511
G1 X135.5 Y75 E3045.96874
G1 X127.585 Y75.001 E3046.23331
G1 X119.67 Y75.001 E3046.50052
G1 X111.755 Y75.002 E3046.77035
G1 X103.84 Y75.002 E3047.04282
G1 X95.925 Y75.003 E3047.31792
G1 X88.01 Y75.003 E3047.59565
G1 X87.5 Y75.632 E3047.624
G1 X87.501 Y87.774 E3048.04703
G1 X87.501 Y99.916 E3048.47308
G1 X87.502 Y112.058 E3048.90116
G1 X87.502 Y124.2 E3049.33226
G1 X87.503 Y136.342 E3049.76539
G1 X87.503 Y148.484 E3050.20154
G1 X88.131 Y149 E3050.23047
G1 X112 Y148.998 E3051.06405
G0 F4800 X112 Y149.4
;TYPE:WALL-OUTER
G1 F2400 X136.029 Y149.4 E3051.86325
G1 X136.9 Y148.703 E3051.90036
G1 X136.9 Y75.467 E3054.3362
G1 X136.204 Y74.6 E3054.37318
G1 X87.793 Y74.6 E3055.98333
G1 X87.101 Y75.467 E3056.02023
G1 X87.1 Y148.704 E3058.4561
G1 X87.967 Y149.4 E3058.49308
G1 X112 Y149.4 E3059.29242
G0 F4800 X112.2 Y149.4
G0 X112.2 Y149.09
G0 X112 Y148.51
G0 X112 Y148.199
G1 F2400 X88.399 Y148.2 E3060.07739
G1 X88.302 Y148.035 E3060.08376
G1 X88.3 Y75.901 E3062.48294
G1 X88.465 Y75.802 E3062.48934
G1 X135.573 Y75.8 E3064.05616
G1 X135.7 Y75.939 E3064.06242
G1 X135.698 Y148.035 E3066.46035
G1 X135.535 Y148.198 E3066.46801
G1 X112 Y148.199 E3067.25079
G0 F4800 X111.8 Y148.199
;MESH:NONMESH
G0 F1800 X111.8 Y148.199 Z6.8
G0 F4800 X112 Y148.598
;TIME_ELAPSED:3368.307494
;LAYER:33
;TYPE:WALL-INNER
;MESH:I2C_LED_BTN-Body.stl
G1 F2400 X88.303 Y148.6 E3068.07837
G1 X87.905 Y148.252 E3068.09718
G1 X87.904 Y136.177 E3068.53093
G1 X87.903 Y124.102 E3068.96166
G1 X87.902 Y112.027 E3069.39038
G1 X87.902 Y99.952 E3069.8161
G1 X87.901 Y87.877 E3070.2398
G1 X87.9 Y75.802 E3070.6605
G1 X88.245 Y75.405 E3070.67891
G1 X104.079 Y75.403 E3071.23978
G1 X119.913 Y75.402 E3071.80592
G1 X135.747 Y75.4 E3072.37732
G1 X136.1 Y75.801 E3072.39629
G1 X136.099 Y87.877 E3072.81702
G1 X136.098 Y99.953 E3073.24076
G1 X136.097 Y112.029 E3073.66651
G1 X136.097 Y124.105 E3074.09527
G1 X136.096 Y136.181 E3074.52604
G1 X136.095 Y148.257 E3074.95982
G1 X135.692 Y148.595 E3074.97836
G1 X112 Y148.598 E3075.79788
G0 F4800 X112 Y148.998
G1 F2400 X135.868 Y148.997 E3076.62349
G1 X136.497 Y148.482 E3076.65215
G1 X136.498 Y136.34 E3077.0883
G1 X136.498 Y124.198 E3077.52143
G1 X136.499 Y112.056 E3077.95253
G1 X136.499 Y99.914 E3078.38061
G1 X136.5 Y87.772 E3078.80666
G1 X136.5 Y75.63 E3079.22969
G1 X136 Y75.024 E3079.25804
G1 X135.5 Y75 E3079.27569
G1 X127.585 Y75.001 E3079.54026
G1 X119.67 Y75.001 E3079.80746
G1 X111.755 Y75.002 E3080.0773
G1 X103.84 Y75.002 E3080.34976
G1 X95.925 Y75.003 E3080.62486
G1 X88.01 Y75.003 E3080.9026
G1 X87.5 Y75.632 E3080.93095
G1 X87.501 Y87.774 E3081.35397
G1 X87.501 Y99.916 E3081.78003
G1 X87.502 Y112.058 E3082.2081
G1 X87.502 Y124.2 E3082.63921
G1 X87.503 Y136.342 E3083.07233
G1 X87.503 Y148.484 E3083.50848
G1 X88.131 Y149 E3083.53741
G1 X112 Y148.998 E3084.37099
G0 F4800 X112 Y149.4
;TYPE:WALL-OUTER
G1 F2400 X136.029 Y149.4 E3085.1702
G1 X136.9 Y148.703 E3085.2073
G1 X136.9 Y75.467 E3087.64314
G1 X136.204 Y74.6 E3087.68012
G1 X87.793 Y74.6 E3089.29028
G1 X87.101 Y75.467 E3089.32717
G1 X87.1 Y148.704 E3091.76304
G1 X87.967 Y149.4 E3091.80002
G1 X112 Y149.4 E3092.59936
G0 F4800 X112.2 Y149.4
G0 X112.2 Y149.09
G0 X112 Y148.51
G0 X112 Y148.199
G1 F2400 X88.399 Y148.2 E3093.38434
G1 X88.302 Y148.035 E3093.3907
G1 X88.3 Y75.901 E3095.78989
G1 X88.465 Y75.802 E3095.79629
G1 X135.573 Y75.8 E3097.36311
G1 X135.7 Y75.939 E3097.36937
G1 X135.698 Y148.035 E3099.76729
G1 X135.535 Y148.198 E3099.77496
G1 X112 Y148.199 E3100.55774
G0 F4800 X111.8 Y148.199
;MESH:NONMESH
G0 F1800 X111.8 Y148.199 Z7
G0 F4800 X112 Y148.598
;TIME_ELAPSED:3392.864431
;LAYER:34
;TYPE:WALL-INNER
;MESH:I2C_LED_BTN-Body.stl
G1 F2400 X88.303 Y148.6 E3101.38531
G1 X87.905 Y148.252 E3101.40412
G1 X87.904 Y136.177 E3101.83787
G1 X87.903 Y124.102 E3102.2686
G1 X87.902 Y112.027 E3102.69733
G1 X87.902 Y99.952 E3103.12304
G1 X87.901 Y87.877 E3103.54675
G1 X87.9 Y75.802 E3103.96744
G1 X88.245 Y75.405 E3103.98585
G1 X104.079 Y75.403 E3104.54672
G1 X119.913 Y75.402 E3105.11286
G1 X135.747 Y75.4 E3105.68427
G1 X136.1 Y75.801 E3105.70324
G1 X136.099 Y87.877 E3106.12396
G1 X136.098 Y99.953 E3106.5477
G1 X136.097 Y112.029 E3106.97345
G1 X136.097 Y124.105 E3107.40221
G1 X136.096 Y136.181 E3107.83298
G1 X136.095 Y148.257 E3108.26676
G1 X135.692 Y148.595 E3108.28531
G1 X112 Y148.598 E3109.10483
G0 F4800 X112 Y148.998
G1 F2400 X135.868 Y148.997 E3109.93043
G1 X136.497 Y148.482 E3109.95909
G1 X136.498 Y136.34 E3110.39525
G1 X136.498 Y124.198 E3110.82837
G1 X136.499 Y112.056 E3111.25947
G1 X136.499 Y99.914 E3111.68755
G1 X136.5 Y87.772 E3112.11361
G1 X136.5 Y75.63 E3112.53663
G1 X136 Y75.024 E3112.56498
G1 X135.5 Y75 E3112.58263
G1 X127.585 Y75.001 E3112.8472
G1 X119.67 Y75.001 E3113.11441
G1 X111.755 Y75.002 E3113.38424
G1 X103.84 Y75.002 E3113.65671
G1 X95.925 Y75.003 E3113.93181
G1 X88.01 Y75.003 E3114.20954
G1 X87.5 Y75.632 E3114.23789
G1 X87.501 Y87.774 E3114.66092
G1 X87.501 Y99.916 E3115.08697
G1 X87.502 Y112.058 E3115.51505
G1 X87.502 Y124.2 E3115.94615
G1 X87.503 Y136.342 E3116.37927
G1 X87.503 Y148.484 E3116.81543
G1 X88.131 Y149 E3116.84435
G1 X112 Y148.998 E3117.67793
G0 F4800 X112 Y149.4
;TYPE:WALL-OUTER
G1 F2400 X136.029 Y149.4 E3118.47714
G1 X136.9 Y148.703 E3118.51424
G1 X136.9 Y75.467 E3120.95008
G1 X136.204 Y74.6 E3120.98706
G1 X87.793 Y74.6 E3122.59722
G1 X87.101 Y75.467 E3122.63411
G1 X87.1 Y148.704 E3125.06999
G1 X87.967 Y149.4 E3125.10697
G1 X112 Y149.4 E3125.90631
G0 F4800 X112.2 Y149.4
G0 X112.2 Y149.09
G0 X112 Y148.51
G0 X112 Y148.199
G1 F2400 X88.399 Y148.2 E3126.69128
G1 X88.302 Y148.035 E3126.69764
G1 X88.3 Y75.901 E3129.09683
G1 X88.465 Y75.802 E3129.10323
G1 X135.573 Y75.8 E3130.67005
G1 X135.7 Y75.939 E3130.67631
G1 X135.698 Y148.035 E3133.07423
G1 X135.535 Y148.198 E3133.0819
G1 X112 Y148.199 E3133.86468
G0 F4800 X111.8 Y148.199
;MESH:NONMESH
G0 F1800 X111.8 Y148.199 Z7.2
G0 F4800 X112 Y148.598
;TIME_ELAPSED:3417.421368
;LAYER:35
;TYPE:WALL-INNER
;MESH:I2C_LED_BTN-Body.stl
G1 F2400 X88.303 Y148.6 E3134.69225
G1 X87.905 Y148.252 E3134.71107
G1 X87.904 Y136.177 E3135.14481
G1 X87.903 Y124.102 E3135.57555
G1 X87.902 Y112.027 E3136.00427
G1 X87.902 Y99.952 E3136.42998
G1 X87.901 Y87.877 E3136.85369
G1 X87.9 Y75.802 E3137.27438
G1 X88.245 Y75.405 E3137.29279
G1 X104.079 Y75.403 E3137.85367
G1 X119.913 Y75.402 E3138.41981
G1 X135.747 Y75.4 E3138.99121
G1 X136.1 Y75.801 E3139.01018
G1 X136.099 Y87.877 E3139.43091
G1 X136.098 Y99.953 E3139.85465
G1 X136.097 Y112.029 E3140.2804
G1 X136.097 Y124.105 E3140.70916
G1 X136.096 Y136.181 E3141.13993
G1 X136.095 Y148.257 E3141.57371
G1 X135.692 Y148.595 E3141.59225
G1 X112 Y148.598 E3142.41177
G0 F4800 X112 Y148.998
G1 F2400 X135.868 Y148.997 E3143.23738
G1 X136.497 Y148.482 E3143.26604
G1 X136.498 Y136.34 E3143.70219
G1 X136.498 Y124.198 E3144.13531
G1 X136.499 Y112.056 E3144.56642
G1 X136.499 Y99.914 E3144.99449
G1 X136.5 Y87.772 E3145.42055
G1 X136.5 Y75.63 E3145.84358
G1 X136 Y75.024 E3145.87193
G1 X135.5 Y75 E3145.88958
G1 X127.585 Y75.001 E3146.15415
G1 X119.67 Y75.001 E3146.42135
G1 X111.755 Y75.002 E3146.69118
G1 X103.84 Y75.002 E3146.96365
G1 X95.925 Y75.003 E3147.23875
G1 X88.01 Y75.003 E3147.51649
G1 X87.5 Y75.632 E3147.54483
G1 X87.501 Y87.774 E3147.96786
G1 X87.501 Y99.916 E3148.39392
G1 X87.502 Y112.058 E3148.82199
G1 X87.502 Y124.2 E3149.2531
G1 X87.503 Y136.342 E3149.68622
G1 X87.503 Y148.484 E3150.12237
G1 X88.131 Y149 E3150.1513
G1 X112 Y148.998 E3150.98488
G0 F4800 X112 Y149.4
;TYPE:WALL-OUTER
G1 F2400 X136.029 Y149.4 E3151.78408
G1 X136.9 Y148.703 E3151.82119
G1 X136.9 Y75.467 E3154.25703
G1 X136.204 Y74.6 E3154.29401
G1 X87.793 Y74.6 E3155.90416
G1 X87.101 Y75.467 E3155.94106
G1 X87.1 Y148.704 E3158.37693
G1 X87.967 Y149.4 E3158.41391
G1 X112 Y149.4 E3159.21325
G0 F4800 X112.2 Y149.4
G0 X112.2 Y149.09
G0 X112 Y148.51
G0 X112 Y148.199
G1 F2400 X88.399 Y148.2 E3159.99822
G1 X88.302 Y148.035 E3160.00459
G1 X88.3 Y75.901 E3162.40378
G1 X88.465 Y75.802 E3162.41018
G1 X135.573 Y75.8 E3163.97699
G1 X135.7 Y75.939 E3163.98326
G1 X135.698 Y148.035 E3166.38118
G1 X135.535 Y148.198 E3166.38885
G1 X112 Y148.199 E3167.17162
G0 F4800 X111.8 Y148.199
;MESH:NONMESH
G0 F1800 X111.8 Y148.199 Z7.4
G0 F4800 X112 Y148.598
;TIME_ELAPSED:3441.978306
;LAYER:36
;TYPE:WALL-INNER
;MESH:I2C_LED_BTN-Body.stl
G1 F2400 X88.303 Y148.6 E3167.9992
G1 X87.905 Y148.252 E3168.01801
G1 X87.904 Y136.177 E3168.45176
G1 X87.903 Y124.102 E3168.88249
G1 X87.902 Y112.027 E3169.31122
G1 X87.902 Y99.952 E3169.73693
G1 X87.901 Y87.877 E3170.16063
G1 X87.9 Y75.802 E3170.58133
G1 X88.245 Y75.405 E3170.59974
G1 X104.079 Y75.403 E3171.16061
G1 X119.913 Y75.402 E3171.72675
G1 X135.747 Y75.4 E3172.29816
G1 X136.1 Y75.801 E3172.31712
G1 X136.099 Y87.877 E3172.73785
G1 X136.098 Y99.953 E3173.16159
G1 X136.097 Y112.029 E3173.58734
G1 X136.097 Y124.105 E3174.0161
G1 X136.096 Y136.181 E3174.44687
G1 X136.095 Y148.257 E3174.88065
G1 X135.692 Y148.595 E3174.89919
G1 X112 Y148.598 E3175.71871
G0 F4800 X112 Y148.998
G1 F2400 X135.868 Y148.997 E3176.54432
G1 X136.497 Y148.482 E3176.57298
G1 X136.498 Y136.34 E3177.00913
G1 X136.498 Y124.198 E3177.44226
G1 X136.499 Y112.056 E3177.87336
G1 X136.499 Y99.914 E3178.30144
G1 X136.5 Y87.772 E3178.72749
G1 X136.5 Y75.63 E3179.15052
G1 X136 Y75.024 E3179.17887
G1 X135.5 Y75 E3179.19652
G1 X127.585 Y75.001 E3179.46109
G1 X119.67 Y75.001 E3179.72829
G1 X111.755 Y75.002 E3179.99813
G1 X103.84 Y75.002 E3180.2706
G1 X95.925 Y75.003 E3180.5457
G1 X88.01 Y75.003 E3180.82343
G1 X87.5 Y75.632 E3180.85178
G1 X87.501 Y87.774 E3181.2748
G1 X87.501 Y99.916 E3181.70086
G1 X87.502 Y112.058 E3182.12893
G1 X87.502 Y124.2 E3182.56004
G1 X87.503 Y136.342 E3182.99316
G1 X87.503 Y148.484 E3183.42931
G1 X88.131 Y149 E3183.45824
G1 X112 Y148.998 E3184.29182
G0 F4800 X112 Y149.4
;TYPE:WALL-OUTER
G1 F2400 X136.029 Y149.4 E3185.09103
G1 X136.9 Y148.703 E3185.12813
G1 X136.9 Y75.467 E3187.56397
G1 X136.204 Y74.6 E3187.60095
G1 X87.793 Y74.6 E3189.21111
G1 X87.101 Y75.467 E3189.248
G1 X87.1 Y148.704 E3191.68387
G1 X87.967 Y149.4 E3191.72085
G1 X112 Y149.4 E3192.52019
G0 F4800 X112.2 Y149.4
G0 X112.2 Y149.09
G0 X112 Y148.51
G0 X112 Y148.199
G1 F2400 X88.399 Y148.2 E3193.30517
G1 X88.302 Y148.035 E3193.31153
G1 X88.3 Y75.901 E3195.71072
G1 X88.465 Y75.802 E3195.71712
G1 X135.573 Y75.8 E3197.28394
G1 X135.7 Y75.939 E3197.2902
G1 X135.698 Y148.035 E3199.68812
G1 X135.535 Y148.198 E3199.69579
G1 X112 Y148.199 E3200.47857
G0 F4800 X111.8 Y148.199
;MESH:NONMESH
G0 F1800 X111.8 Y148.199 Z7.6
G0 F4800 X112 Y148.598
;TIME_ELAPSED:3466.535243
;LAYER:37
;TYPE:WALL-INNER
;MESH:I2C_LED_BTN-Body.stl
G1 F2400 X88.303 Y148.6 E3201.30614
G1 X87.905 Y148.252 E3201.32496
G1 X87.904 Y136.177 E3201.7587
G1 X87.903 Y124.102 E3202.18943
G1 X87.902 Y112.027 E3202.61816
G1 X87.902 Y99.952 E3203.04387
G1 X87.901 Y87.877 E3203.46758
G1 X87.9 Y75.802 E3203.88827
G1 X88.245 Y75.405 E3203.90668
G1 X104.079 Y75.403 E3204.46755
G1 X119.913 Y75.402 E3205.03369
G1 X135.747 Y75.4 E3205.6051
G1 X136.1 Y75.801 E3205.62407
G1 X136.099 Y87.877 E3206.0448
G1 X136.098 Y99.953 E3206.46854
G1 X136.097 Y112.029 E3206.89428
G1 X136.097 Y124.105 E3207.32304
G1 X136.096 Y136.181 E3207.75381
G1 X136.095 Y148.257 E3208.18759
G1 X135.692 Y148.595 E3208.20614
G1 X112 Y148.598 E3209.02566
G0 F4800 X112 Y148.998
G1 F2400 X135.868 Y148.997 E3209.85126
G1 X136.497 Y148.482 E3209.87993
G1 X136.498 Y136.34 E3210.31608
G1 X136.498 Y124.198 E3210.7492
G1 X136.499 Y112.056 E3211.1803
G1 X136.499 Y99.914 E3211.60838
G1 X136.5 Y87.772 E3212.03444
G1 X136.5 Y75.63 E3212.45746
G1 X136 Y75.024 E3212.48582
G1 X135.5 Y75 E3212.50346
G1 X127.585 Y75.001 E3212.76803
G1 X119.67 Y75.001 E3213.03524
G1 X111.755 Y75.002 E3213.30507
G1 X103.84 Y75.002 E3213.57754
G1 X95.925 Y75.003 E3213.85264
G1 X88.01 Y75.003 E3214.13037
G1 X87.5 Y75.632 E3214.15872
G1 X87.501 Y87.774 E3214.58175
G1 X87.501 Y99.916 E3215.0078
G1 X87.502 Y112.058 E3215.43588
G1 X87.502 Y124.2 E3215.86698
G1 X87.503 Y136.342 E3216.30011
G1 X87.503 Y148.484 E3216.73626
G1 X88.131 Y149 E3216.76518
G1 X112 Y148.998 E3217.59876
G0 F4800 X112 Y149.4
;TYPE:WALL-OUTER
G1 F2400 X136.029 Y149.4 E3218.39797
G1 X136.9 Y148.703 E3218.43508
G1 X136.9 Y75.467 E3220.87091
G1 X136.204 Y74.6 E3220.90789
G1 X87.793 Y74.6 E3222.51805
G1 X87.101 Y75.467 E3222.55495
G1 X87.1 Y148.704 E3224.99082
G1 X87.967 Y149.4 E3225.0278
G1 X112 Y149.4 E3225.82714
G0 F4800 X112.2 Y149.4
G0 X112.2 Y149.09
G0 X112 Y148.51
G0 X112 Y148.199
G1 F2400 X88.399 Y148.2 E3226.61211
G1 X88.302 Y148.035 E3226.61848
G1 X88.3 Y75.901 E3229.01766
G1 X88.465 Y75.802 E3229.02406
G1 X135.573 Y75.8 E3230.59088
G1 X135.7 Y75.939 E3230.59714
G1 X135.698 Y148.035 E3232.99507
G1 X135.535 Y148.198 E3233.00273
G1 X112 Y148.199 E3233.78551
G0 F4800 X111.8 Y148.199
;MESH:NONMESH
G0 F1800 X111.8 Y148.199 Z7.8
G0 F4800 X112 Y148.598
;TIME_ELAPSED:3491.092181
;LAYER:38
;TYPE:WALL-INNER
;MESH:I2C_LED_BTN-Body.stl
G1 F2400 X88.303 Y148.6 E3234.61308
G1 X87.905 Y148.252 E3234.6319
G1 X87.904 Y136.177 E3235.06564
G1 X87.903 Y124.102 E3235.49638
G1 X87.902 Y112.027 E3235.9251
G1 X87.902 Y99.952 E3236.35082
G1 X87.901 Y87.877 E3236.77452
G1 X87.9 Y75.802 E3237.19521
G1 X88.245 Y75.405 E3237.21363
G1 X104.079 Y75.403 E3237.7745
G1 X119.913 Y75.402 E3238.34064
G1 X135.747 Y75.4 E3238.91204
G1 X136.1 Y75.801 E3238.93101
G1 X136.099 Y87.877 E3239.35174
G1 X136.098 Y99.953 E3239.77548
G1 X136.097 Y112.029 E3240.20123
G1 X136.097 Y124.105 E3240.62999
G1 X136.096 Y136.181 E3241.06076
G1 X136.095 Y148.257 E3241.49454
G1 X135.692 Y148.595 E3241.51308
G1 X112 Y148.598 E3242.3326
G0 F4800 X112 Y148.998
G1 F2400 X135.868 Y148.997 E3243.15821
G1 X136.497 Y148.482 E3243.18687
G1 X136.498 Y136.34 E3243.62302
G1 X136.498 Y124.198 E3244.05614
G1 X136.499 Y112.056 E3244.48725
G1 X136.499 Y99.914 E3244.91532
G1 X136.5 Y87.772 E3245.34138
G1 X136.5 Y75.63 E3245.76441
G1 X136 Y75.024 E3245.79276
G1 X135.5 Y75 E3245.81041
G1 X127.585 Y75.001 E3246.07498
G1 X119.67 Y75.001 E3246.34218
G1 X111.755 Y75.002 E3246.61202
G1 X103.84 Y75.002 E3246.88448
G1 X95.925 Y75.003 E3247.15958
G1 X88.01 Y75.003 E3247.43732
G1 X87.5 Y75.632 E3247.46566
G1 X87.501 Y87.774 E3247.88869
G1 X87.501 Y99.916 E3248.31475
G1 X87.502 Y112.058 E3248.74282
G1 X87.502 Y124.2 E3249.17393
G1 X87.503 Y136.342 E3249.60705
G1 X87.503 Y148.484 E3250.0432
G1 X88.131 Y149 E3250.07213
G1 X112 Y148.998 E3250.90571
G0 F4800 X112 Y149.4
;TYPE:WALL-OUTER
G1 F2400 X136.029 Y149.4 E3251.70492
G1 X136.9 Y148.703 E3251.74202
G1 X136.9 Y75.467 E3254.17786
G1 X136.204 Y74.6 E3254.21484
G1 X87.793 Y74.6 E3255.82499
G1 X87.101 Y75.467 E3255.86189
G1 X87.1 Y148.704 E3258.29776
G1 X87.967 Y149.4 E3258.33474
G1 X112 Y149.4 E3259.13408
G0 F4800 X112.2 Y149.4
G0 X112.2 Y149.09
G0 X112 Y148.51
G0 X112 Y148.199
G1 F2400 X88.399 Y148.2 E3259.91905
G1 X88.302 Y148.035 E3259.92542
G1 X88.3 Y75.901 E3262.32461
G1 X88.465 Y75.802 E3262.33101
G1 X135.573 Y75.8 E3263.89782
G1 X135.7 Y75.939 E3263.90409
G1 X135.698 Y148.035 E3266.30201
G1 X135.535 Y148.198 E3266.30968
G1 X112 Y148.199 E3267.09245
G0 F4800 X111.8 Y148.199
;MESH:NONMESH
G0 F1800 X111.8 Y148.199 Z8
G0 F4800 X112 Y148.598
;TIME_ELAPSED:3515.649118
;LAYER:39
;TYPE:WALL-INNER
;MESH:I2C_LED_BTN-Body.stl
G1 F2400 X88.303 Y148.6 E3267.92003
G1 X87.905 Y148.252 E3267.93884
G1 X87.904 Y136.177 E3268.37259
G1 X87.903 Y124.102 E3268.80332
G1 X87.902 Y112.027 E3269.23205
G1 X87.902 Y99.952 E3269.65776
G1 X87.901 Y87.877 E3270.08146
G1 X87.9 Y75.802 E3270.50216
G1 X88.245 Y75.405 E3270.52057
G1 X104.079 Y75.403 E3271.08144
G1 X119.913 Y75.402 E3271.64758
G1 X135.747 Y75.4 E3272.21899
G1 X136.1 Y75.801 E3272.23795
G1 X136.099 Y87.877 E3272.65868
G1 X136.098 Y99.953 E3273.08242
G1 X136.097 Y112.029 E3273.50817
G1 X136.097 Y124.105 E3273.93693
G1 X136.096 Y136.181 E3274.3677
G1 X136.095 Y148.257 E3274.80148
G1 X135.692 Y148.595 E3274.82003
G1 X112 Y148.598 E3275.63955
G0 F4800 X112 Y148.998
G1 F2400 X135.868 Y148.997 E3276.46515
G1 X136.497 Y148.482 E3276.49381
G1 X136.498 Y136.34 E3276.92996
G1 X136.498 Y124.198 E3277.36309
G1 X136.499 Y112.056 E3277.79419
G1 X136.499 Y99.914 E3278.22227
G1 X136.5 Y87.772 E3278.64832
G1 X136.5 Y75.63 E3279.07135
G1 X136 Y75.024 E3279.0997
G1 X135.5 Y75 E3279.11735
G1 X127.585 Y75.001 E3279.38192
G1 X119.67 Y75.001 E3279.64912
G1 X111.755 Y75.002 E3279.91896
G1 X103.84 Y75.002 E3280.19143
G1 X95.925 Y75.003 E3280.46653
G1 X88.01 Y75.003 E3280.74426
G1 X87.5 Y75.632 E3280.77261
G1 X87.501 Y87.774 E3281.19563
G1 X87.501 Y99.916 E3281.62169
G1 X87.502 Y112.058 E3282.04977
G1 X87.502 Y124.2 E3282.48087
G1 X87.503 Y136.342 E3282.91399
G1 X87.503 Y148.484 E3283.35015
G1 X88.131 Y149 E3283.37907
G1 X112 Y148.998 E3284.21265
G0 F4800 X112 Y149.4
;TYPE:WALL-OUTER
G1 F2400 X136.029 Y149.4 E3285.01186
G1 X136.9 Y148.703 E3285.04896
G1 X136.9 Y75.467 E3287.4848
G1 X136.204 Y74.6 E3287.52178
G1 X87.793 Y74.6 E3289.13194
G1 X87.101 Y75.467 E3289.16883
G1 X87.1 Y148.704 E3291.60471
G1 X87.967 Y149.4 E3291.64168
G1 X112 Y149.4 E3292.44103
G0 F4800 X112.2 Y149.4
G0 X112.2 Y149.09
G0 X112 Y148.51
G0 X112 Y148.199
G1 F2400 X88.399 Y148.2 E3293.226
G1 X88.302 Y148.035 E3293.23236
G1 X88.3 Y75.901 E3295.63155
G1 X88.465 Y75.802 E3295.63795
G1 X135.573 Y75.8 E3297.20477
G1 X135.7 Y75.939 E3297.21103
G1 X135.698 Y148.035 E3299.60895
G1 X135.535 Y148.198 E3299.61662
G1 X112 Y148.199 E3300.3994
G0 F4800 X111.8 Y148.199
;MESH:NONMESH
G0 F1800 X111.8 Y148.199 Z8.2
G0 F4800 X112 Y148.598
;TIME_ELAPSED:3540.206055
;LAYER:40
;TYPE:WALL-INNER
;MESH:I2C_LED_BTN-Body.stl
G1 F2400 X88.303 Y148.6 E3301.22697
G1 X87.905 Y148.252 E3301.24579
G1 X87.904 Y136.177 E3301.67953
G1 X87.903 Y124.102 E3302.11027
G1 X87.902 Y112.027 E3302.53899
G1 X87.902 Y99.952 E3302.9647
G1 X87.901 Y87.877 E3303.38841
G1 X87.9 Y75.802 E3303.8091
G1 X88.245 Y75.405 E3303.82751
G1 X104.079 Y75.403 E3304.38839
G1 X119.913 Y75.402 E3304.95453
G1 X135.747 Y75.4 E3305.52593
G1 X136.1 Y75.801 E3305.5449
G1 X136.099 Y87.877 E3305.96563
G1 X136.098 Y99.953 E3306.38937
G1 X136.097 Y112.029 E3306.81511
G1 X136.097 Y124.105 E3307.24388
G1 X136.096 Y136.181 E3307.67464
G1 X136.095 Y148.257 E3308.10843
G1 X135.692 Y148.595 E3308.12697
G1 X112 Y148.598 E3308.94649
G0 F4800 X112 Y148.998
G1 F2400 X135.868 Y148.997 E3309.7721
G1 X136.497 Y148.482 E3309.80076
G1 X136.498 Y136.34 E3310.23691
G1 X136.498 Y124.198 E3310.67003
G1 X136.499 Y112.056 E3311.10114
G1 X136.499 Y99.914 E3311.52921
G1 X136.5 Y87.772 E3311.95527
G1 X136.5 Y75.63 E3312.37829
G1 X136 Y75.024 E3312.40665
G1 X135.5 Y75 E3312.42429
G1 X127.585 Y75.001 E3312.68886
G1 X119.67 Y75.001 E3312.95607
G1 X111.755 Y75.002 E3313.2259
G1 X103.84 Y75.002 E3313.49837
G1 X95.925 Y75.003 E3313.77347
G1 X88.01 Y75.003 E3314.0512
G1 X87.5 Y75.632 E3314.07955
G1 X87.501 Y87.774 E3314.50258
G1 X87.501 Y99.916 E3314.92863
G1 X87.502 Y112.058 E3315.35671
G1 X87.502 Y124.2 E3315.78781
G1 X87.503 Y136.342 E3316.22094
G1 X87.503 Y148.484 E3316.65709
G1 X88.131 Y149 E3316.68602
G1 X112 Y148.998 E3317.5196
G0 F4800 X112 Y149.4
;TYPE:WALL-OUTER
G1 F2400 X136.029 Y149.4 E3318.3188
G1 X136.9 Y148.703 E3318.35591
G1 X136.9 Y75.467 E3320.79175
G1 X136.204 Y74.6 E3320.82872
G1 X87.793 Y74.6 E3322.43888
G1 X87.101 Y75.467 E3322.47578
G1 X87.1 Y148.704 E3324.91165
G1 X87.967 Y149.4 E3324.94863
G1 X112 Y149.4 E3325.74797
G0 F4800 X112.2 Y149.4
G0 X112.2 Y149.09
G0 X112 Y148.51
G0 X112 Y148.199
G1 F2400 X88.399 Y148.2 E3326.53294
G1 X88.302 Y148.035 E3326.53931
G1 X88.3 Y75.901 E3328.93849
G1 X88.465 Y75.802 E3328.94489
G1 X135.573 Y75.8 E3330.51171
G1 X135.7 Y75.939 E3330.51797
G1 X135.698 Y148.035 E3332.9159
G1 X135.535 Y148.198 E3332.92356
G1 X112 Y148.199 E3333.70634
G0 F4800 X111.8 Y148.199
;MESH:NONMESH
G0 F1800 X111.8 Y148.199 Z8.4
G0 F4800 X112 Y148.598
;TIME_ELAPSED:3564.762993
;LAYER:41
;TYPE:WALL-INNER
;MESH:I2C_LED_BTN-Body.stl
G1 F2400 X88.303 Y148.6 E3334.53392
G1 X87.905 Y148.252 E3334.55273
G1 X87.904 Y136.177 E3334.98648
G1 X87.903 Y124.102 E3335.41721
G1 X87.902 Y112.027 E3335.84593
G1 X87.902 Y99.952 E3336.27165
G1 X87.901 Y87.877 E3336.69535
G1 X87.9 Y75.802 E3337.11605
G1 X88.245 Y75.405 E3337.13446
G1 X104.079 Y75.403 E3337.69533
G1 X119.913 Y75.402 E3338.26147
G1 X135.747 Y75.4 E3338.83287
G1 X136.1 Y75.801 E3338.85184
G1 X136.099 Y87.877 E3339.27257
G1 X136.098 Y99.953 E3339.69631
G1 X136.097 Y112.029 E3340.12206
G1 X136.097 Y124.105 E3340.55082
G1 X136.096 Y136.181 E3340.98159
G1 X136.095 Y148.257 E3341.41537
G1 X135.692 Y148.595 E3341.43391
G1 X112 Y148.598 E3342.25343
G0 F4800 X112 Y148.998
G1 F2400 X135.868 Y148.997 E3343.07904
G1 X136.497 Y148.482 E3343.1077
G1 X136.498 Y136.34 E3343.54385
G1 X136.498 Y124.198 E3343.97698
G1 X136.499 Y112.056 E3344.40808
G1 X136.499 Y99.914 E3344.83615
G1 X136.5 Y87.772 E3345.26221
G1 X136.5 Y75.63 E3345.68524
G1 X136 Y75.024 E3345.71359
G1 X135.5 Y75 E3345.73124
G1 X127.585 Y75.001 E3345.99581
G1 X119.67 Y75.001 E3346.26301
G1 X111.755 Y75.002 E3346.53285
G1 X103.84 Y75.002 E3346.80531
G1 X95.925 Y75.003 E3347.08041
G1 X88.01 Y75.003 E3347.35815
G1 X87.5 Y75.632 E3347.38649
G1 X87.501 Y87.774 E3347.80952
G1 X87.501 Y99.916 E3348.23558
G1 X87.502 Y112.058 E3348.66365
G1 X87.502 Y124.2 E3349.09476
G1 X87.503 Y136.342 E3349.52788
G1 X87.503 Y148.484 E3349.96403
G1 X88.131 Y149 E3349.99296
G1 X112 Y148.998 E3350.82654
G0 F4800 X112 Y149.4
;TYPE:WALL-OUTER
G1 F2400 X136.029 Y149.4 E3351.62575
G1 X136.9 Y148.703 E3351.66285
G1 X136.9 Y75.467 E3354.09869
G1 X136.204 Y74.6 E3354.13567
G1 X87.793 Y74.6 E3355.74582
G1 X87.101 Y75.467 E3355.78272
G1 X87.1 Y148.704 E3358.21859
G1 X87.967 Y149.4 E3358.25557
G1 X112 Y149.4 E3359.05491
G0 F4800 X112.2 Y149.4
G0 X112.2 Y149.09
G0 X112 Y148.51
G0 X112 Y148.199
G1 F2400 X88.399 Y148.2 E3359.83988
G1 X88.302 Y148.035 E3359.84625
G1 X88.3 Y75.939 E3362.24417
G1 X88.425 Y75.802 E3362.25034
G1 X135.573 Y75.8 E3363.81849
G1 X135.7 Y75.939 E3363.82475
G1 X135.698 Y148.035 E3366.22268
G1 X135.535 Y148.198 E3366.23034
G1 X112 Y148.199 E3367.01312
G0 F4800 X111.8 Y148.199
;MESH:NONMESH
G0 F1800 X111.8 Y148.199 Z8.6
G0 F4800 X112 Y148.598
;TIME_ELAPSED:3589.319710
;LAYER:42
;TYPE:WALL-INNER
;MESH:I2C_LED_BTN-Body.stl
G1 F2400 X88.303 Y148.6 E3367.84069
G1 X87.905 Y148.252 E3367.85951
G1 X87.904 Y136.177 E3368.29325
G1 X87.903 Y124.102 E3368.72399
G1 X87.902 Y112.027 E3369.15271
G1 X87.902 Y99.952 E3369.57843
G1 X87.901 Y87.877 E3370.00213
G1 X87.9 Y75.802 E3370.42282
G1 X88.245 Y75.405 E3370.44124
G1 X104.079 Y75.403 E3371.00211
G1 X119.913 Y75.402 E3371.56825
G1 X135.747 Y75.4 E3372.13965
G1 X136.1 Y75.801 E3372.15862
G1 X136.099 Y87.877 E3372.57935
G1 X136.098 Y99.953 E3373.00309
G1 X136.097 Y112.029 E3373.42884
G1 X136.097 Y124.105 E3373.8576
G1 X136.096 Y136.181 E3374.28837
G1 X136.095 Y148.257 E3374.72215
G1 X135.692 Y148.595 E3374.74069
G1 X112 Y148.598 E3375.56021
G0 F4800 X112 Y148.998
G1 F2400 X135.868 Y148.997 E3376.38582
G1 X136.497 Y148.482 E3376.41448
G1 X136.498 Y136.34 E3376.85063
G1 X136.498 Y124.198 E3377.28375
G1 X136.499 Y112.056 E3377.71486
G1 X136.499 Y99.914 E3378.14293
G1 X136.5 Y87.772 E3378.56899
G1 X136.5 Y75.63 E3378.99202
G1 X136 Y75.024 E3379.02037
G1 X135.5 Y75 E3379.03802
G1 X127.585 Y75.001 E3379.30259
G1 X119.67 Y75.001 E3379.56979
G1 X111.755 Y75.002 E3379.83962
G1 X103.84 Y75.002 E3380.11209
G1 X95.925 Y75.003 E3380.38719
G1 X88.01 Y75.003 E3380.66493
G1 X87.5 Y75.632 E3380.69327
G1 X87.501 Y87.774 E3381.1163
G1 X87.501 Y99.916 E3381.54236
G1 X87.502 Y112.058 E3381.97043
G1 X87.502 Y124.2 E3382.40154
G1 X87.503 Y136.342 E3382.83466
G1 X87.503 Y148.484 E3383.27081
G1 X88.131 Y149 E3383.29974
G1 X112 Y148.998 E3384.13332
G0 F4800 X112 Y149.4
;TYPE:WALL-OUTER
G1 F2400 X136.029 Y149.4 E3384.93253
G1 X136.9 Y148.703 E3384.96963
G1 X136.9 Y75.467 E3387.40547
G1 X136.204 Y74.6 E3387.44245
G1 X87.793 Y74.6 E3389.0526
G1 X87.101 Y75.467 E3389.0895
G1 X87.1 Y148.704 E3391.52537
G1 X87.967 Y149.4 E3391.56235
G1 X112 Y149.4 E3392.36169
G0 F4800 X112.2 Y149.4
G0 X112.2 Y149.09
G0 X112 Y148.51
G0 X112 Y148.199
G1 F2400 X88.399 Y148.2 E3393.14666
G1 X88.302 Y148.035 E3393.15303
G1 X88.3 Y75.901 E3395.55222
G1 X88.465 Y75.802 E3395.55862
G1 X135.573 Y75.8 E3397.12543
G1 X135.7 Y75.939 E3397.1317
G1 X135.698 Y148.035 E3399.52962
G1 X135.535 Y148.198 E3399.53729
G1 X112 Y148.199 E3400.32006
G0 F4800 X111.8 Y148.199
;MESH:NONMESH
G0 F1800 X111.8 Y148.199 Z8.8
G0 F4800 X112 Y148.598
;TIME_ELAPSED:3613.876648
;LAYER:43
;TYPE:WALL-INNER
;MESH:I2C_LED_BTN-Body.stl
G1 F2400 X88.303 Y148.6 E3401.14764
G1 X87.905 Y148.252 E3401.16645
G1 X87.904 Y136.177 E3401.6002
G1 X87.903 Y124.102 E3402.03093
G1 X87.902 Y112.027 E3402.45966
G1 X87.902 Y99.952 E3402.88537
G1 X87.901 Y87.877 E3403.30907
G1 X87.9 Y75.802 E3403.72977
G1 X88.245 Y75.405 E3403.74818
G1 X104.079 Y75.403 E3404.30905
G1 X119.913 Y75.402 E3404.87519
G1 X135.747 Y75.4 E3405.4466
G1 X136.1 Y75.801 E3405.46556
G1 X136.099 Y87.877 E3405.88629
G1 X136.098 Y99.953 E3406.31003
G1 X136.097 Y112.029 E3406.73578
G1 X136.097 Y124.105 E3407.16454
G1 X136.096 Y136.181 E3407.59531
G1 X136.095 Y148.257 E3408.02909
G1 X135.692 Y148.595 E3408.04764
G1 X112 Y148.598 E3408.86715
G0 F4800 X112 Y148.998
G1 F2400 X135.868 Y148.997 E3409.69276
G1 X136.497 Y148.482 E3409.72142
G1 X136.498 Y136.34 E3410.15757
G1 X136.498 Y124.198 E3410.5907
G1 X136.499 Y112.056 E3411.0218
G1 X136.499 Y99.914 E3411.44988
G1 X136.5 Y87.772 E3411.87593
G1 X136.5 Y75.63 E3412.29896
G1 X136 Y75.024 E3412.32731
G1 X135.5 Y75 E3412.34496
G1 X127.585 Y75.001 E3412.60953
G1 X119.67 Y75.001 E3412.87673
G1 X111.755 Y75.002 E3413.14657
G1 X103.84 Y75.002 E3413.41904
G1 X95.925 Y75.003 E3413.69414
G1 X88.01 Y75.003 E3413.97187
G1 X87.5 Y75.632 E3414.00022
G1 X87.501 Y87.774 E3414.42324
G1 X87.501 Y99.916 E3414.8493
G1 X87.502 Y112.058 E3415.27738
G1 X87.502 Y124.2 E3415.70848
G1 X87.503 Y136.342 E3416.1416
G1 X87.503 Y148.484 E3416.57775
G1 X88.131 Y149 E3416.60668
G1 X112 Y148.998 E3417.44026
G0 F4800 X112 Y149.4
;TYPE:WALL-OUTER
G1 F2400 X136.029 Y149.4 E3418.23947
G1 X136.9 Y148.703 E3418.27657
G1 X136.9 Y75.467 E3420.71241
G1 X136.204 Y74.6 E3420.74939
G1 X87.793 Y74.6 E3422.35955
G1 X87.101 Y75.467 E3422.39644
G1 X87.1 Y148.704 E3424.83232
G1 X87.967 Y149.4 E3424.86929
G1 X112 Y149.4 E3425.66863
G0 F4800 X112.2 Y149.4
G0 X112.2 Y149.09
G0 X112 Y148.51
G0 X112 Y148.199
G1 F2400 X88.399 Y148.2 E3426.45361
G1 X88.302 Y148.035 E3426.45997
G1 X88.3 Y75.901 E3428.85916
G1 X88.465 Y75.802 E3428.86556
G1 X135.573 Y75.8 E3430.43238
G1 X135.7 Y75.939 E3430.43864
G1 X135.698 Y148.035 E3432.83656
G1 X135.535 Y148.198 E3432.84423
G1 X112 Y148.199 E3433.62701
G0 F4800 X111.8 Y148.199
;MESH:NONMESH
G0 F1800 X111.8 Y148.199 Z9
G0 F4800 X112 Y148.598
;TIME_ELAPSED:3638.433585
;LAYER:44
;TYPE:WALL-INNER
;MESH:I2C_LED_BTN-Body.stl
G1 F2400 X88.303 Y148.6 E3434.45458
G1 X87.905 Y148.252 E3434.4734
G1 X87.904 Y136.177 E3434.90714
G1 X87.903 Y124.102 E3435.33787
G1 X87.902 Y112.027 E3435.7666
G1 X87.902 Y99.952 E3436.19231
G1 X87.901 Y87.877 E3436.61602
G1 X87.9 Y75.802 E3437.03671
G1 X88.245 Y75.405 E3437.05512
G1 X104.079 Y75.403 E3437.616
G1 X119.913 Y75.402 E3438.18213
G1 X135.747 Y75.4 E3438.75354
G1 X136.1 Y75.801 E3438.77251
G1 X136.099 Y87.877 E3439.19324
G1 X136.098 Y99.953 E3439.61698
G1 X136.097 Y112.029 E3440.04272
G1 X136.097 Y124.105 E3440.47149
G1 X136.096 Y136.181 E3440.90225
G1 X136.095 Y148.257 E3441.33604
G1 X135.692 Y148.595 E3441.35458
G1 X112 Y148.598 E3442.1741
G0 F4800 X112 Y148.998
G1 F2400 X135.868 Y148.997 E3442.99971
G1 X136.497 Y148.482 E3443.02837
G1 X136.498 Y136.34 E3443.46452
G1 X136.498 Y124.198 E3443.89764
G1 X136.499 Y112.056 E3444.32875
G1 X136.499 Y99.914 E3444.75682
G1 X136.5 Y87.772 E3445.18288
G1 X136.5 Y75.63 E3445.6059
G1 X136 Y75.024 E3445.63426
G1 X135.5 Y75 E3445.6519
G1 X127.585 Y75.001 E3445.91647
G1 X119.67 Y75.001 E3446.18368
G1 X111.755 Y75.002 E3446.45351
G1 X103.84 Y75.002 E3446.72598
G1 X95.925 Y75.003 E3447.00108
G1 X88.01 Y75.003 E3447.27881
G1 X87.5 Y75.632 E3447.30716
G1 X87.501 Y87.774 E3447.73019
G1 X87.501 Y99.916 E3448.15624
G1 X87.502 Y112.058 E3448.58432
G1 X87.502 Y124.2 E3449.01542
G1 X87.503 Y136.342 E3449.44855
G1 X87.503 Y148.484 E3449.8847
G1 X88.131 Y149 E3449.91362
G1 X112 Y148.998 E3450.74721
G0 F4800 X112 Y149.4
;TYPE:WALL-OUTER
G1 F2400 X136.029 Y149.4 E3451.54641
G1 X136.9 Y148.703 E3451.58352
G1 X136.9 Y75.467 E3454.01936
G1 X136.204 Y74.6 E3454.05633
G1 X87.793 Y74.6 E3455.66649
G1 X87.101 Y75.467 E3455.70339
G1 X87.1 Y148.704 E3458.13926
G1 X87.967 Y149.4 E3458.17624
G1 X112 Y149.4 E3458.97558
G0 F4800 X112.2 Y149.4
G0 X112.2 Y149.09
G0 X112 Y148.51
G0 X112 Y148.199
G1 F2400 X88.399 Y148.2 E3459.76055
G1 X88.302 Y148.035 E3459.76692
G1 X88.3 Y75.901 E3462.1661
G1 X88.465 Y75.802 E3462.1725
G1 X135.573 Y75.8 E3463.73932
G1 X135.7 Y75.939 E3463.74558
G1 X135.698 Y148.035 E3466.14351
G1 X135.535 Y148.198 E3466.15117
G1 X112 Y148.199 E3466.93395
G0 F4800 X111.8 Y148.199
;MESH:NONMESH
G0 F1800 X111.8 Y148.199 Z9.2
G0 F4800 X112 Y148.598
;TIME_ELAPSED:3662.990523
;LAYER:45
;TYPE:WALL-INNER
;MESH:I2C_LED_BTN-Body.stl
G1 F2400 X88.303 Y148.6 E3467.76152
G1 X87.905 Y148.252 E3467.78034
G1 X87.904 Y136.177 E3468.21409
G1 X87.903 Y124.102 E3468.64482
G1 X87.902 Y112.027 E3469.07354
G1 X87.902 Y99.952 E3469.49926
G1 X87.901 Y87.877 E3469.92296
G1 X87.9 Y75.802 E3470.34365
G1 X88.245 Y75.405 E3470.36207
G1 X104.079 Y75.403 E3470.92294
G1 X119.913 Y75.402 E3471.48908
G1 X135.747 Y75.4 E3472.06048
G1 X136.1 Y75.801 E3472.07945
G1 X136.099 Y87.877 E3472.50018
G1 X136.098 Y99.953 E3472.92392
G1 X136.097 Y112.029 E3473.34967
G1 X136.097 Y124.105 E3473.77843
G1 X136.096 Y136.181 E3474.2092
G1 X136.095 Y148.257 E3474.64298
G1 X135.692 Y148.595 E3474.66152
G1 X112 Y148.598 E3475.48104
G0 F4800 X112 Y148.998
G1 F2400 X135.868 Y148.997 E3476.30665
G1 X136.497 Y148.482 E3476.33531
G1 X136.498 Y136.34 E3476.77146
G1 X136.498 Y124.198 E3477.20459
G1 X136.499 Y112.056 E3477.63569
G1 X136.499 Y99.914 E3478.06376
G1 X136.5 Y87.772 E3478.48982
G1 X136.5 Y75.63 E3478.91285
G1 X136 Y75.024 E3478.9412
G1 X135.5 Y75 E3478.95885
G1 X127.585 Y75.001 E3479.22342
G1 X119.67 Y75.001 E3479.49062
G1 X111.755 Y75.002 E3479.76046
G1 X103.84 Y75.002 E3480.03292
G1 X95.925 Y75.003 E3480.30802
G1 X88.01 Y75.003 E3480.58576
G1 X87.5 Y75.632 E3480.6141
G1 X87.501 Y87.774 E3481.03713
G1 X87.501 Y99.916 E3481.46319
G1 X87.502 Y112.058 E3481.89126
G1 X87.502 Y124.2 E3482.32237
G1 X87.503 Y136.342 E3482.75549
G1 X87.503 Y148.484 E3483.19164
G1 X88.131 Y149 E3483.22057
G1 X112 Y148.998 E3484.05415
G0 F4800 X112 Y149.4
;TYPE:WALL-OUTER
G1 F2400 X136.029 Y149.4 E3484.85336
G1 X136.9 Y148.703 E3484.89046
G1 X136.9 Y75.467 E3487.3263
G1 X136.204 Y74.6 E3487.36328
G1 X87.793 Y74.6 E3488.97343
G1 X87.101 Y75.467 E3489.01033
G1 X87.1 Y148.704 E3491.4462
G1 X87.967 Y149.4 E3491.48318
G1 X112 Y149.4 E3492.28252
G0 F4800 X112.2 Y149.4
G0 X112.2 Y149.09
G0 X112 Y148.51
G0 X112 Y148.199
G1 F2400 X88.399 Y148.2 E3493.06749
G1 X88.302 Y148.035 E3493.07386
G1 X88.3 Y75.901 E3495.47305
G1 X88.465 Y75.802 E3495.47945
G1 X135.573 Y75.8 E3497.04627
G1 X135.7 Y75.939 E3497.05253
G1 X135.698 Y148.035 E3499.45045
G1 X135.535 Y148.198 E3499.45812
G1 X112 Y148.199 E3500.24089
G0 F4800 X111.8 Y148.199
;MESH:NONMESH
G0 F1800 X111.8 Y148.199 Z9.4
G0 F4800 X112 Y148.598
;TIME_ELAPSED:3687.547460
;LAYER:46
;TYPE:WALL-INNER
;MESH:I2C_LED_BTN-Body.stl
G1 F2400 X88.303 Y148.6 E3501.06847
G1 X87.905 Y148.252 E3501.08728
G1 X87.904 Y136.177 E3501.52103
G1 X87.903 Y124.102 E3501.95176
G1 X87.902 Y112.027 E3502.38049
G1 X87.902 Y99.952 E3502.8062
G1 X87.901 Y87.877 E3503.22991
G1 X87.9 Y75.802 E3503.6506
G1 X88.245 Y75.405 E3503.66901
G1 X104.079 Y75.403 E3504.22988
G1 X119.913 Y75.402 E3504.79602
G1 X135.747 Y75.4 E3505.36743
G1 X136.1 Y75.801 E3505.3864
G1 X136.099 Y87.877 E3505.80712
G1 X136.098 Y99.953 E3506.23086
G1 X136.097 Y112.029 E3506.65661
G1 X136.097 Y124.105 E3507.08537
G1 X136.096 Y136.181 E3507.51614
G1 X136.095 Y148.257 E3507.94992
G1 X135.692 Y148.595 E3507.96847
G1 X112 Y148.598 E3508.78799
G0 F4800 X112 Y148.998
G1 F2400 X135.868 Y148.997 E3509.61359
G1 X136.497 Y148.482 E3509.64225
G1 X136.498 Y136.34 E3510.07841
G1 X136.498 Y124.198 E3510.51153
G1 X136.499 Y112.056 E3510.94263
G1 X136.499 Y99.914 E3511.37071
G1 X136.5 Y87.772 E3511.79676
G1 X136.5 Y75.63 E3512.21979
G1 X136 Y75.024 E3512.24814
G1 X135.5 Y75 E3512.26579
G1 X127.585 Y75.001 E3512.53036
G1 X119.67 Y75.001 E3512.79756
G1 X111.755 Y75.002 E3513.0674
G1 X103.84 Y75.002 E3513.33987
G1 X95.925 Y75.003 E3513.61497
G1 X88.01 Y75.003 E3513.8927
G1 X87.5 Y75.632 E3513.92105
G1 X87.501 Y87.774 E3514.34408
G1 X87.501 Y99.916 E3514.77013
G1 X87.502 Y112.058 E3515.19821
G1 X87.502 Y124.2 E3515.62931
G1 X87.503 Y136.342 E3516.06243
G1 X87.503 Y148.484 E3516.49859
G1 X88.131 Y149 E3516.52751
G1 X112 Y148.998 E3517.36109
G0 F4800 X112 Y149.4
;TYPE:WALL-OUTER
G1 F2400 X136.029 Y149.4 E3518.1603
G1 X136.9 Y148.703 E3518.1974
G1 X136.9 Y75.467 E3520.63324
G1 X136.204 Y74.6 E3520.67022
G1 X87.793 Y74.6 E3522.28038
G1 X87.101 Y75.467 E3522.31727
G1 X87.1 Y148.704 E3524.75315
G1 X87.967 Y149.4 E3524.79012
G1 X112 Y149.4 E3525.58947
G0 F4800 X112.2 Y149.4
G0 X112.2 Y149.09
G0 X112 Y148.51
G0 X112 Y148.199
G1 F2400 X88.399 Y148.2 E3526.37444
G1 X88.302 Y148.035 E3526.3808
G1 X88.3 Y75.901 E3528.77999
G1 X88.465 Y75.802 E3528.78639
G1 X135.573 Y75.8 E3530.35321
G1 X135.7 Y75.939 E3530.35947
G1 X135.698 Y148.035 E3532.75739
G1 X135.535 Y148.198 E3532.76506
G1 X112 Y148.199 E3533.54784
G0 F4800 X111.8 Y148.199
;MESH:NONMESH
G0 F1800 X111.8 Y148.199 Z9.6
G0 F4800 X112 Y148.598
;TIME_ELAPSED:3712.104398
;LAYER:47
;TYPE:WALL-INNER
;MESH:I2C_LED_BTN-Body.stl
G1 F2400 X88.303 Y148.6 E3534.37541
G1 X87.905 Y148.252 E3534.39423
G1 X87.904 Y136.177 E3534.82797
G1 X87.903 Y124.102 E3535.25871
G1 X87.902 Y112.027 E3535.68743
G1 X87.902 Y99.952 E3536.11314
G1 X87.901 Y87.877 E3536.53685
G1 X87.9 Y75.802 E3536.95754
G1 X88.245 Y75.405 E3536.97595
G1 X104.079 Y75.403 E3537.53683
G1 X119.913 Y75.402 E3538.10297
G1 X135.747 Y75.4 E3538.67437
G1 X136.1 Y75.801 E3538.69334
G1 X136.099 Y87.877 E3539.11407
G1 X136.098 Y99.953 E3539.53781
G1 X136.097 Y112.029 E3539.96356
G1 X136.097 Y124.105 E3540.39232
G1 X136.096 Y136.181 E3540.82309
G1 X136.095 Y148.257 E3541.25687
G1 X135.692 Y148.595 E3541.27541
G1 X112 Y148.598 E3542.09493
G0 F4800 X112 Y148.998
G1 F2400 X135.868 Y148.997 E3542.92054
G1 X136.497 Y148.482 E3542.9492
G1 X136.498 Y136.34 E3543.38535
G1 X136.498 Y124.198 E3543.81847
G1 X136.499 Y112.056 E3544.24958
G1 X136.499 Y99.914 E3544.67765
G1 X136.5 Y87.772 E3545.10371
G1 X136.5 Y75.63 E3545.52674
G1 X136 Y75.024 E3545.55509
G1 X135.5 Y75 E3545.57274
G1 X127.585 Y75.001 E3545.83731
G1 X119.67 Y75.001 E3546.10451
G1 X111.755 Y75.002 E3546.37434
G1 X103.84 Y75.002 E3546.64681
G1 X95.925 Y75.003 E3546.92191
G1 X88.01 Y75.003 E3547.19964
G1 X87.5 Y75.632 E3547.22799
G1 X87.501 Y87.774 E3547.65102
G1 X87.501 Y99.916 E3548.07708
G1 X87.502 Y112.058 E3548.50515
G1 X87.502 Y124.2 E3548.93625
G1 X87.503 Y136.342 E3549.36938
G1 X87.503 Y148.484 E3549.80553
G1 X88.131 Y149 E3549.83446
G1 X112 Y148.998 E3550.66804
G0 F4800 X112 Y149.4
;TYPE:WALL-OUTER
G1 F2400 X136.029 Y149.4 E3551.46724
G1 X136.9 Y148.703 E3551.50435
G1 X136.9 Y75.467 E3553.94019
G1 X136.204 Y74.6 E3553.97717
G1 X87.793 Y74.6 E3555.58732
G1 X87.101 Y75.467 E3555.62422
G1 X87.1 Y148.704 E3558.06009
G1 X87.967 Y149.4 E3558.09707
G1 X112 Y149.4 E3558.89641
G0 F4800 X112.2 Y149.4
G0 X112.2 Y149.09
G0 X112 Y148.51
G0 X112 Y148.199
G1 F2400 X88.399 Y148.2 E3559.68138
G1 X88.302 Y148.035 E3559.68775
G1 X88.3 Y75.901 E3562.08693
G1 X88.465 Y75.802 E3562.09333
G1 X135.573 Y75.8 E3563.66015
G1 X135.7 Y75.939 E3563.66642
G1 X135.698 Y148.035 E3566.06434
G1 X135.535 Y148.198 E3566.072
G1 X112 Y148.199 E3566.85478
G0 F4800 X111.8 Y148.199
;MESH:NONMESH
G0 F1800 X111.8 Y148.199 Z9.8
G0 F4800 X112 Y148.598
;TIME_ELAPSED:3736.661335
;LAYER:48
;TYPE:WALL-INNER
;MESH:I2C_LED_BTN-Body.stl
G1 F2400 X88.303 Y148.6 E3567.68236
G1 X87.905 Y148.252 E3567.70117
G1 X87.904 Y136.177 E3568.13492
G1 X87.903 Y124.102 E3568.56565
G1 X87.902 Y112.027 E3568.99437
G1 X87.902 Y99.952 E3569.42009
G1 X87.901 Y87.877 E3569.84379
G1 X87.9 Y75.802 E3570.26449
G1 X88.245 Y75.405 E3570.2829
G1 X104.079 Y75.403 E3570.84377
G1 X119.913 Y75.402 E3571.40991
G1 X135.747 Y75.4 E3571.98131
G1 X136.1 Y75.801 E3572.00028
G1 X136.099 Y87.877 E3572.42101
G1 X136.098 Y99.953 E3572.84475
G1 X136.097 Y112.029 E3573.2705
G1 X136.097 Y124.105 E3573.69926
G1 X136.096 Y136.181 E3574.13003
G1 X136.095 Y148.257 E3574.56381
G1 X135.692 Y148.595 E3574.58235
G1 X112 Y148.598 E3575.40187
G0 F4800 X112 Y148.998
G1 F2400 X135.868 Y148.997 E3576.22748
G1 X136.497 Y148.482 E3576.25614
G1 X136.498 Y136.34 E3576.69229
G1 X136.498 Y124.198 E3577.12542
G1 X136.499 Y112.056 E3577.55652
G1 X136.499 Y99.914 E3577.9846
G1 X136.5 Y87.772 E3578.41065
G1 X136.5 Y75.63 E3578.83368
G1 X136 Y75.024 E3578.86203
G1 X135.5 Y75 E3578.87968
G1 X127.585 Y75.001 E3579.14425
G1 X119.67 Y75.001 E3579.41145
G1 X111.755 Y75.002 E3579.68129
G1 X103.84 Y75.002 E3579.95375
G1 X95.925 Y75.003 E3580.22886
G1 X88.01 Y75.003 E3580.50659
G1 X87.5 Y75.632 E3580.53494
G1 X87.501 Y87.774 E3580.95796
G1 X87.501 Y99.916 E3581.38402
G1 X87.502 Y112.058 E3581.81209
G1 X87.502 Y124.2 E3582.2432
G1 X87.503 Y136.342 E3582.67632
G1 X87.503 Y148.484 E3583.11247
G1 X88.131 Y149 E3583.1414
G1 X112 Y148.998 E3583.97498
G0 F4800 X112 Y149.4
;TYPE:WALL-OUTER
G1 F2400 X136.029 Y149.4 E3584.77419
G1 X136.9 Y148.703 E3584.81129
G1 X136.9 Y75.467 E3587.24713
G1 X136.204 Y74.6 E3587.28411
G1 X87.793 Y74.6 E3588.89427
G1 X87.101 Y75.467 E3588.93116
G1 X87.1 Y148.704 E3591.36703
G1 X87.967 Y149.4 E3591.40401
G1 X112 Y149.4 E3592.20335
G0 F4800 X112.2 Y149.4
G0 X112.2 Y149.09
G0 X112 Y148.51
G0 X112 Y148.199
G1 F2400 X88.399 Y148.2 E3592.98833
G1 X88.302 Y148.035 E3592.99469
G1 X88.3 Y75.901 E3595.39388
G1 X88.465 Y75.802 E3595.40028
G1 X135.573 Y75.8 E3596.9671
G1 X135.7 Y75.939 E3596.97336
G1 X135.698 Y148.035 E3599.37128
G1 X135.535 Y148.198 E3599.37895
G1 X112 Y148.199 E3600.16173
G0 F4800 X111.8 Y148.199
;MESH:NONMESH
G0 F1800 X111.8 Y148.199 Z10
G0 F4800 X111.8 Y148.51
G0 X88.062 Y148.438
G0 X88.062 Y75.562
G0 X105.316 Y75.3
;TIME_ELAPSED:3762.679157
;LAYER:49
;TYPE:WALL-INNER
;MESH:I2C_LED_BTN-Body.stl
G1 F2400 X118.801 Y75.295 E3600.8401
G0 F4800 X135.938 Y75.562
G0 X135.938 Y148.438
G0 X118.701 Y148.7
G0 X118.68 Y148.7
G1 F2400 X105.195 Y148.705 E3601.51848
G0 F4800 X104.842 Y149
G1 F2400 X105.195 Y148.705 E3601.53779
G1 X104.779 Y148.6 E3601.55581
G1 X96.541 Y148.6 E3601.83255
G1 X88.303 Y148.6 E3602.11408
G1 X87.905 Y148.252 E3602.13272
G1 X87.904 Y136.177 E3602.56646
G1 X87.903 Y124.102 E3602.9972
G1 X87.902 Y112.027 E3603.42592
G1 X87.902 Y99.952 E3603.85164
G1 X87.901 Y87.877 E3604.27534
G1 X87.9 Y75.802 E3604.69603
G1 X88.245 Y75.405 E3604.71445
G1 X93.789 Y75.403 E3604.90806
G1 X99.333 Y75.402 E3605.09799
G1 X104.877 Y75.4 E3605.28376
G1 X105.316 Y75.3 E3605.30248
G1 X104.839 Y75 E3605.32591
G1 X99.23 Y75.001 E3605.51386
G1 X93.621 Y75.002 E3605.70602
G1 X88.012 Y75.003 E3605.9019
G1 X87.5 Y75.632 E3605.93029
G1 X87.501 Y87.774 E3606.35332
G1 X87.501 Y99.916 E3606.77938
G1 X87.502 Y112.058 E3607.20745
G1 X87.502 Y124.2 E3607.63856
G1 X87.503 Y136.342 E3608.07168
G1 X87.503 Y148.484 E3608.50783
G1 X88.131 Y149 E3608.53649
G1 X96.487 Y149 E3608.82205
G1 X104.843 Y149 E3609.10275
G1 F1500 E3599.10275
G0 F4800 X105.385 Y148.976
G0 X105.528 Y150.063
G0 X118.473 Y150.063
G0 X119.157 Y149
G1 F1500 E3609.10275
G1 F2400 X127.513 Y148.998 E3609.38345
G1 X135.869 Y148.997 E3609.66902
G1 X136.497 Y148.482 E3609.69765
G1 X136.498 Y136.34 E3610.1338
G1 X136.498 Y124.198 E3610.56693
G1 X136.499 Y112.056 E3610.99803
G1 X136.499 Y99.914 E3611.42611
G1 X136.5 Y87.772 E3611.85216
G1 X136.5 Y75.63 E3612.27519
G1 X136 Y75.024 E3612.30354
G1 X135.5 Y75 E3612.32119
G1 X119.154 Y75 E3612.86486
G1 X118.801 Y75.295 E3612.88418
G1 X119.217 Y75.4 E3612.90219
G1 X127.483 Y75.4 E3613.18124
G1 X135.749 Y75.4 E3613.46854
G1 X136.1 Y75.801 E3613.4872
G1 X136.099 Y87.877 E3613.90793
G1 X136.098 Y99.953 E3614.33167
G1 X136.097 Y112.029 E3614.75742
G1 X136.097 Y124.105 E3615.18618
G1 X136.096 Y136.181 E3615.61695
G1 X136.095 Y148.257 E3616.05073
G1 X135.692 Y148.595 E3616.06927
G1 X127.405 Y148.598 E3616.35248
G1 X119.118 Y148.601 E3616.63086
G1 X118.68 Y148.7 E3616.64953
G1 X119.157 Y149 E3616.67296
G1 F1500 E3606.67296
G0 F4800 X118.615 Y148.976
G0 X118.473 Y150.063
G0 X112 Y150.065
G0 X112 Y149.201
;TYPE:WALL-OUTER
G1 F1500 E3616.67296
G1 F2400 X118.68 Y149.2 E3616.89514
G1 X119.031 Y149.4 E3616.90857
G1 X136.029 Y149.4 E3617.47393
G1 X136.9 Y148.703 E3617.51103
G1 X136.9 Y75.467 E3619.94687
G1 X136.204 Y74.6 E3619.98385
G1 X119.028 Y74.6 E3620.55512
G1 X118.715 Y74.798 E3620.56744
G1 X105.316 Y74.8 E3621.0131
G1 X104.965 Y74.601 E3621.02652
G1 X87.793 Y74.6 E3621.59766
G1 X87.101 Y75.467 E3621.63455
G1 X87.1 Y148.704 E3624.07043
G1 X87.967 Y149.4 E3624.10741
G1 X104.968 Y149.4 E3624.67286
G1 X105.281 Y149.202 E3624.68518
G1 X112 Y149.201 E3624.90865
G0 F4800 X112.2 Y149.201
G0 X112 Y148.199
G1 F2400 X88.399 Y148.2 E3625.69363
G1 X88.302 Y148.035 E3625.69999
G1 X88.3 Y75.901 E3628.09918
G1 X88.465 Y75.802 E3628.10558
G1 X135.5 Y75.8 E3629.66997
G1 X135.7 Y75.895 E3629.67733
G1 X135.698 Y148.035 E3632.07672
G1 X135.535 Y148.198 E3632.08439
G1 X112 Y148.199 E3632.86716
G0 F4800 X111.8 Y148.199
G1 F1500 E3622.86716
;MESH:NONMESH
G0 F1800 X111.8 Y148.199 Z10.2
G0 F4800 X111.8 Y147.335
G0 X105.385 Y147.335
G0 X104.639 Y149
;TIME_ELAPSED:3790.532155
;LAYER:50
;TYPE:WALL-INNER
;MESH:I2C_LED_BTN-Body.stl
G1 F1500 E3632.86716
G1 F2400 X104.796 Y148.887 E3632.8736
G1 X104.796 Y148.6 E3632.88314
G1 X96.549 Y148.6 E3633.16018
G1 X88.302 Y148.6 E3633.44202
G1 X87.905 Y148.252 E3633.46064
G1 X87.904 Y136.177 E3633.89438
G1 X87.903 Y124.102 E3634.32511
G1 X87.902 Y112.027 E3634.75384
G1 X87.902 Y99.952 E3635.17955
G1 X87.901 Y87.877 E3635.60326
G1 X87.9 Y75.802 E3636.02395
G1 X88.245 Y75.405 E3636.04236
G1 X96.521 Y75.402 E3636.33001
G1 X104.797 Y75.4 E3636.6094
G1 X104.796 Y75.111 E3636.61901
G1 X104.64 Y75 E3636.62538
G1 X96.326 Y75.002 E3636.90605
G1 X88.012 Y75.003 E3637.19502
G1 X87.5 Y75.632 E3637.22341
G1 X87.501 Y87.774 E3637.64644
G1 X87.501 Y99.916 E3638.0725
G1 X87.502 Y112.058 E3638.50057
G1 X87.502 Y124.2 E3638.93168
G1 X87.503 Y136.342 E3639.3648
G1 X87.503 Y148.484 E3639.80095
G1 X88.131 Y149 E3639.82961
G1 X96.385 Y149 E3640.11169
G1 X104.639 Y149 E3640.38896
G0 F4800 X104.767 Y149.4
;TYPE:WALL-OUTER
G1 F2400 X105.196 Y149.093 E3640.40651
G1 X105.196 Y148.2 E3640.43621
G1 X88.399 Y148.2 E3640.99488
G1 X88.302 Y148.035 E3641.00124
G1 X88.3 Y75.901 E3643.40043
G1 X88.465 Y75.802 E3643.40683
G1 X105.196 Y75.8 E3643.9633
G1 X105.196 Y74.904 E3643.99311
G1 X104.768 Y74.6 E3644.01057
G1 X87.793 Y74.6 E3644.57516
G1 X87.101 Y75.467 E3644.61205
G1 X87.1 Y148.704 E3647.04793
G1 X87.967 Y149.4 E3647.0849
G1 X104.767 Y149.4 E3647.64367
G0 F4800 X104.929 Y149.284
G1 F1500 E3637.64367
G0 F4800 X104.752 Y149.033
G0 X106.064 Y148.978
G0 X117.936 Y148.978
G0 X119.36 Y149
;TYPE:WALL-INNER
G1 F1500 E3647.64367
G1 F2400 X127.614 Y148.998 E3647.92095
G1 X135.868 Y148.997 E3648.20303
G1 X136.497 Y148.482 E3648.23169
G1 X136.498 Y136.34 E3648.66784
G1 X136.498 Y124.198 E3649.10096
G1 X136.499 Y112.056 E3649.53207
G1 X136.499 Y99.914 E3649.96014
G1 X136.5 Y87.772 E3650.3862
G1 X136.5 Y75.63 E3650.80923
G1 X136 Y75.024 E3650.83758
G1 X135.5 Y75 E3650.85523
G1 X119.358 Y75 E3651.39211
G1 X119.2 Y75.112 E3651.39855
G1 X119.2 Y75.4 E3651.40813
G1 X127.474 Y75.4 E3651.68745
G1 X135.748 Y75.4 E3651.97503
G1 X136.1 Y75.801 E3651.99371
G1 X136.099 Y87.877 E3652.41444
G1 X136.098 Y99.953 E3652.83818
G1 X136.097 Y112.029 E3653.26393
G1 X136.097 Y124.105 E3653.69269
G1 X136.096 Y136.181 E3654.12346
G1 X136.095 Y148.257 E3654.55724
G1 X135.692 Y148.595 E3654.57578
G1 X127.446 Y148.598 E3654.85759
G1 X119.2 Y148.6 E3655.13459
G1 X119.2 Y148.886 E3655.14411
G1 X119.36 Y149 E3655.15064
G0 F4800 X119.232 Y149.4
;TYPE:WALL-OUTER
G1 F2400 X136.029 Y149.4 E3655.70931
G1 X136.9 Y148.703 E3655.74641
G1 X136.9 Y75.467 E3658.18225
G1 X136.204 Y74.6 E3658.21923
G1 X119.232 Y74.6 E3658.78372
G1 X118.8 Y74.904 E3658.80129
G1 X118.8 Y75.8 E3658.83109
G1 X135.573 Y75.8 E3659.38896
G1 X135.7 Y75.939 E3659.39523
G1 X135.698 Y148.035 E3661.79315
G1 X135.535 Y148.198 E3661.80082
G1 X118.8 Y148.2 E3662.35743
G1 X118.8 Y149.092 E3662.38709
G1 X119.232 Y149.4 E3662.40474
G0 F4800 X119.432 Y149.4
G1 F1500 E3652.40474
;MESH:NONMESH
G0 F1800 X119.432 Y149.4 Z10.4
G0 F4800 X119.432 Y149.09
G0 X119.025 Y148.425
G0 X119.024 Y147.336
G0 X106.064 Y75.6
G0 X106 Y75.6
;TIME_ELAPSED:3815.214844
;LAYER:51
;TYPE:SUPPORT
G1 F1500 E3662.40474
G1 F1800 X106 Y74.374 E3662.44552
G1 X105.7 Y74.323 E3662.45564
G1 X105.7 Y75.182 E3662.48421
G1 X105.751 Y75.6 E3662.49821
G1 X108 Y75.6 E3662.57302
G1 X108 Y74.399 E3662.61296
G1 X110 Y74.399 E3662.67948
G1 X110 Y75.6 E3662.71943
G1 X112 Y75.6 E3662.78595
G1 X112 Y74.399 E3662.82589
G1 X114 Y74.399 E3662.89241
G1 X114 Y75.6 E3662.93236
G1 X116 Y75.6 E3662.99888
G1 X116 Y74.399 E3663.03882
G1 X118 Y74.399 E3663.10534
G1 X118 Y75.954 E3663.15706
G1 F1500 E3653.15706
G0 F4800 X118 Y149.626
G1 F1500 E3663.15706
G1 F1800 X118 Y148.4 E3663.19784
G1 X116 Y148.4 E3663.26436
G1 X116 Y149.601 E3663.30431
G1 X114 Y149.601 E3663.37083
G1 X114 Y148.4 E3663.41077
G1 X112 Y148.4 E3663.47729
G1 X112 Y149.601 E3663.51724
G1 X110 Y149.601 E3663.58376
G1 X110 Y148.4 E3663.6237
G1 X108 Y148.4 E3663.69022
G1 X108 Y149.601 E3663.73017
G1 X106.141 Y149.601 E3663.792
G1 X105.699 Y149.676 E3663.80691
G1 X105.699 Y148.84 E3663.83472
G1 X105.806 Y147.948 E3663.8646
G1 X106 Y148.018 E3663.87146
G1 X106 Y149.625 E3663.92491
G1 F1500 E3653.92491
;MESH:I2C_LED_BTN-Body.stl
G0 F4800 X104.772 Y148.978
G0 X104.439 Y149
;TYPE:WALL-INNER
G1 F1500 E3663.92491
G1 F2400 X104.596 Y148.887 E3663.93134
G1 X104.596 Y148.6 E3663.94089
G1 X96.449 Y148.6 E3664.21457
G1 X88.302 Y148.6 E3664.49299
G1 X87.905 Y148.252 E3664.5116
G1 X87.904 Y136.177 E3664.94535
G1 X87.903 Y124.102 E3665.37608
G1 X87.902 Y112.027 E3665.8048
G1 X87.902 Y99.952 E3666.23052
G1 X87.901 Y87.877 E3666.65422
G1 X87.9 Y75.802 E3667.07492
G1 X88.245 Y75.405 E3667.09333
G1 X96.423 Y75.402 E3667.37757
G1 X104.601 Y75.4 E3667.65365
G1 X104.6 Y75.112 E3667.66323
G1 X104.442 Y75 E3667.66967
G1 X96.227 Y75.002 E3667.947
G1 X88.012 Y75.003 E3668.23253
G1 X87.5 Y75.632 E3668.26092
G1 X87.501 Y87.774 E3668.68395
G1 X87.501 Y99.916 E3669.11
G1 X87.502 Y112.058 E3669.53808
G1 X87.502 Y124.2 E3669.96918
G1 X87.503 Y136.342 E3670.40231
G1 X87.503 Y148.484 E3670.83846
G1 X88.131 Y149 E3670.86711
G1 X96.285 Y149 E3671.14577
G1 X104.439 Y149 E3671.41969
G0 F4800 X104.567 Y149.4
;TYPE:WALL-OUTER
G1 F2400 X104.996 Y149.093 E3671.43724
G1 X104.996 Y148.2 E3671.46694
G1 X88.399 Y148.2 E3672.01896
G1 X88.302 Y148.035 E3672.02532
G1 X88.3 Y75.901 E3674.42451
G1 X88.465 Y75.802 E3674.43091
G1 X105 Y75.8 E3674.98086
G1 X105 Y74.904 E3675.01067
G1 X104.568 Y74.6 E3675.02823
G1 X87.793 Y74.6 E3675.58617
G1 X87.101 Y75.467 E3675.62307
G1 X87.1 Y148.704 E3678.05894
G1 X87.967 Y149.4 E3678.09592
G1 X104.567 Y149.4 E3678.64804
G0 F4800 X104.729 Y149.284
G1 F1500 E3668.64804
G0 F4800 X104.552 Y149.033
G0 X105.864 Y148.978
G0 X118.136 Y148.979
G0 X119.56 Y149
;TYPE:WALL-INNER
G1 F1500 E3678.64804
G1 F2400 X127.714 Y148.998 E3678.92195
G1 X135.868 Y148.997 E3679.20061
G1 X136.497 Y148.482 E3679.22928
G1 X136.498 Y136.34 E3679.66543
G1 X136.498 Y124.198 E3680.09855
G1 X136.499 Y112.056 E3680.52966
G1 X136.499 Y99.914 E3680.95773
G1 X136.5 Y87.772 E3681.38379
G1 X136.5 Y75.63 E3681.80681
G1 X136 Y75.024 E3681.83517
G1 X135.5 Y75 E3681.85281
G1 X119.558 Y75 E3682.38305
G1 X119.4 Y75.112 E3682.38949
G1 X119.4 Y75.4 E3682.39907
G1 X127.574 Y75.4 E3682.67501
G1 X135.748 Y75.4 E3682.95912
G1 X136.1 Y75.801 E3682.97779
G1 X136.099 Y87.877 E3683.39852
G1 X136.098 Y99.953 E3683.82226
G1 X136.097 Y112.029 E3684.24801
G1 X136.097 Y124.105 E3684.67677
G1 X136.096 Y136.181 E3685.10754
G1 X136.095 Y148.257 E3685.54132
G1 X135.692 Y148.595 E3685.55987
G1 X127.546 Y148.598 E3685.83825
G1 X119.4 Y148.6 E3686.1119
G1 X119.4 Y148.886 E3686.12141
G1 X119.56 Y149 E3686.12795
G0 F4800 X119.432 Y149.4
;TYPE:WALL-OUTER
G1 F2400 X136.029 Y149.4 E3686.67996
G1 X136.9 Y148.703 E3686.71707
G1 X136.9 Y75.467 E3689.15291
G1 X136.204 Y74.6 E3689.18989
G1 X119.432 Y74.6 E3689.74772
G1 X119 Y74.904 E3689.76529
G1 X119 Y75.8 E3689.7951
G1 X135.573 Y75.8 E3690.34632
G1 X135.7 Y75.939 E3690.35258
G1 X135.698 Y148.035 E3692.7505
G1 X135.535 Y148.198 E3692.75817
G1 X119 Y148.2 E3693.30812
G1 X119 Y149.092 E3693.33779
G1 X119.432 Y149.4 E3693.35544
G0 F4800 X119.632 Y149.4
G1 F1500 E3683.35544
;MESH:NONMESH
G0 F1800 X119.632 Y149.4 Z10.6
G0 F4800 X119.632 Y149.09
G0 X119.224 Y148.424
G0 X119.224 Y147.335
G0 X106 Y75.6
;TIME_ELAPSED:3844.000206
;LAYER:52
;TYPE:SUPPORT
G1 F1500 E3693.35544
G1 F1800 X106 Y74.374 E3693.39622
G1 X105.7 Y74.322 E3693.40634
G1 X105.7 Y75.182 E3693.43495
G1 X105.751 Y75.6 E3693.44895
G1 X108 Y75.6 E3693.52375
G1 X108 Y74.399 E3693.5637
G1 X110 Y74.399 E3693.63022
G1 X110 Y75.6 E3693.67016
G1 X112 Y75.6 E3693.73669
G1 X112 Y74.399 E3693.77663
G1 X114 Y74.399 E3693.84315
G1 X114 Y75.6 E3693.8831
G1 X116 Y75.6 E3693.94962
G1 X116 Y74.399 E3693.98956
G1 X118 Y74.399 E3694.05608
G1 X118 Y75.955 E3694.10783
G1 F1500 E3684.10783
G0 F4800 X118 Y149.626
G1 F1500 E3694.10783
G1 F1800 X118 Y148.4 E3694.14861
G1 X116 Y148.4 E3694.21513
G1 X116 Y149.601 E3694.25508
G1 X114 Y149.601 E3694.3216
G1 X114 Y148.4 E3694.36154
G1 X112 Y148.4 E3694.42806
G1 X112 Y149.601 E3694.46801
G1 X110 Y149.601 E3694.53453
G1 X110 Y148.4 E3694.57447
G1 X108 Y148.4 E3694.64099
G1 X108 Y149.601 E3694.68094
G1 X106.142 Y149.601 E3694.74274
G1 X105.693 Y149.676 E3694.75788
G1 X105.699 Y148.84 E3694.78568
G1 X105.806 Y147.948 E3694.81557
G1 X106 Y148.018 E3694.82242
G1 X106 Y149.625 E3694.87587
G1 F1500 E3684.87587
;MESH:I2C_LED_BTN-Body.stl
G0 F4800 X104.572 Y149.022
G0 X104.347 Y149
;TYPE:WALL-INNER
G1 F1500 E3694.87587
G1 F2400 X104.398 Y148.6 E3694.88929
G1 X96.35 Y148.6 E3695.15964
G1 X88.302 Y148.6 E3695.43468
G1 X87.905 Y148.252 E3695.45329
G1 X87.904 Y136.177 E3695.88704
G1 X87.903 Y124.102 E3696.31777
G1 X87.902 Y112.027 E3696.7465
G1 X87.902 Y99.952 E3697.17221
G1 X87.901 Y87.877 E3697.59591
G1 X87.9 Y75.802 E3698.01661
G1 X88.245 Y75.405 E3698.03502
G1 X93.63 Y75.402 E3698.22308
G1 X99.015 Y75.4 E3698.40756
G1 X104.4 Y75.397 E3698.58801
G1 X104.347 Y74.999 E3698.60133
G1 X98.902 Y75 E3698.78379
G1 X93.457 Y75.002 E3698.97032
G1 X88.012 Y75.003 E3699.16048
G1 X87.5 Y75.632 E3699.18887
G1 X87.501 Y87.774 E3699.6119
G1 X87.501 Y99.916 E3700.03795
G1 X87.502 Y112.058 E3700.46603
G1 X87.502 Y124.2 E3700.89713
G1 X87.503 Y136.342 E3701.33026
G1 X87.503 Y148.484 E3701.76641
G1 X88.131 Y149 E3701.79506
G1 X96.239 Y149 E3702.07215
G1 X104.347 Y149 E3702.34452
G0 F4800 X104.513 Y149.4
;TYPE:WALL-OUTER
G1 F2400 X104.8 Y149.113 E3702.35802
G1 X104.796 Y148.2 E3702.38839
G1 X88.399 Y148.2 E3702.93376
G1 X88.302 Y148.035 E3702.94012
G1 X88.3 Y75.901 E3705.33931
G1 X88.465 Y75.802 E3705.34571
G1 X104.799 Y75.796 E3705.88898
G1 X104.796 Y74.883 E3705.91935
G1 X104.513 Y74.6 E3705.93266
G1 X87.793 Y74.6 E3706.48877
G1 X87.101 Y75.467 E3706.52566
G1 X87.1 Y148.704 E3708.96154
G1 X87.967 Y149.4 E3708.99851
G1 X104.513 Y149.4 E3709.54884
G0 F4800 X104.654 Y149.259
G1 F1500 E3699.54884
G0 F4800 X104.437 Y149.042
G0 X105.664 Y149.02
G0 X118.335 Y149.022
G0 X119.651 Y149
;TYPE:WALL-INNER
G1 F1500 E3709.54884
G1 F2400 X127.76 Y148.998 E3709.82124
G1 X135.869 Y148.997 E3710.09836
G1 X136.497 Y148.482 E3710.127
G1 X136.498 Y136.34 E3710.56315
G1 X136.498 Y124.198 E3710.99627
G1 X136.499 Y112.056 E3711.42738
G1 X136.499 Y99.914 E3711.85545
G1 X136.5 Y87.772 E3712.28151
G1 X136.5 Y75.63 E3712.70453
G1 X136 Y75.024 E3712.73289
G1 X135.5 Y75 E3712.75053
G1 X119.649 Y75 E3713.27774
G1 X119.6 Y75.4 E3713.29114
G1 X127.674 Y75.4 E3713.56371
G1 X135.748 Y75.4 E3713.84434
G1 X136.1 Y75.801 E3713.86302
G1 X136.099 Y87.877 E3714.28375
G1 X136.098 Y99.953 E3714.70749
G1 X136.097 Y112.029 E3715.13324
G1 X136.097 Y124.105 E3715.562
G1 X136.096 Y136.181 E3715.99277
G1 X136.095 Y148.257 E3716.42655
G1 X135.692 Y148.595 E3716.44509
G1 X127.646 Y148.598 E3716.72006
G1 X119.6 Y148.6 E3716.99035
G1 X119.651 Y149 E3717.00376
G0 F4800 X119.484 Y149.4
;TYPE:WALL-OUTER
G1 F2400 X136.029 Y149.4 E3717.55405
G1 X136.9 Y148.703 E3717.59115
G1 X136.9 Y75.467 E3720.02699
G1 X136.204 Y74.6 E3720.06397
G1 X119.483 Y74.6 E3720.62011
G1 X119.2 Y74.883 E3720.63342
G1 X119.2 Y75.8 E3720.66392
G1 X135.573 Y75.8 E3721.20849
G1 X135.7 Y75.939 E3721.21475
G1 X135.698 Y148.035 E3723.61268
G1 X135.535 Y148.198 E3723.62034
G1 X119.2 Y148.2 E3724.16365
G1 X119.2 Y149.113 E3724.19402
G1 X119.484 Y149.4 E3724.20744
G0 F4800 X119.684 Y149.4
G1 F1500 E3714.20744
;MESH:NONMESH
G0 F1800 X119.684 Y149.4 Z10.8
G0 F4800 X119.684 Y149.09
G0 X119.424 Y148.425
G0 X119.423 Y147.336
G0 X106 Y75.6
;TIME_ELAPSED:3872.706666
;LAYER:53
;TYPE:SUPPORT
G1 F1500 E3724.20744
G1 F1800 X106 Y74.374 E3724.24822
G1 X105.79 Y74.338 E3724.25531
G1 X105.679 Y74.477 E3724.26122
G1 X105.798 Y74.761 E3724.27147
G1 X105.798 Y75.6 E3724.29937
G1 X108 Y75.6 E3724.37261
G1 X108 Y74.399 E3724.41256
G1 X110 Y74.399 E3724.47908
G1 X110 Y75.6 E3724.51902
G1 X112 Y75.6 E3724.58554
G1 X112 Y74.399 E3724.62549
G1 X114 Y74.399 E3724.69201
G1 X114 Y75.6 E3724.73195
G1 X116 Y75.6 E3724.79847
G1 X116 Y74.399 E3724.83842
G1 X118 Y74.399 E3724.90494
G1 X118 Y75.954 E3724.95666
G1 F1500 E3714.95666
G0 F4800 X118 Y149.626
G1 F1500 E3724.95666
G1 F1800 X118 Y148.4 E3724.99744
G1 X116 Y148.4 E3725.06396
G1 X116 Y149.601 E3725.1039
G1 X114 Y149.601 E3725.17042
G1 X114 Y148.4 E3725.21037
G1 X112 Y148.4 E3725.27689
G1 X112 Y149.601 E3725.31683
G1 X110 Y149.601 E3725.38335
G1 X110 Y148.4 E3725.4233
G1 X108 Y148.4 E3725.48982
G1 X108 Y149.601 E3725.52976
G1 X106.142 Y149.601 E3725.59156
G1 X105.79 Y149.66 E3725.60343
G1 X105.681 Y149.523 E3725.60925
G1 X105.798 Y149.24 E3725.61944
G1 X105.8 Y147.947 E3725.66245
G1 X106 Y148.018 E3725.6695
G1 X106 Y149.625 E3725.72295
G1 F1500 E3715.72295
;MESH:I2C_LED_BTN-Body.stl
G0 F4800 X104.572 Y149.023
G0 X104.347 Y149
;TYPE:WALL-INNER
G1 F1500 E3725.72295
G1 F2400 X104.4 Y148.6 E3725.73637
G1 X96.351 Y148.6 E3726.00676
G1 X88.302 Y148.6 E3726.28183
G1 X87.905 Y148.252 E3726.30045
G1 X87.904 Y136.177 E3726.73419
G1 X87.903 Y124.102 E3727.16493
G1 X87.902 Y112.027 E3727.59365
G1 X87.902 Y99.952 E3728.01936
G1 X87.901 Y87.877 E3728.44307
G1 X87.9 Y75.802 E3728.86376
G1 X88.245 Y75.405 E3728.88217
G1 X96.323 Y75.402 E3729.16294
G1 X104.401 Y75.4 E3729.43565
G1 X104.349 Y75 E3729.44906
G1 X96.181 Y75.002 E3729.7248
G1 X88.013 Y75.003 E3730.0087
G1 X87.5 Y75.632 E3730.03711
G1 X87.501 Y87.774 E3730.46014
G1 X87.501 Y99.916 E3730.8862
G1 X87.502 Y112.058 E3731.31427
G1 X87.502 Y124.2 E3731.74537
G1 X87.503 Y136.342 E3732.1785
G1 X87.503 Y148.484 E3732.61465
G1 X88.131 Y149 E3732.64331
G1 X96.239 Y149 E3732.9204
G1 X104.347 Y149 E3733.19277
G0 F4800 X104.513 Y149.4
;TYPE:WALL-OUTER
G1 F2400 X104.8 Y149.113 E3733.20626
G1 X104.8 Y148.2 E3733.23663
G1 X88.399 Y148.2 E3733.78213
G1 X88.302 Y148.035 E3733.7885
G1 X88.3 Y75.901 E3736.18768
G1 X88.465 Y75.802 E3736.19408
G1 X104.8 Y75.8 E3736.73739
G1 X104.8 Y74.884 E3736.76785
G1 X104.513 Y74.6 E3736.78128
G1 X87.793 Y74.6 E3737.33739
G1 X87.101 Y75.467 E3737.37429
G1 X87.1 Y148.704 E3739.81016
G1 X87.967 Y149.4 E3739.84714
G1 X104.513 Y149.4 E3740.39746
G0 F4800 X104.654 Y149.259
G1 F1500 E3730.39746
G0 F4800 X104.438 Y149.042
G0 X105.665 Y149
G0 X118.335 Y149
G0 X119.651 Y149
;TYPE:WALL-INNER
G1 F1500 E3740.39746
G1 F2400 X127.76 Y148.998 E3740.66987
G1 X135.869 Y148.997 E3740.94699
G1 X136.497 Y148.482 E3740.97562
G1 X136.498 Y136.34 E3741.41177
G1 X136.498 Y124.198 E3741.8449
G1 X136.499 Y112.056 E3742.276
G1 X136.499 Y99.914 E3742.70408
G1 X136.5 Y87.772 E3743.13013
G1 X136.5 Y75.63 E3743.55316
G1 X136 Y75.024 E3743.58151
G1 X135.5 Y75 E3743.59916
G1 X119.649 Y75 E3744.12637
G1 X119.6 Y75.4 E3744.13977
G1 X127.674 Y75.4 E3744.41234
G1 X135.748 Y75.4 E3744.69297
G1 X136.1 Y75.801 E3744.71165
G1 X136.099 Y87.877 E3745.13237
G1 X136.098 Y99.953 E3745.55611
G1 X136.097 Y112.029 E3745.98186
G1 X136.097 Y124.105 E3746.41062
G1 X136.096 Y136.181 E3746.84139
G1 X136.095 Y148.257 E3747.27517
G1 X135.692 Y148.595 E3747.29372
G1 X127.646 Y148.598 E3747.56869
G1 X119.6 Y148.6 E3747.83897
G1 X119.651 Y149 E3747.85239
G0 F4800 X119.484 Y149.4
;TYPE:WALL-OUTER
G1 F2400 X136.029 Y149.4 E3748.40267
G1 X136.9 Y148.703 E3748.43978
G1 X136.9 Y75.467 E3750.87562
G1 X136.204 Y74.6 E3750.9126
G1 X119.483 Y74.6 E3751.46874
G1 X119.2 Y74.883 E3751.48205
G1 X119.2 Y75.8 E3751.51255
G1 X135.573 Y75.8 E3752.05712
G1 X135.7 Y75.939 E3752.06338
G1 X135.698 Y148.035 E3754.4613
G1 X135.535 Y148.198 E3754.46897
G1 X119.2 Y148.2 E3755.01227
G1 X119.2 Y149.113 E3755.04264
G1 X119.484 Y149.4 E3755.05607
G0 F4800 X119.684 Y149.4
G1 F1500 E3745.05607
;MESH:NONMESH
G0 F1800 X119.684 Y149.4 Z11
G0 F4800 X119.684 Y149.09
G0 X119.424 Y148.424
G0 X119.424 Y147.335
G0 X106 Y75.6
;TIME_ELAPSED:3901.407823
;LAYER:54
;TYPE:SUPPORT
G1 F1500 E3755.05607
G1 F1800 X106 Y74.374 E3755.09685
G1 X105.794 Y74.338 E3755.1038
G1 X105.683 Y74.477 E3755.10972
G1 X105.8 Y74.759 E3755.11987
G1 X105.8 Y75.6 E3755.14784
G1 X108 Y75.6 E3755.22102
G1 X108 Y74.399 E3755.26096
G1 X110 Y74.399 E3755.32748
G1 X110 Y75.6 E3755.36743
G1 X112 Y75.6 E3755.43395
G1 X112 Y74.399 E3755.47389
G1 X114 Y74.399 E3755.54041
G1 X114 Y75.6 E3755.58036
G1 X116 Y75.6 E3755.64688
G1 X116 Y74.399 E3755.68683
G1 X118 Y74.399 E3755.75335
G1 X118 Y75.954 E3755.80507
G1 F1500 E3745.80507
G0 F4800 X118 Y149.626
G1 F1500 E3755.80507
G1 F1800 X118 Y148.4 E3755.84584
G1 X116 Y148.4 E3755.91236
G1 X116 Y149.601 E3755.95231
G1 X114 Y149.601 E3756.01883
G1 X114 Y148.4 E3756.05877
G1 X112 Y148.4 E3756.12529
G1 X112 Y149.601 E3756.16524
G1 X110 Y149.601 E3756.23176
G1 X110 Y148.4 E3756.2717
G1 X108 Y148.4 E3756.33823
G1 X108 Y149.601 E3756.37817
G1 X106.141 Y149.601 E3756.44
G1 X105.794 Y149.659 E3756.4517
G1 X105.684 Y149.522 E3756.45755
G1 X105.8 Y149.241 E3756.46766
G1 X105.8 Y147.947 E3756.5107
G1 X106 Y148.018 E3756.51775
G1 X106 Y149.625 E3756.5712
G1 F1500 E3746.5712
;MESH:I2C_LED_BTN-Body.stl
G0 F4800 X104.572 Y149.023
G0 X104.347 Y149
;TYPE:WALL-INNER
G1 F1500 E3756.5712
G1 F2400 X104.4 Y148.6 E3756.58462
G1 X96.351 Y148.6 E3756.85501
G1 X88.302 Y148.6 E3757.13008
G1 X87.905 Y148.252 E3757.1487
G1 X87.904 Y136.177 E3757.58244
G1 X87.903 Y124.102 E3758.01318
G1 X87.902 Y112.027 E3758.4419
G1 X87.902 Y99.952 E3758.86761
G1 X87.901 Y87.877 E3759.29132
G1 X87.9 Y75.802 E3759.71201
G1 X88.245 Y75.405 E3759.73042
G1 X96.323 Y75.402 E3760.01119
G1 X104.401 Y75.4 E3760.2839
G1 X104.349 Y75 E3760.29731
G1 X96.181 Y75.002 E3760.57306
G1 X88.013 Y75.003 E3760.85695
G1 X87.5 Y75.632 E3760.88536
G1 X87.501 Y87.774 E3761.30839
G1 X87.501 Y99.916 E3761.73445
G1 X87.502 Y112.058 E3762.16252
G1 X87.502 Y124.2 E3762.59363
G1 X87.503 Y136.342 E3763.02675
G1 X87.503 Y148.484 E3763.4629
G1 X88.131 Y149 E3763.49156
G1 X96.239 Y149 E3763.76865
G1 X104.347 Y149 E3764.04102
G0 F4800 X104.513 Y149.4
;TYPE:WALL-OUTER
G1 F2400 X104.8 Y149.113 E3764.05452
G1 X104.8 Y148.2 E3764.08488
G1 X88.399 Y148.2 E3764.63038
G1 X88.302 Y148.035 E3764.63675
G1 X88.3 Y75.901 E3767.03593
G1 X88.465 Y75.802 E3767.04233
G1 X104.8 Y75.8 E3767.58564
G1 X104.8 Y74.884 E3767.6161
G1 X104.513 Y74.6 E3767.62953
G1 X87.793 Y74.6 E3768.18564
G1 X87.101 Y75.467 E3768.22254
G1 X87.1 Y148.704 E3770.65841
G1 X87.967 Y149.4 E3770.69539
G1 X104.513 Y149.4 E3771.24571
G0 F4800 X104.654 Y149.259
G1 F1500 E3761.24571
G0 F4800 X104.438 Y149.042
G0 X105.665 Y149
G0 X118.335 Y149
G0 X119.651 Y149
;TYPE:WALL-INNER
G1 F1500 E3771.24571
G1 F2400 X127.76 Y148.998 E3771.51812
G1 X135.869 Y148.997 E3771.79524
G1 X136.497 Y148.482 E3771.82387
G1 X136.498 Y136.34 E3772.26002
G1 X136.498 Y124.198 E3772.69315
G1 X136.499 Y112.056 E3773.12425
G1 X136.499 Y99.914 E3773.55233
G1 X136.5 Y87.772 E3773.97838
G1 X136.5 Y75.63 E3774.40141
G1 X136 Y75.024 E3774.42976
G1 X135.5 Y75 E3774.44741
G1 X119.649 Y75 E3774.97462
G1 X119.6 Y75.4 E3774.98802
G1 X127.674 Y75.4 E3775.26059
G1 X135.748 Y75.4 E3775.54122
G1 X136.1 Y75.801 E3775.5599
G1 X136.099 Y87.877 E3775.98062
G1 X136.098 Y99.953 E3776.40436
G1 X136.097 Y112.029 E3776.83011
G1 X136.097 Y124.105 E3777.25887
G1 X136.096 Y136.181 E3777.68964
G1 X136.095 Y148.257 E3778.12342
G1 X135.692 Y148.595 E3778.14197
G1 X127.646 Y148.598 E3778.41694
G1 X119.6 Y148.6 E3778.68722
G1 X119.651 Y149 E3778.70064
G0 F4800 X119.484 Y149.4
;TYPE:WALL-OUTER
G1 F2400 X136.029 Y149.4 E3779.25093
G1 X136.9 Y148.703 E3779.28803
G1 X136.9 Y75.467 E3781.72387
G1 X136.204 Y74.6 E3781.76085
G1 X119.483 Y74.6 E3782.31699
G1 X119.2 Y74.883 E3782.3303
G1 X119.2 Y75.8 E3782.3608
G1 X135.573 Y75.8 E3782.90537
G1 X135.7 Y75.939 E3782.91163
G1 X135.698 Y148.035 E3785.30955
G1 X135.535 Y148.198 E3785.31722
G1 X119.2 Y148.2 E3785.86052
G1 X119.2 Y149.113 E3785.89089
G1 X119.484 Y149.4 E3785.90432
G0 F4800 X119.684 Y149.4
G1 F1500 E3775.90432
;MESH:NONMESH
G0 F1800 X119.684 Y149.4 Z11.2
G0 F4800 X119.684 Y149.09
G0 X119.424 Y148.424
G0 X119.424 Y147.335
G0 X106 Y75.6
;TIME_ELAPSED:3930.108595
;LAYER:55
;TYPE:SUPPORT
G1 F1500 E3785.90432
G1 F1800 X106 Y74.374 E3785.9451
G1 X105.794 Y74.338 E3785.95205
G1 X105.683 Y74.477 E3785.95797
G1 X105.8 Y74.759 E3785.96812
G1 X105.8 Y75.6 E3785.9961
G1 X108 Y75.6 E3786.06927
G1 X108 Y74.399 E3786.10921
G1 X110 Y74.399 E3786.17573
G1 X110 Y75.6 E3786.21568
G1 X112 Y75.6 E3786.2822
G1 X112 Y74.399 E3786.32214
G1 X114 Y74.399 E3786.38866
G1 X114 Y75.6 E3786.42861
G1 X116 Y75.6 E3786.49513
G1 X116 Y74.399 E3786.53508
G1 X118 Y74.399 E3786.6016
G1 X118 Y75.954 E3786.65332
G1 F1500 E3776.65332
G0 F4800 X118 Y149.626
G1 F1500 E3786.65332
G1 F1800 X118 Y148.4 E3786.69409
G1 X116 Y148.4 E3786.76061
G1 X116 Y149.601 E3786.80056
G1 X114 Y149.601 E3786.86708
G1 X114 Y148.4 E3786.90702
G1 X112 Y148.4 E3786.97354
G1 X112 Y149.601 E3787.01349
G1 X110 Y149.601 E3787.08001
G1 X110 Y148.4 E3787.11996
G1 X108 Y148.4 E3787.18648
G1 X108 Y149.601 E3787.22642
G1 X106.141 Y149.601 E3787.28825
G1 X105.794 Y149.659 E3787.29995
G1 X105.684 Y149.522 E3787.3058
G1 X105.8 Y149.241 E3787.31591
G1 X105.8 Y147.947 E3787.35895
G1 X106 Y148.018 E3787.36601
G1 X106 Y149.625 E3787.41945
G1 F1500 E3777.41945
;MESH:I2C_LED_BTN-Body.stl
G0 F4800 X104.572 Y149.023
G0 X104.347 Y149
;TYPE:WALL-INNER
G1 F1500 E3787.41945
G1 F2400 X104.4 Y148.6 E3787.43287
G1 X96.351 Y148.6 E3787.70326
G1 X88.302 Y148.6 E3787.97834
G1 X87.905 Y148.252 E3787.99695
G1 X87.904 Y136.177 E3788.43069
G1 X87.903 Y124.102 E3788.86143
G1 X87.902 Y112.027 E3789.29015
G1 X87.902 Y99.952 E3789.71587
G1 X87.901 Y87.877 E3790.13957
G1 X87.9 Y75.802 E3790.56026
G1 X88.245 Y75.405 E3790.57867
G1 X96.323 Y75.402 E3790.85944
G1 X104.401 Y75.4 E3791.13215
G1 X104.349 Y75 E3791.14556
G1 X96.181 Y75.002 E3791.42131
G1 X88.013 Y75.003 E3791.7052
G1 X87.5 Y75.632 E3791.73361
G1 X87.501 Y87.774 E3792.15664
G1 X87.501 Y99.916 E3792.5827
G1 X87.502 Y112.058 E3793.01077
G1 X87.502 Y124.2 E3793.44188
G1 X87.503 Y136.342 E3793.875
G1 X87.503 Y148.484 E3794.31115
G1 X88.131 Y149 E3794.33981
G1 X96.239 Y149 E3794.6169
G1 X104.347 Y149 E3794.88927
G0 F4800 X104.513 Y149.4
;TYPE:WALL-OUTER
G1 F2400 X104.8 Y149.113 E3794.90277
G1 X104.8 Y148.2 E3794.93313
G1 X88.399 Y148.2 E3795.47863
G1 X88.302 Y148.035 E3795.485
G1 X88.3 Y75.901 E3797.88418
G1 X88.465 Y75.802 E3797.89058
G1 X104.8 Y75.8 E3798.43389
G1 X104.8 Y74.884 E3798.46436
G1 X104.513 Y74.6 E3798.47778
G1 X87.793 Y74.6 E3799.03389
G1 X87.101 Y75.467 E3799.07079
G1 X87.1 Y148.704 E3801.50666
G1 X87.967 Y149.4 E3801.54364
G1 X104.513 Y149.4 E3802.09396
G0 F4800 X104.654 Y149.259
G1 F1500 E3792.09396
G0 F4800 X104.438 Y149.042
G0 X105.665 Y149
G0 X118.335 Y149
G0 X119.651 Y149
;TYPE:WALL-INNER
G1 F1500 E3802.09396
G1 F2400 X127.76 Y148.998 E3802.36637
G1 X135.869 Y148.997 E3802.64349
G1 X136.497 Y148.482 E3802.67212
G1 X136.498 Y136.34 E3803.10828
G1 X136.498 Y124.198 E3803.5414
G1 X136.499 Y112.056 E3803.9725
G1 X136.499 Y99.914 E3804.40058
G1 X136.5 Y87.772 E3804.82663
G1 X136.5 Y75.63 E3805.24966
G1 X136 Y75.024 E3805.27801
G1 X135.5 Y75 E3805.29566
G1 X119.649 Y75 E3805.82287
G1 X119.6 Y75.4 E3805.83627
G1 X127.674 Y75.4 E3806.10884
G1 X135.748 Y75.4 E3806.38947
G1 X136.1 Y75.801 E3806.40815
G1 X136.099 Y87.877 E3806.82887
G1 X136.098 Y99.953 E3807.25261
G1 X136.097 Y112.029 E3807.67836
G1 X136.097 Y124.105 E3808.10712
G1 X136.096 Y136.181 E3808.53789
G1 X136.095 Y148.257 E3808.97167
G1 X135.692 Y148.595 E3808.99022
G1 X127.646 Y148.598 E3809.26519
G1 X119.6 Y148.6 E3809.53547
G1 X119.651 Y149 E3809.54889
G0 F4800 X119.484 Y149.4
;TYPE:WALL-OUTER
G1 F2400 X136.029 Y149.4 E3810.09918
G1 X136.9 Y148.703 E3810.13628
G1 X136.9 Y75.467 E3812.57212
G1 X136.204 Y74.6 E3812.6091
G1 X119.483 Y74.6 E3813.16524
G1 X119.2 Y74.883 E3813.17855
G1 X119.2 Y75.8 E3813.20905
G1 X135.573 Y75.8 E3813.75362
G1 X135.7 Y75.939 E3813.75988
G1 X135.698 Y148.035 E3816.1578
G1 X135.535 Y148.198 E3816.16547
G1 X119.2 Y148.2 E3816.70878
G1 X119.2 Y149.113 E3816.73914
G1 X119.484 Y149.4 E3816.75257
G0 F4800 X119.684 Y149.4
G1 F1500 E3806.75257
;MESH:NONMESH
G0 F1800 X119.684 Y149.4 Z11.4
G0 F4800 X119.684 Y149.09
G0 X119.424 Y148.424
G0 X119.424 Y147.335
G0 X106 Y75.6
;TIME_ELAPSED:3958.809368
;LAYER:56
;TYPE:SUPPORT
G1 F1500 E3816.75257
G1 F1800 X106 Y74.374 E3816.79335
G1 X105.794 Y74.338 E3816.8003
G1 X105.683 Y74.477 E3816.80622
G1 X105.8 Y74.759 E3816.81637
G1 X105.8 Y75.6 E3816.84435
G1 X108 Y75.6 E3816.91752
G1 X108 Y74.399 E3816.95746
G1 X110 Y74.399 E3817.02398
G1 X110 Y75.6 E3817.06393
G1 X112 Y75.6 E3817.13045
G1 X112 Y74.399 E3817.1704
G1 X114 Y74.399 E3817.23692
G1 X114 Y75.6 E3817.27686
G1 X116 Y75.6 E3817.34338
G1 X116 Y74.399 E3817.38333
G1 X118 Y74.399 E3817.44985
G1 X118 Y75.955 E3817.5016
G1 F1500 E3807.5016
G0 F4800 X118 Y149.626
G1 F1500 E3817.5016
G1 F1800 X118 Y148.4 E3817.54238
G1 X116 Y148.4 E3817.6089
G1 X116 Y149.601 E3817.64884
G1 X114 Y149.601 E3817.71536
G1 X114 Y148.4 E3817.75531
G1 X112 Y148.4 E3817.82183
G1 X112 Y149.601 E3817.86177
G1 X110 Y149.601 E3817.92829
G1 X110 Y148.4 E3817.96824
G1 X108 Y148.4 E3818.03476
G1 X108 Y149.601 E3818.0747
G1 X106.141 Y149.601 E3818.13654
G1 X105.794 Y149.659 E3818.14824
G1 X105.684 Y149.522 E3818.15408
G1 X105.8 Y149.241 E3818.16419
G1 X105.8 Y147.948 E3818.2072
G1 X106 Y148.019 E3818.21426
G1 X106 Y149.625 E3818.26767
G1 F1500 E3808.26767
;MESH:I2C_LED_BTN-Body.stl
G0 F4800 X104.572 Y149.023
G0 X104.347 Y149
;TYPE:WALL-INNER
G1 F1500 E3818.26767
G1 F2400 X104.4 Y148.6 E3818.28109
G1 X96.351 Y148.6 E3818.55148
G1 X88.302 Y148.6 E3818.82655
G1 X87.905 Y148.252 E3818.84517
G1 X87.904 Y136.177 E3819.27891
G1 X87.903 Y124.102 E3819.70964
G1 X87.902 Y112.027 E3820.13837
G1 X87.902 Y99.952 E3820.56408
G1 X87.901 Y87.877 E3820.98779
G1 X87.9 Y75.802 E3821.40848
G1 X88.245 Y75.405 E3821.42689
G1 X96.323 Y75.402 E3821.70766
G1 X104.401 Y75.4 E3821.98036
G1 X104.349 Y75 E3821.99378
G1 X96.181 Y75.002 E3822.26952
G1 X88.013 Y75.003 E3822.55342
G1 X87.5 Y75.632 E3822.58183
G1 X87.501 Y87.774 E3823.00486
G1 X87.501 Y99.916 E3823.43091
G1 X87.502 Y112.058 E3823.85899
G1 X87.502 Y124.2 E3824.29009
G1 X87.503 Y136.342 E3824.72322
G1 X87.503 Y148.484 E3825.15937
G1 X88.131 Y149 E3825.18802
G1 X96.239 Y149 E3825.46511
G1 X104.347 Y149 E3825.73748
G0 F4800 X104.513 Y149.4
;TYPE:WALL-OUTER
G1 F2400 X104.8 Y149.113 E3825.75098
G1 X104.8 Y148.2 E3825.78135
G1 X88.399 Y148.2 E3826.32685
G1 X88.302 Y148.035 E3826.33322
G1 X88.3 Y75.901 E3828.7324
G1 X88.465 Y75.802 E3828.7388
G1 X104.8 Y75.8 E3829.28211
G1 X104.8 Y74.884 E3829.31257
G1 X104.513 Y74.6 E3829.326
G1 X87.793 Y74.6 E3829.88211
G1 X87.101 Y75.467 E3829.91901
G1 X87.1 Y148.704 E3832.35488
G1 X87.967 Y149.4 E3832.39186
G1 X104.513 Y149.4 E3832.94218
G0 F4800 X104.654 Y149.259
G1 F1500 E3822.94218
G0 F4800 X104.438 Y149.042
G0 X105.665 Y149
G0 X118.335 Y149
G0 X119.651 Y149
;TYPE:WALL-INNER
G1 F1500 E3832.94218
G1 F2400 X127.76 Y148.998 E3833.21458
G1 X135.869 Y148.997 E3833.49171
G1 X136.497 Y148.482 E3833.52034
G1 X136.498 Y136.34 E3833.95649
G1 X136.498 Y124.198 E3834.38962
G1 X136.499 Y112.056 E3834.82072
G1 X136.499 Y99.914 E3835.24879
G1 X136.5 Y87.772 E3835.67485
G1 X136.5 Y75.63 E3836.09788
G1 X136 Y75.024 E3836.12623
G1 X135.5 Y75 E3836.14388
G1 X119.649 Y75 E3836.67108
G1 X119.6 Y75.4 E3836.68449
G1 X127.674 Y75.4 E3836.95706
G1 X135.748 Y75.4 E3837.23769
G1 X136.1 Y75.801 E3837.25636
G1 X136.099 Y87.877 E3837.67709
G1 X136.098 Y99.953 E3838.10083
G1 X136.097 Y112.029 E3838.52658
G1 X136.097 Y124.105 E3838.95534
G1 X136.096 Y136.181 E3839.38611
G1 X136.095 Y148.257 E3839.81989
G1 X135.692 Y148.595 E3839.83843
G1 X127.646 Y148.598 E3840.11341
G1 X119.6 Y148.6 E3840.38369
G1 X119.651 Y149 E3840.3971
G0 F4800 X119.484 Y149.4
;TYPE:WALL-OUTER
G1 F2400 X136.029 Y149.4 E3840.94739
G1 X136.9 Y148.703 E3840.9845
G1 X136.9 Y75.467 E3843.42034
G1 X136.204 Y74.6 E3843.45731
G1 X119.483 Y74.6 E3844.01346
G1 X119.2 Y74.883 E3844.02677
G1 X119.2 Y75.8 E3844.05727
G1 X135.573 Y75.8 E3844.60184
G1 X135.7 Y75.939 E3844.6081
G1 X135.698 Y148.035 E3847.00602
G1 X135.535 Y148.198 E3847.01369
G1 X119.2 Y148.2 E3847.55699
G1 X119.2 Y149.113 E3847.58736
G1 X119.484 Y149.4 E3847.60079
G0 F4800 X119.684 Y149.4
G1 F1500 E3837.60079
;MESH:NONMESH
G0 F1800 X119.684 Y149.4 Z11.6
G0 F4800 X119.684 Y149.09
G0 X119.424 Y148.424
G0 X119.424 Y147.335
G0 X106 Y75.6
;TIME_ELAPSED:3987.510095
;LAYER:57
;TYPE:SUPPORT
G1 F1500 E3847.60079
G1 F1800 X106 Y74.374 E3847.64157
G1 X105.794 Y74.338 E3847.64852
G1 X105.683 Y74.477 E3847.65444
G1 X105.8 Y74.759 E3847.66459
G1 X105.8 Y75.6 E3847.69256
G1 X108 Y75.6 E3847.76574
G1 X108 Y74.399 E3847.80568
G1 X110 Y74.399 E3847.8722
G1 X110 Y75.6 E3847.91215
G1 X112 Y75.6 E3847.97867
G1 X112 Y74.399 E3848.01861
G1 X114 Y74.399 E3848.08513
G1 X114 Y75.6 E3848.12508
G1 X116 Y75.6 E3848.1916
G1 X116 Y74.399 E3848.23154
G1 X118 Y74.399 E3848.29806
G1 X118 Y75.955 E3848.34982
G1 F1500 E3838.34982
G0 F4800 X118 Y149.626
G1 F1500 E3848.34982
G1 F1800 X118 Y148.4 E3848.39059
G1 X116 Y148.4 E3848.45711
G1 X116 Y149.601 E3848.49706
G1 X114 Y149.601 E3848.56358
G1 X114 Y148.4 E3848.60353
G1 X112 Y148.4 E3848.67005
G1 X112 Y149.601 E3848.70999
G1 X110 Y149.601 E3848.77651
G1 X110 Y148.4 E3848.81646
G1 X108 Y148.4 E3848.88298
G1 X108 Y149.601 E3848.92292
G1 X106.141 Y149.601 E3848.98475
G1 X105.794 Y149.659 E3848.99645
G1 X105.684 Y149.522 E3849.0023
G1 X105.8 Y149.241 E3849.01241
G1 X105.8 Y147.948 E3849.05541
G1 X106 Y148.02 E3849.06248
G1 X106 Y149.625 E3849.11587
G1 F1500 E3839.11587
;MESH:I2C_LED_BTN-Body.stl
G0 F4800 X104.572 Y149.023
G0 X104.347 Y149
;TYPE:WALL-INNER
G1 F1500 E3849.11587
G1 F2400 X104.4 Y148.6 E3849.12929
G1 X96.351 Y148.6 E3849.39967
G1 X88.302 Y148.6 E3849.67475
G1 X87.905 Y148.252 E3849.69336
G1 X87.904 Y136.177 E3850.12711
G1 X87.903 Y124.102 E3850.55784
G1 X87.902 Y112.027 E3850.98656
G1 X87.902 Y99.952 E3851.41228
G1 X87.901 Y87.877 E3851.83598
G1 X87.9 Y75.802 E3852.25668
G1 X88.245 Y75.405 E3852.27509
G1 X96.323 Y75.402 E3852.55585
G1 X104.401 Y75.4 E3852.82856
G1 X104.349 Y75 E3852.84197
G1 X96.181 Y75.002 E3853.11772
G1 X88.013 Y75.003 E3853.40161
G1 X87.5 Y75.632 E3853.43003
G1 X87.501 Y87.774 E3853.85305
G1 X87.501 Y99.916 E3854.27911
G1 X87.502 Y112.058 E3854.70718
G1 X87.502 Y124.2 E3855.13829
G1 X87.503 Y136.342 E3855.57141
G1 X87.503 Y148.484 E3856.00756
G1 X88.131 Y149 E3856.03622
G1 X96.239 Y149 E3856.31331
G1 X104.347 Y149 E3856.58568
G0 F4800 X104.513 Y149.4
;TYPE:WALL-OUTER
G1 F2400 X104.8 Y149.113 E3856.59918
G1 X104.8 Y148.2 E3856.62954
G1 X88.399 Y148.2 E3857.17504
G1 X88.302 Y148.035 E3857.18141
G1 X88.3 Y75.901 E3859.5806
G1 X88.465 Y75.802 E3859.587
G1 X104.8 Y75.8 E3860.1303
G1 X104.8 Y74.884 E3860.16077
G1 X104.513 Y74.6 E3860.1742
G1 X87.793 Y74.6 E3860.73031
G1 X87.101 Y75.467 E3860.7672
G1 X87.1 Y148.704 E3863.20307
G1 X87.967 Y149.4 E3863.24005
G1 X104.513 Y149.4 E3863.79038
G0 F4800 X104.654 Y149.259
G1 F1500 E3853.79038
G0 F4800 X104.438 Y149.042
G0 X105.665 Y149
G0 X118.335 Y149
G0 X119.651 Y149
;TYPE:WALL-INNER
G1 F1500 E3863.79038
G1 F2400 X127.76 Y148.998 E3864.06278
G1 X135.869 Y148.997 E3864.3399
G1 X136.497 Y148.482 E3864.36854
G1 X136.498 Y136.34 E3864.80469
G1 X136.498 Y124.198 E3865.23781
G1 X136.499 Y112.056 E3865.66891
G1 X136.499 Y99.914 E3866.09699
G1 X136.5 Y87.772 E3866.52305
G1 X136.5 Y75.63 E3866.94607
G1 X136 Y75.024 E3866.97443
G1 X135.5 Y75 E3866.99207
G1 X119.649 Y75 E3867.51928
G1 X119.6 Y75.4 E3867.53268
G1 X127.674 Y75.4 E3867.80525
G1 X135.748 Y75.4 E3868.08588
G1 X136.1 Y75.801 E3868.10456
G1 X136.099 Y87.877 E3868.52529
G1 X136.098 Y99.953 E3868.94903
G1 X136.097 Y112.029 E3869.37478
G1 X136.097 Y124.105 E3869.80354
G1 X136.096 Y136.181 E3870.2343
G1 X136.095 Y148.257 E3870.66809
G1 X135.692 Y148.595 E3870.68663
G1 X127.646 Y148.598 E3870.9616
G1 X119.6 Y148.6 E3871.23189
G1 X119.651 Y149 E3871.2453
G0 F4800 X119.484 Y149.4
;TYPE:WALL-OUTER
G1 F2400 X136.029 Y149.4 E3871.79559
G1 X136.9 Y148.703 E3871.83269
G1 X136.9 Y75.467 E3874.26853
G1 X136.204 Y74.6 E3874.30551
G1 X119.483 Y74.6 E3874.86165
G1 X119.2 Y74.883 E3874.87496
G1 X119.2 Y75.8 E3874.90546
G1 X135.573 Y75.8 E3875.45003
G1 X135.7 Y75.939 E3875.45629
G1 X135.698 Y148.035 E3877.85422
G1 X135.535 Y148.198 E3877.86188
G1 X119.2 Y148.2 E3878.40519
G1 X119.2 Y149.113 E3878.43555
G1 X119.484 Y149.4 E3878.44898
G0 F4800 X119.684 Y149.4
G1 F1500 E3868.44898
;MESH:NONMESH
G0 F1800 X119.684 Y149.4 Z11.8
G0 F4800 X119.684 Y149.09
G0 X119.424 Y148.424
G0 X119.424 Y147.335
G0 X106 Y75.6
;TIME_ELAPSED:4016.210794
;LAYER:58
;TYPE:SUPPORT
G1 F1500 E3878.44898
G1 F1800 X106 Y74.374 E3878.48976
G1 X105.794 Y74.338 E3878.49672
G1 X105.683 Y74.477 E3878.50263
G1 X105.8 Y74.759 E3878.51279
G1 X105.8 Y75.6 E3878.54076
G1 X108 Y75.6 E3878.61393
G1 X108 Y74.399 E3878.65388
G1 X110 Y74.399 E3878.7204
G1 X110 Y75.6 E3878.76034
G1 X112 Y75.6 E3878.82686
G1 X112 Y74.399 E3878.86681
G1 X114 Y74.399 E3878.93333
G1 X114 Y75.6 E3878.97327
G1 X116 Y75.6 E3879.03979
G1 X116 Y74.399 E3879.07974
G1 X118 Y74.399 E3879.14626
G1 X118 Y75.955 E3879.19801
G1 F1500 E3869.19801
G0 F4800 X118 Y149.626
G1 F1500 E3879.19801
G1 F1800 X118 Y148.4 E3879.23879
G1 X116 Y148.4 E3879.30531
G1 X116 Y149.601 E3879.34525
G1 X114 Y149.601 E3879.41177
G1 X114 Y148.4 E3879.45172
G1 X112 Y148.4 E3879.51824
G1 X112 Y149.601 E3879.55819
G1 X110 Y149.601 E3879.62471
G1 X110 Y148.4 E3879.66465
G1 X108 Y148.4 E3879.73117
G1 X108 Y149.601 E3879.77112
G1 X106.141 Y149.601 E3879.83295
G1 X105.794 Y149.659 E3879.84465
G1 X105.684 Y149.522 E3879.85049
G1 X105.8 Y149.241 E3879.8606
G1 X105.8 Y147.949 E3879.90358
G1 X106 Y148.02 E3879.91063
G1 X106 Y149.625 E3879.96402
G1 F1500 E3869.96402
;MESH:I2C_LED_BTN-Body.stl
G0 F4800 X104.572 Y149.023
G0 X104.347 Y149
;TYPE:WALL-INNER
G1 F1500 E3879.96402
G1 F2400 X104.4 Y148.6 E3879.97744
G1 X96.351 Y148.6 E3880.24783
G1 X88.302 Y148.6 E3880.5229
G1 X87.905 Y148.252 E3880.54151
G1 X87.904 Y136.177 E3880.97526
G1 X87.903 Y124.102 E3881.40599
G1 X87.902 Y112.027 E3881.83472
G1 X87.902 Y99.952 E3882.26043
G1 X87.901 Y87.877 E3882.68413
G1 X87.9 Y75.802 E3883.10483
G1 X88.245 Y75.405 E3883.12324
G1 X96.323 Y75.402 E3883.404
G1 X104.401 Y75.4 E3883.67671
G1 X104.349 Y75 E3883.69013
G1 X96.181 Y75.002 E3883.96587
G1 X88.013 Y75.003 E3884.24976
G1 X87.5 Y75.632 E3884.27818
G1 X87.501 Y87.774 E3884.7012
G1 X87.501 Y99.916 E3885.12726
G1 X87.502 Y112.058 E3885.55534
G1 X87.502 Y124.2 E3885.98644
G1 X87.503 Y136.342 E3886.41956
G1 X87.503 Y148.484 E3886.85571
G1 X88.131 Y149 E3886.88437
G1 X96.239 Y149 E3887.16146
G1 X104.347 Y149 E3887.43383
G0 F4800 X104.513 Y149.4
;TYPE:WALL-OUTER
G1 F2400 X104.8 Y149.113 E3887.44733
G1 X104.8 Y148.2 E3887.4777
G1 X88.399 Y148.2 E3888.0232
G1 X88.302 Y148.035 E3888.02956
G1 X88.3 Y75.901 E3890.42875
G1 X88.465 Y75.802 E3890.43515
G1 X104.8 Y75.8 E3890.97845
G1 X104.8 Y74.884 E3891.00892
G1 X104.513 Y74.6 E3891.02235
G1 X87.793 Y74.6 E3891.57846
G1 X87.101 Y75.467 E3891.61535
G1 X87.1 Y148.704 E3894.05123
G1 X87.967 Y149.4 E3894.0882
G1 X104.513 Y149.4 E3894.63853
G0 F4800 X104.654 Y149.259
G1 F1500 E3884.63853
G0 F4800 X104.438 Y149.042
G0 X105.665 Y149
G0 X118.335 Y149
G0 X119.651 Y149
;TYPE:WALL-INNER
G1 F1500 E3894.63853
G1 F2400 X127.76 Y148.998 E3894.91093
G1 X135.869 Y148.997 E3895.18805
G1 X136.497 Y148.482 E3895.21669
G1 X136.498 Y136.34 E3895.65284
G1 X136.498 Y124.198 E3896.08596
G1 X136.499 Y112.056 E3896.51707
G1 X136.499 Y99.914 E3896.94514
G1 X136.5 Y87.772 E3897.3712
G1 X136.5 Y75.63 E3897.79422
G1 X136 Y75.024 E3897.82258
G1 X135.5 Y75 E3897.84022
G1 X119.649 Y75 E3898.36743
G1 X119.6 Y75.4 E3898.38083
G1 X127.674 Y75.4 E3898.6534
G1 X135.748 Y75.4 E3898.93403
G1 X136.1 Y75.801 E3898.95271
G1 X136.099 Y87.877 E3899.37344
G1 X136.098 Y99.953 E3899.79718
G1 X136.097 Y112.029 E3900.22293
G1 X136.097 Y124.105 E3900.65169
G1 X136.096 Y136.181 E3901.08246
G1 X136.095 Y148.257 E3901.51624
G1 X135.692 Y148.595 E3901.53478
G1 X127.646 Y148.598 E3901.80975
G1 X119.6 Y148.6 E3902.08004
G1 X119.651 Y149 E3902.09345
G0 F4800 X119.484 Y149.4
;TYPE:WALL-OUTER
G1 F2400 X136.029 Y149.4 E3902.64374
G1 X136.9 Y148.703 E3902.68084
G1 X136.9 Y75.467 E3905.11668
G1 X136.204 Y74.6 E3905.15366
G1 X119.483 Y74.6 E3905.7098
G1 X119.2 Y74.883 E3905.72311
G1 X119.2 Y75.8 E3905.75361
G1 X135.573 Y75.8 E3906.29818
G1 X135.7 Y75.939 E3906.30444
G1 X135.698 Y148.035 E3908.70237
G1 X135.535 Y148.198 E3908.71003
G1 X119.2 Y148.2 E3909.25334
G1 X119.2 Y149.113 E3909.2837
G1 X119.484 Y149.4 E3909.29713
G0 F4800 X119.684 Y149.4
G1 F1500 E3899.29713
;MESH:NONMESH
G0 F1800 X119.684 Y149.4 Z12
G0 F4800 X119.684 Y149.09
G0 X119.424 Y148.424
G0 X119.424 Y147.335
G0 X106 Y75.6
;TIME_ELAPSED:4044.911454
;LAYER:59
;TYPE:SUPPORT
G1 F1500 E3909.29713
G1 F1800 X106 Y74.374 E3909.33791
G1 X105.794 Y74.338 E3909.34487
G1 X105.683 Y74.477 E3909.35078
G1 X105.8 Y74.759 E3909.36094
G1 X105.8 Y75.6 E3909.38891
G1 X108 Y75.6 E3909.46208
G1 X108 Y74.399 E3909.50203
G1 X110 Y74.399 E3909.56855
G1 X110 Y75.6 E3909.60849
G1 X112 Y75.6 E3909.67501
G1 X112 Y74.399 E3909.71496
G1 X114 Y74.399 E3909.78148
G1 X114 Y75.6 E3909.82142
G1 X116 Y75.6 E3909.88794
G1 X116 Y74.399 E3909.92789
G1 X118 Y74.399 E3909.99441
G1 X118 Y75.954 E3910.04613
G1 F1500 E3900.04613
G0 F4800 X118 Y149.626
G1 F1500 E3910.04613
G1 F1800 X118 Y148.4 E3910.08691
G1 X116 Y148.4 E3910.15343
G1 X116 Y149.601 E3910.19337
G1 X114 Y149.601 E3910.25989
G1 X114 Y148.4 E3910.29984
G1 X112 Y148.4 E3910.36636
G1 X112 Y149.601 E3910.4063
G1 X110 Y149.601 E3910.47282
G1 X110 Y148.4 E3910.51277
G1 X108 Y148.4 E3910.57929
G1 X108 Y149.601 E3910.61923
G1 X106.141 Y149.601 E3910.68107
G1 X105.794 Y149.659 E3910.69277
G1 X105.684 Y149.522 E3910.69861
G1 X105.8 Y149.241 E3910.70872
G1 X105.8 Y147.951 E3910.75163
G1 X106 Y148.022 E3910.75869
G1 X106 Y149.625 E3910.812
G1 F1500 E3900.812
;MESH:I2C_LED_BTN-Body.stl
G0 F4800 X104.572 Y149.023
G0 X104.347 Y149
;TYPE:WALL-INNER
G1 F1500 E3910.812
G1 F2400 X104.4 Y148.6 E3910.82542
G1 X96.351 Y148.6 E3911.09581
G1 X88.302 Y148.6 E3911.37088
G1 X87.905 Y148.252 E3911.3895
G1 X87.904 Y136.177 E3911.82324
G1 X87.903 Y124.102 E3912.25397
G1 X87.902 Y112.027 E3912.6827
G1 X87.902 Y99.952 E3913.10841
G1 X87.901 Y87.877 E3913.53212
G1 X87.9 Y75.802 E3913.95281
G1 X88.245 Y75.405 E3913.97122
G1 X96.323 Y75.402 E3914.25199
G1 X104.401 Y75.4 E3914.52469
G1 X104.349 Y75 E3914.53811
G1 X96.181 Y75.002 E3914.81385
G1 X88.013 Y75.003 E3915.09775
G1 X87.5 Y75.632 E3915.12616
G1 X87.501 Y87.774 E3915.54919
G1 X87.501 Y99.916 E3915.97524
G1 X87.502 Y112.058 E3916.40332
G1 X87.502 Y124.2 E3916.83442
G1 X87.503 Y136.342 E3917.26755
G1 X87.503 Y148.484 E3917.7037
G1 X88.131 Y149 E3917.73235
G1 X96.239 Y149 E3918.00944
G1 X104.347 Y149 E3918.28181
G0 F4800 X104.513 Y149.4
;TYPE:WALL-OUTER
G1 F2400 X104.8 Y149.113 E3918.29531
G1 X104.8 Y148.2 E3918.32568
G1 X88.399 Y148.2 E3918.87118
G1 X88.302 Y148.035 E3918.87755
G1 X88.3 Y75.901 E3921.27673
G1 X88.465 Y75.802 E3921.28313
G1 X104.8 Y75.8 E3921.82644
G1 X104.8 Y74.884 E3921.8569
G1 X104.513 Y74.6 E3921.87033
G1 X87.793 Y74.6 E3922.42644
G1 X87.101 Y75.467 E3922.46334
G1 X87.1 Y148.704 E3924.89921
G1 X87.967 Y149.4 E3924.93619
G1 X104.513 Y149.4 E3925.48651
G0 F4800 X104.654 Y149.259
G1 F1500 E3915.48651
G0 F4800 X104.438 Y149.042
G0 X105.665 Y149
G0 X118.335 Y149
G0 X119.651 Y149
;TYPE:WALL-INNER
G1 F1500 E3925.48651
G1 F2400 X127.76 Y148.998 E3925.75891
G1 X135.869 Y148.997 E3926.03604
G1 X136.497 Y148.482 E3926.06467
G1 X136.498 Y136.34 E3926.50082
G1 X136.498 Y124.198 E3926.93395
G1 X136.499 Y112.056 E3927.36505
G1 X136.499 Y99.914 E3927.79313
G1 X136.5 Y87.772 E3928.21918
G1 X136.5 Y75.63 E3928.64221
G1 X136 Y75.024 E3928.67056
G1 X135.5 Y75 E3928.68821
G1 X119.649 Y75 E3929.21541
G1 X119.6 Y75.4 E3929.22882
G1 X127.674 Y75.4 E3929.50139
G1 X135.748 Y75.4 E3929.78202
G1 X136.1 Y75.801 E3929.80069
G1 X136.099 Y87.877 E3930.22142
G1 X136.098 Y99.953 E3930.64516
G1 X136.097 Y112.029 E3931.07091
G1 X136.097 Y124.105 E3931.49967
G1 X136.096 Y136.181 E3931.93044
G1 X136.095 Y148.257 E3932.36422
G1 X135.692 Y148.595 E3932.38277
G1 X127.646 Y148.598 E3932.65774
G1 X119.6 Y148.6 E3932.92802
G1 X119.651 Y149 E3932.94143
G0 F4800 X119.484 Y149.4
;TYPE:WALL-OUTER
G1 F2400 X136.029 Y149.4 E3933.49172
G1 X136.9 Y148.703 E3933.52883
G1 X136.9 Y75.467 E3935.96467
G1 X136.204 Y74.6 E3936.00164
G1 X119.483 Y74.6 E3936.55779
G1 X119.2 Y74.883 E3936.5711
G1 X119.2 Y75.8 E3936.6016
G1 X135.573 Y75.8 E3937.14617
G1 X135.7 Y75.939 E3937.15243
G1 X135.698 Y148.035 E3939.55035
G1 X135.535 Y148.198 E3939.55802
G1 X119.2 Y148.2 E3940.10132
G1 X119.2 Y149.113 E3940.13169
G1 X119.484 Y149.4 E3940.14512
G0 F4800 X119.684 Y149.4
G1 F1500 E3930.14512
;MESH:NONMESH
G0 F1800 X119.684 Y149.4 Z12.2
G0 F4800 X119.684 Y149.09
G0 X119.424 Y148.424
G0 X119.424 Y147.335
G0 X106 Y75.6
;TIME_ELAPSED:4073.611961
;LAYER:60
;TYPE:SUPPORT
G1 F1500 E3940.14512
G1 F1800 X106 Y74.374 E3940.1859
G1 X105.794 Y74.338 E3940.19285
G1 X105.683 Y74.477 E3940.19877
G1 X105.8 Y74.759 E3940.20892
G1 X105.8 Y75.6 E3940.23689
G1 X108 Y75.6 E3940.31007
G1 X108 Y74.399 E3940.35001
G1 X110 Y74.399 E3940.41653
G1 X110 Y75.6 E3940.45648
G1 X112 Y75.6 E3940.523
G1 X112 Y74.399 E3940.56294
G1 X114 Y74.399 E3940.62946
G1 X114 Y75.6 E3940.66941
G1 X116 Y75.6 E3940.73593
G1 X116 Y74.399 E3940.77587
G1 X118 Y74.399 E3940.84239
G1 X118 Y75.953 E3940.89408
G1 F1500 E3930.89408
G0 F4800 X118 Y149.626
G1 F1500 E3940.89408
G1 F1800 X118 Y148.4 E3940.93486
G1 X116 Y148.4 E3941.00138
G1 X116 Y149.601 E3941.04132
G1 X114 Y149.601 E3941.10784
G1 X114 Y148.4 E3941.14779
G1 X112 Y148.4 E3941.21431
G1 X112 Y149.601 E3941.25425
G1 X110 Y149.601 E3941.32077
G1 X110 Y148.4 E3941.36072
G1 X108 Y148.4 E3941.42724
G1 X108 Y149.601 E3941.46719
G1 X106.141 Y149.601 E3941.52902
G1 X105.794 Y149.659 E3941.54072
G1 X105.684 Y149.522 E3941.54656
G1 X105.8 Y149.241 E3941.55667
G1 X105.8 Y147.951 E3941.59958
G1 X106 Y148.022 E3941.60664
G1 X106 Y149.625 E3941.65995
G1 F1500 E3931.65995
;MESH:I2C_LED_BTN-Body.stl
G0 F4800 X104.572 Y149.023
G0 X104.347 Y149
;TYPE:WALL-INNER
G1 F1500 E3941.65995
G1 F2400 X104.4 Y148.6 E3941.67337
G1 X96.351 Y148.6 E3941.94376
G1 X88.302 Y148.6 E3942.21883
G1 X87.905 Y148.252 E3942.23745
G1 X87.904 Y136.177 E3942.67119
G1 X87.903 Y124.102 E3943.10193
G1 X87.902 Y112.027 E3943.53065
G1 X87.902 Y99.952 E3943.95636
G1 X87.901 Y87.877 E3944.38007
G1 X87.9 Y75.802 E3944.80076
G1 X88.245 Y75.405 E3944.81917
G1 X96.323 Y75.402 E3945.09994
G1 X104.401 Y75.4 E3945.37265
G1 X104.349 Y75 E3945.38606
G1 X96.181 Y75.002 E3945.6618
G1 X88.013 Y75.003 E3945.9457
G1 X87.5 Y75.632 E3945.97411
G1 X87.501 Y87.774 E3946.39714
G1 X87.501 Y99.916 E3946.8232
G1 X87.502 Y112.058 E3947.25127
G1 X87.502 Y124.2 E3947.68237
G1 X87.503 Y136.342 E3948.1155
G1 X87.503 Y148.484 E3948.55165
G1 X88.131 Y149 E3948.58031
G1 X96.239 Y149 E3948.8574
G1 X104.347 Y149 E3949.12977
G0 F4800 X104.513 Y149.4
;TYPE:WALL-OUTER
G1 F2400 X104.8 Y149.113 E3949.14326
G1 X104.8 Y148.2 E3949.17363
G1 X88.399 Y148.2 E3949.71913
G1 X88.302 Y148.035 E3949.7255
G1 X88.3 Y75.901 E3952.12468
G1 X88.465 Y75.802 E3952.13108
G1 X104.8 Y75.8 E3952.67439
G1 X104.8 Y74.884 E3952.70485
G1 X104.513 Y74.6 E3952.71828
G1 X87.793 Y74.6 E3953.27439
G1 X87.101 Y75.467 E3953.31129
G1 X87.1 Y148.704 E3955.74716
G1 X87.967 Y149.4 E3955.78414
G1 X104.513 Y149.4 E3956.33446
G0 F4800 X104.654 Y149.259
G1 F1500 E3946.33446
G0 F4800 X104.438 Y149.042
G0 X105.665 Y149
G0 X118.335 Y149
G0 X119.651 Y149
;TYPE:WALL-INNER
G1 F1500 E3956.33446
G1 F2400 X127.76 Y148.998 E3956.60687
G1 X135.869 Y148.997 E3956.88399
G1 X136.497 Y148.482 E3956.91262
G1 X136.498 Y136.34 E3957.34877
G1 X136.498 Y124.198 E3957.7819
G1 X136.499 Y112.056 E3958.213
G1 X136.499 Y99.914 E3958.64108
G1 X136.5 Y87.772 E3959.06713
G1 X136.5 Y75.63 E3959.49016
G1 X136 Y75.024 E3959.51851
G1 X135.5 Y75 E3959.53616
G1 X119.649 Y75 E3960.06337
G1 X119.6 Y75.4 E3960.07677
G1 X127.674 Y75.4 E3960.34934
G1 X135.748 Y75.4 E3960.62997
G1 X136.1 Y75.801 E3960.64865
G1 X136.099 Y87.877 E3961.06937
G1 X136.098 Y99.953 E3961.49311
G1 X136.097 Y112.029 E3961.91886
G1 X136.097 Y124.105 E3962.34762
G1 X136.096 Y136.181 E3962.77839
G1 X136.095 Y148.257 E3963.21217
G1 X135.692 Y148.595 E3963.23072
G1 X127.646 Y148.598 E3963.50569
G1 X119.6 Y148.6 E3963.77597
G1 X119.651 Y149 E3963.78939
G0 F4800 X119.484 Y149.4
;TYPE:WALL-OUTER
G1 F2400 X136.029 Y149.4 E3964.33967
G1 X136.9 Y148.703 E3964.37678
G1 X136.9 Y75.467 E3966.81262
G1 X136.204 Y74.6 E3966.8496
G1 X119.483 Y74.6 E3967.40574
G1 X119.2 Y74.883 E3967.41905
G1 X119.2 Y75.8 E3967.44955
G1 X135.573 Y75.8 E3967.99412
G1 X135.7 Y75.939 E3968.00038
G1 X135.698 Y148.035 E3970.3983
G1 X135.535 Y148.198 E3970.40597
G1 X119.2 Y148.2 E3970.94927
G1 X119.2 Y149.113 E3970.97964
G1 X119.484 Y149.4 E3970.99307
G0 F4800 X119.684 Y149.4
G1 F1500 E3960.99307
;MESH:NONMESH
G0 F1800 X119.684 Y149.4 Z12.4
G0 F4800 X119.684 Y149.09
G0 X119.424 Y148.424
G0 X119.424 Y147.335
G0 X106 Y75.6
;TIME_ELAPSED:4102.312446
;LAYER:61
;TYPE:SUPPORT
G1 F1500 E3970.99307
G1 F1800 X106 Y74.374 E3971.03385
G1 X105.794 Y74.338 E3971.0408
G1 X105.683 Y74.477 E3971.04672
G1 X105.8 Y74.759 E3971.05687
G1 X105.8 Y75.6 E3971.08484
G1 X108 Y75.6 E3971.15802
G1 X108 Y74.399 E3971.19796
G1 X110 Y74.399 E3971.26448
G1 X110 Y75.6 E3971.30443
G1 X112 Y75.6 E3971.37095
G1 X112 Y74.399 E3971.41089
G1 X114 Y74.399 E3971.47741
G1 X114 Y75.6 E3971.51736
G1 X116 Y75.6 E3971.58388
G1 X116 Y74.399 E3971.62383
G1 X118 Y74.399 E3971.69035
G1 X118 Y75.953 E3971.74203
G1 F1500 E3961.74203
G0 F4800 X118 Y149.626
G1 F1500 E3971.74203
G1 F1800 X118 Y148.4 E3971.78281
G1 X116 Y148.4 E3971.84933
G1 X116 Y149.601 E3971.88927
G1 X114 Y149.601 E3971.95579
G1 X114 Y148.4 E3971.99574
G1 X112 Y148.4 E3972.06226
G1 X112 Y149.601 E3972.10221
G1 X110 Y149.601 E3972.16873
G1 X110 Y148.4 E3972.20867
G1 X108 Y148.4 E3972.27519
G1 X108 Y149.601 E3972.31514
G1 X106.141 Y149.601 E3972.37697
G1 X105.794 Y149.659 E3972.38867
G1 X105.684 Y149.522 E3972.39451
G1 X105.8 Y149.241 E3972.40462
G1 X105.8 Y147.952 E3972.4475
G1 X106 Y148.023 E3972.45456
G1 X106 Y149.625 E3972.50784
G1 F1500 E3962.50784
;MESH:I2C_LED_BTN-Body.stl
G0 F4800 X104.572 Y149.023
G0 X104.347 Y149
;TYPE:WALL-INNER
G1 F1500 E3972.50784
G1 F2400 X104.4 Y148.6 E3972.52126
G1 X96.351 Y148.6 E3972.79165
G1 X88.302 Y148.6 E3973.06672
G1 X87.905 Y148.252 E3973.08533
G1 X87.904 Y136.177 E3973.51908
G1 X87.903 Y124.102 E3973.94981
G1 X87.902 Y112.027 E3974.37854
G1 X87.902 Y99.952 E3974.80425
G1 X87.901 Y87.877 E3975.22795
G1 X87.9 Y75.802 E3975.64865
G1 X88.245 Y75.405 E3975.66706
G1 X96.323 Y75.402 E3975.94782
G1 X104.401 Y75.4 E3976.22053
G1 X104.349 Y75 E3976.23395
G1 X96.181 Y75.002 E3976.50969
G1 X88.013 Y75.003 E3976.79358
G1 X87.5 Y75.632 E3976.822
G1 X87.501 Y87.774 E3977.24502
G1 X87.501 Y99.916 E3977.67108
G1 X87.502 Y112.058 E3978.09916
G1 X87.502 Y124.2 E3978.53026
G1 X87.503 Y136.342 E3978.96338
G1 X87.503 Y148.484 E3979.39953
G1 X88.131 Y149 E3979.42819
G1 X96.239 Y149 E3979.70528
G1 X104.347 Y149 E3979.97765
G0 F4800 X104.513 Y149.4
;TYPE:WALL-OUTER
G1 F2400 X104.8 Y149.113 E3979.99115
G1 X104.8 Y148.2 E3980.02152
G1 X88.399 Y148.2 E3980.56702
G1 X88.302 Y148.035 E3980.57338
G1 X88.3 Y75.901 E3982.97257
G1 X88.465 Y75.802 E3982.97897
G1 X104.8 Y75.8 E3983.52227
G1 X104.8 Y74.884 E3983.55274
G1 X104.513 Y74.6 E3983.56617
G1 X87.793 Y74.6 E3984.12228
G1 X87.101 Y75.467 E3984.15917
G1 X87.1 Y148.704 E3986.59505
G1 X87.967 Y149.4 E3986.63202
G1 X104.513 Y149.4 E3987.18235
G0 F4800 X104.654 Y149.259
G1 F1500 E3977.18235
G0 F4800 X104.438 Y149.042
G0 X105.665 Y149
G0 X118.335 Y149
G0 X119.651 Y149
;TYPE:WALL-INNER
G1 F1500 E3987.18235
G1 F2400 X127.76 Y148.998 E3987.45475
G1 X135.869 Y148.997 E3987.73187
G1 X136.497 Y148.482 E3987.76051
G1 X136.498 Y136.34 E3988.19666
G1 X136.498 Y124.198 E3988.62978
G1 X136.499 Y112.056 E3989.06089
G1 X136.499 Y99.914 E3989.48896
G1 X136.5 Y87.772 E3989.91502
G1 X136.5 Y75.63 E3990.33804
G1 X136 Y75.024 E3990.3664
G1 X135.5 Y75 E3990.38404
G1 X119.649 Y75 E3990.91125
G1 X119.6 Y75.4 E3990.92465
G1 X127.674 Y75.4 E3991.19722
G1 X135.748 Y75.4 E3991.47785
G1 X136.1 Y75.801 E3991.49653
G1 X136.099 Y87.877 E3991.91726
G1 X136.098 Y99.953 E3992.341
G1 X136.097 Y112.029 E3992.76675
G1 X136.097 Y124.105 E3993.19551
G1 X136.096 Y136.181 E3993.62628
G1 X136.095 Y148.257 E3994.06006
G1 X135.692 Y148.595 E3994.0786
G1 X127.646 Y148.598 E3994.35357
G1 X119.6 Y148.6 E3994.62386
G1 X119.651 Y149 E3994.63727
G0 F4800 X119.484 Y149.4
;TYPE:WALL-OUTER
G1 F2400 X136.029 Y149.4 E3995.18756
G1 X136.9 Y148.703 E3995.22466
G1 X136.9 Y75.467 E3997.6605
G1 X136.204 Y74.6 E3997.69748
G1 X119.483 Y74.6 E3998.25362
G1 X119.2 Y74.883 E3998.26693
G1 X119.2 Y75.8 E3998.29743
G1 X135.573 Y75.8 E3998.842
G1 X135.7 Y75.939 E3998.84826
G1 X135.698 Y148.035 E4001.24619
G1 X135.535 Y148.198 E4001.25385
G1 X119.2 Y148.2 E4001.79716
G1 X119.2 Y149.113 E4001.82753
G1 X119.484 Y149.4 E4001.84095
G0 F4800 X119.684 Y149.4
G1 F1500 E3991.84095
;MESH:NONMESH
G0 F1800 X119.684 Y149.4 Z12.6
G0 F4800 X119.684 Y149.09
G0 X119.424 Y148.424
G0 X119.424 Y147.335
G0 X106 Y75.6
;TIME_ELAPSED:4131.012865
;LAYER:62
;TYPE:SUPPORT
G1 F1500 E4001.84095
G1 F1800 X106 Y74.374 E4001.88173
G1 X105.794 Y74.338 E4001.88869
G1 X105.683 Y74.477 E4001.8946
G1 X105.8 Y74.759 E4001.90476
G1 X105.8 Y75.6 E4001.93273
G1 X108 Y75.6 E4002.0059
G1 X108 Y74.399 E4002.04585
G1 X110 Y74.399 E4002.11237
G1 X110 Y75.6 E4002.15231
G1 X112 Y75.6 E4002.21883
G1 X112 Y74.399 E4002.25878
G1 X114 Y74.399 E4002.3253
G1 X114 Y75.6 E4002.36524
G1 X116 Y75.6 E4002.43176
G1 X116 Y74.399 E4002.47171
G1 X118 Y74.399 E4002.53823
G1 X118 Y75.952 E4002.58988
G1 F1500 E3992.58988
G0 F4800 X118 Y149.626
G1 F1500 E4002.58988
G1 F1800 X118 Y148.4 E4002.63066
G1 X116 Y148.4 E4002.69718
G1 X116 Y149.601 E4002.73713
G1 X114 Y149.601 E4002.80365
G1 X114 Y148.4 E4002.84359
G1 X112 Y148.4 E4002.91011
G1 X112 Y149.601 E4002.95006
G1 X110 Y149.601 E4003.01658
G1 X110 Y148.4 E4003.05652
G1 X108 Y148.4 E4003.12304
G1 X108 Y149.601 E4003.16299
G1 X106.141 Y149.601 E4003.22482
G1 X105.794 Y149.659 E4003.23652
G1 X105.684 Y149.522 E4003.24236
G1 X105.8 Y149.241 E4003.25248
G1 X105.8 Y147.953 E4003.29531
G1 X106 Y148.024 E4003.30237
G1 X106 Y149.625 E4003.35562
G1 F1500 E3993.35562
;MESH:I2C_LED_BTN-Body.stl
G0 F4800 X104.572 Y149.023
G0 X104.347 Y149
;TYPE:WALL-INNER
G1 F1500 E4003.35562
G1 F2400 X104.4 Y148.6 E4003.36904
G1 X96.351 Y148.6 E4003.63943
G1 X88.302 Y148.6 E4003.9145
G1 X87.905 Y148.252 E4003.93312
G1 X87.904 Y136.177 E4004.36686
G1 X87.903 Y124.102 E4004.7976
G1 X87.902 Y112.027 E4005.22632
G1 X87.902 Y99.952 E4005.65203
G1 X87.901 Y87.877 E4006.07574
G1 X87.9 Y75.802 E4006.49643
G1 X88.245 Y75.405 E4006.51484
G1 X96.323 Y75.402 E4006.79561
G1 X104.401 Y75.4 E4007.06831
G1 X104.349 Y75 E4007.08173
G1 X96.181 Y75.002 E4007.35747
G1 X88.013 Y75.003 E4007.64137
G1 X87.5 Y75.632 E4007.66978
G1 X87.501 Y87.774 E4008.09281
G1 X87.501 Y99.916 E4008.51887
G1 X87.502 Y112.058 E4008.94694
G1 X87.502 Y124.2 E4009.37804
G1 X87.503 Y136.342 E4009.81117
G1 X87.503 Y148.484 E4010.24732
G1 X88.131 Y149 E4010.27598
G1 X96.239 Y149 E4010.55306
G1 X104.347 Y149 E4010.82543
G0 F4800 X104.513 Y149.4
;TYPE:WALL-OUTER
G1 F2400 X104.8 Y149.113 E4010.83893
G1 X104.8 Y148.2 E4010.8693
G1 X88.399 Y148.2 E4011.4148
G1 X88.302 Y148.035 E4011.42117
G1 X88.3 Y75.901 E4013.82035
G1 X88.465 Y75.802 E4013.82675
G1 X104.8 Y75.8 E4014.37006
G1 X104.8 Y74.884 E4014.40052
G1 X104.513 Y74.6 E4014.41395
G1 X87.793 Y74.6 E4014.97006
G1 X87.101 Y75.467 E4015.00696
G1 X87.1 Y148.704 E4017.44283
G1 X87.967 Y149.4 E4017.47981
G1 X104.513 Y149.4 E4018.03013
G0 F4800 X104.654 Y149.259
G1 F1500 E4008.03013
G0 F4800 X104.438 Y149.042
G0 X105.665 Y149
G0 X118.335 Y149
G0 X119.651 Y149
;TYPE:WALL-INNER
G1 F1500 E4018.03013
G1 F2400 X127.76 Y148.998 E4018.30253
G1 X135.869 Y148.997 E4018.57966
G1 X136.497 Y148.482 E4018.60829
G1 X136.498 Y136.34 E4019.04444
G1 X136.498 Y124.198 E4019.47757
G1 X136.499 Y112.056 E4019.90867
G1 X136.499 Y99.914 E4020.33675
G1 X136.5 Y87.772 E4020.7628
G1 X136.5 Y75.63 E4021.18583
G1 X136 Y75.024 E4021.21418
G1 X135.5 Y75 E4021.23183
G1 X119.649 Y75 E4021.75904
G1 X119.6 Y75.4 E4021.77244
G1 X127.674 Y75.4 E4022.04501
G1 X135.748 Y75.4 E4022.32564
G1 X136.1 Y75.801 E4022.34431
G1 X136.099 Y87.877 E4022.76504
G1 X136.098 Y99.953 E4023.18878
G1 X136.097 Y112.029 E4023.61453
G1 X136.097 Y124.105 E4024.04329
G1 X136.096 Y136.181 E4024.47406
G1 X136.095 Y148.257 E4024.90784
G1 X135.692 Y148.595 E4024.92639
G1 X127.646 Y148.598 E4025.20136
G1 X119.6 Y148.6 E4025.47164
G1 X119.651 Y149 E4025.48506
G0 F4800 X119.484 Y149.4
;TYPE:WALL-OUTER
G1 F2400 X136.029 Y149.4 E4026.03534
G1 X136.9 Y148.703 E4026.07245
G1 X136.9 Y75.467 E4028.50829
G1 X136.204 Y74.6 E4028.54527
G1 X119.483 Y74.6 E4029.10141
G1 X119.2 Y74.883 E4029.11472
G1 X119.2 Y75.8 E4029.14522
G1 X135.573 Y75.8 E4029.68979
G1 X135.7 Y75.939 E4029.69605
G1 X135.698 Y148.035 E4032.09397
G1 X135.535 Y148.198 E4032.10164
G1 X119.2 Y148.2 E4032.64494
G1 X119.2 Y149.113 E4032.67531
G1 X119.484 Y149.4 E4032.68874
G0 F4800 X119.684 Y149.4
G1 F1500 E4022.68874
;MESH:NONMESH
G0 F1800 X119.684 Y149.4 Z12.8
G0 F4800 X119.684 Y149.09
G0 X119.424 Y148.424
G0 X119.424 Y147.335
G0 X106 Y75.6
;TIME_ELAPSED:4159.713196
;LAYER:63
;TYPE:SUPPORT
G1 F1500 E4032.68874
G1 F1800 X106 Y74.374 E4032.72952
G1 X105.794 Y74.338 E4032.73647
G1 X105.683 Y74.477 E4032.74239
G1 X105.8 Y74.759 E4032.75254
G1 X105.8 Y75.6 E4032.78051
G1 X108 Y75.6 E4032.85369
G1 X108 Y74.399 E4032.89363
G1 X110 Y74.399 E4032.96015
G1 X110 Y75.6 E4033.0001
G1 X112 Y75.6 E4033.06662
G1 X112 Y74.399 E4033.10656
G1 X114 Y74.399 E4033.17308
G1 X114 Y75.6 E4033.21303
G1 X116 Y75.6 E4033.27955
G1 X116 Y74.399 E4033.31949
G1 X118 Y74.399 E4033.38602
G1 X118 Y75.953 E4033.4377
G1 F1500 E4023.4377
G0 F4800 X118 Y149.626
G1 F1500 E4033.4377
G1 F1800 X118 Y148.4 E4033.47848
G1 X116 Y148.4 E4033.545
G1 X116 Y149.601 E4033.58494
G1 X114 Y149.601 E4033.65146
G1 X114 Y148.4 E4033.69141
G1 X112 Y148.4 E4033.75793
G1 X112 Y149.601 E4033.79788
G1 X110 Y149.601 E4033.8644
G1 X110 Y148.4 E4033.90434
G1 X108 Y148.4 E4033.97086
G1 X108 Y149.601 E4034.01081
G1 X106.141 Y149.601 E4034.07264
G1 X105.794 Y149.659 E4034.08434
G1 X105.684 Y149.522 E4034.09018
G1 X105.8 Y149.241 E4034.10029
G1 X105.8 Y147.953 E4034.14313
G1 X106 Y148.024 E4034.15019
G1 X106 Y149.625 E4034.20344
G1 F1500 E4024.20344
;MESH:I2C_LED_BTN-Body.stl
G0 F4800 X104.572 Y149.023
G0 X104.347 Y149
;TYPE:WALL-INNER
G1 F1500 E4034.20344
G1 F2400 X104.4 Y148.6 E4034.21686
G1 X96.351 Y148.6 E4034.48725
G1 X88.302 Y148.6 E4034.76232
G1 X87.905 Y148.252 E4034.78093
G1 X87.904 Y136.177 E4035.21468
G1 X87.903 Y124.102 E4035.64541
G1 X87.902 Y112.027 E4036.07414
G1 X87.902 Y99.952 E4036.49985
G1 X87.901 Y87.877 E4036.92356
G1 X87.9 Y75.802 E4037.34425
G1 X88.245 Y75.405 E4037.36266
G1 X96.323 Y75.402 E4037.64343
G1 X104.401 Y75.4 E4037.91613
G1 X104.349 Y75 E4037.92955
G1 X96.181 Y75.002 E4038.20529
G1 X88.013 Y75.003 E4038.48919
G1 X87.5 Y75.632 E4038.5176
G1 X87.501 Y87.774 E4038.94063
G1 X87.501 Y99.916 E4039.36668
G1 X87.502 Y112.058 E4039.79476
G1 X87.502 Y124.2 E4040.22586
G1 X87.503 Y136.342 E4040.65899
G1 X87.503 Y148.484 E4041.09514
G1 X88.131 Y149 E4041.12379
G1 X96.239 Y149 E4041.40088
G1 X104.347 Y149 E4041.67325
G0 F4800 X104.513 Y149.4
;TYPE:WALL-OUTER
G1 F2400 X104.8 Y149.113 E4041.68675
G1 X104.8 Y148.2 E4041.71712
G1 X88.399 Y148.2 E4042.26262
G1 X88.302 Y148.035 E4042.26898
G1 X88.3 Y75.901 E4044.66817
G1 X88.465 Y75.802 E4044.67457
G1 X104.8 Y75.8 E4045.21788
G1 X104.8 Y74.884 E4045.24834
G1 X104.513 Y74.6 E4045.26177
G1 X87.793 Y74.6 E4045.81788
G1 X87.101 Y75.467 E4045.85478
G1 X87.1 Y148.704 E4048.29065
G1 X87.967 Y149.4 E4048.32763
G1 X104.513 Y149.4 E4048.87795
G0 F4800 X104.654 Y149.259
G1 F1500 E4038.87795
G0 F4800 X104.438 Y149.042
G0 X105.665 Y149
G0 X118.335 Y149
G0 X119.651 Y149
;TYPE:WALL-INNER
G1 F1500 E4048.87795
G1 F2400 X127.76 Y148.998 E4049.15035
G1 X135.869 Y148.997 E4049.42748
G1 X136.497 Y148.482 E4049.45611
G1 X136.498 Y136.34 E4049.89226
G1 X136.498 Y124.198 E4050.32538
G1 X136.499 Y112.056 E4050.75649
G1 X136.499 Y99.914 E4051.18456
G1 X136.5 Y87.772 E4051.61062
G1 X136.5 Y75.63 E4052.03365
G1 X136 Y75.024 E4052.062
G1 X135.5 Y75 E4052.07965
G1 X119.649 Y75 E4052.60685
G1 X119.6 Y75.4 E4052.62026
G1 X127.674 Y75.4 E4052.89283
G1 X135.748 Y75.4 E4053.17345
G1 X136.1 Y75.801 E4053.19213
G1 X136.099 Y87.877 E4053.61286
G1 X136.098 Y99.953 E4054.0366
G1 X136.097 Y112.029 E4054.46235
G1 X136.097 Y124.105 E4054.89111
G1 X136.096 Y136.181 E4055.32188
G1 X136.095 Y148.257 E4055.75566
G1 X135.692 Y148.595 E4055.7742
G1 X127.646 Y148.598 E4056.04917
G1 X119.6 Y148.6 E4056.31946
G1 X119.651 Y149 E4056.33287
G0 F4800 X119.484 Y149.4
;TYPE:WALL-OUTER
G1 F2400 X136.029 Y149.4 E4056.88316
G1 X136.9 Y148.703 E4056.92027
G1 X136.9 Y75.467 E4059.3561
G1 X136.204 Y74.6 E4059.39308
G1 X119.483 Y74.6 E4059.94923
G1 X119.2 Y74.883 E4059.96254
G1 X119.2 Y75.8 E4059.99304
G1 X135.573 Y75.8 E4060.53761
G1 X135.7 Y75.939 E4060.54387
G1 X135.698 Y148.035 E4062.94179
G1 X135.535 Y148.198 E4062.94946
G1 X119.2 Y148.2 E4063.49276
G1 X119.2 Y149.113 E4063.52313
G1 X119.484 Y149.4 E4063.53656
G0 F4800 X119.684 Y149.4
G1 F1500 E4053.53656
;MESH:NONMESH
G0 F1800 X119.684 Y149.4 Z13
G0 F4800 X119.684 Y149.09
G0 X119.424 Y148.424
G0 X119.424 Y147.335
G0 X106 Y75.6
;TIME_ELAPSED:4188.413548
;LAYER:64
;TYPE:SUPPORT
G1 F1500 E4063.53656
G1 F1800 X106 Y74.374 E4063.57733
G1 X105.794 Y74.338 E4063.58429
G1 X105.683 Y74.477 E4063.59021
G1 X105.8 Y74.759 E4063.60036
G1 X105.8 Y75.6 E4063.62833
G1 X108 Y75.6 E4063.7015
G1 X108 Y74.399 E4063.74145
G1 X110 Y74.399 E4063.80797
G1 X110 Y75.6 E4063.84792
G1 X112 Y75.6 E4063.91444
G1 X112 Y74.399 E4063.95438
G1 X114 Y74.399 E4064.0209
G1 X114 Y75.6 E4064.06085
G1 X116 Y75.6 E4064.12737
G1 X116 Y74.399 E4064.16731
G1 X118 Y74.399 E4064.23383
G1 X118 Y75.953 E4064.28552
G1 F1500 E4054.28552
G0 F4800 X118 Y149.626
G1 F1500 E4064.28552
G1 F1800 X118 Y148.4 E4064.3263
G1 X116 Y148.4 E4064.39282
G1 X116 Y149.601 E4064.43276
G1 X114 Y149.601 E4064.49928
G1 X114 Y148.4 E4064.53923
G1 X112 Y148.4 E4064.60575
G1 X112 Y149.601 E4064.64569
G1 X110 Y149.601 E4064.71221
G1 X110 Y148.4 E4064.75216
G1 X108 Y148.4 E4064.81868
G1 X108 Y149.601 E4064.85862
G1 X106.141 Y149.601 E4064.92046
G1 X105.794 Y149.659 E4064.93216
G1 X105.684 Y149.522 E4064.938
G1 X105.8 Y149.241 E4064.94811
G1 X105.8 Y147.954 E4064.99092
G1 X106 Y148.025 E4064.99798
G1 X106 Y149.625 E4065.05119
G1 F1500 E4055.05119
;MESH:I2C_LED_BTN-Body.stl
G0 F4800 X104.572 Y149.023
G0 X104.347 Y149
;TYPE:WALL-INNER
G1 F1500 E4065.05119
G1 F2400 X104.4 Y148.6 E4065.06461
G1 X96.351 Y148.6 E4065.335
G1 X88.302 Y148.6 E4065.61007
G1 X87.905 Y148.252 E4065.62869
G1 X87.904 Y136.177 E4066.06243
G1 X87.903 Y124.102 E4066.49317
G1 X87.902 Y112.027 E4066.92189
G1 X87.902 Y99.952 E4067.3476
G1 X87.901 Y87.877 E4067.77131
G1 X87.9 Y75.802 E4068.192
G1 X88.245 Y75.405 E4068.21041
G1 X96.323 Y75.402 E4068.49118
G1 X104.401 Y75.4 E4068.76388
G1 X104.349 Y75 E4068.7773
G1 X96.181 Y75.002 E4069.05304
G1 X88.013 Y75.003 E4069.33694
G1 X87.5 Y75.632 E4069.36535
G1 X87.501 Y87.774 E4069.78838
G1 X87.501 Y99.916 E4070.21443
G1 X87.502 Y112.058 E4070.64251
G1 X87.502 Y124.2 E4071.07361
G1 X87.503 Y136.342 E4071.50674
G1 X87.503 Y148.484 E4071.94289
G1 X88.131 Y149 E4071.97155
G1 X96.239 Y149 E4072.24863
G1 X104.347 Y149 E4072.521
G0 F4800 X104.513 Y149.4
;TYPE:WALL-OUTER
G1 F2400 X104.8 Y149.113 E4072.5345
G1 X104.8 Y148.2 E4072.56487
G1 X88.399 Y148.2 E4073.11037
G1 X88.302 Y148.035 E4073.11674
G1 X88.3 Y75.901 E4075.51592
G1 X88.465 Y75.802 E4075.52232
G1 X104.8 Y75.8 E4076.06563
G1 X104.8 Y74.884 E4076.09609
G1 X104.513 Y74.6 E4076.10952
G1 X87.793 Y74.6 E4076.66563
G1 X87.101 Y75.467 E4076.70253
G1 X87.1 Y148.704 E4079.1384
G1 X87.967 Y149.4 E4079.17538
G1 X104.513 Y149.4 E4079.7257
G0 F4800 X104.654 Y149.259
G1 F1500 E4069.7257
G0 F4800 X104.438 Y149.042
G0 X105.665 Y149
G0 X118.335 Y149
G0 X119.651 Y149
;TYPE:WALL-INNER
G1 F1500 E4079.7257
G1 F2400 X127.76 Y148.998 E4079.9981
G1 X135.869 Y148.997 E4080.27523
G1 X136.497 Y148.482 E4080.30386
G1 X136.498 Y136.34 E4080.74001
G1 X136.498 Y124.198 E4081.17314
G1 X136.499 Y112.056 E4081.60424
G1 X136.499 Y99.914 E4082.03232
G1 X136.5 Y87.772 E4082.45837
G1 X136.5 Y75.63 E4082.8814
G1 X136 Y75.024 E4082.90975
G1 X135.5 Y75 E4082.9274
G1 X119.649 Y75 E4083.45461
G1 X119.6 Y75.4 E4083.46801
G1 X127.674 Y75.4 E4083.74058
G1 X135.748 Y75.4 E4084.02121
G1 X136.1 Y75.801 E4084.03988
G1 X136.099 Y87.877 E4084.46061
G1 X136.098 Y99.953 E4084.88435
G1 X136.097 Y112.029 E4085.3101
G1 X136.097 Y124.105 E4085.73886
G1 X136.096 Y136.181 E4086.16963
G1 X136.095 Y148.257 E4086.60341
G1 X135.692 Y148.595 E4086.62196
G1 X127.646 Y148.598 E4086.89693
G1 X119.6 Y148.6 E4087.16721
G1 X119.651 Y149 E4087.18062
G0 F4800 X119.484 Y149.4
;TYPE:WALL-OUTER
G1 F2400 X136.029 Y149.4 E4087.73091
G1 X136.9 Y148.703 E4087.76802
G1 X136.9 Y75.467 E4090.20386
G1 X136.204 Y74.6 E4090.24084
G1 X119.483 Y74.6 E4090.79698
G1 X119.2 Y74.883 E4090.81029
G1 X119.2 Y75.8 E4090.84079
G1 X135.573 Y75.8 E4091.38536
G1 X135.7 Y75.939 E4091.39162
G1 X135.698 Y148.035 E4093.78954
G1 X135.535 Y148.198 E4093.79721
G1 X119.2 Y148.2 E4094.34051
G1 X119.2 Y149.113 E4094.37088
G1 X119.484 Y149.4 E4094.38431
G0 F4800 X119.684 Y149.4
G1 F1500 E4084.38431
;MESH:NONMESH
G0 F1800 X119.684 Y149.4 Z13.2
G0 F4800 X119.684 Y149.09
G0 X119.424 Y148.424
G0 X119.424 Y147.335
G0 X106 Y75.6
;TIME_ELAPSED:4217.113833
;LAYER:65
;TYPE:SUPPORT
G1 F1500 E4094.38431
G1 F1800 X106 Y74.374 E4094.42509
G1 X105.794 Y74.338 E4094.43204
G1 X105.683 Y74.477 E4094.43796
G1 X105.8 Y74.759 E4094.44811
G1 X105.8 Y75.6 E4094.47608
G1 X108 Y75.6 E4094.54926
G1 X108 Y74.399 E4094.5892
G1 X110 Y74.399 E4094.65572
G1 X110 Y75.6 E4094.69567
G1 X112 Y75.6 E4094.76219
G1 X112 Y74.399 E4094.80213
G1 X114 Y74.399 E4094.86865
G1 X114 Y75.6 E4094.9086
G1 X116 Y75.6 E4094.97512
G1 X116 Y74.399 E4095.01506
G1 X118 Y74.399 E4095.08158
G1 X118 Y75.953 E4095.13327
G1 F1500 E4085.13327
G0 F4800 X118 Y149.626
G1 F1500 E4095.13327
G1 F1800 X118 Y148.4 E4095.17405
G1 X116 Y148.4 E4095.24057
G1 X116 Y149.601 E4095.28051
G1 X114 Y149.601 E4095.34703
G1 X114 Y148.4 E4095.38698
G1 X112 Y148.4 E4095.4535
G1 X112 Y149.601 E4095.49345
G1 X110 Y149.601 E4095.55997
G1 X110 Y148.4 E4095.59991
G1 X108 Y148.4 E4095.66643
G1 X108 Y149.601 E4095.70638
G1 X106.141 Y149.601 E4095.76821
G1 X105.794 Y149.659 E4095.77991
G1 X105.684 Y149.522 E4095.78575
G1 X105.8 Y149.241 E4095.79586
G1 X105.8 Y147.954 E4095.83867
G1 X106 Y148.026 E4095.84574
G1 X106 Y149.625 E4095.89892
G1 F1500 E4085.89892
;MESH:I2C_LED_BTN-Body.stl
G0 F4800 X104.572 Y149.023
G0 X104.347 Y149
;TYPE:WALL-INNER
G1 F1500 E4095.89892
G1 F2400 X104.4 Y148.6 E4095.91234
G1 X96.351 Y148.6 E4096.18273
G1 X88.302 Y148.6 E4096.4578
G1 X87.905 Y148.252 E4096.47642
G1 X87.904 Y136.177 E4096.91016
G1 X87.903 Y124.102 E4097.34089
G1 X87.902 Y112.027 E4097.76962
G1 X87.902 Y99.952 E4098.19533
G1 X87.901 Y87.877 E4098.61904
G1 X87.9 Y75.802 E4099.03973
G1 X88.245 Y75.405 E4099.05814
G1 X96.323 Y75.402 E4099.33891
G1 X104.401 Y75.4 E4099.61161
G1 X104.349 Y75 E4099.62503
G1 X96.181 Y75.002 E4099.90077
G1 X88.013 Y75.003 E4100.18467
G1 X87.5 Y75.632 E4100.21308
G1 X87.501 Y87.774 E4100.63611
G1 X87.501 Y99.916 E4101.06216
G1 X87.502 Y112.058 E4101.49024
G1 X87.502 Y124.2 E4101.92134
G1 X87.503 Y136.342 E4102.35447
G1 X87.503 Y148.484 E4102.79062
G1 X88.131 Y149 E4102.81928
G1 X96.239 Y149 E4103.09636
G1 X104.347 Y149 E4103.36873
G0 F4800 X104.513 Y149.4
;TYPE:WALL-OUTER
G1 F2400 X104.8 Y149.113 E4103.38223
G1 X104.8 Y148.2 E4103.4126
G1 X88.399 Y148.2 E4103.9581
G1 X88.302 Y148.035 E4103.96447
G1 X88.3 Y75.901 E4106.36365
G1 X88.465 Y75.802 E4106.37005
G1 X104.8 Y75.8 E4106.91336
G1 X104.8 Y74.884 E4106.94382
G1 X104.513 Y74.6 E4106.95725
G1 X87.793 Y74.6 E4107.51336
G1 X87.101 Y75.467 E4107.55026
G1 X87.1 Y148.704 E4109.98613
G1 X87.967 Y149.4 E4110.02311
G1 X104.513 Y149.4 E4110.57343
G0 F4800 X104.654 Y149.259
G1 F1500 E4100.57343
G0 F4800 X104.438 Y149.042
G0 X105.665 Y149
G0 X118.335 Y149
G0 X119.651 Y149
;TYPE:WALL-INNER
G1 F1500 E4110.57343
G1 F2400 X127.76 Y148.998 E4110.84583
G1 X135.869 Y148.997 E4111.12296
G1 X136.497 Y148.482 E4111.15159
G1 X136.498 Y136.34 E4111.58774
G1 X136.498 Y124.198 E4112.02087
G1 X136.499 Y112.056 E4112.45197
G1 X136.499 Y99.914 E4112.88005
G1 X136.5 Y87.772 E4113.3061
G1 X136.5 Y75.63 E4113.72913
G1 X136 Y75.024 E4113.75748
G1 X135.5 Y75 E4113.77513
G1 X119.649 Y75 E4114.30233
G1 X119.6 Y75.4 E4114.31574
G1 X127.674 Y75.4 E4114.58831
G1 X135.748 Y75.4 E4114.86894
G1 X136.1 Y75.801 E4114.88761
G1 X136.099 Y87.877 E4115.30834
G1 X136.098 Y99.953 E4115.73208
G1 X136.097 Y112.029 E4116.15783
G1 X136.097 Y124.105 E4116.58659
G1 X136.096 Y136.181 E4117.01736
G1 X136.095 Y148.257 E4117.45114
G1 X135.692 Y148.595 E4117.46969
G1 X127.646 Y148.598 E4117.74466
G1 X119.6 Y148.6 E4118.01494
G1 X119.651 Y149 E4118.02835
G0 F4800 X119.484 Y149.4
;TYPE:WALL-OUTER
G1 F2400 X136.029 Y149.4 E4118.57864
G1 X136.9 Y148.703 E4118.61575
G1 X136.9 Y75.467 E4121.05159
G1 X136.204 Y74.6 E4121.08856
G1 X119.483 Y74.6 E4121.64471
G1 X119.2 Y74.883 E4121.65802
G1 X119.2 Y75.8 E4121.68852
G1 X135.573 Y75.8 E4122.23309
G1 X135.7 Y75.939 E4122.23935
G1 X135.698 Y148.035 E4124.63727
G1 X135.535 Y148.198 E4124.64494
G1 X119.2 Y148.2 E4125.18824
G1 X119.2 Y149.113 E4125.21861
G1 X119.484 Y149.4 E4125.23204
G0 F4800 X119.684 Y149.4
G1 F1500 E4115.23204
;MESH:NONMESH
G0 F1800 X119.684 Y149.4 Z13.4
G0 F4800 X119.684 Y149.09
G0 X119.424 Y148.424
G0 X119.424 Y147.335
G0 X106 Y75.6
;TIME_ELAPSED:4245.814090
;LAYER:66
;TYPE:SUPPORT
G1 F1500 E4125.23204
G1 F1800 X106 Y74.374 E4125.27282
G1 X105.794 Y74.338 E4125.27977
G1 X105.683 Y74.477 E4125.28569
G1 X105.8 Y74.759 E4125.29584
G1 X105.8 Y75.6 E4125.32381
G1 X108 Y75.6 E4125.39699
G1 X108 Y74.399 E4125.43693
G1 X110 Y74.399 E4125.50345
G1 X110 Y75.6 E4125.5434
G1 X112 Y75.6 E4125.60992
G1 X112 Y74.399 E4125.64986
G1 X114 Y74.399 E4125.71638
G1 X114 Y75.6 E4125.75633
G1 X116 Y75.6 E4125.82285
G1 X116 Y74.399 E4125.86279
G1 X118 Y74.399 E4125.92931
G1 X118 Y75.951 E4125.98093
G1 F1500 E4115.98093
G0 F4800 X118 Y149.626
G1 F1500 E4125.98093
G1 F1800 X118 Y148.4 E4126.02171
G1 X116 Y148.4 E4126.08823
G1 X116 Y149.601 E4126.12818
G1 X114 Y149.601 E4126.1947
G1 X114 Y148.4 E4126.23464
G1 X112 Y148.4 E4126.30116
G1 X112 Y149.601 E4126.34111
G1 X110 Y149.601 E4126.40763
G1 X110 Y148.4 E4126.44757
G1 X108 Y148.4 E4126.51409
G1 X108 Y149.601 E4126.55404
G1 X106.141 Y149.601 E4126.61587
G1 X105.794 Y149.659 E4126.62757
G1 X105.684 Y149.522 E4126.63342
G1 X105.8 Y149.241 E4126.64353
G1 X105.8 Y147.955 E4126.6863
G1 X106 Y148.026 E4126.69336
G1 X106 Y149.625 E4126.74654
G1 F1500 E4116.74654
;MESH:I2C_LED_BTN-Body.stl
G0 F4800 X104.572 Y149.023
G0 X104.347 Y149
;TYPE:WALL-INNER
G1 F1500 E4126.74654
G1 F2400 X104.4 Y148.6 E4126.75996
G1 X96.351 Y148.6 E4127.03035
G1 X88.302 Y148.6 E4127.30542
G1 X87.905 Y148.252 E4127.32403
G1 X87.904 Y136.177 E4127.75778
G1 X87.903 Y124.102 E4128.18851
G1 X87.902 Y112.027 E4128.61724
G1 X87.902 Y99.952 E4129.04295
G1 X87.901 Y87.877 E4129.46666
G1 X87.9 Y75.802 E4129.88735
G1 X88.245 Y75.405 E4129.90576
G1 X96.323 Y75.402 E4130.18653
G1 X104.401 Y75.4 E4130.45923
G1 X104.349 Y75 E4130.47265
G1 X96.181 Y75.002 E4130.74839
G1 X88.013 Y75.003 E4131.03229
G1 X87.5 Y75.632 E4131.0607
G1 X87.501 Y87.774 E4131.48373
G1 X87.501 Y99.916 E4131.90978
G1 X87.502 Y112.058 E4132.33786
G1 X87.502 Y124.2 E4132.76896
G1 X87.503 Y136.342 E4133.20209
G1 X87.503 Y148.484 E4133.63824
G1 X88.131 Y149 E4133.66689
G1 X96.239 Y149 E4133.94398
G1 X104.347 Y149 E4134.21635
G0 F4800 X104.513 Y149.4
;TYPE:WALL-OUTER
G1 F2400 X104.8 Y149.113 E4134.22985
G1 X104.8 Y148.2 E4134.26022
G1 X88.399 Y148.2 E4134.80572
G1 X88.302 Y148.035 E4134.81208
G1 X88.3 Y75.901 E4137.21127
G1 X88.465 Y75.802 E4137.21767
G1 X104.8 Y75.8 E4137.76098
G1 X104.8 Y74.884 E4137.79144
G1 X104.513 Y74.6 E4137.80487
G1 X87.793 Y74.6 E4138.36098
G1 X87.101 Y75.467 E4138.39788
G1 X87.1 Y148.704 E4140.83375
G1 X87.967 Y149.4 E4140.87073
G1 X104.513 Y149.4 E4141.42105
G0 F4800 X104.654 Y149.259
G1 F1500 E4131.42105
G0 F4800 X104.438 Y149.042
G0 X105.665 Y149
G0 X118.335 Y149
G0 X119.651 Y149
;TYPE:WALL-INNER
G1 F1500 E4141.42105
G1 F2400 X127.76 Y148.998 E4141.69345
G1 X135.869 Y148.997 E4141.97058
G1 X136.497 Y148.482 E4141.99921
G1 X136.498 Y136.34 E4142.43536
G1 X136.498 Y124.198 E4142.86848
G1 X136.499 Y112.056 E4143.29959
G1 X136.499 Y99.914 E4143.72766
G1 X136.5 Y87.772 E4144.15372
G1 X136.5 Y75.63 E4144.57675
G1 X136 Y75.024 E4144.6051
G1 X135.5 Y75 E4144.62275
G1 X119.649 Y75 E4145.14995
G1 X119.6 Y75.4 E4145.16336
G1 X127.674 Y75.4 E4145.43593
G1 X135.748 Y75.4 E4145.71655
G1 X136.1 Y75.801 E4145.73523
G1 X136.099 Y87.877 E4146.15596
G1 X136.098 Y99.953 E4146.5797
G1 X136.097 Y112.029 E4147.00545
G1 X136.097 Y124.105 E4147.43421
G1 X136.096 Y136.181 E4147.86498
G1 X136.095 Y148.257 E4148.29876
G1 X135.692 Y148.595 E4148.3173
G1 X127.646 Y148.598 E4148.59227
G1 X119.6 Y148.6 E4148.86256
G1 X119.651 Y149 E4148.87597
G0 F4800 X119.484 Y149.4
;TYPE:WALL-OUTER
G1 F2400 X136.029 Y149.4 E4149.42626
G1 X136.9 Y148.703 E4149.46337
G1 X136.9 Y75.467 E4151.8992
G1 X136.204 Y74.6 E4151.93618
G1 X119.483 Y74.6 E4152.49233
G1 X119.2 Y74.883 E4152.50564
G1 X119.2 Y75.8 E4152.53614
G1 X135.573 Y75.8 E4153.08071
G1 X135.7 Y75.939 E4153.08697
G1 X135.698 Y148.035 E4155.48489
G1 X135.535 Y148.198 E4155.49256
G1 X119.2 Y148.2 E4156.03586
G1 X119.2 Y149.113 E4156.06623
G1 X119.484 Y149.4 E4156.07966
G0 F4800 X119.684 Y149.4
G1 F1500 E4146.07966
;MESH:NONMESH
G0 F1800 X119.684 Y149.4 Z13.6
G0 F4800 X119.684 Y149.09
G0 X119.424 Y148.424
G0 X119.424 Y147.335
G0 X106 Y75.6
;TIME_ELAPSED:4274.514267
;LAYER:67
;TYPE:SUPPORT
G1 F1500 E4156.07966
G92 E0
G1 F1800 X106 Y74.374 E0.04078
G1 X105.794 Y74.338 E0.04773
G1 X105.683 Y74.477 E0.05365
G1 X105.8 Y74.759 E0.0638
G1 X105.8 Y75.6 E0.09178
G1 X108 Y75.6 E0.16495
G1 X108 Y74.399 E0.20489
G1 X110 Y74.399 E0.27141
G1 X110 Y75.6 E0.31136
G1 X112 Y75.6 E0.37788
G1 X112 Y74.399 E0.41782
G1 X114 Y74.399 E0.48434
G1 X114 Y75.6 E0.52429
G1 X116 Y75.6 E0.59081
G1 X116 Y74.399 E0.63076
G1 X118 Y74.399 E0.69728
G1 X118 Y75.952 E0.74893
G1 F1500 E-9.25107
G0 F4800 X118 Y149.626
G1 F1500 E0.74893
G1 F1800 X118 Y148.4 E0.78971
G1 X116 Y148.4 E0.85623
G1 X116 Y149.601 E0.89617
G1 X114 Y149.601 E0.96269
G1 X114 Y148.4 E1.00264
G1 X112 Y148.4 E1.06916
G1 X112 Y149.601 E1.1091
G1 X110 Y149.601 E1.17562
G1 X110 Y148.4 E1.21557
G1 X108 Y148.4 E1.28209
G1 X108 Y149.601 E1.32203
G1 X106.141 Y149.601 E1.38386
G1 X105.794 Y149.659 E1.39557
G1 X105.684 Y149.522 E1.40141
G1 X105.8 Y149.241 E1.41152
G1 X105.8 Y147.957 E1.45423
G1 X106 Y148.028 E1.46129
G1 X106 Y149.625 E1.5144
G1 F1500 E-8.4856
;MESH:I2C_LED_BTN-Body.stl
G0 F4800 X104.572 Y149.023
G0 X104.347 Y149
;TYPE:WALL-INNER
G1 F1500 E1.5144
G1 F2400 X104.4 Y148.6 E1.52782
G1 X96.351 Y148.6 E1.79821
G1 X88.302 Y148.6 E2.07328
G1 X87.905 Y148.252 E2.0919
G1 X87.904 Y136.177 E2.52564
G1 X87.903 Y124.102 E2.95637
G1 X87.902 Y112.027 E3.3851
G1 X87.902 Y99.952 E3.81081
G1 X87.901 Y87.877 E4.23452
G1 X87.9 Y75.802 E4.65521
G1 X88.245 Y75.405 E4.67362
G1 X96.323 Y75.402 E4.95439
G1 X104.401 Y75.4 E5.22709
G1 X104.349 Y75 E5.24051
G1 X96.181 Y75.002 E5.51625
G1 X88.013 Y75.003 E5.80015
G1 X87.5 Y75.632 E5.82856
G1 X87.501 Y87.774 E6.25159
G1 X87.501 Y99.916 E6.67764
G1 X87.502 Y112.058 E7.10572
G1 X87.502 Y124.2 E7.53682
G1 X87.503 Y136.342 E7.96995
G1 X87.503 Y148.484 E8.4061
G1 X88.131 Y149 E8.43476
G1 X96.239 Y149 E8.71184
G1 X104.347 Y149 E8.98421
G0 F4800 X104.513 Y149.4
;TYPE:WALL-OUTER
G1 F2400 X104.8 Y149.113 E8.99771
G1 X104.8 Y148.2 E9.02808
G1 X88.399 Y148.2 E9.57358
G1 X88.302 Y148.035 E9.57995
G1 X88.3 Y75.901 E11.97913
G1 X88.465 Y75.802 E11.98553
G1 X104.8 Y75.8 E12.52884
G1 X104.8 Y74.884 E12.5593
G1 X104.513 Y74.6 E12.57273
G1 X87.793 Y74.6 E13.12884
G1 X87.101 Y75.467 E13.16574
G1 X87.1 Y148.704 E15.60161
G1 X87.967 Y149.4 E15.63859
G1 X104.513 Y149.4 E16.18891
G0 F4800 X104.654 Y149.259
G1 F1500 E6.18891
G0 F4800 X104.438 Y149.042
G0 X105.665 Y149
G0 X118.335 Y149
G0 X119.651 Y149
;TYPE:WALL-INNER
G1 F1500 E16.18891
G1 F2400 X127.76 Y148.998 E16.46131
G1 X135.869 Y148.997 E16.73844
G1 X136.497 Y148.482 E16.76707
G1 X136.498 Y136.34 E17.20322
G1 X136.498 Y124.198 E17.63635
G1 X136.499 Y112.056 E18.06745
G1 X136.499 Y99.914 E18.49553
G1 X136.5 Y87.772 E18.92158
G1 X136.5 Y75.63 E19.34461
G1 X136 Y75.024 E19.37296
G1 X135.5 Y75 E19.39061
G1 X119.649 Y75 E19.91782
G1 X119.6 Y75.4 E19.93122
G1 X127.674 Y75.4 E20.20379
G1 X135.748 Y75.4 E20.48442
G1 X136.1 Y75.801 E20.50309
G1 X136.099 Y87.877 E20.92382
G1 X136.098 Y99.953 E21.34756
G1 X136.097 Y112.029 E21.77331
G1 X136.097 Y124.105 E22.20207
G1 X136.096 Y136.181 E22.63284
G1 X136.095 Y148.257 E23.06662
G1 X135.692 Y148.595 E23.08517
G1 X127.646 Y148.598 E23.36014
G1 X119.6 Y148.6 E23.63042
G1 X119.651 Y149 E23.64383
G0 F4800 X119.484 Y149.4
;TYPE:WALL-OUTER
G1 F2400 X136.029 Y149.4 E24.19412
G1 X136.9 Y148.703 E24.23123
G1 X136.9 Y75.467 E26.66707
G1 X136.204 Y74.6 E26.70404
G1 X119.483 Y74.6 E27.26019
G1 X119.2 Y74.883 E27.2735
G1 X119.2 Y75.8 E27.304
G1 X135.573 Y75.8 E27.84857
G1 X135.7 Y75.939 E27.85483
G1 X135.698 Y148.035 E30.25275
G1 X135.535 Y148.198 E30.26042
G1 X119.2 Y148.2 E30.80372
G1 X119.2 Y149.113 E30.83409
G1 X119.484 Y149.4 E30.84752
G0 F4800 X119.684 Y149.4
G1 F1500 E20.84752
;MESH:NONMESH
G0 F1800 X119.684 Y149.4 Z13.8
G0 F4800 X119.684 Y149.09
G0 X119.424 Y148.424
G0 X119.424 Y147.335
G0 X106 Y75.6
;TIME_ELAPSED:4303.218356
;LAYER:68
;TYPE:SUPPORT
G1 F1500 E30.84752
G1 F1800 X106 Y74.374 E30.8883
G1 X105.794 Y74.338 E30.89525
G1 X105.683 Y74.477 E30.90117
G1 X105.8 Y74.759 E30.91132
G1 X105.8 Y75.6 E30.93929
G1 X108 Y75.6 E31.01247
G1 X108 Y74.399 E31.05241
G1 X110 Y74.399 E31.11893
G1 X110 Y75.6 E31.15888
G1 X112 Y75.6 E31.2254
G1 X112 Y74.399 E31.26534
G1 X114 Y74.399 E31.33186
G1 X114 Y75.6 E31.37181
G1 X116 Y75.6 E31.43833
G1 X116 Y74.399 E31.47827
G1 X118 Y74.399 E31.54479
G1 X118 Y75.951 E31.59641
G1 F1500 E21.59641
G0 F4800 X118 Y149.626
G1 F1500 E31.59641
G1 F1800 X118 Y148.4 E31.63719
G1 X116 Y148.4 E31.70371
G1 X116 Y149.601 E31.74366
G1 X114 Y149.601 E31.81018
G1 X114 Y148.4 E31.85012
G1 X112 Y148.4 E31.91664
G1 X112 Y149.601 E31.95659
G1 X110 Y149.601 E32.02311
G1 X110 Y148.4 E32.06305
G1 X108 Y148.4 E32.12957
G1 X108 Y149.601 E32.16952
G1 X106.141 Y149.601 E32.23135
G1 X105.794 Y149.659 E32.24305
G1 X105.684 Y149.522 E32.2489
G1 X105.8 Y149.241 E32.25901
G1 X105.8 Y147.957 E32.30171
G1 X106 Y148.028 E32.30877
G1 X106 Y149.625 E32.36189
G1 F1500 E22.36189
;MESH:I2C_LED_BTN-Body.stl
G0 F4800 X104.572 Y149.023
G0 X104.347 Y149
;TYPE:WALL-INNER
G1 F1500 E32.36189
G1 F2400 X104.4 Y148.6 E32.37531
G1 X96.351 Y148.6 E32.6457
G1 X88.302 Y148.6 E32.92077
G1 X87.905 Y148.252 E32.93938
G1 X87.904 Y136.177 E33.37313
G1 X87.903 Y124.102 E33.80386
G1 X87.902 Y112.027 E34.23259
G1 X87.902 Y99.952 E34.6583
G1 X87.901 Y87.877 E35.082
G1 X87.9 Y75.802 E35.5027
G1 X88.245 Y75.405 E35.52111
G1 X96.323 Y75.402 E35.80187
G1 X104.401 Y75.4 E36.07458
G1 X104.349 Y75 E36.088
G1 X96.181 Y75.002 E36.36374
G1 X88.013 Y75.003 E36.64763
G1 X87.5 Y75.632 E36.67605
G1 X87.501 Y87.774 E37.09907
G1 X87.501 Y99.916 E37.52513
G1 X87.502 Y112.058 E37.95321
G1 X87.502 Y124.2 E38.38431
G1 X87.503 Y136.342 E38.81743
G1 X87.503 Y148.484 E39.25358
G1 X88.131 Y149 E39.28224
G1 X96.239 Y149 E39.55933
G1 X104.347 Y149 E39.8317
G0 F4800 X104.513 Y149.4
;TYPE:WALL-OUTER
G1 F2400 X104.8 Y149.113 E39.8452
G1 X104.8 Y148.2 E39.87557
G1 X88.399 Y148.2 E40.42107
G1 X88.302 Y148.035 E40.42743
G1 X88.3 Y75.901 E42.82662
G1 X88.465 Y75.802 E42.83302
G1 X104.8 Y75.8 E43.37632
G1 X104.8 Y74.884 E43.40679
G1 X104.513 Y74.6 E43.42022
G1 X87.793 Y74.6 E43.97633
G1 X87.101 Y75.467 E44.01322
G1 X87.1 Y148.704 E46.4491
G1 X87.967 Y149.4 E46.48607
G1 X104.513 Y149.4 E47.0364
G0 F4800 X104.654 Y149.259
G1 F1500 E37.0364
G0 F4800 X104.438 Y149.042
G0 X105.665 Y149
G0 X118.335 Y149
G0 X119.651 Y149
;TYPE:WALL-INNER
G1 F1500 E47.0364
G1 F2400 X127.76 Y148.998 E47.3088
G1 X135.869 Y148.997 E47.58592
G1 X136.497 Y148.482 E47.61456
G1 X136.498 Y136.34 E48.05071
G1 X136.498 Y124.198 E48.48383
G1 X136.499 Y112.056 E48.91494
G1 X136.499 Y99.914 E49.34301
G1 X136.5 Y87.772 E49.76907
G1 X136.5 Y75.63 E50.19209
G1 X136 Y75.024 E50.22045
G1 X135.5 Y75 E50.23809
G1 X119.649 Y75 E50.7653
G1 X119.6 Y75.4 E50.7787
G1 X127.674 Y75.4 E51.05127
G1 X135.748 Y75.4 E51.3319
G1 X136.1 Y75.801 E51.35058
G1 X136.099 Y87.877 E51.77131
G1 X136.098 Y99.953 E52.19505
G1 X136.097 Y112.029 E52.6208
G1 X136.097 Y124.105 E53.04956
G1 X136.096 Y136.181 E53.48033
G1 X136.095 Y148.257 E53.91411
G1 X135.692 Y148.595 E53.93265
G1 X127.646 Y148.598 E54.20762
G1 X119.6 Y148.6 E54.47791
G1 X119.651 Y149 E54.49132
G0 F4800 X119.484 Y149.4
;TYPE:WALL-OUTER
G1 F2400 X136.029 Y149.4 E55.04161
G1 X136.9 Y148.703 E55.07871
G1 X136.9 Y75.467 E57.51455
G1 X136.204 Y74.6 E57.55153
G1 X119.483 Y74.6 E58.10767
G1 X119.2 Y74.883 E58.12098
G1 X119.2 Y75.8 E58.15148
G1 X135.573 Y75.8 E58.69605
G1 X135.7 Y75.939 E58.70231
G1 X135.698 Y148.035 E61.10024
G1 X135.535 Y148.198 E61.1079
G1 X119.2 Y148.2 E61.65121
G1 X119.2 Y149.113 E61.68158
G1 X119.484 Y149.4 E61.695
G0 F4800 X119.684 Y149.4
G1 F1500 E51.695
;MESH:NONMESH
G0 F1800 X119.684 Y149.4 Z14
G0 F4800 X119.684 Y149.09
G0 X119.424 Y148.424
G0 X119.424 Y147.335
G0 X106 Y75.6
;TIME_ELAPSED:4331.918400
;LAYER:69
;TYPE:SUPPORT
G1 F1500 E61.695
G1 F1800 X106 Y74.374 E61.73578
G1 X105.794 Y74.338 E61.74274
G1 X105.683 Y74.477 E61.74865
G1 X105.8 Y74.759 E61.75881
G1 X105.8 Y75.6 E61.78678
G1 X108 Y75.6 E61.85995
G1 X108 Y74.399 E61.8999
G1 X110 Y74.399 E61.96642
G1 X110 Y75.6 E62.00636
G1 X112 Y75.6 E62.07288
G1 X112 Y74.399 E62.11283
G1 X114 Y74.399 E62.17935
G1 X114 Y75.6 E62.21929
G1 X116 Y75.6 E62.28581
G1 X116 Y74.399 E62.32576
G1 X118 Y74.399 E62.39228
G1 X118 Y75.95 E62.44387
G1 F1500 E52.44387
G0 F4800 X118 Y149.626
G1 F1500 E62.44387
G1 F1800 X118 Y148.4 E62.48464
G1 X116 Y148.4 E62.55116
G1 X116 Y149.601 E62.59111
G1 X114 Y149.601 E62.65763
G1 X114 Y148.4 E62.69757
G1 X112 Y148.4 E62.7641
G1 X112 Y149.601 E62.80404
G1 X110 Y149.601 E62.87056
G1 X110 Y148.4 E62.91051
G1 X108 Y148.4 E62.97703
G1 X108 Y149.601 E63.01697
G1 X106.141 Y149.601 E63.0788
G1 X105.794 Y149.659 E63.0905
G1 X105.684 Y149.522 E63.09635
G1 X105.8 Y149.241 E63.10646
G1 X105.8 Y147.958 E63.14913
G1 X106 Y148.029 E63.15619
G1 X106 Y149.625 E63.20927
G1 F1500 E53.20927
;MESH:I2C_LED_BTN-Body.stl
G0 F4800 X104.572 Y149.023
G0 X104.347 Y149
;TYPE:WALL-INNER
G1 F1500 E63.20927
G1 F2400 X104.4 Y148.6 E63.22269
G1 X96.351 Y148.6 E63.49308
G1 X88.302 Y148.6 E63.76815
G1 X87.905 Y148.252 E63.78677
G1 X87.904 Y136.177 E64.22051
G1 X87.903 Y124.102 E64.65125
G1 X87.902 Y112.027 E65.07997
G1 X87.902 Y99.952 E65.50568
G1 X87.901 Y87.877 E65.92939
G1 X87.9 Y75.802 E66.35008
G1 X88.245 Y75.405 E66.36849
G1 X96.323 Y75.402 E66.64926
G1 X104.401 Y75.4 E66.92197
G1 X104.349 Y75 E66.93538
G1 X96.181 Y75.002 E67.21113
G1 X88.013 Y75.003 E67.49502
G1 X87.5 Y75.632 E67.52343
G1 X87.501 Y87.774 E67.94646
G1 X87.501 Y99.916 E68.37252
G1 X87.502 Y112.058 E68.80059
G1 X87.502 Y124.2 E69.2317
G1 X87.503 Y136.342 E69.66482
G1 X87.503 Y148.484 E70.10097
G1 X88.131 Y149 E70.12963
G1 X96.239 Y149 E70.40672
G1 X104.347 Y149 E70.67909
G0 F4800 X104.513 Y149.4
;TYPE:WALL-OUTER
G1 F2400 X104.8 Y149.113 E70.69259
G1 X104.8 Y148.2 E70.72295
G1 X88.399 Y148.2 E71.26845
G1 X88.302 Y148.035 E71.27482
G1 X88.3 Y75.901 E73.674
G1 X88.465 Y75.802 E73.6804
G1 X104.8 Y75.8 E74.22371
G1 X104.8 Y74.884 E74.25417
G1 X104.513 Y74.6 E74.2676
G1 X87.793 Y74.6 E74.82371
G1 X87.101 Y75.467 E74.86061
G1 X87.1 Y148.704 E77.29648
G1 X87.967 Y149.4 E77.33346
G1 X104.513 Y149.4 E77.88378
G0 F4800 X104.654 Y149.259
G1 F1500 E67.88378
G0 F4800 X104.438 Y149.042
G0 X105.665 Y149
G0 X118.335 Y149
G0 X119.651 Y149
;TYPE:WALL-INNER
G1 F1500 E77.88378
G1 F2400 X127.76 Y148.998 E78.15619
G1 X135.869 Y148.997 E78.43331
G1 X136.497 Y148.482 E78.46194
G1 X136.498 Y136.34 E78.89809
G1 X136.498 Y124.198 E79.33122
G1 X136.499 Y112.056 E79.76232
G1 X136.499 Y99.914 E80.1904
G1 X136.5 Y87.772 E80.61645
G1 X136.5 Y75.63 E81.03948
G1 X136 Y75.024 E81.06783
G1 X135.5 Y75 E81.08548
G1 X119.649 Y75 E81.61269
G1 X119.6 Y75.4 E81.62609
G1 X127.674 Y75.4 E81.89866
G1 X135.748 Y75.4 E82.17929
G1 X136.1 Y75.801 E82.19797
G1 X136.099 Y87.877 E82.61869
G1 X136.098 Y99.953 E83.04243
G1 X136.097 Y112.029 E83.46818
G1 X136.097 Y124.105 E83.89694
G1 X136.096 Y136.181 E84.32771
G1 X136.095 Y148.257 E84.76149
G1 X135.692 Y148.595 E84.78004
G1 X127.646 Y148.598 E85.05501
G1 X119.6 Y148.6 E85.32529
G1 X119.651 Y149 E85.33871
G0 F4800 X119.484 Y149.4
;TYPE:WALL-OUTER
G1 F2400 X136.029 Y149.4 E85.88899
G1 X136.9 Y148.703 E85.9261
G1 X136.9 Y75.467 E88.36194
G1 X136.204 Y74.6 E88.39892
G1 X119.483 Y74.6 E88.95506
G1 X119.2 Y74.883 E88.96837
G1 X119.2 Y75.8 E88.99887
G1 X135.573 Y75.8 E89.54344
G1 X135.7 Y75.939 E89.5497
G1 X135.698 Y148.035 E91.94762
G1 X135.535 Y148.198 E91.95529
G1 X119.2 Y148.2 E92.49859
G1 X119.2 Y149.113 E92.52896
G1 X119.484 Y149.4 E92.54239
G0 F4800 X119.684 Y149.4
G1 F1500 E82.54239
;MESH:NONMESH
G0 F1800 X119.684 Y149.4 Z14.2
G0 F4800 X119.684 Y149.09
G0 X119.424 Y148.424
G0 X119.424 Y147.335
G0 X106 Y75.6
;TIME_ELAPSED:4360.618356
;LAYER:70
;TYPE:SUPPORT
G1 F1500 E92.54239
G1 F1800 X106 Y74.374 E92.58317
G1 X105.794 Y74.338 E92.59012
G1 X105.683 Y74.477 E92.59604
G1 X105.8 Y74.759 E92.60619
G1 X105.8 Y75.6 E92.63417
G1 X108 Y75.6 E92.70734
G1 X108 Y74.399 E92.74728
G1 X110 Y74.399 E92.8138
G1 X110 Y75.6 E92.85375
G1 X112 Y75.6 E92.92027
G1 X112 Y74.399 E92.96021
G1 X114 Y74.399 E93.02673
G1 X114 Y75.6 E93.06668
G1 X116 Y75.6 E93.1332
G1 X116 Y74.399 E93.17315
G1 X118 Y74.399 E93.23967
G1 X118 Y75.949 E93.29122
G1 F1500 E83.29122
G0 F4800 X118 Y149.626
G1 F1500 E93.29122
G1 F1800 X118 Y148.4 E93.332
G1 X116 Y148.4 E93.39852
G1 X116 Y149.601 E93.43846
G1 X114 Y149.601 E93.50498
G1 X114 Y148.4 E93.54493
G1 X112 Y148.4 E93.61145
G1 X112 Y149.601 E93.65139
G1 X110 Y149.601 E93.71791
G1 X110 Y148.4 E93.75786
G1 X108 Y148.4 E93.82438
G1 X108 Y149.601 E93.86432
G1 X106.141 Y149.601 E93.92616
G1 X105.794 Y149.659 E93.93786
G1 X105.684 Y149.522 E93.9437
G1 X105.8 Y149.241 E93.95381
G1 X105.8 Y147.959 E93.99645
G1 X106 Y148.03 E94.00351
G1 X106 Y149.625 E94.05656
G1 F1500 E84.05656
;MESH:I2C_LED_BTN-Body.stl
G0 F4800 X104.572 Y149.023
G0 X104.347 Y149
;TYPE:WALL-INNER
G1 F1500 E94.05656
G1 F2400 X104.4 Y148.6 E94.06998
G1 X96.351 Y148.6 E94.34037
G1 X88.302 Y148.6 E94.61544
G1 X87.905 Y148.252 E94.63405
G1 X87.904 Y136.177 E95.0678
G1 X87.903 Y124.102 E95.49853
G1 X87.902 Y112.027 E95.92726
G1 X87.902 Y99.952 E96.35297
G1 X87.901 Y87.877 E96.77668
G1 X87.9 Y75.802 E97.19737
G1 X88.245 Y75.405 E97.21578
G1 X96.323 Y75.402 E97.49655
G1 X104.401 Y75.4 E97.76925
G1 X104.349 Y75 E97.78267
G1 X96.181 Y75.002 E98.05841
G1 X88.013 Y75.003 E98.34231
G1 X87.5 Y75.632 E98.37072
G1 X87.501 Y87.774 E98.79375
G1 X87.501 Y99.916 E99.2198
G1 X87.502 Y112.058 E99.64788
G1 X87.502 Y124.2 E100.07898
G1 X87.503 Y136.342 E100.5121
G1 X87.503 Y148.484 E100.94826
G1 X88.131 Y149 E100.97691
G1 X96.239 Y149 E101.254
G1 X104.347 Y149 E101.52637
G0 F4800 X104.513 Y149.4
;TYPE:WALL-OUTER
G1 F2400 X104.8 Y149.113 E101.53987
G1 X104.8 Y148.2 E101.57024
G1 X88.399 Y148.2 E102.11574
G1 X88.302 Y148.035 E102.1221
G1 X88.3 Y75.901 E104.52129
G1 X88.465 Y75.802 E104.52769
G1 X104.8 Y75.8 E105.07099
G1 X104.8 Y74.884 E105.10146
G1 X104.513 Y74.6 E105.11489
G1 X87.793 Y74.6 E105.671
G1 X87.101 Y75.467 E105.70789
G1 X87.1 Y148.704 E108.14377
G1 X87.967 Y149.4 E108.18075
G1 X104.513 Y149.4 E108.73107
G0 F4800 X104.654 Y149.259
G1 F1500 E98.73107
G0 F4800 X104.438 Y149.042
G0 X105.665 Y149
G0 X118.335 Y149
G0 X119.651 Y149
;TYPE:WALL-INNER
G1 F1500 E108.73107
G1 F2400 X127.76 Y148.998 E109.00347
G1 X135.869 Y148.997 E109.28059
G1 X136.497 Y148.482 E109.30923
G1 X136.498 Y136.34 E109.74538
G1 X136.498 Y124.198 E110.1785
G1 X136.499 Y112.056 E110.60961
G1 X136.499 Y99.914 E111.03768
G1 X136.5 Y87.772 E111.46374
G1 X136.5 Y75.63 E111.88677
G1 X136 Y75.024 E111.91512
G1 X135.5 Y75 E111.93277
G1 X119.649 Y75 E112.45997
G1 X119.6 Y75.4 E112.47338
G1 X127.674 Y75.4 E112.74595
G1 X135.748 Y75.4 E113.02657
G1 X136.1 Y75.801 E113.04525
G1 X136.099 Y87.877 E113.46598
G1 X136.098 Y99.953 E113.88972
G1 X136.097 Y112.029 E114.31547
G1 X136.097 Y124.105 E114.74423
G1 X136.096 Y136.181 E115.175
G1 X136.095 Y148.257 E115.60878
G1 X135.692 Y148.595 E115.62732
G1 X127.646 Y148.598 E115.90229
G1 X119.6 Y148.6 E116.17258
G1 X119.651 Y149 E116.18599
G0 F4800 X119.484 Y149.4
;TYPE:WALL-OUTER
G1 F2400 X136.029 Y149.4 E116.73628
G1 X136.9 Y148.703 E116.77338
G1 X136.9 Y75.467 E119.20922
G1 X136.204 Y74.6 E119.2462
G1 X119.483 Y74.6 E119.80234
G1 X119.2 Y74.883 E119.81566
G1 X119.2 Y75.8 E119.84616
G1 X135.5 Y75.8 E120.3883
G1 X135.7 Y75.895 E120.39566
G1 X135.698 Y148.035 E122.79505
G1 X135.535 Y148.198 E122.80271
G1 X119.2 Y148.2 E123.34602
G1 X119.2 Y149.113 E123.37638
G1 X119.484 Y149.4 E123.38981
G0 F4800 X119.684 Y149.4
G1 F1500 E113.38981
;MESH:NONMESH
G0 F1800 X119.684 Y149.4 Z14.4
G0 F4800 X119.684 Y149.09
G0 X119.424 Y148.424
G0 X119.424 Y147.335
G0 X106 Y75.6
;TIME_ELAPSED:4389.318784
;LAYER:71
;TYPE:SUPPORT
G1 F1500 E123.38981
G1 F1800 X106 Y74.374 E123.43059
G1 X105.794 Y74.338 E123.43755
G1 X105.683 Y74.477 E123.44346
G1 X105.8 Y74.759 E123.45362
G1 X105.8 Y75.6 E123.48159
G1 X108 Y75.6 E123.55476
G1 X108 Y74.399 E123.59471
G1 X110 Y74.399 E123.66123
G1 X110 Y75.6 E123.70117
G1 X112 Y75.6 E123.76769
G1 X112 Y74.399 E123.80764
G1 X114 Y74.399 E123.87416
G1 X114 Y75.6 E123.9141
G1 X116 Y75.6 E123.98062
G1 X116 Y74.399 E124.02057
G1 X118 Y74.399 E124.08709
G1 X118 Y75.948 E124.13861
G1 F1500 E114.13861
G0 F4800 X118 Y149.626
G1 F1500 E124.13861
G1 F1800 X118 Y148.4 E124.17939
G1 X116 Y148.4 E124.24591
G1 X116 Y149.601 E124.28585
G1 X114 Y149.601 E124.35237
G1 X114 Y148.4 E124.39232
G1 X112 Y148.4 E124.45884
G1 X112 Y149.601 E124.49878
G1 X110 Y149.601 E124.5653
G1 X110 Y148.4 E124.60525
G1 X108 Y148.4 E124.67177
G1 X108 Y149.601 E124.71171
G1 X106.141 Y149.601 E124.77355
G1 X105.794 Y149.659 E124.78525
G1 X105.684 Y149.522 E124.79109
G1 X105.8 Y149.241 E124.8012
G1 X105.8 Y147.959 E124.84384
G1 X106 Y148.03 E124.8509
G1 X106 Y149.625 E124.90395
G1 F1500 E114.90395
;MESH:I2C_LED_BTN-Body.stl
G0 F4800 X104.572 Y149.023
G0 X104.347 Y149
;TYPE:WALL-INNER
G1 F1500 E124.90395
G1 F2400 X104.4 Y148.6 E124.91737
G1 X96.351 Y148.6 E125.18776
G1 X88.302 Y148.6 E125.46283
G1 X87.905 Y148.252 E125.48144
G1 X87.904 Y136.177 E125.91519
G1 X87.903 Y124.102 E126.34592
G1 X87.902 Y112.027 E126.77465
G1 X87.902 Y99.952 E127.20036
G1 X87.901 Y87.877 E127.62407
G1 X87.9 Y75.802 E128.04476
G1 X88.245 Y75.405 E128.06317
G1 X96.323 Y75.402 E128.34394
G1 X104.401 Y75.4 E128.61664
G1 X104.349 Y75 E128.63006
G1 X96.181 Y75.002 E128.9058
G1 X88.013 Y75.003 E129.1897
G1 X87.5 Y75.632 E129.21811
G1 X87.501 Y87.774 E129.64114
G1 X87.501 Y99.916 E130.06719
G1 X87.502 Y112.058 E130.49527
G1 X87.502 Y124.2 E130.92637
G1 X87.503 Y136.342 E131.35949
G1 X87.503 Y148.484 E131.79565
G1 X88.131 Y149 E131.8243
G1 X96.239 Y149 E132.10139
G1 X104.347 Y149 E132.37376
G0 F4800 X104.513 Y149.4
;TYPE:WALL-OUTER
G1 F2400 X104.8 Y149.113 E132.38726
G1 X104.8 Y148.2 E132.41763
G1 X88.399 Y148.2 E132.96313
G1 X88.302 Y148.035 E132.96949
G1 X88.3 Y75.901 E135.36868
G1 X88.465 Y75.802 E135.37508
G1 X104.8 Y75.8 E135.91838
G1 X104.8 Y74.884 E135.94885
G1 X104.513 Y74.6 E135.96228
G1 X87.793 Y74.6 E136.51839
G1 X87.101 Y75.467 E136.55528
G1 X87.1 Y148.704 E138.99116
G1 X87.967 Y149.4 E139.02814
G1 X104.513 Y149.4 E139.57846
G0 F4800 X104.654 Y149.259
G1 F1500 E129.57846
G0 F4800 X104.438 Y149.042
G0 X105.665 Y149
G0 X118.335 Y149
G0 X119.651 Y149
;TYPE:WALL-INNER
G1 F1500 E139.57846
G1 F2400 X127.76 Y148.998 E139.85086
G1 X135.869 Y148.997 E140.12799
G1 X136.497 Y148.482 E140.15662
G1 X136.498 Y136.34 E140.59277
G1 X136.498 Y124.198 E141.02589
G1 X136.499 Y112.056 E141.457
G1 X136.499 Y99.914 E141.88507
G1 X136.5 Y87.772 E142.31113
G1 X136.5 Y75.63 E142.73416
G1 X136 Y75.024 E142.76251
G1 X135.5 Y75 E142.78016
G1 X119.649 Y75 E143.30736
G1 X119.6 Y75.4 E143.32077
G1 X127.674 Y75.4 E143.59334
G1 X135.748 Y75.4 E143.87396
G1 X136.1 Y75.801 E143.89264
G1 X136.099 Y87.877 E144.31337
G1 X136.098 Y99.953 E144.73711
G1 X136.097 Y112.029 E145.16286
G1 X136.097 Y124.105 E145.59162
G1 X136.096 Y136.181 E146.02239
G1 X136.095 Y148.257 E146.45617
G1 X135.692 Y148.595 E146.47471
G1 X127.646 Y148.598 E146.74968
G1 X119.6 Y148.6 E147.01997
G1 X119.651 Y149 E147.03338
G0 F4800 X119.484 Y149.4
;TYPE:WALL-OUTER
G1 F2400 X136.029 Y149.4 E147.58367
G1 X136.9 Y148.703 E147.62077
G1 X136.9 Y75.467 E150.05661
G1 X136.204 Y74.6 E150.09359
G1 X119.483 Y74.6 E150.64974
G1 X119.2 Y74.883 E150.66305
G1 X119.2 Y75.8 E150.69355
G1 X135.573 Y75.8 E151.23811
G1 X135.7 Y75.939 E151.24438
G1 X135.698 Y148.035 E153.6423
G1 X135.535 Y148.198 E153.64997
G1 X119.2 Y148.2 E154.19327
G1 X119.2 Y149.113 E154.22364
G1 X119.484 Y149.4 E154.23707
G0 F4800 X119.684 Y149.4
G1 F1500 E144.23707
;MESH:NONMESH
G0 F1800 X119.684 Y149.4 Z14.6
G0 F4800 X119.684 Y149.09
G0 X119.424 Y148.424
G0 X119.424 Y147.335
G0 X106 Y75.6
;TIME_ELAPSED:4418.018632
;LAYER:72
;TYPE:SUPPORT
G1 F1500 E154.23707
G1 F1800 X106 Y74.374 E154.27784
G1 X105.794 Y74.338 E154.2848
G1 X105.683 Y74.477 E154.29072
G1 X105.8 Y74.759 E154.30087
G1 X105.8 Y75.6 E154.32884
G1 X108 Y75.6 E154.40201
G1 X108 Y74.399 E154.44196
G1 X110 Y74.399 E154.50848
G1 X110 Y75.6 E154.54842
G1 X112 Y75.6 E154.61495
G1 X112 Y74.399 E154.65489
G1 X114 Y74.399 E154.72141
G1 X114 Y75.6 E154.76136
G1 X116 Y75.6 E154.82788
G1 X116 Y74.399 E154.86782
G1 X118 Y74.399 E154.93434
G1 X118 Y75.948 E154.98586
G1 F1500 E144.98586
G0 F4800 X118 Y149.626
G1 F1500 E154.98586
G1 F1800 X118 Y148.4 E155.02664
G1 X116 Y148.4 E155.09316
G1 X116 Y149.601 E155.1331
G1 X114 Y149.601 E155.19963
G1 X114 Y148.4 E155.23957
G1 X112 Y148.4 E155.30609
G1 X112 Y149.601 E155.34604
G1 X110 Y149.601 E155.41256
G1 X110 Y148.4 E155.4525
G1 X108 Y148.4 E155.51902
G1 X108 Y149.601 E155.55897
G1 X106.141 Y149.601 E155.6208
G1 X105.794 Y149.659 E155.6325
G1 X105.684 Y149.522 E155.63834
G1 X105.8 Y149.241 E155.64845
G1 X105.8 Y147.96 E155.69106
G1 X106 Y148.031 E155.69812
G1 X106 Y149.625 E155.75114
G1 F1500 E145.75114
;MESH:I2C_LED_BTN-Body.stl
G0 F4800 X104.572 Y149.023
G0 X104.347 Y149
;TYPE:WALL-INNER
G1 F1500 E155.75114
G1 F2400 X104.4 Y148.6 E155.76456
G1 X96.351 Y148.6 E156.03494
G1 X88.302 Y148.6 E156.31002
G1 X87.905 Y148.252 E156.32863
G1 X87.904 Y136.177 E156.76238
G1 X87.903 Y124.102 E157.19311
G1 X87.902 Y112.027 E157.62183
G1 X87.902 Y99.952 E158.04755
G1 X87.901 Y87.877 E158.47125
G1 X87.9 Y75.802 E158.89194
G1 X88.245 Y75.405 E158.91036
G1 X96.323 Y75.402 E159.19112
G1 X104.401 Y75.4 E159.46383
G1 X104.349 Y75 E159.47724
G1 X96.181 Y75.002 E159.75299
G1 X88.013 Y75.003 E160.03688
G1 X87.5 Y75.632 E160.0653
G1 X87.501 Y87.774 E160.48832
G1 X87.501 Y99.916 E160.91438
G1 X87.502 Y112.058 E161.34245
G1 X87.502 Y124.2 E161.77356
G1 X87.503 Y136.342 E162.20668
G1 X87.503 Y148.484 E162.64283
G1 X88.131 Y149 E162.67149
G1 X96.239 Y149 E162.94858
G1 X104.347 Y149 E163.22095
G0 F4800 X104.513 Y149.4
;TYPE:WALL-OUTER
G1 F2400 X104.8 Y149.113 E163.23445
G1 X104.8 Y148.2 E163.26481
G1 X88.399 Y148.2 E163.81031
G1 X88.302 Y148.035 E163.81668
G1 X88.3 Y75.901 E166.21587
G1 X88.465 Y75.802 E166.22227
G1 X104.8 Y75.8 E166.76557
G1 X104.8 Y74.884 E166.79604
G1 X104.513 Y74.6 E166.80947
G1 X87.793 Y74.6 E167.36558
G1 X87.101 Y75.467 E167.40247
G1 X87.1 Y148.704 E169.83834
G1 X87.967 Y149.4 E169.87532
G1 X104.513 Y149.4 E170.42564
G0 F4800 X104.654 Y149.259
G1 F1500 E160.42564
G0 F4800 X104.438 Y149.042
G0 X105.665 Y149
G0 X118.335 Y149
G0 X119.651 Y149
;TYPE:WALL-INNER
G1 F1500 E170.42564
G1 F2400 X127.76 Y148.998 E170.69805
G1 X135.869 Y148.997 E170.97517
G1 X136.497 Y148.482 E171.0038
G1 X136.498 Y136.34 E171.43996
G1 X136.498 Y124.198 E171.87308
G1 X136.499 Y112.056 E172.30418
G1 X136.499 Y99.914 E172.73226
G1 X136.5 Y87.772 E173.15832
G1 X136.5 Y75.63 E173.58134
G1 X136 Y75.024 E173.60969
G1 X135.5 Y75 E173.62734
G1 X119.649 Y75 E174.15455
G1 X119.6 Y75.4 E174.16795
G1 X127.674 Y75.4 E174.44052
G1 X135.748 Y75.4 E174.72115
G1 X136.1 Y75.801 E174.73983
G1 X136.099 Y87.877 E175.16056
G1 X136.098 Y99.953 E175.5843
G1 X136.097 Y112.029 E176.01004
G1 X136.097 Y124.105 E176.43881
G1 X136.096 Y136.181 E176.86957
G1 X136.095 Y148.257 E177.30336
G1 X135.692 Y148.595 E177.3219
G1 X127.646 Y148.598 E177.59687
G1 X119.6 Y148.6 E177.86716
G1 X119.651 Y149 E177.88057
G0 F4800 X119.484 Y149.4
;TYPE:WALL-OUTER
G1 F2400 X136.029 Y149.4 E178.43086
G1 X136.9 Y148.703 E178.46796
G1 X136.9 Y75.467 E180.9038
G1 X136.204 Y74.6 E180.94078
G1 X119.483 Y74.6 E181.49692
G1 X119.2 Y74.883 E181.51023
G1 X119.2 Y75.8 E181.54073
G1 X135.573 Y75.8 E182.0853
G1 X135.7 Y75.939 E182.09156
G1 X135.698 Y148.035 E184.48949
G1 X135.535 Y148.198 E184.49715
G1 X119.2 Y148.2 E185.04046
G1 X119.2 Y149.113 E185.07082
G1 X119.484 Y149.4 E185.08425
G0 F4800 X119.684 Y149.4
G1 F1500 E175.08425
;MESH:NONMESH
G0 F1800 X119.684 Y149.4 Z14.8
G0 F4800 X119.684 Y149.09
G0 X119.424 Y148.424
G0 X119.424 Y147.335
G0 X106 Y75.6
;TIME_ELAPSED:4446.718413
;LAYER:73
;TYPE:SUPPORT
G1 F1500 E185.08425
G1 F1800 X106 Y74.374 E185.12503
G1 X105.794 Y74.338 E185.13198
G1 X105.683 Y74.477 E185.1379
G1 X105.8 Y74.759 E185.14806
G1 X105.8 Y75.6 E185.17603
G1 X108 Y75.6 E185.2492
G1 X108 Y74.399 E185.28915
G1 X110 Y74.399 E185.35567
G1 X110 Y75.6 E185.39561
G1 X112 Y75.6 E185.46213
G1 X112 Y74.399 E185.50208
G1 X114 Y74.399 E185.5686
G1 X114 Y75.6 E185.60854
G1 X116 Y75.6 E185.67506
G1 X116 Y74.399 E185.71501
G1 X118 Y74.399 E185.78153
G1 X118 Y75.948 E185.83305
G1 F1500 E175.83305
G0 F4800 X118 Y149.626
G1 F1500 E185.83305
G1 F1800 X118 Y148.4 E185.87383
G1 X116 Y148.4 E185.94035
G1 X116 Y149.601 E185.98029
G1 X114 Y149.601 E186.04681
G1 X114 Y148.4 E186.08676
G1 X112 Y148.4 E186.15328
G1 X112 Y149.601 E186.19322
G1 X110 Y149.601 E186.25974
G1 X110 Y148.4 E186.29969
G1 X108 Y148.4 E186.36621
G1 X108 Y149.601 E186.40615
G1 X106.141 Y149.601 E186.46798
G1 X105.794 Y149.659 E186.47969
G1 X105.684 Y149.522 E186.48553
G1 X105.8 Y149.241 E186.49564
G1 X105.8 Y147.96 E186.53825
G1 X106 Y148.032 E186.54532
G1 X106 Y149.625 E186.5983
G1 F1500 E176.5983
;MESH:I2C_LED_BTN-Body.stl
G0 F4800 X104.572 Y149.023
G0 X104.347 Y149
;TYPE:WALL-INNER
G1 F1500 E186.5983
G1 F2400 X104.4 Y148.6 E186.61172
G1 X96.351 Y148.6 E186.88211
G1 X88.302 Y148.6 E187.15718
G1 X87.905 Y148.252 E187.17579
G1 X87.904 Y136.177 E187.60954
G1 X87.903 Y124.102 E188.04027
G1 X87.902 Y112.027 E188.469
G1 X87.902 Y99.952 E188.89471
G1 X87.901 Y87.877 E189.31842
G1 X87.9 Y75.802 E189.73911
G1 X88.245 Y75.405 E189.75752
G1 X96.323 Y75.402 E190.03829
G1 X104.401 Y75.4 E190.31099
G1 X104.349 Y75 E190.32441
G1 X96.181 Y75.002 E190.60015
G1 X88.013 Y75.003 E190.88405
G1 X87.5 Y75.632 E190.91246
G1 X87.501 Y87.774 E191.33549
G1 X87.501 Y99.916 E191.76154
G1 X87.502 Y112.058 E192.18962
G1 X87.502 Y124.2 E192.62072
G1 X87.503 Y136.342 E193.05385
G1 X87.503 Y148.484 E193.49
G1 X88.131 Y149 E193.51865
G1 X96.239 Y149 E193.79574
G1 X104.347 Y149 E194.06811
G0 F4800 X104.513 Y149.4
;TYPE:WALL-OUTER
G1 F2400 X104.8 Y149.113 E194.08161
G1 X104.8 Y148.2 E194.11198
G1 X88.399 Y148.2 E194.65748
G1 X88.302 Y148.035 E194.66384
G1 X88.3 Y75.901 E197.06303
G1 X88.465 Y75.802 E197.06943
G1 X104.8 Y75.8 E197.61273
G1 X104.8 Y74.884 E197.6432
G1 X104.513 Y74.6 E197.65663
G1 X87.793 Y74.6 E198.21274
G1 X87.101 Y75.467 E198.24964
G1 X87.1 Y148.704 E200.68551
G1 X87.967 Y149.4 E200.72249
G1 X104.513 Y149.4 E201.27281
G0 F4800 X104.654 Y149.259
G1 F1500 E191.27281
G0 F4800 X104.438 Y149.042
G0 X105.665 Y149
G0 X118.335 Y149
G0 X119.651 Y149
;TYPE:WALL-INNER
G1 F1500 E201.27281
G1 F2400 X127.76 Y148.998 E201.54521
G1 X135.869 Y148.997 E201.82234
G1 X136.497 Y148.482 E201.85097
G1 X136.498 Y136.34 E202.28712
G1 X136.498 Y124.198 E202.72024
G1 X136.499 Y112.056 E203.15135
G1 X136.499 Y99.914 E203.57942
G1 X136.5 Y87.772 E204.00548
G1 X136.5 Y75.63 E204.42851
G1 X136 Y75.024 E204.45686
G1 X135.5 Y75 E204.47451
G1 X119.649 Y75 E205.00171
G1 X119.6 Y75.4 E205.01512
G1 X127.674 Y75.4 E205.28769
G1 X135.748 Y75.4 E205.56831
G1 X136.1 Y75.801 E205.58699
G1 X136.099 Y87.877 E206.00772
G1 X136.098 Y99.953 E206.43146
G1 X136.097 Y112.029 E206.85721
G1 X136.097 Y124.105 E207.28597
G1 X136.096 Y136.181 E207.71674
G1 X136.095 Y148.257 E208.15052
G1 X135.692 Y148.595 E208.16906
G1 X127.646 Y148.598 E208.44403
G1 X119.6 Y148.6 E208.71432
G1 X119.651 Y149 E208.72773
G0 F4800 X119.484 Y149.4
;TYPE:WALL-OUTER
G1 F2400 X136.029 Y149.4 E209.27802
G1 X136.9 Y148.703 E209.31512
G1 X136.9 Y75.467 E211.75096
G1 X136.204 Y74.6 E211.78794
G1 X119.483 Y74.6 E212.34409
G1 X119.2 Y74.883 E212.3574
G1 X119.2 Y75.8 E212.3879
G1 X135.573 Y75.8 E212.93246
G1 X135.7 Y75.939 E212.93873
G1 X135.698 Y148.035 E215.33665
G1 X135.535 Y148.198 E215.34432
G1 X119.2 Y148.2 E215.88762
G1 X119.2 Y149.113 E215.91799
G1 X119.484 Y149.4 E215.93142
G0 F4800 X119.684 Y149.4
G1 F1500 E205.93142
;MESH:NONMESH
G0 F1800 X119.684 Y149.4 Z15
G0 F4800 X119.684 Y149.09
G0 X119.424 Y148.424
G0 X119.424 Y147.335
G0 X106 Y75.6
;TIME_ELAPSED:4475.418166
;LAYER:74
;TYPE:SUPPORT
G1 F1500 E215.93142
G1 F1800 X106 Y74.374 E215.97219
G1 X105.794 Y74.338 E215.97915
G1 X105.683 Y74.477 E215.98507
G1 X105.8 Y74.759 E215.99522
G1 X105.8 Y75.6 E216.02319
G1 X108 Y75.6 E216.09636
G1 X108 Y74.399 E216.13631
G1 X110 Y74.399 E216.20283
G1 X110 Y75.6 E216.24278
G1 X112 Y75.6 E216.3093
G1 X112 Y74.399 E216.34924
G1 X114 Y74.399 E216.41576
G1 X114 Y75.6 E216.45571
G1 X116 Y75.6 E216.52223
G1 X116 Y74.399 E216.56217
G1 X118 Y74.399 E216.62869
G1 X118 Y75.976 E216.68114
G1 F1500 E206.68114
G0 F4800 X118 Y149.626
G1 F1500 E216.68114
G1 F1800 X118 Y148.4 E216.72192
G1 X116 Y148.4 E216.78844
G1 X116 Y149.601 E216.82839
G1 X114 Y149.601 E216.89491
G1 X114 Y148.4 E216.93485
G1 X112 Y148.4 E217.00137
G1 X112 Y149.601 E217.04132
G1 X110 Y149.601 E217.10784
G1 X110 Y148.4 E217.14778
G1 X108 Y148.4 E217.2143
G1 X108 Y149.601 E217.25425
G1 X106.141 Y149.601 E217.31608
G1 X105.794 Y149.659 E217.32778
G1 X105.684 Y149.522 E217.33362
G1 X105.8 Y149.241 E217.34374
G1 X105.8 Y147.96 E217.38634
G1 X106 Y148.032 E217.39341
G1 X106 Y149.625 E217.4464
G1 F1500 E207.4464
;MESH:I2C_LED_BTN-Body.stl
G0 F4800 X104.572 Y149.023
G0 X104.347 Y149
;TYPE:WALL-INNER
G1 F1500 E217.4464
G1 F2400 X104.4 Y148.6 E217.45982
G1 X96.351 Y148.6 E217.7302
G1 X88.302 Y148.6 E218.00528
G1 X87.905 Y148.252 E218.02389
G1 X87.904 Y136.177 E218.45763
G1 X87.903 Y124.102 E218.88837
G1 X87.902 Y112.027 E219.31709
G1 X87.902 Y99.952 E219.74281
G1 X87.901 Y87.877 E220.16651
G1 X87.9 Y75.802 E220.5872
G1 X88.245 Y75.405 E220.60562
G1 X96.323 Y75.402 E220.88638
G1 X104.401 Y75.4 E221.15909
G1 X104.349 Y75 E221.1725
G1 X96.181 Y75.002 E221.44825
G1 X88.013 Y75.003 E221.73214
G1 X87.5 Y75.632 E221.76055
G1 X87.501 Y87.774 E222.18358
G1 X87.501 Y99.916 E222.60964
G1 X87.502 Y112.058 E223.03771
G1 X87.502 Y124.2 E223.46882
G1 X87.503 Y136.342 E223.90194
G1 X87.503 Y148.484 E224.33809
G1 X88.131 Y149 E224.36675
G1 X96.239 Y149 E224.64384
G1 X104.347 Y149 E224.91621
G0 F4800 X104.513 Y149.4
;TYPE:WALL-OUTER
G1 F2400 X104.8 Y149.113 E224.92971
G1 X104.8 Y148.2 E224.96007
G1 X88.399 Y148.2 E225.50557
G1 X88.302 Y148.035 E225.51194
G1 X88.3 Y75.901 E227.91113
G1 X88.465 Y75.802 E227.91753
G1 X104.8 Y75.8 E228.46083
G1 X104.8 Y74.884 E228.4913
G1 X104.513 Y74.6 E228.50473
G1 X87.793 Y74.6 E229.06083
G1 X87.101 Y75.467 E229.09773
G1 X87.1 Y148.704 E231.5336
G1 X87.967 Y149.4 E231.57058
G1 X104.513 Y149.4 E232.1209
G0 F4800 X104.654 Y149.259
G1 F1500 E222.1209
G0 F4800 X104.438 Y149.042
G0 X105.665 Y149
G0 X118.335 Y149
G0 X119.651 Y149
;TYPE:WALL-INNER
G1 F1500 E232.1209
G1 F2400 X127.76 Y148.998 E232.39331
G1 X135.869 Y148.997 E232.67043
G1 X136.497 Y148.482 E232.69906
G1 X136.498 Y136.34 E233.13522
G1 X136.498 Y124.198 E233.56834
G1 X136.499 Y112.056 E233.99944
G1 X136.499 Y99.914 E234.42752
G1 X136.5 Y87.772 E234.85357
G1 X136.5 Y75.63 E235.2766
G1 X136 Y75.024 E235.30495
G1 X135.5 Y75 E235.3226
G1 X119.649 Y75 E235.84981
G1 X119.6 Y75.4 E235.86321
G1 X127.674 Y75.4 E236.13578
G1 X135.748 Y75.4 E236.41641
G1 X136.1 Y75.801 E236.43509
G1 X136.099 Y87.877 E236.85582
G1 X136.098 Y99.953 E237.27956
G1 X136.097 Y112.029 E237.7053
G1 X136.097 Y124.105 E238.13406
G1 X136.096 Y136.181 E238.56483
G1 X136.095 Y148.257 E238.99861
G1 X135.692 Y148.595 E239.01716
G1 X127.646 Y148.598 E239.29213
G1 X119.6 Y148.6 E239.56242
G1 X119.651 Y149 E239.57583
G0 F4800 X119.484 Y149.4
;TYPE:WALL-OUTER
G1 F2400 X136.029 Y149.4 E240.12612
G1 X136.9 Y148.703 E240.16322
G1 X136.9 Y75.467 E242.59906
G1 X136.204 Y74.6 E242.63604
G1 X119.483 Y74.6 E243.19218
G1 X119.2 Y74.883 E243.20549
G1 X119.2 Y75.8 E243.23599
G1 X135.573 Y75.8 E243.78056
G1 X135.7 Y75.939 E243.78682
G1 X135.698 Y148.035 E246.18475
G1 X135.535 Y148.198 E246.19241
G1 X119.2 Y148.2 E246.73572
G1 X119.2 Y149.113 E246.76608
G1 X119.484 Y149.4 E246.77951
G0 F4800 X119.684 Y149.4
G1 F1500 E236.77951
;MESH:NONMESH
G0 F1800 X119.684 Y149.4 Z15.2
G0 F4800 X119.684 Y149.09
G0 X119.424 Y148.424
G0 X119.424 Y147.335
G0 X106 Y75.6
;TIME_ELAPSED:4504.118503
;LAYER:75
;TYPE:SUPPORT
G1 F1500 E246.77951
G1 F1800 X106 Y74.374 E246.82029
G1 X105.794 Y74.338 E246.82724
G1 X105.683 Y74.477 E246.83316
G1 X105.8 Y74.759 E246.84332
G1 X105.8 Y75.6 E246.87129
G1 X108 Y75.6 E246.94446
G1 X108 Y74.399 E246.9844
G1 X110 Y74.399 E247.05093
G1 X110 Y75.6 E247.09087
G1 X112 Y75.6 E247.15739
G1 X112 Y74.399 E247.19734
G1 X114 Y74.399 E247.26386
G1 X114 Y75.6 E247.3038
G1 X116 Y75.6 E247.37032
G1 X116 Y74.399 E247.41027
G1 X118 Y74.399 E247.47679
G1 X118 Y75.976 E247.52924
G1 F1500 E237.52924
G0 F4800 X118 Y149.626
G1 F1500 E247.52924
G1 F1800 X118 Y148.4 E247.57002
G1 X116 Y148.4 E247.63654
G1 X116 Y149.601 E247.67648
G1 X114 Y149.601 E247.743
G1 X114 Y148.4 E247.78295
G1 X112 Y148.4 E247.84947
G1 X112 Y149.601 E247.88941
G1 X110 Y149.601 E247.95593
G1 X110 Y148.4 E247.99588
G1 X108 Y148.4 E248.0624
G1 X108 Y149.601 E248.10234
G1 X106.141 Y149.601 E248.16418
G1 X105.794 Y149.659 E248.17588
G1 X105.684 Y149.522 E248.18172
G1 X105.8 Y149.241 E248.19183
G1 X105.8 Y147.96 E248.23444
G1 X106 Y148.032 E248.24151
G1 X106 Y149.625 E248.29449
G1 F1500 E238.29449
;MESH:I2C_LED_BTN-Body.stl
G0 F4800 X104.572 Y149.023
G0 X104.347 Y149
;TYPE:WALL-INNER
G1 F1500 E248.29449
G1 F2400 X104.4 Y148.6 E248.30791
G1 X96.351 Y148.6 E248.5783
G1 X88.302 Y148.6 E248.85337
G1 X87.905 Y148.252 E248.87198
G1 X87.904 Y136.177 E249.30573
G1 X87.903 Y124.102 E249.73646
G1 X87.902 Y112.027 E250.16519
G1 X87.902 Y99.952 E250.5909
G1 X87.901 Y87.877 E251.01461
G1 X87.9 Y75.802 E251.4353
G1 X88.245 Y75.405 E251.45371
G1 X96.323 Y75.402 E251.73448
G1 X104.401 Y75.4 E252.00718
G1 X104.349 Y75 E252.0206
G1 X96.181 Y75.002 E252.29634
G1 X88.013 Y75.003 E252.58024
G1 X87.5 Y75.632 E252.60865
G1 X87.501 Y87.774 E253.03168
G1 X87.501 Y99.916 E253.45773
G1 X87.502 Y112.058 E253.88581
G1 X87.502 Y124.2 E254.31691
G1 X87.503 Y136.342 E254.75004
G1 X87.503 Y148.484 E255.18619
G1 X88.131 Y149 E255.21484
G1 X96.239 Y149 E255.49193
G1 X104.347 Y149 E255.7643
G0 F4800 X104.513 Y149.4
;TYPE:WALL-OUTER
G1 F2400 X104.8 Y149.113 E255.7778
G1 X104.8 Y148.2 E255.80817
G1 X88.399 Y148.2 E256.35367
G1 X88.302 Y148.035 E256.36003
G1 X88.3 Y75.901 E258.75922
G1 X88.465 Y75.802 E258.76562
G1 X104.8 Y75.8 E259.30893
G1 X104.8 Y74.884 E259.33939
G1 X104.513 Y74.6 E259.35282
G1 X87.793 Y74.6 E259.90893
G1 X87.101 Y75.467 E259.94583
G1 X87.1 Y148.704 E262.3817
G1 X87.967 Y149.4 E262.41868
G1 X104.513 Y149.4 E262.969
G0 F4800 X104.654 Y149.259
G1 F1500 E252.969
G0 F4800 X104.438 Y149.042
G0 X105.665 Y149
G0 X118.335 Y149
G0 X119.651 Y149
;TYPE:WALL-INNER
G1 F1500 E262.969
G1 F2400 X127.76 Y148.998 E263.2414
G1 X135.869 Y148.997 E263.51853
G1 X136.497 Y148.482 E263.54716
G1 X136.498 Y136.34 E263.98331
G1 X136.498 Y124.198 E264.41644
G1 X136.499 Y112.056 E264.84754
G1 X136.499 Y99.914 E265.27561
G1 X136.5 Y87.772 E265.70167
G1 X136.5 Y75.63 E266.1247
G1 X136 Y75.024 E266.15305
G1 X135.5 Y75 E266.1707
G1 X119.649 Y75 E266.6979
G1 X119.6 Y75.4 E266.71131
G1 X127.674 Y75.4 E266.98388
G1 X135.748 Y75.4 E267.2645
G1 X136.1 Y75.801 E267.28318
G1 X136.099 Y87.877 E267.70391
G1 X136.098 Y99.953 E268.12765
G1 X136.097 Y112.029 E268.5534
G1 X136.097 Y124.105 E268.98216
G1 X136.096 Y136.181 E269.41293
G1 X136.095 Y148.257 E269.84671
G1 X135.692 Y148.595 E269.86525
G1 X127.646 Y148.598 E270.14022
G1 X119.6 Y148.6 E270.41051
G1 X119.651 Y149 E270.42392
G0 F4800 X119.484 Y149.4
;TYPE:WALL-OUTER
G1 F2400 X136.029 Y149.4 E270.97421
G1 X136.9 Y148.703 E271.01132
G1 X136.9 Y75.467 E273.44715
G1 X136.204 Y74.6 E273.48413
G1 X119.483 Y74.6 E274.04028
G1 X119.2 Y74.883 E274.05359
G1 X119.2 Y75.8 E274.08409
G1 X135.573 Y75.8 E274.62866
G1 X135.7 Y75.939 E274.63492
G1 X135.698 Y148.035 E277.03284
G1 X135.535 Y148.198 E277.04051
G1 X119.2 Y148.2 E277.58381
G1 X119.2 Y149.113 E277.61418
G1 X119.484 Y149.4 E277.62761
G0 F4800 X119.684 Y149.4
G1 F1500 E267.62761
;MESH:NONMESH
G0 F1800 X119.684 Y149.4 Z15.4
G0 F4800 X119.684 Y149.09
G0 X119.424 Y148.424
G0 X119.424 Y147.335
G0 X106 Y75.6
;TIME_ELAPSED:4532.818839
;LAYER:76
;TYPE:SUPPORT
G1 F1500 E277.62761
G1 F1800 X106 Y74.374 E277.66838
G1 X105.794 Y74.338 E277.67534
G1 X105.683 Y74.477 E277.68126
G1 X105.8 Y74.759 E277.69141
G1 X105.8 Y75.6 E277.71938
G1 X108 Y75.6 E277.79255
G1 X108 Y74.399 E277.8325
G1 X110 Y74.399 E277.89902
G1 X110 Y75.6 E277.93897
G1 X112 Y75.6 E278.00549
G1 X112 Y74.399 E278.04543
G1 X114 Y74.399 E278.11195
G1 X114 Y75.6 E278.1519
G1 X116 Y75.6 E278.21842
G1 X116 Y74.399 E278.25836
G1 X118 Y74.399 E278.32488
G1 X118 Y75.974 E278.37727
G1 F1500 E268.37727
G0 F4800 X118 Y149.626
G1 F1500 E278.37727
G1 F1800 X118 Y148.4 E278.41805
G1 X116 Y148.4 E278.48457
G1 X116 Y149.601 E278.52451
G1 X114 Y149.601 E278.59103
G1 X114 Y148.4 E278.63098
G1 X112 Y148.4 E278.6975
G1 X112 Y149.601 E278.73744
G1 X110 Y149.601 E278.80396
G1 X110 Y148.4 E278.84391
G1 X108 Y148.4 E278.91043
G1 X108 Y149.601 E278.95037
G1 X106.141 Y149.601 E279.0122
G1 X105.794 Y149.659 E279.02391
G1 X105.684 Y149.522 E279.02975
G1 X105.8 Y149.241 E279.03986
G1 X105.8 Y147.961 E279.08243
G1 X106 Y148.032 E279.08949
G1 X106 Y149.625 E279.14248
G1 F1500 E269.14248
;MESH:I2C_LED_BTN-Body.stl
G0 F4800 X104.423 Y149.172
G0 X91.687 Y148.6
;TYPE:WALL-INNER
G1 F1500 E279.14248
G1 F2400 X91.287 Y148.2
G1 X88.3 Y145.213 E279.21273
G1 X87.9 Y144.813 E279.23154
G1 X87.9 Y148.32 E279.34818
G1 X88.248 Y148.6 E279.36304
G1 X90.437 Y148.6 E279.43585
G1 X91.687 Y148.6
G0 F4800 X88.054 Y144.185
G0 X87.9 Y79.187
G1 F2400 X88.3 Y78.787
G1 X91.287 Y75.8 E279.5061
G1 X91.687 Y75.4 E279.52491
G1 X88.178 Y75.4 E279.64162
G1 X87.9 Y75.747 E279.65641
G1 X87.9 Y77.937 E279.72925
G1 X87.9 Y79.187
G0 F4800 X88.054 Y144.185
G0 X92.315 Y148.446
G0 X104.347 Y149
G1 F2400 X104.4 Y148.6 E279.74267
G1 X93.75 Y148.6 E280.09689
G1 X92.5 Y148.6
G1 X92.075 Y148.425
G1 X91.85 Y148.2
G1 X88.3 Y144.65 E280.18038
G1 X88.075 Y144.425 E280.19096
G1 X87.905 Y144.104 E280.20313
G1 X87.902 Y112.052 E281.27985
G1 X87.9 Y80 E282.35123
G1 X88.075 Y79.575
G1 X88.3 Y79.35
G1 X91.85 Y75.8 E282.43472
G1 X92.075 Y75.575 E282.44531
G1 X92.396 Y75.405 E282.45748
G1 X104.4 Y75.4 E282.85973
G1 X104.349 Y75 E282.87314
G1 X87.985 Y75 E283.41741
G1 X87.5 Y75.607 E283.44325
G1 X87.5 Y148.512 E285.86808
G1 X88.108 Y149 E285.89401
G1 X104.347 Y149 E286.43412
G0 F4800 X104.513 Y149.4
;TYPE:WALL-OUTER
G1 F2400 X104.8 Y149.113 E286.44762
G1 X104.8 Y148.2 E286.47799
G1 X93.75 Y148.2 E286.84551
G1 X92.5 Y148.2
G1 X92.358 Y148.142
G1 X92.323 Y148.107
G1 X88.393 Y144.177 E286.93794
G1 X88.302 Y144.086 E286.94222
G1 X88.3 Y80 E289.07373
G1 X88.358 Y79.858
G1 X88.393 Y79.823
G1 X92.323 Y75.893 E289.16616
G1 X92.414 Y75.802 E289.17044
G1 X104.8 Y75.8 E289.5824
G1 X104.8 Y74.884 E289.61286
G1 X104.513 Y74.6 E289.62629
G1 X87.793 Y74.6 E290.1824
G1 X87.1 Y75.467 E290.21932
G1 X87.1 Y148.704 E292.65519
G1 X87.967 Y149.4 E292.69217
G1 X104.513 Y149.4 E293.24249
G0 F4800 X104.654 Y149.259
G0 X104.438 Y149.042
G0 X90.72 Y148.42
;TYPE:SKIN
;BRIDGE
G1 F2400 X88.08 Y145.78 E293.30458
G0 F4800 X88.08 Y146.346
G1 F2400 X90.155 Y148.42 E293.35337
G0 F4800 X89.589 Y148.42
G1 F2400 X88.08 Y146.911 E293.38886
G0 F4800 X88.08 Y147.477
G1 F2400 X89.023 Y148.42 E293.41104
G0 F4800 X88.458 Y148.42
G1 F2400 X88.08 Y148.043 E293.41992
G0 F4800 X88.08 Y78.231
G1 F2400 X90.732 Y75.58 E293.48227
G0 F4800 X90.166 Y75.58
G1 F2400 X88.08 Y77.666 E293.53133
G0 F4800 X88.08 Y77.1
G1 F2400 X89.6 Y75.58 E293.56708
G0 F4800 X89.035 Y75.58
G1 F2400 X88.08 Y76.534 E293.58953
G0 F4800 X88.08 Y75.969
G1 F2400 X88.469 Y75.58 E293.59868
G0 F4800 X88.469 Y75.61
G1 F1500 E283.59868
G0 F4800 X90.649 Y75.579
G0 X104.576 Y75.576
G0 X105.665 Y75.576
G0 X118.347 Y76.653
G0 X131.226 Y76.661
G0 X131.677 Y75.572
G0 X136.1 Y79.184
;TYPE:WALL-INNER
G1 F1500 E293.59868
G1 F2400 X136.1 Y75.748 E293.71296
G1 X135.82 Y75.4 E293.72782
G1 X133.563 Y75.4 E293.80289
G1 X132.313 Y75.4
G1 X132.713 Y75.8
G1 X135.7 Y78.784 E293.8731
G1 X136.1 Y79.184 E293.89191
G0 F4800 X135.946 Y144.185
G0 X132.313 Y148.6
G1 F2400 X135.749 Y148.6 E294.0062
G1 X136.1 Y148.319 E294.02115
G1 X136.1 Y146.066 E294.09609
G1 X136.1 Y144.816
G1 X135.7 Y145.216
G1 X132.713 Y148.2 E294.1663
G1 X132.313 Y148.6 E294.18512
G0 F4800 X119.651 Y149
G1 F2400 X135.889 Y149 E294.72519
G1 X136.5 Y148.511 E294.75122
G1 X136.5 Y75.608 E297.17599
G1 X136.012 Y75 E297.20192
G1 X119.649 Y75 E297.74615
G1 X119.6 Y75.4 E297.75956
G1 X130.25 Y75.4 E298.11378
G1 X131.5 Y75.4
G1 X131.925 Y75.575
G1 X132.15 Y75.8
G1 X135.7 Y79.35 E298.19727
G1 X135.925 Y79.575 E298.20785
G1 X136.1 Y80 E298.22314
G1 X136.098 Y112.052 E299.29452
G1 X136.095 Y144.104 E300.37123
G1 X135.925 Y144.425
G1 X135.7 Y144.65
G1 X132.15 Y148.2 E300.45473
G1 X131.925 Y148.425 E300.46531
G1 X131.604 Y148.595 E300.47748
G1 X119.6 Y148.6 E300.87973
G1 X119.651 Y149 E300.89314
G0 F4800 X119.484 Y149.4
;TYPE:WALL-OUTER
G1 F2400 X136.029 Y149.4 E301.44343
G1 X136.9 Y148.703 E301.48053
G1 X136.9 Y75.467 E303.91637
G1 X136.204 Y74.6 E303.95335
G1 X119.483 Y74.6 E304.50949
G1 X119.2 Y74.883 E304.52281
G1 X119.2 Y75.8 E304.55331
G1 X130.25 Y75.8 E304.92083
G1 X131.5 Y75.8
G1 X131.642 Y75.858
G1 X131.677 Y75.893
G1 X135.607 Y79.823 E305.01326
G1 X135.642 Y79.858 E305.0149
G1 X135.7 Y80 E305.02001
G1 X135.698 Y144.086 E307.15151
G1 X135.607 Y144.177
G1 X131.677 Y148.107 E307.24394
G1 X131.586 Y148.198 E307.24822
G1 X119.2 Y148.2 E307.66018
G1 X119.2 Y149.113 E307.69055
G1 X119.484 Y149.4 E307.70398
G0 F4800 X119.684 Y149.4
G0 X119.684 Y149.09
G0 X133.285 Y148.42
;TYPE:SKIN
;BRIDGE
G1 F2400 X135.92 Y145.787 E307.76593
G0 F4800 X135.92 Y146.353
G1 F2400 X133.851 Y148.42 E307.81456
G0 F4800 X134.417 Y148.42
G1 F2400 X135.919 Y146.919 E307.84988
G0 F4800 X135.919 Y147.484
G1 F2400 X134.983 Y148.42 E307.87189
G0 F4800 X135.548 Y148.42
G1 F2400 X135.919 Y148.05 E307.8806
G0 F4800 X135.92 Y78.693
G1 F2400 X132.805 Y75.58 E307.95384
G0 F4800 X133.37 Y75.58
G1 F2400 X135.92 Y78.127 E308.01378
G0 F4800 X135.92 Y77.562
G1 F2400 X133.936 Y75.58 E308.06041
G0 F4800 X134.502 Y75.58
G1 F2400 X135.92 Y76.997 E308.09375
G0 F4800 X135.921 Y76.432
G1 F2400 X135.068 Y75.58 E308.1138
G0 F4800 X135.634 Y75.58
G1 F2400 X135.92 Y75.866 E308.12053
G0 F4800 X135.89 Y75.866
G1 F1500 E298.12053
;MESH:NONMESH
G0 F1800 X135.89 Y75.866 Z15.6
G0 F4800 X132.106 Y75.585
G0 X119.424 Y75.576
G0 X118.335 Y75.576
G0 X106 Y75.6
;TIME_ELAPSED:4569.138932
;LAYER:77
;TYPE:SUPPORT
G1 F1500 E308.12053
G1 F1800 X106 Y74.374 E308.1613
G1 X105.794 Y74.338 E308.16826
G1 X105.683 Y74.477 E308.17417
G1 X105.8 Y74.759 E308.18433
G1 X105.8 Y75.6 E308.2123
G1 X108 Y75.6 E308.28547
G1 X108 Y74.399 E308.32542
G1 X110 Y74.399 E308.39194
G1 X110 Y75.6 E308.43188
G1 X112 Y75.6 E308.4984
G1 X112 Y74.399 E308.53835
G1 X114 Y74.399 E308.60487
G1 X114 Y75.6 E308.64482
G1 X116 Y75.6 E308.71134
G1 X116 Y74.399 E308.75128
G1 X118 Y74.399 E308.8178
G1 X118 Y75.974 E308.87019
G1 F1500 E298.87019
G0 F4800 X118 Y149.626
G1 F1500 E308.87019
G1 F1800 X118 Y148.4 E308.91096
G1 X116 Y148.4 E308.97748
G1 X116 Y149.601 E309.01743
G1 X114 Y149.601 E309.08395
G1 X114 Y148.4 E309.12389
G1 X112 Y148.4 E309.19041
G1 X112 Y149.601 E309.23036
G1 X110 Y149.601 E309.29688
G1 X110 Y148.4 E309.33683
G1 X108 Y148.4 E309.40335
G1 X108 Y149.601 E309.44329
G1 X106.141 Y149.601 E309.50512
G1 X105.794 Y149.659 E309.51682
G1 X105.684 Y149.522 E309.52267
G1 X105.8 Y149.241 E309.53278
G1 X105.8 Y147.961 E309.57535
G1 X106 Y148.032 E309.58241
G1 X106 Y149.625 E309.63539
G1 F1500 E299.63539
;MESH:I2C_LED_BTN-Body.stl
G0 F4800 X104.423 Y149.172
G0 X92.315 Y148.446
G0 X90.721 Y148.2
;TYPE:WALL-INNER
G1 F1500 E309.63539
G1 F2400 X88.3 Y145.779 E309.74927
G1 X88.3 Y148.128 E309.8274
G1 X88.389 Y148.2 E309.83121
G1 X90.721 Y148.2 E309.90877
G0 F4800 X91.687 Y148.6
G1 F2400 X87.9 Y144.813 E310.0869
G1 X87.9 Y148.32 E310.20354
G1 X88.248 Y148.6 E310.2184
G1 X91.687 Y148.6 E310.33278
G0 F4800 X88.054 Y144.185
G0 X88.054 Y79.815
G0 X88.3 Y78.221
G1 F2400 X90.721 Y75.8 E310.44665
G1 X88.37 Y75.8 E310.52485
G1 X88.3 Y75.888 E310.52859
G1 X88.3 Y78.221 E310.60618
G0 F4800 X87.9 Y79.187
G1 F2400 X91.687 Y75.4 E310.78431
G1 X88.178 Y75.4 E310.90102
G1 X87.9 Y75.747 E310.91581
G1 X87.9 Y79.187 E311.03023
G0 F4800 X88.054 Y144.185
G0 X92.315 Y148.446
G0 X104.347 Y149
G1 F2400 X104.4 Y148.6 E311.04365
G1 X92.5 Y148.6 E311.43944
G1 X92.075 Y148.425 E311.45473
G1 X88.075 Y144.425 E311.64288
G1 X87.905 Y144.104 E311.65505
G1 X87.902 Y112.052 E312.73176
G1 X87.9 Y80 E313.80315
G1 X88.075 Y79.575 E313.81843
G1 X92.075 Y75.575 E314.00658
G1 X92.396 Y75.405 E314.01875
G1 X104.4 Y75.4 E314.421
G1 X104.349 Y75 E314.43442
G1 X87.985 Y75 E314.97868
G1 X87.5 Y75.607 E315.00453
G1 X87.5 Y148.512 E317.42936
G1 X88.108 Y149 E317.45529
G1 X104.347 Y149 E317.9954
G0 F4800 X104.513 Y149.4
;TYPE:WALL-OUTER
G1 F2400 X104.8 Y149.113 E318.0089
G1 X104.8 Y148.2 E318.03926
G1 X92.5 Y148.2 E318.44836
G1 X92.358 Y148.142 E318.45347
G1 X88.302 Y144.086 E318.64425
G1 X88.3 Y80 E320.77576
G1 X88.358 Y79.858 E320.78086
G1 X92.414 Y75.802 E320.97164
G1 X104.8 Y75.8 E321.3836
G1 X104.8 Y74.884 E321.41407
G1 X104.513 Y74.6 E321.4275
G1 X87.793 Y74.6 E321.9836
G1 X87.1 Y75.467 E322.02052
G1 X87.1 Y148.704 E324.45639
G1 X87.967 Y149.4 E324.49337
G1 X104.513 Y149.4 E325.04369
G0 F4800 X104.654 Y149.259
G0 X104.438 Y149.042
G0 X92.315 Y148.446
G0 X88.68 Y146.695
;TYPE:SKIN
G1 F1800 X88.68 Y147.21 E325.06082
G1 X88.938 Y146.953 E325.07294
G0 F4800 X88.68 Y147.21
G1 F1800 X88.68 Y147.776 E325.09176
G1 X89.221 Y147.236 E325.11718
G1 X89.503 Y147.519 E325.13047
G1 X89.202 Y147.82 E325.14463
G1 X89.768 Y147.82 E325.16346
G0 F4800 X88.054 Y144.185
G0 X88.054 Y79.815
G0 X88.68 Y76.18
G1 F1800 X88.68 Y76.5 E325.1741
G1 X89 Y76.18 E325.18915
G1 X89.566 Y76.18 E325.20798
G0 F4800 X88.68 Y77.065
G1 F1800 X89.566 Y76.18 E325.24963
G1 X89.805 Y76.18 E325.25758
G1 X88.68 Y77.305 E325.31049
G1 F1500 E315.31049
G0 F4800 X92.323 Y75.572
G0 X92.774 Y76.661
G0 X131.226 Y76.661
G0 X131.677 Y75.572
G0 X135.7 Y78.219
;TYPE:WALL-INNER
G1 F1500 E325.31049
G1 F2400 X135.7 Y75.889 E325.38799
G1 X135.628 Y75.8 E325.3918
G1 X133.279 Y75.8 E325.46992
G1 X135.7 Y78.219 E325.58375
G0 F4800 X136.1 Y79.184
G1 F2400 X136.1 Y75.748 E325.69804
G1 X135.82 Y75.4 E325.71289
G1 X132.313 Y75.4 E325.82953
G1 X136.1 Y79.184 E326.00759
G0 F4800 X135.946 Y144.185
G0 X133.279 Y148.2
G1 F2400 X135.609 Y148.2 E326.08509
G1 X135.7 Y148.127 E326.08897
G1 X135.7 Y145.781 E326.167
G1 X133.279 Y148.2 E326.28083
G0 F4800 X132.313 Y148.6
G1 F2400 X135.749 Y148.6 E326.39511
G1 X136.1 Y148.319 E326.41006
G1 X136.1 Y144.816 E326.52657
G1 X132.313 Y148.6 E326.70463
G0 F4800 X119.651 Y149
G1 F2400 X135.889 Y149 E327.24471
G1 X136.5 Y148.511 E327.27074
G1 X136.5 Y75.608 E329.6955
G1 X136.012 Y75 E329.72143
G1 X119.649 Y75 E330.26567
G1 X119.6 Y75.4 E330.27907
G1 X131.5 Y75.4 E330.67487
G1 X131.925 Y75.575 E330.69015
G1 X135.925 Y79.575 E330.8783
G1 X136.1 Y80 E330.89359
G1 X136.098 Y112.052 E331.96497
G1 X136.095 Y144.104 E333.04169
G1 X135.925 Y144.425 E333.05386
G1 X131.925 Y148.425 E333.24201
G1 X131.604 Y148.595 E333.25418
G1 X119.6 Y148.6 E333.65643
G1 X119.651 Y149 E333.66984
G0 F4800 X119.484 Y149.4
;TYPE:WALL-OUTER
G1 F2400 X136.029 Y149.4 E334.22013
G1 X136.9 Y148.703 E334.25723
G1 X136.9 Y75.467 E336.69307
G1 X136.204 Y74.6 E336.73005
G1 X119.483 Y74.6 E337.28619
G1 X119.2 Y74.883 E337.2995
G1 X119.2 Y75.8 E337.33
G1 X131.5 Y75.8 E337.7391
G1 X131.642 Y75.858 E337.74421
G1 X135.642 Y79.858 E337.93235
G1 X135.7 Y80 E337.93746
G1 X135.698 Y144.086 E340.06896
G1 X131.586 Y148.198 E340.26238
G1 X119.2 Y148.2 E340.67434
G1 X119.2 Y149.113 E340.70471
G1 X119.484 Y149.4 E340.71814
G0 F4800 X119.684 Y149.4
G0 X119.684 Y149.09
G0 X131.685 Y148.446
G0 X135.32 Y146.696
;TYPE:SKIN
G1 F1800 X134.195 Y147.82 E340.77103
G1 X134.457 Y147.82 E340.77974
G1 X135.32 Y146.957 E340.82034
G0 F4800 X134.457 Y147.82
G1 F1800 X135.023 Y147.82 E340.83916
G1 X135.32 Y147.523 E340.85313
G1 X135.32 Y147.82 E340.86301
G0 F4800 X135.946 Y144.185
G0 X135.946 Y79.815
G0 X134.255 Y76.18
G1 F1800 X134.821 Y76.18 E340.88183
G1 X134.508 Y76.493 E340.89656
G1 X134.791 Y76.776 E340.90987
G1 X135.32 Y76.247 E340.93475
G1 X135.32 Y76.812 E340.95354
G0 F4800 X135.074 Y77.058
G1 F1800 X135.32 Y76.812 E340.96511
G1 X135.32 Y77.304 E340.98148
G1 F1500 E330.98148
;MESH:NONMESH
G0 F1800 X135.32 Y77.304 Z15.8
G0 F4800 X131.677 Y75.572
G0 X131.226 Y76.661
G0 X118.347 Y76.653
G0 X106 Y75.6
;TIME_ELAPSED:4605.769295
;LAYER:78
;TYPE:SUPPORT
G1 F1500 E340.98148
G1 F1800 X106 Y74.374 E341.02226
G1 X105.794 Y74.338 E341.02921
G1 X105.683 Y74.477 E341.03513
G1 X105.8 Y74.759 E341.04528
G1 X105.8 Y75.6 E341.07325
G1 X108 Y75.6 E341.14643
G1 X108 Y74.399 E341.18637
G1 X110 Y74.399 E341.25289
G1 X110 Y75.6 E341.29284
G1 X112 Y75.6 E341.35936
G1 X112 Y74.399 E341.3993
G1 X114 Y74.399 E341.46582
G1 X114 Y75.6 E341.50577
G1 X116 Y75.6 E341.57229
G1 X116 Y74.399 E341.61223
G1 X118 Y74.399 E341.67875
G1 X118 Y75.974 E341.73114
G1 F1500 E331.73114
G0 F4800 X118 Y149.626
G1 F1500 E341.73114
G1 F1800 X118 Y148.4 E341.77192
G1 X116 Y148.4 E341.83844
G1 X116 Y149.601 E341.87838
G1 X114 Y149.601 E341.9449
G1 X114 Y148.4 E341.98485
G1 X112 Y148.4 E342.05137
G1 X112 Y149.601 E342.09131
G1 X110 Y149.601 E342.15783
G1 X110 Y148.4 E342.19778
G1 X108 Y148.4 E342.2643
G1 X108 Y149.601 E342.30424
G1 X106.141 Y149.601 E342.36607
G1 X105.794 Y149.659 E342.37778
G1 X105.684 Y149.522 E342.38362
G1 X105.8 Y149.241 E342.39373
G1 X105.8 Y147.963 E342.43624
G1 X106 Y148.034 E342.4433
G1 X106 Y149.625 E342.49621
G1 F1500 E332.49621
;MESH:I2C_LED_BTN-Body.stl
G0 F4800 X104.423 Y149.172
G0 X91.687 Y148.6
;TYPE:WALL-INNER
G1 F1500 E342.49621
G1 F2400 X87.9 Y144.813 E342.67434
G1 X87.9 Y148.32 E342.79099
G1 X88.248 Y148.6 E342.80584
G1 X91.687 Y148.6 E342.92022
G0 F4800 X88.054 Y144.185
G0 X87.9 Y79.187
G1 F2400 X91.687 Y75.4 E343.09835
G1 X88.178 Y75.4 E343.21506
G1 X87.9 Y75.747 E343.22985
G1 X87.9 Y79.187 E343.34426
G0 F4800 X88.054 Y144.185
G0 X92.315 Y148.446
G0 X104.347 Y149
G1 F2400 X104.4 Y148.6 E343.35768
G1 X92.5 Y148.6 E343.75348
G1 X92.075 Y148.425 E343.76877
G1 X88.075 Y144.425 E343.95692
G1 X87.905 Y144.104 E343.96909
G1 X87.902 Y112.052 E345.0458
G1 X87.9 Y80 E346.11719
G1 X88.075 Y79.575 E346.13247
G1 X92.075 Y75.575 E346.32062
G1 X92.396 Y75.405 E346.33279
G1 X104.4 Y75.4 E346.73504
G1 X104.349 Y75 E346.74845
G1 X87.985 Y75 E347.29272
G1 X87.5 Y75.607 E347.31856
G1 X87.5 Y148.512 E349.74339
G1 X88.108 Y149 E349.76932
G1 X104.347 Y149 E350.30944
G0 F4800 X104.513 Y149.4
;TYPE:WALL-OUTER
G1 F2400 X104.8 Y149.113 E350.32294
G1 X104.8 Y148.2 E350.3533
G1 X92.5 Y148.2 E350.7624
G1 X92.358 Y148.142 E350.7675
G1 X88.302 Y144.086 E350.95828
G1 X88.3 Y80 E353.08979
G1 X88.358 Y79.858 E353.0949
G1 X92.414 Y75.802 E353.28568
G1 X104.8 Y75.8 E353.69764
G1 X104.8 Y74.884 E353.7281
G1 X104.513 Y74.6 E353.74153
G1 X87.793 Y74.6 E354.29764
G1 X87.1 Y75.467 E354.33456
G1 X87.1 Y148.704 E356.77043
G1 X87.967 Y149.4 E356.80741
G1 X104.513 Y149.4 E357.35773
G0 F4800 X104.654 Y149.259
G0 X104.438 Y149.042
G0 X92.315 Y148.446
G0 X90.771 Y148.22
;TYPE:SKIN
G1 F1800 X88.279 Y145.729 E357.47492
G1 X88.279 Y145.979 E357.48324
G1 X90.52 Y148.22 E357.58865
G1 X89.955 Y148.22 E357.60744
G1 X88.279 Y146.545 E357.68625
G1 X88.279 Y147.111 E357.70508
G1 X89.389 Y148.22 E357.75726
G1 X88.823 Y148.22 E357.77609
G0 F4800 X88.279 Y147.676
G1 F1800 X88.823 Y148.22 E357.80168
G1 X88.382 Y148.22 E357.81635
G1 X88.28 Y148.138 E357.8207
G0 F4800 X88.054 Y144.185
G0 X88.054 Y79.815
G0 X90.771 Y75.78
G1 F1800 X90.488 Y75.781 E357.83011
G1 X90.629 Y75.921 E357.83672
G1 X90.346 Y76.204 E357.85003
G1 X89.923 Y75.781 E357.86993
G1 X89.357 Y75.781 E357.88875
G1 X90.063 Y76.487 E357.92196
G1 X89.781 Y76.77 E357.93525
G1 X88.791 Y75.781 E357.98179
G1 X88.36 Y75.781 E357.99613
G1 X88.3 Y75.855 E357.9993
G1 X89.498 Y77.053 E358.05565
G1 X89.215 Y77.336 E358.06896
G1 X88.279 Y76.4 E358.11298
G1 X88.279 Y76.966 E358.13181
G1 X88.932 Y77.618 E358.1625
G1 X88.649 Y77.901 E358.17581
G1 X88.279 Y77.531 E358.19322
G1 X88.279 Y78.097 E358.21204
G1 X88.366 Y78.184 E358.21613
G1 X88.279 Y78.271 E358.22023
G1 F1500 E348.22023
G0 F4800 X92.323 Y75.572
G0 X92.774 Y76.661
G0 X131.226 Y76.661
G0 X131.677 Y75.572
G0 X136.1 Y79.184
;TYPE:WALL-INNER
G1 F1500 E358.22023
G1 F2400 X136.1 Y75.748 E358.33451
G1 X135.82 Y75.4 E358.34936
G1 X132.313 Y75.4 E358.46601
G1 X136.1 Y79.184 E358.64407
G0 F4800 X135.946 Y144.185
G0 X132.313 Y148.6
G1 F2400 X135.749 Y148.6 E358.75835
G1 X136.1 Y148.319 E358.7733
G1 X136.1 Y144.816 E358.88981
G1 X132.313 Y148.6 E359.06787
G0 F4800 X119.651 Y149
G1 F2400 X135.889 Y149 E359.60795
G1 X136.5 Y148.511 E359.63398
G1 X136.5 Y75.608 E362.05874
G1 X136.012 Y75 E362.08467
G1 X119.649 Y75 E362.62891
G1 X119.6 Y75.4 E362.64231
G1 X131.5 Y75.4 E363.03811
G1 X131.925 Y75.575 E363.05339
G1 X135.925 Y79.575 E363.24154
G1 X136.1 Y80 E363.25683
G1 X136.098 Y112.052 E364.32821
G1 X136.095 Y144.104 E365.40493
G1 X135.925 Y144.425 E365.4171
G1 X131.925 Y148.425 E365.60525
G1 X131.604 Y148.595 E365.61742
G1 X119.6 Y148.6 E366.01967
G1 X119.651 Y149 E366.03308
G0 F4800 X119.484 Y149.4
;TYPE:WALL-OUTER
G1 F2400 X136.029 Y149.4 E366.58337
G1 X136.9 Y148.703 E366.62047
G1 X136.9 Y75.467 E369.05631
G1 X136.204 Y74.6 E369.09329
G1 X119.483 Y74.6 E369.64943
G1 X119.2 Y74.883 E369.66274
G1 X119.2 Y75.8 E369.69324
G1 X131.5 Y75.8 E370.10234
G1 X131.642 Y75.858 E370.10744
G1 X135.642 Y79.858 E370.29559
G1 X135.7 Y80 E370.30069
G1 X135.698 Y144.086 E372.4322
G1 X131.586 Y148.198 E372.62562
G1 X119.2 Y148.2 E373.03758
G1 X119.2 Y149.113 E373.06794
G1 X119.484 Y149.4 E373.08137
G0 F4800 X119.684 Y149.4
G0 X119.684 Y149.09
G0 X131.685 Y148.446
G0 X135.72 Y145.731
;TYPE:SKIN
G1 F1800 X135.634 Y145.817 E373.08542
G1 X135.72 Y145.902 E373.08944
G1 X135.72 Y146.468 E373.10827
G1 X135.352 Y146.1 E373.12558
G1 X135.069 Y146.382 E373.13886
G1 X135.72 Y147.034 E373.16951
G1 X135.72 Y147.599 E373.1883
G1 X134.786 Y146.665 E373.23223
G1 X134.503 Y146.948 E373.24554
G1 X135.704 Y148.149 E373.30204
G1 X135.616 Y148.219 E373.30578
G1 X135.209 Y148.219 E373.31931
G1 X134.219 Y147.23 E373.36586
G1 X133.937 Y147.513 E373.37914
G1 X134.643 Y148.219 E373.41235
G1 X134.077 Y148.219 E373.43118
G1 X133.654 Y147.796 E373.45107
G1 X133.371 Y148.079 E373.46438
G1 X133.512 Y148.219 E373.47099
G1 X133.229 Y148.219 E373.48041
G0 F4800 X135.946 Y144.185
G0 X135.946 Y79.815
G0 X135.72 Y75.882
G1 F1800 X135.638 Y75.78 E373.48476
G1 X135.177 Y75.78 E373.50009
G1 X135.72 Y76.323 E373.52563
G0 F4800 X135.177 Y75.78
G1 F1800 X134.611 Y75.78 E373.54446
G1 X135.72 Y76.889 E373.59662
G1 X135.72 Y77.454 E373.61541
G1 X134.046 Y75.78 E373.69415
G1 X133.48 Y75.78 E373.71298
G1 X135.72 Y78.02 E373.81834
G1 X135.72 Y78.269 E373.82662
G1 X133.23 Y75.78 E373.94372
G1 F1500 E363.94372
;MESH:NONMESH
G0 F1800 X133.23 Y75.78 Z16
G0 F4800 X131.84 Y75.577
G0 X119.424 Y75.576
G0 X118.335 Y75.576
G0 X106 Y75.6
;TIME_ELAPSED:4642.594390
;LAYER:79
;TYPE:SUPPORT
G1 F1500 E373.94372
G1 F1800 X106 Y74.374 E373.9845
G1 X105.794 Y74.338 E373.99145
G1 X105.683 Y74.477 E373.99737
G1 X105.8 Y74.759 E374.00753
G1 X105.8 Y75.6 E374.0355
G1 X108 Y75.6 E374.10867
G1 X108 Y74.399 E374.14862
G1 X110 Y74.399 E374.21514
G1 X110 Y75.6 E374.25508
G1 X112 Y75.6 E374.3216
G1 X112 Y74.399 E374.36155
G1 X114 Y74.399 E374.42807
G1 X114 Y75.6 E374.46801
G1 X116 Y75.6 E374.53453
G1 X116 Y74.399 E374.57448
G1 X118 Y74.399 E374.641
G1 X118 Y75.973 E374.69335
G1 F1500 E364.69335
G0 F4800 X118 Y149.626
G1 F1500 E374.69335
G1 F1800 X118 Y148.4 E374.73413
G1 X116 Y148.4 E374.80065
G1 X116 Y149.601 E374.84059
G1 X114 Y149.601 E374.90711
G1 X114 Y148.4 E374.94706
G1 X112 Y148.4 E375.01358
G1 X112 Y149.601 E375.05352
G1 X110 Y149.601 E375.12004
G1 X110 Y148.4 E375.15999
G1 X108 Y148.4 E375.22651
G1 X108 Y149.601 E375.26645
G1 X106.138 Y149.601 E375.32839
G1 X105.794 Y149.659 E375.33999
G1 X105.684 Y149.522 E375.34583
G1 X105.8 Y149.241 E375.35594
G1 X105.8 Y147.964 E375.39842
G1 X106 Y148.035 E375.40548
G1 X106 Y149.625 E375.45836
G1 F1500 E365.45836
;MESH:I2C_LED_BTN-Body.stl
G0 F4800 X104.423 Y149.172
G0 X92.315 Y148.446
G0 X90.721 Y148.2
;TYPE:WALL-INNER
G1 F1500 E375.45836
G1 F2400 X88.3 Y145.779 E375.57224
G1 X88.3 Y148.128 E375.65036
G1 X88.389 Y148.2 E375.65417
G1 X90.721 Y148.2 E375.73173
G0 F4800 X91.687 Y148.6
G1 F2400 X87.9 Y144.813 E375.90986
G1 X87.9 Y148.32 E376.02651
G1 X88.248 Y148.6 E376.04136
G1 X91.687 Y148.6 E376.15574
G0 F4800 X88.054 Y144.185
G0 X88.054 Y79.815
G0 X88.3 Y78.221
G1 F2400 X90.721 Y75.8 E376.26962
G1 X88.37 Y75.8 E376.34781
G1 X88.3 Y75.888 E376.35155
G1 X88.3 Y78.221 E376.42915
G0 F4800 X87.9 Y79.187
G1 F2400 X91.687 Y75.4 E376.60728
G1 X88.178 Y75.4 E376.72399
G1 X87.9 Y75.747 E376.73878
G1 X87.9 Y79.187 E376.85319
G0 F4800 X88.054 Y144.185
G0 X92.315 Y148.446
G0 X104.347 Y149
G1 F2400 X104.4 Y148.6 E376.86661
G1 X92.5 Y148.6 E377.26241
G1 X92.075 Y148.425 E377.27769
G1 X88.075 Y144.425 E377.46584
G1 X87.905 Y144.104 E377.47801
G1 X87.902 Y112.052 E378.55473
G1 X87.9 Y80 E379.62611
G1 X88.075 Y79.575 E379.6414
G1 X92.075 Y75.575 E379.82955
G1 X92.396 Y75.405 E379.84172
G1 X104.4 Y75.4 E380.24397
G1 X104.349 Y75 E380.25738
G1 X87.985 Y75 E380.80165
G1 X87.5 Y75.607 E380.82749
G1 X87.5 Y148.512 E383.25232
G1 X88.108 Y149 E383.27825
G1 X104.347 Y149 E383.81836
G0 F4800 X104.513 Y149.4
;TYPE:WALL-OUTER
G1 F2400 X104.8 Y149.113 E383.83186
G1 X104.8 Y148.2 E383.86223
G1 X92.5 Y148.2 E384.27133
G1 X92.358 Y148.142 E384.27643
G1 X88.302 Y144.086 E384.46721
G1 X88.3 Y80 E386.59872
G1 X88.358 Y79.858 E386.60382
G1 X92.414 Y75.802 E386.7946
G1 X104.8 Y75.8 E387.20656
G1 X104.8 Y74.884 E387.23703
G1 X104.513 Y74.6 E387.25046
G1 X87.793 Y74.6 E387.80657
G1 X87.1 Y75.467 E387.84349
G1 X87.1 Y148.704 E390.27936
G1 X87.967 Y149.4 E390.31634
G1 X104.513 Y149.4 E390.86666
G0 F4800 X104.654 Y149.259
G0 X104.438 Y149.042
G0 X92.315 Y148.446
G0 X88.68 Y146.695
;TYPE:SKIN
G1 F1800 X88.68 Y147.21 E390.88379
G1 X88.938 Y146.953 E390.8959
G0 F4800 X88.68 Y147.21
G1 F1800 X88.68 Y147.776 E390.91473
G1 X89.221 Y147.236 E390.94015
G1 X89.503 Y147.519 E390.95344
G1 X89.202 Y147.82 E390.9676
G1 X89.768 Y147.82 E390.98642
G0 F4800 X88.054 Y144.185
G0 X88.054 Y79.815
G0 X88.68 Y76.18
G1 F1800 X88.68 Y76.5 E390.99706
G1 X89 Y76.18 E391.01212
G1 X89.566 Y76.18 E391.03094
G0 F4800 X88.68 Y77.065
G1 F1800 X89.566 Y76.18 E391.07259
G1 X89.805 Y76.18 E391.08054
G1 X88.68 Y77.305 E391.13346
G1 F1500 E381.13346
G0 F4800 X92.323 Y75.572
G0 X92.774 Y76.661
G0 X131.226 Y76.661
G0 X131.677 Y75.572
G0 X135.7 Y78.219
;TYPE:WALL-INNER
G1 F1500 E391.13346
G1 F2400 X135.7 Y75.889 E391.21095
G1 X135.628 Y75.8 E391.21476
G1 X133.279 Y75.8 E391.29289
G1 X135.7 Y78.219 E391.40672
G0 F4800 X136.1 Y79.184
G1 F2400 X136.1 Y75.748 E391.521
G1 X135.82 Y75.4 E391.53586
G1 X132.313 Y75.4 E391.6525
G1 X136.1 Y79.184 E391.83056
G0 F4800 X135.946 Y144.185
G0 X133.279 Y148.2
G1 F2400 X135.609 Y148.2 E391.90805
G1 X135.7 Y148.127 E391.91193
G1 X135.7 Y145.781 E391.98996
G1 X133.279 Y148.2 E392.10379
G0 F4800 X132.313 Y148.6
G1 F2400 X135.749 Y148.6 E392.21807
G1 X136.1 Y148.319 E392.23303
G1 X136.1 Y144.816 E392.34954
G1 X132.313 Y148.6 E392.5276
G0 F4800 X119.651 Y149
G1 F2400 X135.889 Y149 E393.06768
G1 X136.5 Y148.511 E393.0937
G1 X136.5 Y75.608 E395.51847
G1 X136.012 Y75 E395.5444
G1 X119.649 Y75 E396.08863
G1 X119.6 Y75.4 E396.10204
G1 X131.5 Y75.4 E396.49783
G1 X131.925 Y75.575 E396.51312
G1 X135.925 Y79.575 E396.70127
G1 X136.1 Y80 E396.71655
G1 X136.098 Y112.052 E397.78794
G1 X136.095 Y144.104 E398.86465
G1 X135.925 Y144.425 E398.87682
G1 X131.925 Y148.425 E399.06497
G1 X131.604 Y148.595 E399.07714
G1 X119.6 Y148.6 E399.47939
G1 X119.651 Y149 E399.49281
G0 F4800 X119.484 Y149.4
;TYPE:WALL-OUTER
G1 F2400 X136.029 Y149.4 E400.04309
G1 X136.9 Y148.703 E400.0802
G1 X136.9 Y75.467 E402.51604
G1 X136.204 Y74.6 E402.55302
G1 X119.483 Y74.6 E403.10916
G1 X119.2 Y74.883 E403.12247
G1 X119.2 Y75.8 E403.15297
G1 X131.5 Y75.8 E403.56207
G1 X131.642 Y75.858 E403.56717
G1 X135.642 Y79.858 E403.75532
G1 X135.7 Y80 E403.76042
G1 X135.698 Y144.086 E405.89193
G1 X131.586 Y148.198 E406.08535
G1 X119.2 Y148.2 E406.49731
G1 X119.2 Y149.113 E406.52767
G1 X119.484 Y149.4 E406.5411
G0 F4800 X119.684 Y149.4
G0 X119.684 Y149.09
G0 X131.685 Y148.446
G0 X135.32 Y146.696
;TYPE:SKIN
G1 F1800 X134.195 Y147.82 E406.59399
G1 X134.457 Y147.82 E406.60271
G1 X135.32 Y146.957 E406.6433
G0 F4800 X134.457 Y147.82
G1 F1800 X135.023 Y147.82 E406.66213
G1 X135.32 Y147.523 E406.6761
G1 X135.32 Y147.82 E406.68597
G0 F4800 X135.946 Y144.185
G0 X135.946 Y79.815
G0 X134.255 Y76.18
G1 F1800 X134.821 Y76.18 E406.7048
G1 X134.508 Y76.493 E406.71952
G1 X134.791 Y76.776 E406.73283
G1 X135.32 Y76.247 E406.75772
G1 X135.32 Y76.812 E406.77651
G0 F4800 X135.074 Y77.058
G1 F1800 X135.32 Y76.812 E406.78808
G1 X135.32 Y77.304 E406.80444
G1 F1500 E396.80444
;MESH:NONMESH
G0 F1800 X135.32 Y77.304 Z16.2
G0 F4800 X131.677 Y75.572
G0 X131.226 Y76.661
G0 X118.347 Y76.653
G0 X106 Y75.6
;TIME_ELAPSED:4679.224537
;LAYER:80
;TYPE:SUPPORT
G1 F1500 E406.80444
G1 F1800 X106 Y74.374 E406.84522
G1 X105.794 Y74.338 E406.85218
G1 X105.683 Y74.477 E406.85809
G1 X105.8 Y74.759 E406.86825
G1 X105.8 Y75.6 E406.89622
G1 X108 Y75.6 E406.96939
G1 X108 Y74.399 E407.00934
G1 X110 Y74.399 E407.07586
G1 X110 Y75.6 E407.1158
G1 X112 Y75.6 E407.18232
G1 X112 Y74.399 E407.22227
G1 X114 Y74.399 E407.28879
G1 X114 Y75.6 E407.32873
G1 X116 Y75.6 E407.39525
G1 X116 Y74.399 E407.4352
G1 X118 Y74.399 E407.50172
G1 X118 Y75.966 E407.55384
G1 F1500 E397.55384
G0 F4800 X118 Y149.626
G1 F1500 E407.55384
G1 F1800 X118 Y148.4 E407.59461
G1 X116 Y148.4 E407.66113
G1 X116 Y149.601 E407.70108
G1 X114 Y149.601 E407.7676
G1 X114 Y148.4 E407.80755
G1 X112 Y148.4 E407.87407
G1 X112 Y149.601 E407.91401
G1 X110 Y149.601 E407.98053
G1 X110 Y148.4 E408.02048
G1 X108 Y148.4 E408.087
G1 X108 Y149.601 E408.12694
G1 X106.134 Y149.601 E408.18901
G1 X105.795 Y149.658 E408.20044
G1 X105.684 Y149.519 E408.20636
G1 X105.8 Y149.241 E408.21638
G1 X105.8 Y147.962 E408.25892
G1 X106 Y148.034 E408.26599
G1 X106 Y149.624 E408.31887
G1 F1500 E398.31887
;MESH:I2C_LED_BTN-Body.stl
G0 F4800 X104.423 Y149.172
G0 X91.687 Y148.6
;TYPE:WALL-INNER
G1 F1500 E408.31887
G1 F2400 X87.9 Y144.813 E408.497
G1 X87.9 Y148.32 E408.61364
G1 X88.248 Y148.6 E408.6285
G1 X91.687 Y148.6 E408.74288
G0 F4800 X88.054 Y144.185
G0 X87.9 Y79.187
G1 F2400 X91.687 Y75.4 E408.92101
G1 X88.178 Y75.4 E409.03772
G1 X87.9 Y75.747 E409.05251
G1 X87.9 Y79.187 E409.16692
G0 F4800 X88.054 Y144.185
G0 X92.315 Y148.446
G0 X104.347 Y149
G1 F2400 X104.4 Y148.6 E409.18034
G1 X92.5 Y148.6 E409.57614
G1 X92.075 Y148.425 E409.59142
G1 X88.075 Y144.425 E409.77957
G1 X87.905 Y144.104 E409.79174
G1 X87.902 Y112.052 E410.86846
G1 X87.9 Y80 E411.93984
G1 X88.075 Y79.575 E411.95513
G1 X92.075 Y75.575 E412.14328
G1 X92.396 Y75.405 E412.15545
G1 X104.4 Y75.4 E412.5577
G1 X104.349 Y75 E412.57111
G1 X87.985 Y75 E413.11538
G1 X87.5 Y75.607 E413.14122
G1 X87.5 Y148.512 E415.56605
G1 X88.108 Y149 E415.59198
G1 X104.347 Y149 E416.13209
G0 F4800 X104.513 Y149.4
;TYPE:WALL-OUTER
G1 F2400 X104.8 Y149.113 E416.14559
G1 X104.8 Y148.2 E416.17596
G1 X92.5 Y148.2 E416.58506
G1 X92.358 Y148.142 E416.59016
G1 X88.302 Y144.086 E416.78094
G1 X88.3 Y80 E418.91245
G1 X88.358 Y79.858 E418.91755
G1 X92.414 Y75.802 E419.10833
G1 X104.8 Y75.8 E419.52029
G1 X104.8 Y74.884 E419.55076
G1 X104.513 Y74.6 E419.56419
G1 X87.793 Y74.6 E420.1203
G1 X87.1 Y75.467 E420.15721
G1 X87.1 Y148.704 E422.59309
G1 X87.967 Y149.4 E422.63007
G1 X104.513 Y149.4 E423.18039
G0 F4800 X104.654 Y149.259
G0 X104.438 Y149.042
G0 X92.315 Y148.446
G0 X90.771 Y148.22
;TYPE:SKIN
G1 F1800 X88.279 Y145.729 E423.29758
G1 X88.279 Y145.979 E423.3059
G1 X90.52 Y148.22 E423.41131
G1 X89.955 Y148.22 E423.4301
G1 X88.279 Y146.545 E423.50891
G1 X88.279 Y147.111 E423.52773
G1 X89.389 Y148.22 E423.57992
G1 X88.823 Y148.22 E423.59875
G0 F4800 X88.279 Y147.676
G1 F1800 X88.823 Y148.22 E423.62433
G1 X88.382 Y148.22 E423.639
G1 X88.28 Y148.138 E423.64335
G0 F4800 X88.054 Y144.185
G0 X88.054 Y79.815
G0 X90.771 Y75.78
G1 F1800 X90.488 Y75.781 E423.65277
G1 X90.629 Y75.921 E423.65938
G1 X90.346 Y76.204 E423.67269
G1 X89.923 Y75.781 E423.69258
G1 X89.357 Y75.781 E423.71141
G1 X90.063 Y76.487 E423.74462
G1 X89.781 Y76.77 E423.75791
G1 X88.791 Y75.781 E423.80445
G1 X88.36 Y75.781 E423.81878
G1 X88.3 Y75.855 E423.82195
G1 X89.498 Y77.053 E423.8783
G1 X89.215 Y77.336 E423.89161
G1 X88.279 Y76.4 E423.93564
G1 X88.279 Y76.966 E423.95447
G1 X88.932 Y77.618 E423.98516
G1 X88.649 Y77.901 E423.99847
G1 X88.279 Y77.531 E424.01587
G1 X88.279 Y78.097 E424.0347
G1 X88.366 Y78.184 E424.03879
G1 X88.279 Y78.271 E424.04288
G1 F1500 E414.04288
G0 F4800 X92.323 Y75.572
G0 X92.774 Y76.661
G0 X131.226 Y76.661
G0 X131.677 Y75.572
G0 X136.1 Y79.184
;TYPE:WALL-INNER
G1 F1500 E424.04288
G1 F2400 X136.1 Y75.748 E424.15716
G1 X135.82 Y75.4 E424.17202
G1 X132.313 Y75.4 E424.28866
G1 X136.1 Y79.184 E424.46672
G0 F4800 X135.946 Y144.185
G0 X132.313 Y148.6
G1 F2400 X135.749 Y148.6 E424.581
G1 X136.1 Y148.319 E424.59596
G1 X136.1 Y144.816 E424.71247
G1 X132.313 Y148.6 E424.89053
G0 F4800 X119.651 Y149
G1 F2400 X135.889 Y149 E425.4306
G1 X136.5 Y148.511 E425.45663
G1 X136.5 Y75.608 E427.8814
G1 X136.012 Y75 E427.90733
G1 X119.649 Y75 E428.45156
G1 X119.6 Y75.4 E428.46497
G1 X131.5 Y75.4 E428.86076
G1 X131.925 Y75.575 E428.87605
G1 X135.925 Y79.575 E429.0642
G1 X136.1 Y80 E429.07948
G1 X136.098 Y112.052 E430.15087
G1 X136.095 Y144.104 E431.22758
G1 X135.925 Y144.425 E431.23975
G1 X131.925 Y148.425 E431.4279
G1 X131.604 Y148.595 E431.44007
G1 X119.6 Y148.6 E431.84232
G1 X119.651 Y149 E431.85573
G0 F4800 X119.484 Y149.4
;TYPE:WALL-OUTER
G1 F2400 X136.029 Y149.4 E432.40602
G1 X136.9 Y148.703 E432.44313
G1 X136.9 Y75.467 E434.87897
G1 X136.204 Y74.6 E434.91594
G1 X119.483 Y74.6 E435.47209
G1 X119.2 Y74.883 E435.4854
G1 X119.2 Y75.8 E435.5159
G1 X131.5 Y75.8 E435.925
G1 X131.642 Y75.858 E435.9301
G1 X135.642 Y79.858 E436.11825
G1 X135.7 Y80 E436.12335
G1 X135.698 Y144.086 E438.25486
G1 X131.586 Y148.198 E438.44827
G1 X119.2 Y148.2 E438.86023
G1 X119.2 Y149.113 E438.8906
G1 X119.484 Y149.4 E438.90403
G0 F4800 X119.684 Y149.4
G0 X119.684 Y149.09
G0 X131.685 Y148.446
G0 X135.72 Y145.731
;TYPE:SKIN
G1 F1800 X135.634 Y145.817 E438.90807
G1 X135.72 Y145.902 E438.9121
G1 X135.72 Y146.468 E438.93092
G1 X135.352 Y146.1 E438.94823
G1 X135.069 Y146.382 E438.96152
G1 X135.72 Y147.034 E438.99216
G1 X135.72 Y147.599 E439.01096
G1 X134.786 Y146.665 E439.05489
G1 X134.503 Y146.948 E439.0682
G1 X135.704 Y148.149 E439.12469
G1 X135.616 Y148.219 E439.12843
G1 X135.209 Y148.219 E439.14197
G1 X134.219 Y147.23 E439.18851
G1 X133.937 Y147.513 E439.2018
G1 X134.643 Y148.219 E439.23501
G1 X134.077 Y148.219 E439.25383
G1 X133.654 Y147.796 E439.27373
G1 X133.371 Y148.079 E439.28704
G1 X133.512 Y148.219 E439.29365
G1 X133.229 Y148.219 E439.30306
G0 F4800 X135.946 Y144.185
G0 X135.946 Y79.815
G0 X135.72 Y75.882
G1 F1800 X135.638 Y75.78 E439.30741
G1 X135.177 Y75.78 E439.32275
G1 X135.72 Y76.323 E439.34829
G0 F4800 X135.177 Y75.78
G1 F1800 X134.611 Y75.78 E439.36711
G1 X135.72 Y76.889 E439.41928
G1 X135.72 Y77.454 E439.43807
G1 X134.046 Y75.78 E439.51681
G1 X133.48 Y75.78 E439.53564
G1 X135.72 Y78.02 E439.641
G1 X135.72 Y78.269 E439.64928
G1 X133.23 Y75.78 E439.76638
G1 F1500 E429.76638
;MESH:NONMESH
G0 F1800 X133.23 Y75.78 Z16.4
G0 F4800 X131.84 Y75.577
G0 X119.424 Y75.576
G0 X118.335 Y75.576
G0 X106 Y75.6
;TIME_ELAPSED:4716.049426
;LAYER:81
;TYPE:SUPPORT
G1 F1500 E439.76638
G1 F1800 X106 Y74.374 E439.80715
G1 X105.794 Y74.338 E439.81411
G1 X105.683 Y74.477 E439.82003
G1 X105.8 Y74.759 E439.83018
G1 X105.8 Y75.6 E439.85815
G1 X108 Y75.6 E439.93133
G1 X108 Y74.399 E439.97127
G1 X110 Y74.399 E440.03779
G1 X110 Y75.6 E440.07774
G1 X112 Y75.6 E440.14426
G1 X112 Y74.399 E440.1842
G1 X114 Y74.399 E440.25072
G1 X114 Y75.6 E440.29067
G1 X116 Y75.6 E440.35719
G1 X116 Y74.399 E440.39713
G1 X118 Y74.399 E440.46365
G1 X118 Y75.947 E440.51514
G1 F1500 E430.51514
G0 F4800 X118 Y149.626
G1 F1500 E440.51514
G1 F1800 X118 Y148.4 E440.55592
G1 X116 Y148.4 E440.62244
G1 X116 Y149.601 E440.66238
G1 X114 Y149.601 E440.7289
G1 X114 Y148.4 E440.76885
G1 X112 Y148.4 E440.83537
G1 X112 Y149.601 E440.87531
G1 X110 Y149.601 E440.94183
G1 X110 Y148.4 E440.98178
G1 X108 Y148.4 E441.0483
G1 X108 Y149.601 E441.08825
G1 X106.134 Y149.601 E441.15031
G1 X105.794 Y149.659 E441.16178
G1 X105.683 Y149.52 E441.1677
G1 X105.8 Y149.241 E441.17776
G1 X105.8 Y147.962 E441.2203
G1 X106 Y148.034 E441.22737
G1 X106 Y149.624 E441.28025
G1 F1500 E431.28025
;MESH:I2C_LED_BTN-Body.stl
G0 F4800 X104.423 Y149.172
G0 X92.315 Y148.446
G0 X90.721 Y148.2
;TYPE:WALL-INNER
G1 F1500 E441.28025
G1 F2400 X88.3 Y145.779 E441.39413
G1 X88.3 Y148.128 E441.47226
G1 X88.389 Y148.2 E441.47607
G1 X90.721 Y148.2 E441.55363
G0 F4800 X91.687 Y148.6
G1 F2400 X87.9 Y144.813 E441.73176
G1 X87.9 Y148.32 E441.8484
G1 X88.248 Y148.6 E441.86326
G1 X91.687 Y148.6 E441.97764
G0 F4800 X88.054 Y144.185
G0 X88.054 Y79.815
G0 X88.3 Y78.221
G1 F2400 X90.721 Y75.8 E442.09151
G1 X88.37 Y75.8 E442.16971
G1 X88.3 Y75.888 E442.17345
G1 X88.3 Y78.221 E442.25104
G0 F4800 X87.9 Y79.187
G1 F2400 X91.687 Y75.4 E442.42917
G1 X88.178 Y75.4 E442.54588
G1 X87.9 Y75.747 E442.56067
G1 X87.9 Y79.187 E442.67509
G0 F4800 X88.054 Y144.185
G0 X92.315 Y148.446
G0 X104.347 Y149
G1 F2400 X104.4 Y148.6 E442.68851
G1 X92.5 Y148.6 E443.0843
G1 X92.075 Y148.425 E443.09959
G1 X88.075 Y144.425 E443.28774
G1 X87.905 Y144.104 E443.29991
G1 X87.902 Y112.052 E444.37662
G1 X87.9 Y80 E445.44801
G1 X88.075 Y79.575 E445.46329
G1 X92.075 Y75.575 E445.65144
G1 X92.396 Y75.405 E445.66361
G1 X104.4 Y75.4 E446.06586
G1 X104.349 Y75 E446.07927
G1 X87.985 Y75 E446.62354
G1 X87.5 Y75.607 E446.64939
G1 X87.5 Y148.512 E449.07422
G1 X88.108 Y149 E449.10015
G1 X104.347 Y149 E449.64026
G0 F4800 X104.513 Y149.4
;TYPE:WALL-OUTER
G1 F2400 X104.8 Y149.113 E449.65376
G1 X104.8 Y148.2 E449.68412
G1 X92.5 Y148.2 E450.09322
G1 X92.358 Y148.142 E450.09833
G1 X88.302 Y144.086 E450.28911
G1 X88.3 Y80 E452.42062
G1 X88.358 Y79.858 E452.42572
G1 X92.414 Y75.802 E452.6165
G1 X104.8 Y75.8 E453.02846
G1 X104.8 Y74.884 E453.05893
G1 X104.513 Y74.6 E453.07235
G1 X87.793 Y74.6 E453.62846
G1 X87.1 Y75.467 E453.66538
G1 X87.1 Y148.704 E456.10125
G1 X87.967 Y149.4 E456.13823
G1 X104.513 Y149.4 E456.68855
G0 F4800 X104.654 Y149.259
G0 X104.438 Y149.042
G0 X92.315 Y148.446
G0 X88.68 Y146.695
;TYPE:SKIN
G1 F1800 X88.68 Y147.21 E456.70568
G1 X88.938 Y146.953 E456.7178
G0 F4800 X88.68 Y147.21
G1 F1800 X88.68 Y147.776 E456.73662
G1 X89.221 Y147.236 E456.76204
G1 X89.503 Y147.519 E456.77533
G1 X89.202 Y147.82 E456.78949
G1 X89.768 Y147.82 E456.80832
G0 F4800 X88.054 Y144.185
G0 X88.054 Y79.815
G0 X88.68 Y76.18
G1 F1800 X88.68 Y76.5 E456.81896
G1 X89 Y76.18 E456.83401
G1 X89.566 Y76.18 E456.85284
G0 F4800 X88.68 Y77.065
G1 F1800 X89.566 Y76.18 E456.89449
G1 X89.805 Y76.18 E456.90244
G1 X88.68 Y77.305 E456.95535
G1 F1500 E446.95535
G0 F4800 X92.323 Y75.572
G0 X92.774 Y76.661
G0 X131.226 Y76.661
G0 X131.677 Y75.572
G0 X135.7 Y78.219
;TYPE:WALL-INNER
G1 F1500 E456.95535
G1 F2400 X135.7 Y75.889 E457.03285
G1 X135.628 Y75.8 E457.03666
G1 X133.279 Y75.8 E457.11478
G1 X135.7 Y78.219 E457.22861
G0 F4800 X136.1 Y79.184
G1 F2400 X136.1 Y75.748 E457.3429
G1 X135.82 Y75.4 E457.35775
G1 X132.313 Y75.4 E457.47439
G1 X136.1 Y79.184 E457.65245
G0 F4800 X135.946 Y144.185
G0 X133.279 Y148.2
G1 F2400 X135.609 Y148.2 E457.72995
G1 X135.7 Y148.127 E457.73383
G1 X135.7 Y145.781 E457.81186
G1 X133.279 Y148.2 E457.92569
G0 F4800 X132.313 Y148.6
G1 F2400 X135.749 Y148.6 E458.03997
G1 X136.1 Y148.319 E458.05492
G1 X136.1 Y144.816 E458.17143
G1 X132.313 Y148.6 E458.34949
G0 F4800 X119.651 Y149
G1 F2400 X135.889 Y149 E458.88957
G1 X136.5 Y148.511 E458.9156
G1 X136.5 Y75.608 E461.34036
G1 X136.012 Y75 E461.36629
G1 X119.649 Y75 E461.91053
G1 X119.6 Y75.4 E461.92393
G1 X131.5 Y75.4 E462.31973
G1 X131.925 Y75.575 E462.33501
G1 X135.925 Y79.575 E462.52316
G1 X136.1 Y80 E462.53845
G1 X136.098 Y112.052 E463.60983
G1 X136.095 Y144.104 E464.68655
G1 X135.925 Y144.425 E464.69872
G1 X131.925 Y148.425 E464.88687
G1 X131.604 Y148.595 E464.89904
G1 X119.6 Y148.6 E465.30129
G1 X119.651 Y149 E465.3147
G0 F4800 X119.484 Y149.4
;TYPE:WALL-OUTER
G1 F2400 X136.029 Y149.4 E465.86499
G1 X136.9 Y148.703 E465.90209
G1 X136.9 Y75.467 E468.33793
G1 X136.204 Y74.6 E468.37491
G1 X119.483 Y74.6 E468.93105
G1 X119.2 Y74.883 E468.94436
G1 X119.2 Y75.8 E468.97486
G1 X131.5 Y75.8 E469.38396
G1 X131.642 Y75.858 E469.38907
G1 X135.642 Y79.858 E469.57721
G1 X135.7 Y80 E469.58231
G1 X135.698 Y144.086 E471.71382
G1 X131.586 Y148.198 E471.90724
G1 X119.2 Y148.2 E472.3192
G1 X119.2 Y149.113 E472.34957
G1 X119.484 Y149.4 E472.363
G0 F4800 X119.684 Y149.4
G0 X119.684 Y149.09
G0 X131.685 Y148.446
G0 X135.32 Y146.696
;TYPE:SKIN
G1 F1800 X134.195 Y147.82 E472.41589
G1 X134.457 Y147.82 E472.4246
G1 X135.32 Y146.957 E472.4652
G0 F4800 X134.457 Y147.82
G1 F1800 X135.023 Y147.82 E472.48402
G1 X135.32 Y147.523 E472.49799
G1 X135.32 Y147.82 E472.50787
G0 F4800 X135.946 Y144.185
G0 X135.946 Y79.815
G0 X134.255 Y76.18
G1 F1800 X134.821 Y76.18 E472.52669
G1 X134.508 Y76.493 E472.54142
G1 X134.791 Y76.776 E472.55473
G1 X135.32 Y76.247 E472.57961
G1 X135.32 Y76.812 E472.5984
G0 F4800 X135.074 Y77.058
G1 F1800 X135.32 Y76.812 E472.60997
G1 X135.32 Y77.304 E472.62634
G1 F1500 E462.62634
;MESH:NONMESH
G0 F1800 X135.32 Y77.304 Z16.6
G0 F4800 X131.677 Y75.572
G0 X131.226 Y76.661
G0 X118.347 Y76.653
G0 X106 Y75.6
;TIME_ELAPSED:4752.679148
;LAYER:82
;TYPE:SUPPORT
G1 F1500 E472.62634
G1 F1800 X106 Y74.374 E472.66711
G1 X105.794 Y74.338 E472.67407
G1 X105.683 Y74.477 E472.67999
G1 X105.8 Y74.759 E472.69014
G1 X105.8 Y75.6 E472.71811
G1 X108 Y75.6 E472.79129
G1 X108 Y74.399 E472.83123
G1 X110 Y74.399 E472.89775
G1 X110 Y75.6 E472.9377
G1 X112 Y75.6 E473.00422
G1 X112 Y74.399 E473.04416
G1 X114 Y74.399 E473.11068
G1 X114 Y75.6 E473.15063
G1 X116 Y75.6 E473.21715
G1 X116 Y74.399 E473.25709
G1 X118 Y74.399 E473.32361
G1 X118 Y75.964 E473.37567
G1 F1500 E463.37567
G0 F4800 X118 Y149.626
G1 F1500 E473.37567
G1 F1800 X118 Y148.4 E473.41644
G1 X116 Y148.4 E473.48296
G1 X116 Y149.601 E473.52291
G1 X114 Y149.601 E473.58943
G1 X114 Y148.4 E473.62937
G1 X112 Y148.4 E473.69589
G1 X112 Y149.601 E473.73584
G1 X110 Y149.601 E473.80236
G1 X110 Y148.4 E473.84231
G1 X108 Y148.4 E473.90883
G1 X108 Y149.601 E473.94877
G1 X106.132 Y149.601 E474.0109
G1 X105.794 Y149.659 E474.02231
G1 X105.683 Y149.521 E474.0282
G1 X105.8 Y149.241 E474.03829
G1 X105.8 Y147.963 E474.0808
G1 X106 Y148.035 E474.08787
G1 X106 Y149.624 E474.14072
G1 F1500 E464.14072
;MESH:I2C_LED_BTN-Body.stl
G0 F4800 X104.423 Y149.172
G0 X91.687 Y148.6
;TYPE:WALL-INNER
G1 F1500 E474.14072
G1 F2400 X87.9 Y144.813 E474.31885
G1 X87.9 Y148.32 E474.43549
G1 X88.248 Y148.6 E474.45035
G1 X91.687 Y148.6 E474.56473
G0 F4800 X88.054 Y144.185
G0 X87.9 Y79.187
G1 F2400 X91.687 Y75.4 E474.74286
G1 X88.178 Y75.4 E474.85957
G1 X87.9 Y75.747 E474.87435
G1 X87.9 Y79.187 E474.98877
G0 F4800 X88.054 Y144.185
G0 X92.315 Y148.446
G0 X104.347 Y149
G1 F2400 X104.4 Y148.6 E475.00219
G1 X92.5 Y148.6 E475.39799
G1 X92.075 Y148.425 E475.41327
G1 X88.075 Y144.425 E475.60142
G1 X87.905 Y144.104 E475.61359
G1 X87.902 Y112.052 E476.69031
G1 X87.9 Y80 E477.76169
G1 X88.075 Y79.575 E477.77698
G1 X92.075 Y75.575 E477.96513
G1 X92.396 Y75.405 E477.9773
G1 X104.4 Y75.4 E478.37955
G1 X104.349 Y75 E478.39296
G1 X87.985 Y75 E478.93723
G1 X87.5 Y75.607 E478.96307
G1 X87.5 Y148.512 E481.3879
G1 X88.108 Y149 E481.41383
G1 X104.347 Y149 E481.95394
G0 F4800 X104.513 Y149.4
;TYPE:WALL-OUTER
G1 F2400 X104.8 Y149.113 E481.96744
G1 X104.8 Y148.2 E481.99781
G1 X92.5 Y148.2 E482.40691
G1 X92.358 Y148.142 E482.41201
G1 X88.302 Y144.086 E482.60279
G1 X88.3 Y80 E484.7343
G1 X88.358 Y79.858 E484.7394
G1 X92.414 Y75.802 E484.93018
G1 X104.8 Y75.8 E485.34214
G1 X104.8 Y74.884 E485.37261
G1 X104.513 Y74.6 E485.38604
G1 X87.793 Y74.6 E485.94215
G1 X87.1 Y75.467 E485.97906
G1 X87.1 Y148.704 E488.41494
G1 X87.967 Y149.4 E488.45191
G1 X104.513 Y149.4 E489.00224
G0 F4800 X104.654 Y149.259
G0 X104.438 Y149.042
G0 X92.315 Y148.446
G0 X90.771 Y148.22
;TYPE:SKIN
G1 F1800 X88.279 Y145.729 E489.11943
G1 X88.279 Y145.979 E489.12774
G1 X90.52 Y148.22 E489.23315
G1 X89.955 Y148.22 E489.25195
G1 X88.279 Y146.545 E489.33076
G1 X88.279 Y147.111 E489.34958
G1 X89.389 Y148.22 E489.40177
G1 X88.823 Y148.22 E489.42059
G0 F4800 X88.279 Y147.676
G1 F1800 X88.823 Y148.22 E489.44618
G1 X88.382 Y148.22 E489.46085
G1 X88.28 Y148.138 E489.4652
G0 F4800 X88.054 Y144.185
G0 X88.054 Y79.815
G0 X90.771 Y75.78
G1 F1800 X90.488 Y75.781 E489.47462
G1 X90.629 Y75.921 E489.48122
G1 X90.346 Y76.204 E489.49454
G1 X89.923 Y75.781 E489.51443
G1 X89.357 Y75.781 E489.53326
G1 X90.063 Y76.487 E489.56647
G1 X89.781 Y76.77 E489.57975
G1 X88.791 Y75.781 E489.6263
G1 X88.36 Y75.781 E489.64063
G1 X88.3 Y75.855 E489.6438
G1 X89.498 Y77.053 E489.70015
G1 X89.215 Y77.336 E489.71346
G1 X88.279 Y76.4 E489.75749
G1 X88.279 Y76.966 E489.77631
G1 X88.932 Y77.618 E489.80701
G1 X88.649 Y77.901 E489.82032
G1 X88.279 Y77.531 E489.83772
G1 X88.279 Y78.097 E489.85655
G1 X88.366 Y78.184 E489.86064
G1 X88.279 Y78.271 E489.86473
G1 F1500 E479.86473
G0 F4800 X92.323 Y75.572
G0 X92.774 Y76.661
G0 X131.226 Y76.661
G0 X131.677 Y75.572
G0 X136.1 Y79.184
;TYPE:WALL-INNER
G1 F1500 E489.86473
G1 F2400 X136.1 Y75.748 E489.97901
G1 X135.82 Y75.4 E489.99387
G1 X132.313 Y75.4 E490.11051
G1 X136.1 Y79.184 E490.28857
G0 F4800 X135.946 Y144.185
G0 X132.313 Y148.6
G1 F2400 X135.749 Y148.6 E490.40285
G1 X136.1 Y148.319 E490.41781
G1 X136.1 Y144.816 E490.53432
G1 X132.313 Y148.6 E490.71238
G0 F4800 X119.651 Y149
G1 F2400 X135.889 Y149 E491.25245
G1 X136.5 Y148.511 E491.27848
G1 X136.5 Y75.608 E493.70325
G1 X136.012 Y75 E493.72918
G1 X119.649 Y75 E494.27341
G1 X119.6 Y75.4 E494.28682
G1 X131.5 Y75.4 E494.68261
G1 X131.925 Y75.575 E494.6979
G1 X135.925 Y79.575 E494.88605
G1 X136.1 Y80 E494.90133
G1 X136.098 Y112.052 E495.97272
G1 X136.095 Y144.104 E497.04943
G1 X135.925 Y144.425 E497.0616
G1 X131.925 Y148.425 E497.24975
G1 X131.604 Y148.595 E497.26192
G1 X119.6 Y148.6 E497.66417
G1 X119.651 Y149 E497.67758
G0 F4800 X119.484 Y149.4
;TYPE:WALL-OUTER
G1 F2400 X136.029 Y149.4 E498.22787
G1 X136.9 Y148.703 E498.26498
G1 X136.9 Y75.467 E500.70081
G1 X136.204 Y74.6 E500.73779
G1 X119.483 Y74.6 E501.29394
G1 X119.2 Y74.883 E501.30725
G1 X119.2 Y75.8 E501.33775
G1 X131.5 Y75.8 E501.74685
G1 X131.642 Y75.858 E501.75195
G1 X135.642 Y79.858 E501.9401
G1 X135.7 Y80 E501.9452
G1 X135.698 Y144.086 E504.07671
G1 X131.586 Y148.198 E504.27012
G1 X119.2 Y148.2 E504.68208
G1 X119.2 Y149.113 E504.71245
G1 X119.484 Y149.4 E504.72588
G0 F4800 X119.684 Y149.4
G0 X119.684 Y149.09
G0 X131.685 Y148.446
G0 X135.72 Y145.731
;TYPE:SKIN
G1 F1800 X135.634 Y145.817 E504.72992
G1 X135.72 Y145.902 E504.73395
G1 X135.72 Y146.468 E504.75277
G1 X135.352 Y146.1 E504.77008
G1 X135.069 Y146.382 E504.78337
G1 X135.72 Y147.034 E504.81401
G1 X135.72 Y147.599 E504.83281
G1 X134.786 Y146.665 E504.87674
G1 X134.503 Y146.948 E504.89005
G1 X135.704 Y148.149 E504.94654
G1 X135.616 Y148.219 E504.95028
G1 X135.209 Y148.219 E504.96382
G1 X134.219 Y147.23 E505.01036
G1 X133.937 Y147.513 E505.02365
G1 X134.643 Y148.219 E505.05686
G1 X134.077 Y148.219 E505.07568
G1 X133.654 Y147.796 E505.09558
G1 X133.371 Y148.079 E505.10889
G1 X133.512 Y148.219 E505.1155
G1 X133.229 Y148.219 E505.12491
G0 F4800 X135.946 Y144.185
G0 X135.946 Y79.815
G0 X135.72 Y75.882
G1 F1800 X135.638 Y75.78 E505.12926
G1 X135.177 Y75.78 E505.1446
G1 X135.72 Y76.323 E505.17014
G0 F4800 X135.177 Y75.78
G1 F1800 X134.611 Y75.78 E505.18896
G1 X135.72 Y76.889 E505.24113
G1 X135.72 Y77.454 E505.25992
G1 X134.046 Y75.78 E505.33866
G1 X133.48 Y75.78 E505.35748
G1 X135.72 Y78.02 E505.46285
G1 X135.72 Y78.269 E505.47113
G1 X133.23 Y75.78 E505.58823
G1 F1500 E495.58823
;MESH:NONMESH
G0 F1800 X133.23 Y75.78 Z16.8
G0 F4800 X131.84 Y75.577
G0 X119.424 Y75.576
G0 X118.335 Y75.576
G0 X106 Y75.6
;TIME_ELAPSED:4789.504027
;LAYER:83
;TYPE:SUPPORT
G1 F1500 E505.58823
G1 F1800 X106 Y74.374 E505.629
G1 X105.794 Y74.338 E505.63596
G1 X105.683 Y74.477 E505.64188
G1 X105.8 Y74.759 E505.65203
G1 X105.8 Y75.6 E505.68
G1 X108 Y75.6 E505.75317
G1 X108 Y74.399 E505.79312
G1 X110 Y74.399 E505.85964
G1 X110 Y75.6 E505.89959
G1 X112 Y75.6 E505.96611
G1 X112 Y74.399 E506.00605
G1 X114 Y74.399 E506.07257
G1 X114 Y75.6 E506.11252
G1 X116 Y75.6 E506.17904
G1 X116 Y74.399 E506.21898
G1 X118 Y74.399 E506.2855
G1 X118 Y75.964 E506.33756
G1 F1500 E496.33756
G0 F4800 X118 Y149.626
G1 F1500 E506.33756
G1 F1800 X118 Y148.4 E506.37833
G1 X116 Y148.4 E506.44485
G1 X116 Y149.601 E506.4848
G1 X114 Y149.601 E506.55132
G1 X114 Y148.4 E506.59126
G1 X112 Y148.4 E506.65778
G1 X112 Y149.601 E506.69773
G1 X110 Y149.601 E506.76425
G1 X110 Y148.4 E506.80419
G1 X108 Y148.4 E506.87071
G1 X108 Y149.601 E506.91066
G1 X106.131 Y149.601 E506.97282
G1 X105.794 Y149.659 E506.9842
G1 X105.683 Y149.521 E506.99009
G1 X105.8 Y149.241 E507.00018
G1 X105.8 Y147.963 E507.04269
G1 X106 Y148.035 E507.04976
G1 X106 Y149.624 E507.10261
G1 F1500 E497.10261
;MESH:I2C_LED_BTN-Body.stl
G0 F4800 X104.423 Y149.172
G0 X92.315 Y148.446
G0 X90.721 Y148.2
;TYPE:WALL-INNER
G1 F1500 E507.10261
G1 F2400 X88.3 Y145.779 E507.21648
G1 X88.3 Y148.128 E507.29461
G1 X88.389 Y148.2 E507.29842
G1 X90.721 Y148.2 E507.37598
G0 F4800 X91.687 Y148.6
G1 F2400 X87.9 Y144.813 E507.55411
G1 X87.9 Y148.32 E507.67075
G1 X88.248 Y148.6 E507.68561
G1 X91.687 Y148.6 E507.79999
G0 F4800 X88.218 Y148.282
G0 X88.054 Y144.185
G0 X88.054 Y79.815
G0 X88.3 Y78.221
G1 F2400 X90.721 Y75.8 E507.91387
G1 X88.37 Y75.8 E507.99206
G1 X88.3 Y75.888 E507.9958
G1 X88.3 Y78.221 E508.0734
G0 F4800 X87.9 Y79.187
G1 F2400 X91.687 Y75.4 E508.25153
G1 X88.178 Y75.4 E508.36824
G1 X87.9 Y75.747 E508.38303
G1 X87.9 Y79.187 E508.49744
G0 F4800 X88.054 Y144.185
G0 X88.218 Y148.282
G0 X91.931 Y148.404
G0 X104.347 Y149
G1 F2400 X104.4 Y148.6 E508.51086
G1 X92.5 Y148.6 E508.90666
G1 X92.075 Y148.425 E508.92194
G1 X88.075 Y144.425 E509.11009
G1 X87.905 Y144.104 E509.12226
G1 X87.902 Y112.052 E510.19898
G1 X87.9 Y80 E511.27036
G1 X88.075 Y79.575 E511.28565
G1 X92.075 Y75.575 E511.4738
G1 X92.396 Y75.405 E511.48597
G1 X104.4 Y75.4 E511.88822
G1 X104.349 Y75 E511.90163
G1 X87.985 Y75 E512.4459
G1 X87.5 Y75.607 E512.47174
G1 X87.5 Y148.512 E514.89657
G1 X88.108 Y149 E514.9225
G1 X104.347 Y149 E515.46261
G0 F4800 X104.513 Y149.4
;TYPE:WALL-OUTER
G1 F2400 X104.8 Y149.113 E515.47611
G1 X104.8 Y148.2 E515.50648
G1 X92.5 Y148.2 E515.91558
G1 X92.358 Y148.142 E515.92068
G1 X88.302 Y144.086 E516.11146
G1 X88.3 Y80 E518.24297
G1 X88.358 Y79.858 E518.24807
G1 X92.414 Y75.802 E518.43885
G1 X104.8 Y75.8 E518.85081
G1 X104.8 Y74.884 E518.88128
G1 X104.513 Y74.6 E518.89471
G1 X87.793 Y74.6 E519.45082
G1 X87.1 Y75.467 E519.48773
G1 X87.1 Y148.704 E521.92361
G1 X87.967 Y149.4 E521.96059
G1 X104.513 Y149.4 E522.51091
G0 F4800 X104.654 Y149.259
G0 X104.438 Y149.042
G0 X92.315 Y148.446
G0 X88.218 Y148.282
G0 X88.4 Y146.695
G0 X88.68 Y146.695
;TYPE:SKIN
G1 F1800 X88.68 Y147.21 E522.52804
G1 X88.938 Y146.953 E522.54015
G0 F4800 X88.68 Y147.21
G1 F1800 X88.68 Y147.776 E522.55897
G1 X89.221 Y147.236 E522.5844
G1 X89.503 Y147.519 E522.59769
G1 X89.202 Y147.82 E522.61184
G1 X89.768 Y147.82 E522.63067
G0 F4800 X89.768 Y148.1
G0 X88.218 Y148.282
G0 X88.054 Y144.185
G0 X88.054 Y79.815
G0 X88.218 Y75.718
G0 X88.68 Y76.18
G1 F1800 X88.68 Y76.5 E522.64131
G1 X89 Y76.18 E522.65636
G1 X89.566 Y76.18 E522.67519
G0 F4800 X89.566 Y75.9
G0 X88.472 Y75.972
G0 X88.4 Y77.065
G0 X88.68 Y77.065
G1 F1800 X89.566 Y76.18 E522.71684
G1 X89.805 Y76.18 E522.72479
G1 X88.68 Y77.305 E522.77771
G0 F4800 X88.11 Y77.305
G1 F1500 E512.77771
G0 F4800 X88.48 Y78.219
G0 X89.851 Y79.589
G0 X134.15 Y79.59
G0 X135.52 Y78.219
G0 X135.7 Y78.219
;TYPE:WALL-INNER
G1 F1500 E522.77771
G1 F2400 X135.7 Y75.889 E522.8552
G1 X135.628 Y75.8 E522.85901
G1 X133.279 Y75.8 E522.93714
G1 X135.7 Y78.219 E523.05097
G0 F4800 X136.1 Y79.184
G1 F2400 X136.1 Y75.748 E523.16525
G1 X135.82 Y75.4 E523.18011
G1 X132.313 Y75.4 E523.29675
G1 X136.1 Y79.184 E523.47481
G0 F4800 X135.946 Y144.185
G0 X135.782 Y148.282
G0 X133.279 Y148.2
G1 F2400 X135.609 Y148.2 E523.5523
G1 X135.7 Y148.127 E523.55618
G1 X135.7 Y145.781 E523.63421
G1 X133.279 Y148.2 E523.74804
G0 F4800 X132.313 Y148.6
G1 F2400 X135.749 Y148.6 E523.86232
G1 X136.1 Y148.319 E523.87728
G1 X136.1 Y144.816 E523.99379
G1 X132.313 Y148.6 E524.17185
G0 F4800 X119.651 Y149
G1 F2400 X135.889 Y149 E524.71192
G1 X136.5 Y148.511 E524.73795
G1 X136.5 Y75.608 E527.16272
G1 X136.012 Y75 E527.18865
G1 X119.649 Y75 E527.73288
G1 X119.6 Y75.4 E527.74629
G1 X131.5 Y75.4 E528.14208
G1 X131.925 Y75.575 E528.15737
G1 X135.925 Y79.575 E528.34552
G1 X136.1 Y80 E528.3608
G1 X136.098 Y112.052 E529.43219
G1 X136.095 Y144.104 E530.5089
G1 X135.925 Y144.425 E530.52107
G1 X131.925 Y148.425 E530.70922
G1 X131.604 Y148.595 E530.72139
G1 X119.6 Y148.6 E531.12364
G1 X119.651 Y149 E531.13705
G0 F4800 X119.484 Y149.4
;TYPE:WALL-OUTER
G1 F2400 X136.029 Y149.4 E531.68734
G1 X136.9 Y148.703 E531.72445
G1 X136.9 Y75.467 E534.16029
G1 X136.204 Y74.6 E534.19726
G1 X119.483 Y74.6 E534.75341
G1 X119.2 Y74.883 E534.76672
G1 X119.2 Y75.8 E534.79722
G1 X131.5 Y75.8 E535.20632
G1 X131.642 Y75.858 E535.21142
G1 X135.642 Y79.858 E535.39957
G1 X135.7 Y80 E535.40467
G1 X135.698 Y144.086 E537.53618
G1 X131.586 Y148.198 E537.72959
G1 X119.2 Y148.2 E538.14155
G1 X119.2 Y149.113 E538.17192
G1 X119.484 Y149.4 E538.18535
G0 F4800 X119.684 Y149.4
G0 X119.684 Y149.09
G0 X131.685 Y148.446
G0 X135.782 Y148.282
G0 X135.6 Y146.696
G0 X135.32 Y146.696
;TYPE:SKIN
G1 F1800 X134.195 Y147.82 E538.23824
G1 X134.457 Y147.82 E538.24696
G1 X135.32 Y146.957 E538.28755
G0 F4800 X135.6 Y146.957
G0 X135.528 Y148.028
G0 X134.457 Y148.1
G0 X134.457 Y147.82
G1 F1800 X135.023 Y147.82 E538.30637
G1 X135.32 Y147.523 E538.32034
G1 X135.32 Y147.82 E538.33022
G0 F4800 X135.6 Y147.82
G0 X135.946 Y144.185
G0 X135.946 Y79.815
G0 X135.782 Y75.718
G0 X134.255 Y75.9
G0 X134.255 Y76.18
G1 F1800 X134.821 Y76.18 E538.34905
G1 X134.508 Y76.493 E538.36377
G1 X134.791 Y76.776 E538.37708
G1 X135.32 Y76.247 E538.40196
G1 X135.32 Y76.812 E538.42076
G0 F4800 X135.074 Y77.058
G1 F1800 X135.32 Y76.812 E538.43233
G1 X135.32 Y77.304 E538.44869
G0 F4800 X135.89 Y77.304
G1 F1500 E528.44869
;MESH:NONMESH
G0 F1800 X135.89 Y77.304 Z17
G0 F4800 X135.528 Y75.972
G0 X131.685 Y75.554
G0 X125.259 Y75.55
G0 X125.259 Y76.665
G0 X118.347 Y76.653
G0 X106 Y75.6
;TIME_ELAPSED:4826.534322
;LAYER:84
;TYPE:SUPPORT
G1 F1500 E538.44869
G1 F1800 X106 Y74.374 E538.48947
G1 X105.794 Y74.338 E538.49642
G1 X105.683 Y74.477 E538.50234
G1 X105.8 Y74.759 E538.5125
G1 X105.8 Y75.6 E538.54047
G1 X108 Y75.6 E538.61364
G1 X108 Y74.399 E538.65358
G1 X110 Y74.399 E538.72011
G1 X110 Y75.6 E538.76005
G1 X112 Y75.6 E538.82657
G1 X112 Y74.399 E538.86652
G1 X114 Y74.399 E538.93304
G1 X114 Y75.6 E538.97298
G1 X116 Y75.6 E539.0395
G1 X116 Y74.399 E539.07945
G1 X118 Y74.399 E539.14597
G1 X118 Y75.94 E539.19722
G1 F1500 E529.19722
G0 F4800 X118 Y149.626
G1 F1500 E539.19722
G1 F1800 X118 Y148.4 E539.238
G1 X116 Y148.4 E539.30452
G1 X116 Y149.601 E539.34446
G1 X114 Y149.601 E539.41098
G1 X114 Y148.4 E539.45093
G1 X112 Y148.4 E539.51745
G1 X112 Y149.601 E539.5574
G1 X110 Y149.601 E539.62392
G1 X110 Y148.4 E539.66386
G1 X108 Y148.4 E539.73038
G1 X108 Y149.601 E539.77033
G1 X106.129 Y149.601 E539.83256
G1 X105.794 Y149.659 E539.84386
G1 X105.683 Y149.521 E539.84976
G1 X105.8 Y149.241 E539.85985
G1 X105.8 Y147.975 E539.90196
G1 X106 Y148.044 E539.90899
G1 X106 Y149.624 E539.96154
G1 F1500 E529.96154
;MESH:I2C_LED_BTN-Body.stl
G0 F4800 X104.572 Y149.023
G0 X104.347 Y149
;TYPE:WALL-INNER
G1 F1500 E539.96154
G1 F2400 X104.4 Y148.6 E539.97496
G1 X96.351 Y148.6 E540.24535
G1 X88.302 Y148.6 E540.52042
G1 X87.905 Y148.252 E540.53904
G1 X87.904 Y136.177 E540.97278
G1 X87.903 Y124.102 E541.40352
G1 X87.902 Y112.027 E541.83224
G1 X87.902 Y99.952 E542.25795
G1 X87.901 Y87.877 E542.68166
G1 X87.9 Y75.802 E543.10235
G1 X88.245 Y75.405 E543.12076
G1 X96.323 Y75.402 E543.40153
G1 X104.401 Y75.4 E543.67424
G1 X104.349 Y75 E543.68765
G1 X96.181 Y75.002 E543.9634
G1 X88.013 Y75.003 E544.24729
G1 X87.5 Y75.632 E544.2757
G1 X87.501 Y87.774 E544.69873
G1 X87.501 Y99.916 E545.12479
G1 X87.502 Y112.058 E545.55286
G1 X87.502 Y124.2 E545.98397
G1 X87.503 Y136.342 E546.41709
G1 X87.503 Y148.484 E546.85324
G1 X88.131 Y149 E546.8819
G1 X96.239 Y149 E547.15899
G1 X104.347 Y149 E547.43136
G0 F4800 X104.513 Y149.4
;TYPE:WALL-OUTER
G1 F2400 X104.8 Y149.113 E547.44486
G1 X104.8 Y148.2 E547.47522
G1 X88.399 Y148.2 E548.02072
G1 X88.302 Y148.035 E548.02709
G1 X88.3 Y75.901 E550.42627
G1 X88.465 Y75.802 E550.43267
G1 X104.8 Y75.8 E550.97598
G1 X104.8 Y74.884 E551.00644
G1 X104.513 Y74.6 E551.01987
G1 X87.793 Y74.6 E551.57598
G1 X87.101 Y75.467 E551.61288
G1 X87.1 Y148.704 E554.04875
G1 X87.967 Y149.4 E554.08573
G1 X104.513 Y149.4 E554.63605
G0 F4800 X104.654 Y149.259
G1 F1500 E544.63605
G0 F4800 X104.438 Y149.042
G0 X105.665 Y149
G0 X118.335 Y149
G0 X119.651 Y149
;TYPE:WALL-INNER
G1 F1500 E554.63605
G1 F2400 X127.76 Y148.998 E554.90846
G1 X135.869 Y148.997 E555.18558
G1 X136.497 Y148.482 E555.21421
G1 X136.498 Y136.34 E555.65036
G1 X136.498 Y124.198 E556.08349
G1 X136.499 Y112.056 E556.51459
G1 X136.499 Y99.914 E556.94267
G1 X136.5 Y87.772 E557.36872
G1 X136.5 Y75.63 E557.79175
G1 X136 Y75.024 E557.8201
G1 X135.5 Y75 E557.83775
G1 X119.649 Y75 E558.36496
G1 X119.6 Y75.4 E558.37836
G1 X127.674 Y75.4 E558.65093
G1 X135.748 Y75.4 E558.93156
G1 X136.1 Y75.801 E558.95024
G1 X136.099 Y87.877 E559.37096
G1 X136.098 Y99.953 E559.7947
G1 X136.097 Y112.029 E560.22045
G1 X136.097 Y124.105 E560.64921
G1 X136.096 Y136.181 E561.07998
G1 X136.095 Y148.257 E561.51376
G1 X135.692 Y148.595 E561.53231
G1 X127.646 Y148.598 E561.80728
G1 X119.6 Y148.6 E562.07756
G1 X119.651 Y149 E562.09098
G0 F4800 X119.484 Y149.4
;TYPE:WALL-OUTER
G1 F2400 X136.029 Y149.4 E562.64126
G1 X136.9 Y148.703 E562.67837
G1 X136.9 Y75.467 E565.11421
G1 X136.204 Y74.6 E565.15119
G1 X119.483 Y74.6 E565.70733
G1 X119.2 Y74.883 E565.72064
G1 X119.2 Y75.8 E565.75114
G1 X135.573 Y75.8 E566.29571
G1 X135.7 Y75.939 E566.30197
G1 X135.698 Y148.035 E568.69989
G1 X135.535 Y148.198 E568.70756
G1 X119.2 Y148.2 E569.25086
G1 X119.2 Y149.113 E569.28123
G1 X119.484 Y149.4 E569.29466
G0 F4800 X119.684 Y149.4
G1 F1500 E559.29466
;MESH:NONMESH
G0 F1800 X119.684 Y149.4 Z17.2
G0 F4800 X119.684 Y149.09
G0 X119.424 Y148.424
G0 X119.424 Y147.335
G0 X106 Y75.6
;TIME_ELAPSED:4855.233018
;LAYER:85
;TYPE:SUPPORT
G1 F1500 E569.29466
G1 F1800 X106 Y74.374 E569.33544
G1 X105.793 Y74.338 E569.34243
G1 X105.682 Y74.477 E569.34834
G1 X105.8 Y74.759 E569.35851
G1 X105.8 Y75.6 E569.38648
G1 X108 Y75.6 E569.45965
G1 X108 Y74.399 E569.4996
G1 X110 Y74.399 E569.56612
G1 X110 Y75.6 E569.60606
G1 X112 Y75.6 E569.67258
G1 X112 Y74.399 E569.71253
G1 X114 Y74.399 E569.77905
G1 X114 Y75.6 E569.819
G1 X116 Y75.6 E569.88552
G1 X116 Y74.399 E569.92546
G1 X118 Y74.399 E569.99198
G1 X118 Y75.938 E570.04317
G1 F1500 E560.04317
G0 F4800 X118 Y149.626
G1 F1500 E570.04317
G1 F1800 X118 Y148.4 E570.08395
G1 X116 Y148.4 E570.15047
G1 X116 Y149.601 E570.19041
G1 X114 Y149.601 E570.25693
G1 X114 Y148.4 E570.29688
G1 X112 Y148.4 E570.3634
G1 X112 Y149.601 E570.40334
G1 X110 Y149.601 E570.46986
G1 X110 Y148.4 E570.50981
G1 X108 Y148.4 E570.57633
G1 X108 Y149.601 E570.61627
G1 X106.128 Y149.601 E570.67854
G1 X105.794 Y149.659 E570.68981
G1 X105.683 Y149.521 E570.6957
G1 X105.8 Y149.241 E570.7058
G1 X105.8 Y148.001 E570.74704
G1 X106 Y148.063 E570.754
G1 X106 Y149.624 E570.80592
G1 F1500 E560.80592
;MESH:I2C_LED_BTN-Body.stl
G0 F4800 X104.572 Y149.023
G0 X104.347 Y149
;TYPE:WALL-INNER
G1 F1500 E570.80592
G1 F2400 X104.4 Y148.6 E570.81934
G1 X96.351 Y148.6 E571.08973
G1 X88.302 Y148.6 E571.3648
G1 X87.905 Y148.252 E571.38342
G1 X87.904 Y136.177 E571.81716
G1 X87.903 Y124.102 E572.24789
G1 X87.902 Y112.027 E572.67662
G1 X87.902 Y99.952 E573.10233
G1 X87.901 Y87.877 E573.52604
G1 X87.9 Y75.802 E573.94673
G1 X88.245 Y75.405 E573.96514
G1 X96.323 Y75.402 E574.24591
G1 X104.401 Y75.4 E574.51861
G1 X104.349 Y75 E574.53203
G1 X96.181 Y75.002 E574.80777
G1 X88.013 Y75.003 E575.09167
G1 X87.5 Y75.632 E575.12008
G1 X87.501 Y87.774 E575.54311
G1 X87.501 Y99.916 E575.96916
G1 X87.502 Y112.058 E576.39724
G1 X87.502 Y124.2 E576.82834
G1 X87.503 Y136.342 E577.26147
G1 X87.503 Y148.484 E577.69762
G1 X88.131 Y149 E577.72627
G1 X96.239 Y149 E578.00336
G1 X104.347 Y149 E578.27573
G0 F4800 X104.513 Y149.4
;TYPE:WALL-OUTER
G1 F2400 X104.8 Y149.113 E578.28923
G1 X104.8 Y148.2 E578.3196
G1 X88.399 Y148.2 E578.8651
G1 X88.302 Y148.035 E578.87147
G1 X88.3 Y75.901 E581.27065
G1 X88.465 Y75.802 E581.27705
G1 X104.8 Y75.8 E581.82036
G1 X104.8 Y74.884 E581.85082
G1 X104.513 Y74.6 E581.86425
G1 X87.793 Y74.6 E582.42036
G1 X87.101 Y75.467 E582.45726
G1 X87.1 Y148.704 E584.89313
G1 X87.967 Y149.4 E584.93011
G1 X104.513 Y149.4 E585.48043
G0 F4800 X104.654 Y149.259
G1 F1500 E575.48043
G0 F4800 X104.438 Y149.042
G0 X105.665 Y149
G0 X118.335 Y149
G0 X119.651 Y149
;TYPE:WALL-INNER
G1 F1500 E585.48043
G1 F2400 X127.76 Y148.998 E585.75283
G1 X135.869 Y148.997 E586.02996
G1 X136.497 Y148.482 E586.05859
G1 X136.498 Y136.34 E586.49474
G1 X136.498 Y124.198 E586.92787
G1 X136.499 Y112.056 E587.35897
G1 X136.499 Y99.914 E587.78705
G1 X136.5 Y87.772 E588.2131
G1 X136.5 Y75.63 E588.63613
G1 X136 Y75.024 E588.66448
G1 X135.5 Y75 E588.68213
G1 X119.649 Y75 E589.20933
G1 X119.6 Y75.4 E589.22274
G1 X127.674 Y75.4 E589.49531
G1 X135.748 Y75.4 E589.77594
G1 X136.1 Y75.801 E589.79461
G1 X136.099 Y87.877 E590.21534
G1 X136.098 Y99.953 E590.63908
G1 X136.097 Y112.029 E591.06483
G1 X136.097 Y124.105 E591.49359
G1 X136.096 Y136.181 E591.92436
G1 X136.095 Y148.257 E592.35814
G1 X135.692 Y148.595 E592.37669
G1 X127.646 Y148.598 E592.65166
G1 X119.6 Y148.6 E592.92194
G1 X119.651 Y149 E592.93535
G0 F4800 X119.484 Y149.4
;TYPE:WALL-OUTER
G1 F2400 X136.029 Y149.4 E593.48564
G1 X136.9 Y148.703 E593.52275
G1 X136.9 Y75.467 E595.95859
G1 X136.204 Y74.6 E595.99556
G1 X119.483 Y74.6 E596.55171
G1 X119.2 Y74.883 E596.56502
G1 X119.2 Y75.8 E596.59552
G1 X135.573 Y75.8 E597.14009
G1 X135.7 Y75.939 E597.14635
G1 X135.698 Y148.035 E599.54427
G1 X135.535 Y148.198 E599.55194
G1 X119.2 Y148.2 E600.09524
G1 X119.2 Y149.113 E600.12561
G1 X119.484 Y149.4 E600.13904
G0 F4800 X119.684 Y149.4
G1 F1500 E590.13904
;MESH:NONMESH
G0 F1800 X119.684 Y149.4 Z17.4
G0 F4800 X119.684 Y149.09
G0 X119.424 Y148.424
G0 X119.424 Y147.335
G0 X106 Y75.6
;TIME_ELAPSED:4883.930194
;LAYER:86
;TYPE:SUPPORT
G1 F1500 E600.13904
G1 F1800 X106 Y74.375 E600.17978
G1 X105.793 Y74.339 E600.18677
G1 X105.682 Y74.478 E600.19269
G1 X105.8 Y74.76 E600.20285
G1 X105.8 Y75.6 E600.23079
G1 X108 Y75.6 E600.30396
G1 X108 Y74.399 E600.34391
G1 X110 Y74.399 E600.41043
G1 X110 Y75.6 E600.45038
G1 X112 Y75.6 E600.5169
G1 X112 Y74.399 E600.55684
G1 X114 Y74.399 E600.62336
G1 X114 Y75.6 E600.66331
G1 X116 Y75.6 E600.72983
G1 X116 Y74.399 E600.76977
G1 X118 Y74.399 E600.83629
G1 X118 Y75.957 E600.88811
G1 F1500 E590.88811
G0 F4800 X118 Y149.625
G1 F1500 E600.88811
G1 F1800 X118 Y148.4 E600.92886
G1 X116 Y148.4 E600.99538
G1 X116 Y149.601 E601.03532
G1 X114 Y149.601 E601.10184
G1 X114 Y148.4 E601.14179
G1 X112 Y148.4 E601.20831
G1 X112 Y149.601 E601.24825
G1 X110 Y149.601 E601.31477
G1 X110 Y148.4 E601.35472
G1 X108 Y148.4 E601.42124
G1 X108 Y149.601 E601.46118
G1 X106.126 Y149.601 E601.52351
G1 X105.795 Y149.658 E601.53469
G1 X105.685 Y149.519 E601.54058
G1 X105.8 Y149.241 E601.55059
G1 X105.8 Y147.955 E601.59336
G1 X106 Y148.045 E601.60065
G1 X106 Y149.623 E601.65314
G1 F1500 E591.65314
;MESH:I2C_LED_BTN-Body.stl
G0 F4800 X104.572 Y149.023
G0 X104.347 Y149
;TYPE:WALL-INNER
G1 F1500 E601.65314
G1 F2400 X104.4 Y148.6 E601.66656
G1 X96.351 Y148.6 E601.93695
G1 X88.302 Y148.6 E602.21202
G1 X87.905 Y148.252 E602.23063
G1 X87.904 Y136.177 E602.66438
G1 X87.903 Y124.102 E603.09511
G1 X87.902 Y112.027 E603.52384
G1 X87.902 Y99.952 E603.94955
G1 X87.901 Y87.877 E604.37325
G1 X87.9 Y75.802 E604.79395
G1 X88.245 Y75.405 E604.81236
G1 X96.323 Y75.402 E605.09313
G1 X104.401 Y75.4 E605.36583
G1 X104.349 Y75 E605.37925
G1 X96.181 Y75.002 E605.65499
G1 X88.013 Y75.003 E605.93888
G1 X87.5 Y75.632 E605.9673
G1 X87.501 Y87.774 E606.39033
G1 X87.501 Y99.916 E606.81638
G1 X87.502 Y112.058 E607.24446
G1 X87.502 Y124.2 E607.67556
G1 X87.503 Y136.342 E608.10868
G1 X87.503 Y148.484 E608.54484
G1 X88.131 Y149 E608.57349
G1 X96.239 Y149 E608.85058
G1 X104.347 Y149 E609.12295
G0 F4800 X104.513 Y149.4
;TYPE:WALL-OUTER
G1 F2400 X104.8 Y149.113 E609.13645
G1 X104.8 Y148.2 E609.16682
G1 X88.399 Y148.2 E609.71232
G1 X88.302 Y148.035 E609.71868
G1 X88.3 Y75.901 E612.11787
G1 X88.465 Y75.802 E612.12427
G1 X104.8 Y75.8 E612.66757
G1 X104.8 Y74.884 E612.69804
G1 X104.513 Y74.6 E612.71147
G1 X87.793 Y74.6 E613.26758
G1 X87.101 Y75.467 E613.30447
G1 X87.1 Y148.704 E615.74035
G1 X87.967 Y149.4 E615.77733
G1 X104.513 Y149.4 E616.32765
G0 F4800 X104.654 Y149.259
G1 F1500 E606.32765
G0 F4800 X104.438 Y149.042
G0 X105.665 Y149
G0 X118.335 Y149
G0 X119.651 Y149
;TYPE:WALL-INNER
G1 F1500 E616.32765
G1 F2400 X127.76 Y148.998 E616.60005
G1 X135.869 Y148.997 E616.87717
G1 X136.497 Y148.482 E616.90581
G1 X136.498 Y136.34 E617.34196
G1 X136.498 Y124.198 E617.77508
G1 X136.499 Y112.056 E618.20619
G1 X136.499 Y99.914 E618.63426
G1 X136.5 Y87.772 E619.06032
G1 X136.5 Y75.63 E619.48335
G1 X136 Y75.024 E619.5117
G1 X135.5 Y75 E619.52935
G1 X119.649 Y75 E620.05655
G1 X119.6 Y75.4 E620.06996
G1 X127.674 Y75.4 E620.34253
G1 X135.748 Y75.4 E620.62315
G1 X136.1 Y75.801 E620.64183
G1 X136.099 Y87.877 E621.06256
G1 X136.098 Y99.953 E621.4863
G1 X136.097 Y112.029 E621.91205
G1 X136.097 Y124.105 E622.34081
G1 X136.096 Y136.181 E622.77158
G1 X136.095 Y148.257 E623.20536
G1 X135.692 Y148.595 E623.2239
G1 X127.646 Y148.598 E623.49887
G1 X119.6 Y148.6 E623.76916
G1 X119.651 Y149 E623.78257
G0 F4800 X119.484 Y149.4
;TYPE:WALL-OUTER
G1 F2400 X136.029 Y149.4 E624.33286
G1 X136.9 Y148.703 E624.36996
G1 X136.9 Y75.467 E626.8058
G1 X136.204 Y74.6 E626.84278
G1 X119.483 Y74.6 E627.39892
G1 X119.2 Y74.883 E627.41224
G1 X119.2 Y75.8 E627.44274
G1 X135.573 Y75.8 E627.9873
G1 X135.7 Y75.939 E627.99357
G1 X135.698 Y148.035 E630.39149
G1 X135.535 Y148.198 E630.39916
G1 X119.2 Y148.2 E630.94246
G1 X119.2 Y149.113 E630.97283
G1 X119.484 Y149.4 E630.98626
G0 F4800 X119.684 Y149.4
G1 F1500 E620.98626
;MESH:NONMESH
G0 F1800 X119.684 Y149.4 Z17.6
G0 F4800 X119.684 Y149.09
G0 X119.424 Y148.424
G0 X119.424 Y147.335
G0 X106 Y75.6
;TIME_ELAPSED:4912.629777
;LAYER:87
;TYPE:SUPPORT
G1 F1500 E630.98626
G1 F1800 X106 Y74.376 E631.02697
G1 X105.79 Y74.34 E631.03405
G1 X105.679 Y74.479 E631.03997
G1 X105.798 Y74.762 E631.05018
G1 X105.799 Y75.6 E631.07805
G1 X108 Y75.6 E631.15126
G1 X108 Y74.399 E631.1912
G1 X110 Y74.399 E631.25772
G1 X110 Y75.6 E631.29767
G1 X112 Y75.6 E631.36419
G1 X112 Y74.399 E631.40413
G1 X114 Y74.399 E631.47065
G1 X114 Y75.6 E631.5106
G1 X116 Y75.6 E631.57712
G1 X116 Y74.399 E631.61707
G1 X118 Y74.399 E631.68359
G1 X118 Y75.941 E631.73487
G1 F1500 E621.73487
G0 F4800 X118 Y149.624
G1 F1500 E631.73487
G1 F1800 X118 Y148.4 E631.77558
G1 X116 Y148.4 E631.8421
G1 X116 Y149.601 E631.88205
G1 X114 Y149.601 E631.94857
G1 X114 Y148.4 E631.98851
G1 X112 Y148.4 E632.05503
G1 X112 Y149.601 E632.09498
G1 X110 Y149.601 E632.1615
G1 X110 Y148.4 E632.20145
G1 X108 Y148.4 E632.26797
G1 X108 Y149.601 E632.30791
G1 X106.126 Y149.601 E632.37024
G1 X105.792 Y149.659 E632.38152
G1 X105.681 Y149.521 E632.38741
G1 X105.798 Y149.24 E632.39753
G1 X105.8 Y147.977 E632.43954
G1 X106 Y148.059 E632.44673
G1 X106 Y149.623 E632.49875
G1 F1500 E622.49875
;MESH:I2C_LED_BTN-Body.stl
G0 F4800 X104.572 Y149.023
G0 X104.347 Y149
;TYPE:WALL-INNER
G1 F1500 E632.49875
G1 F2400 X104.4 Y148.6 E632.51217
G1 X96.351 Y148.6 E632.78255
G1 X88.302 Y148.6 E633.05763
G1 X87.905 Y148.252 E633.07624
G1 X87.904 Y136.177 E633.50999
G1 X87.903 Y124.102 E633.94072
G1 X87.902 Y112.027 E634.36944
G1 X87.902 Y99.952 E634.79516
G1 X87.901 Y87.877 E635.21886
G1 X87.9 Y75.802 E635.63956
G1 X88.245 Y75.405 E635.65797
G1 X96.323 Y75.402 E635.93873
G1 X104.401 Y75.4 E636.21144
G1 X104.349 Y75 E636.22485
G1 X96.181 Y75.002 E636.5006
G1 X88.013 Y75.003 E636.78449
G1 X87.5 Y75.632 E636.81291
G1 X87.501 Y87.774 E637.23593
G1 X87.501 Y99.916 E637.66199
G1 X87.502 Y112.058 E638.09006
G1 X87.502 Y124.2 E638.52117
G1 X87.503 Y136.342 E638.95429
G1 X87.503 Y148.484 E639.39044
G1 X88.131 Y149 E639.4191
G1 X96.239 Y149 E639.69619
G1 X104.347 Y149 E639.96856
G0 F4800 X104.513 Y149.4
;TYPE:WALL-OUTER
G1 F2400 X104.8 Y149.113 E639.98206
G1 X104.8 Y148.2 E640.01242
G1 X88.399 Y148.2 E640.55792
G1 X88.302 Y148.035 E640.56429
G1 X88.3 Y75.901 E642.96348
G1 X88.465 Y75.802 E642.96988
G1 X104.8 Y75.8 E643.51318
G1 X104.8 Y74.884 E643.54365
G1 X104.513 Y74.6 E643.55708
G1 X87.793 Y74.6 E644.11319
G1 X87.101 Y75.467 E644.15008
G1 X87.1 Y148.704 E646.58595
G1 X87.967 Y149.4 E646.62293
G1 X104.513 Y149.4 E647.17325
G0 F4800 X104.654 Y149.259
G1 F1500 E637.17325
G0 F4800 X104.438 Y149.042
G0 X105.665 Y149
G0 X118.335 Y149
G0 X119.651 Y149
;TYPE:WALL-INNER
G1 F1500 E647.17325
G1 F2400 X127.76 Y148.998 E647.44566
G1 X135.869 Y148.997 E647.72278
G1 X136.497 Y148.482 E647.75142
G1 X136.498 Y136.34 E648.18757
G1 X136.498 Y124.198 E648.62069
G1 X136.499 Y112.056 E649.05179
G1 X136.499 Y99.914 E649.47987
G1 X136.5 Y87.772 E649.90593
G1 X136.5 Y75.63 E650.32895
G1 X136 Y75.024 E650.3573
G1 X135.5 Y75 E650.37495
G1 X119.649 Y75 E650.90216
G1 X119.6 Y75.4 E650.91556
G1 X127.674 Y75.4 E651.18813
G1 X135.748 Y75.4 E651.46876
G1 X136.1 Y75.801 E651.48744
G1 X136.099 Y87.877 E651.90817
G1 X136.098 Y99.953 E652.33191
G1 X136.097 Y112.029 E652.75765
G1 X136.097 Y124.105 E653.18642
G1 X136.096 Y136.181 E653.61718
G1 X136.095 Y148.257 E654.05097
G1 X135.692 Y148.595 E654.06951
G1 X127.646 Y148.598 E654.34448
G1 X119.6 Y148.6 E654.61477
G1 X119.651 Y149 E654.62818
G0 F4800 X119.484 Y149.4
;TYPE:WALL-OUTER
G1 F2400 X136.029 Y149.4 E655.17847
G1 X136.9 Y148.703 E655.21557
G1 X136.9 Y75.467 E657.65141
G1 X136.204 Y74.6 E657.68839
G1 X119.483 Y74.6 E658.24453
G1 X119.2 Y74.883 E658.25784
G1 X119.2 Y75.8 E658.28834
G1 X135.573 Y75.8 E658.83291
G1 X135.7 Y75.939 E658.83917
G1 X135.698 Y148.035 E661.2371
G1 X135.535 Y148.198 E661.24476
G1 X119.2 Y148.2 E661.78807
G1 X119.2 Y149.113 E661.81843
G1 X119.484 Y149.4 E661.83186
G0 F4800 X119.684 Y149.4
G1 F1500 E651.83186
;MESH:NONMESH
G0 F1800 X119.684 Y149.4 Z17.8
G0 F4800 X119.684 Y149.09
G0 X119.424 Y148.424
G0 X119.424 Y147.335
G0 X106 Y75.6
;TIME_ELAPSED:4941.327996
;LAYER:88
;TYPE:SUPPORT
G1 F1500 E661.83186
G1 F1800 X106 Y74.376 E661.87257
G1 X105.692 Y74.324 E661.88296
G1 X105.696 Y74.933 E661.90322
G1 X105.798 Y75.156 E661.91137
G1 X105.799 Y75.6 E661.92614
G1 X108 Y75.6 E661.99935
G1 X108 Y74.399 E662.03929
G1 X110 Y74.399 E662.10581
G1 X110 Y75.6 E662.14576
G1 X112 Y75.6 E662.21228
G1 X112 Y74.399 E662.25222
G1 X114 Y74.399 E662.31874
G1 X114 Y75.6 E662.35869
G1 X116 Y75.6 E662.42521
G1 X116 Y74.399 E662.46516
G1 X118 Y74.399 E662.53168
G1 X118 Y75.913 E662.58203
G1 F1500 E652.58203
G0 F4800 X118 Y149.624
G1 F1500 E662.58203
G1 F1800 X118 Y148.4 E662.62274
G1 X116 Y148.4 E662.68926
G1 X116 Y149.601 E662.72921
G1 X114 Y149.601 E662.79573
G1 X114 Y148.4 E662.83567
G1 X112 Y148.4 E662.90219
G1 X112 Y149.601 E662.94214
G1 X110 Y149.601 E663.00866
G1 X110 Y148.4 E663.04861
G1 X108 Y148.4 E663.11513
G1 X108 Y149.601 E663.15507
G1 X106.128 Y149.601 E663.21733
G1 X105.694 Y149.673 E663.23197
G1 X105.696 Y149.077 E663.25179
G1 X105.799 Y148.843 E663.26029
G1 X105.8 Y147.992 E663.2886
G1 X106 Y148.087 E663.29596
G1 X106 Y149.623 E663.34705
G1 F1500 E653.34705
;MESH:I2C_LED_BTN-Body.stl
G0 F4800 X104.573 Y149.022
G0 X104.347 Y149
;TYPE:WALL-INNER
G1 F1500 E663.34705
G1 F2400 X104.4 Y148.6 E663.36047
G1 X96.351 Y148.6 E663.63086
G1 X88.302 Y148.6 E663.90593
G1 X87.905 Y148.252 E663.92454
G1 X87.904 Y136.177 E664.35829
G1 X87.903 Y124.102 E664.78902
G1 X87.902 Y112.027 E665.21775
G1 X87.902 Y99.952 E665.64346
G1 X87.901 Y87.877 E666.06716
G1 X87.9 Y75.802 E666.48786
G1 X88.245 Y75.405 E666.50631
G1 X96.322 Y75.402 E666.78772
G1 X104.399 Y75.4 E667.06106
G1 X104.347 Y75 E667.07451
G1 X96.18 Y75.002 E667.3509
G1 X88.013 Y75.003 E667.63544
G1 X87.5 Y75.632 E667.66392
G1 X87.501 Y87.774 E668.08694
G1 X87.501 Y99.916 E668.513
G1 X87.502 Y112.058 E668.94108
G1 X87.502 Y124.2 E669.37218
G1 X87.503 Y136.342 E669.8053
G1 X87.503 Y148.484 E670.24146
G1 X88.131 Y149 E670.27011
G1 X96.239 Y149 E670.5472
G1 X104.347 Y149 E670.81957
G0 F4800 X104.513 Y149.4
;TYPE:WALL-OUTER
G1 F2400 X104.8 Y149.113 E670.83307
G1 X104.8 Y148.2 E670.86344
G1 X88.399 Y148.2 E671.40894
G1 X88.302 Y148.035 E671.4153
G1 X88.3 Y75.901 E673.81449
G1 X88.465 Y75.802 E673.82089
G1 X104.799 Y75.8 E674.36416
G1 X104.796 Y74.883 E674.39466
G1 X104.513 Y74.6 E674.40797
G1 X87.793 Y74.6 E674.96408
G1 X87.101 Y75.467 E675.00098
G1 X87.1 Y148.704 E677.43685
G1 X87.967 Y149.4 E677.47383
G1 X104.513 Y149.4 E678.02415
G0 F4800 X104.654 Y149.259
G1 F1500 E668.02415
G0 F4800 X104.438 Y149.042
G0 X105.665 Y149.02
G0 X118.336 Y149.026
G0 X119.649 Y149
;TYPE:WALL-INNER
G1 F1500 E678.02415
G1 F2400 X127.759 Y148.998 E678.29659
G1 X135.869 Y148.997 E678.57374
G1 X136.497 Y148.482 E678.60238
G1 X136.498 Y136.34 E679.03853
G1 X136.498 Y124.198 E679.47165
G1 X136.499 Y112.056 E679.90276
G1 X136.499 Y99.914 E680.33083
G1 X136.5 Y87.772 E680.75689
G1 X136.5 Y75.63 E681.17991
G1 X136 Y75.024 E681.20827
G1 X135.5 Y75 E681.22591
G1 X119.648 Y75 E681.75315
G1 X119.598 Y75.4 E681.76656
G1 X127.673 Y75.4 E682.03917
G1 X135.748 Y75.4 E682.31983
G1 X136.1 Y75.801 E682.33851
G1 X136.099 Y87.877 E682.75923
G1 X136.098 Y99.953 E683.18297
G1 X136.097 Y112.029 E683.60872
G1 X136.097 Y124.105 E684.03748
G1 X136.096 Y136.181 E684.46825
G1 X136.095 Y148.257 E684.90203
G1 X135.692 Y148.595 E684.92058
G1 X127.646 Y148.598 E685.19555
G1 X119.6 Y148.6 E685.46583
G1 X119.649 Y149 E685.47924
G0 F4800 X119.483 Y149.4
;TYPE:WALL-OUTER
G1 F2400 X136.029 Y149.4 E686.02956
G1 X136.9 Y148.703 E686.06666
G1 X136.9 Y75.467 E688.5025
G1 X136.204 Y74.6 E688.53948
G1 X119.483 Y74.6 E689.09562
G1 X119.197 Y74.884 E689.10903
G1 X119.2 Y75.8 E689.1395
G1 X135.573 Y75.8 E689.68406
G1 X135.7 Y75.939 E689.69033
G1 X135.698 Y148.035 E692.08825
G1 X135.535 Y148.198 E692.09592
G1 X119.2 Y148.2 E692.63922
G1 X119.2 Y149.117 E692.66972
G1 X119.483 Y149.4 E692.68303
G0 F4800 X119.683 Y149.4
G1 F1500 E682.68303
;MESH:NONMESH
G0 F1800 X119.683 Y149.4 Z18
G0 F4800 X119.683 Y149.09
G0 X119.424 Y148.424
G0 X119.424 Y147.335
G0 X106 Y74.999
;TIME_ELAPSED:4970.037711
;LAYER:89
G0 X106 Y74.999 Z17.99
;TYPE:SUPPORT
G1 F1500 E692.68303
G1 F1800 X118 Y74.999 E693.08215
G1 F1500 E683.08215
G0 F4800 X118 Y149
G1 F1500 E693.08215
G1 F1800 X106 Y149 E693.48128
G1 F1500 E683.48128
G0 F4800 X106 Y149 Z18
G0 X106 Y75.4
G1 F1500 E693.48128
G1 F1800 X106 Y75.6 E693.48793
G1 X108 Y75.6 E693.55445
G1 X108 Y75.4 E693.5611
G1 X110 Y75.4 E693.62762
G1 X110 Y75.6 E693.63427
G1 X112 Y75.6 E693.70079
G1 X112 Y75.4 E693.70744
G1 X114 Y75.4 E693.77396
G1 X114 Y75.6 E693.78062
G1 X116 Y75.6 E693.84714
G1 X116 Y75.4 E693.85379
G1 X118.2 Y75.4 E693.92696
G1 X118.2 Y75.844 E693.94173
G1 X118 Y75.901 E693.94865
G1 X118 Y75.4 E693.96531
G0 F4800 X118 Y74.599
G1 F1800 X118 Y74.399 E693.97196
G1 X116 Y74.399 E694.03848
G1 X116 Y74.599 E694.04513
G1 X114 Y74.599 E694.11165
G1 X114 Y74.399 E694.11831
G1 X112 Y74.399 E694.18483
G1 X112 Y74.599 E694.19148
G1 X110 Y74.599 E694.258
G1 X110 Y74.399 E694.26465
G1 X108 Y74.399 E694.33117
G1 X108 Y74.599 E694.33782
G1 X105.702 Y74.599 E694.41425
G1 X105.703 Y74.326 E694.42333
G1 X106 Y74.376 E694.43335
G1 X106 Y74.599 E694.44077
G1 F1500 E684.44077
G0 F4800 X106 Y148.6
G1 F1500 E694.44077
G1 F1800 X106 Y148.099 E694.45743
G1 X105.8 Y148.156 E694.46435
G1 X105.8 Y148.6 E694.47912
G1 X108 Y148.6 E694.55229
G1 X108 Y148.4 E694.55894
G1 X110 Y148.4 E694.62546
G1 X110 Y148.6 E694.63211
G1 X112 Y148.6 E694.69863
G1 X112 Y148.4 E694.70529
G1 X114 Y148.4 E694.77181
G1 X114 Y148.6 E694.77846
G1 X116 Y148.6 E694.84498
G1 X116 Y148.4 E694.85163
G1 X118 Y148.4 E694.91815
G1 X118 Y148.6 E694.9248
G0 F4800 X118 Y149.401
G1 F1800 X118 Y149.624 E694.93222
G1 X118.3 Y149.675 E694.94234
G1 X118.3 Y149.401 E694.95145
G1 X116 Y149.401 E695.02795
G1 X116 Y149.601 E695.0346
G1 X114 Y149.601 E695.10112
G1 X114 Y149.401 E695.10778
G1 X112 Y149.401 E695.1743
G1 X112 Y149.601 E695.18095
G1 X110 Y149.601 E695.24747
G1 X110 Y149.401 E695.25412
G1 X108 Y149.401 E695.32064
G1 X108 Y149.601 E695.32729
G1 X106 Y149.601 E695.39381
G1 X106 Y149.401 E695.40047
G1 F1500 E685.40047
;MESH:I2C_LED_BTN-Body.stl
G0 F4800 X104.573 Y149.12
G0 X104.434 Y148.999
;TYPE:WALL-INNER
G1 F1500 E695.40047
G1 F2400 X104.4 Y148.6 E695.41378
G1 X96.351 Y148.6 E695.68417
G1 X88.302 Y148.6 E695.95924
G1 X87.905 Y148.252 E695.97786
G1 X87.904 Y136.177 E696.4116
G1 X87.903 Y124.102 E696.84234
G1 X87.902 Y112.027 E697.27106
G1 X87.902 Y99.952 E697.69677
G1 X87.901 Y87.877 E698.12048
G1 X87.9 Y75.802 E698.54117
G1 X88.245 Y75.405 E698.55958
G1 X96.323 Y75.402 E698.84035
G1 X104.401 Y75.4 E699.11306
G1 X104.435 Y75 E699.12641
G1 X96.224 Y75.002 E699.4036
G1 X88.013 Y75.003 E699.68899
G1 X87.5 Y75.632 E699.71741
G1 X87.501 Y87.774 E700.14043
G1 X87.501 Y99.916 E700.56649
G1 X87.502 Y112.058 E700.99456
G1 X87.502 Y124.2 E701.42567
G1 X87.503 Y136.342 E701.85879
G1 X87.503 Y148.484 E702.29494
G1 X88.131 Y149 E702.3236
G1 X96.283 Y148.999 E702.60219
G1 X104.435 Y148.999 E702.87604
G0 F4800 X104.568 Y149.399
;TYPE:WALL-OUTER
G1 F2400 X105 Y149.092 E702.89367
G1 X105 Y149 E702.89673
G1 X104.8 Y148.859 E702.90487
G1 X104.8 Y148.2 E702.92678
G1 X88.399 Y148.2 E703.47228
G1 X88.302 Y148.035 E703.47865
G1 X88.3 Y75.901 E705.87784
G1 X88.465 Y75.802 E705.88424
G1 X104.8 Y75.8 E706.42754
G1 X104.8 Y75.141 E706.44946
G1 X105 Y75 E706.4576
G1 X105 Y74.905 E706.46076
G1 X104.568 Y74.6 E706.47835
G1 X87.793 Y74.6 E707.03628
G1 X87.101 Y75.467 E707.07318
G1 X87.1 Y148.704 E709.50905
G1 X87.967 Y149.4 E709.54603
G1 X104.568 Y149.399 E710.09818
G0 F4800 X104.731 Y149.284
G1 F1500 E700.09818
G0 F4800 X104.502 Y149.083
G0 X105.865 Y149
G0 X118.135 Y149
G0 X119.564 Y149
;TYPE:WALL-INNER
G1 F1500 E710.09818
G1 F2400 X127.716 Y148.998 E710.37203
G1 X135.868 Y148.997 E710.65062
G1 X136.497 Y148.482 E710.67928
G1 X136.498 Y136.34 E711.11544
G1 X136.498 Y124.198 E711.54856
G1 X136.499 Y112.056 E711.97966
G1 X136.499 Y99.914 E712.40774
G1 X136.5 Y87.772 E712.8338
G1 X136.5 Y75.63 E713.25682
G1 X136 Y75.024 E713.28517
G1 X135.5 Y75 E713.30282
G1 X119.563 Y75 E713.83289
G1 X119.6 Y75.4 E713.84625
G1 X127.674 Y75.4 E714.11882
G1 X135.748 Y75.4 E714.39945
G1 X136.1 Y75.801 E714.41813
G1 X136.099 Y87.877 E714.83885
G1 X136.098 Y99.953 E715.26259
G1 X136.097 Y112.029 E715.68834
G1 X136.097 Y124.105 E716.1171
G1 X136.096 Y136.181 E716.54787
G1 X136.095 Y148.257 E716.98165
G1 X135.692 Y148.595 E717.0002
G1 X127.646 Y148.598 E717.27517
G1 X119.6 Y148.6 E717.54545
G1 X119.564 Y149 E717.55881
G0 F4800 X119.429 Y149.4
;TYPE:WALL-OUTER
G1 F2400 X136.029 Y149.4 E718.11093
G1 X136.9 Y148.703 E718.14803
G1 X136.9 Y75.467 E720.58387
G1 X136.204 Y74.6 E720.62085
G1 X119.428 Y74.6 E721.17882
G1 X118.998 Y74.904 E721.19634
G1 X119 Y74.998 E721.19947
G1 X119.2 Y75.14 E721.20762
G1 X119.2 Y75.8 E721.22958
G1 X135.573 Y75.8 E721.77414
G1 X135.7 Y75.939 E721.78041
G1 X135.698 Y148.035 E724.17833
G1 X135.535 Y148.198 E724.186
G1 X119.2 Y148.2 E724.7293
G1 X119.2 Y148.86 E724.75125
G1 X119 Y149 E724.75937
G1 X119 Y149.093 E724.76247
G1 X119.429 Y149.4 E724.78001
G0 F4800 X119.629 Y149.4
G1 F1500 E714.78001
;MESH:NONMESH
G0 F1800 X119.629 Y149.4 Z18.2
G0 F4800 X119.629 Y149.09
G0 X118.135 Y148.999
G0 X105.865 Y148.999
G0 X104.486 Y148.999
;TIME_ELAPSED:5002.888663
;LAYER:90
;TYPE:WALL-INNER
;MESH:I2C_LED_BTN-Body.stl
G1 F1500 E724.78001
G1 F2400 X104.4 Y148.6 E724.79359
G1 X96.351 Y148.6 E725.06397
G1 X88.302 Y148.6 E725.33905
G1 X87.905 Y148.252 E725.35766
G1 X87.904 Y136.177 E725.79141
G1 X87.903 Y124.102 E726.22214
G1 X87.902 Y112.027 E726.65086
G1 X87.902 Y99.952 E727.07658
G1 X87.901 Y87.877 E727.50028
G1 X87.9 Y75.802 E727.92097
G1 X88.245 Y75.405 E727.93939
G1 X96.323 Y75.402 E728.22015
G1 X104.401 Y75.4 E728.49286
G1 X104.487 Y75 E728.50647
G1 X96.25 Y75.002 E728.78454
G1 X88.013 Y75.003 E729.07083
G1 X87.5 Y75.632 E729.09925
G1 X87.501 Y87.774 E729.52227
G1 X87.501 Y99.916 E729.94833
G1 X87.502 Y112.058 E730.3764
G1 X87.502 Y124.2 E730.80751
G1 X87.503 Y136.342 E731.24063
G1 X87.503 Y148.484 E731.67678
G1 X88.131 Y149 E731.70544
G1 X96.309 Y148.999 E731.98492
G1 X104.487 Y148.999 E732.25964
G1 F1500 E722.25964
G0 F4800 X105.61 Y149.864
G0 X118.39 Y149.864
G0 X119.513 Y149
G1 F1500 E732.25964
G1 F2400 X127.691 Y148.998 E732.53436
G1 X135.869 Y148.997 E732.81384
G1 X136.497 Y148.482 E732.84248
G1 X136.498 Y136.34 E733.27863
G1 X136.498 Y124.198 E733.71175
G1 X136.499 Y112.056 E734.14286
G1 X136.499 Y99.914 E734.57093
G1 X136.5 Y87.772 E734.99699
G1 X136.5 Y75.63 E735.42002
G1 X136 Y75.024 E735.44837
G1 X135.5 Y75 E735.46602
G1 X119.512 Y75 E735.99778
G1 X119.6 Y75.4 E736.0114
G1 X127.674 Y75.4 E736.28397
G1 X135.748 Y75.4 E736.5646
G1 X136.1 Y75.801 E736.58328
G1 X136.099 Y87.877 E737.004
G1 X136.098 Y99.953 E737.42774
G1 X136.097 Y112.029 E737.85349
G1 X136.097 Y124.105 E738.28225
G1 X136.096 Y136.181 E738.71302
G1 X136.095 Y148.257 E739.1468
G1 X135.692 Y148.595 E739.16535
G1 X127.646 Y148.598 E739.44032
G1 X119.6 Y148.6 E739.71061
G1 X119.513 Y149 E739.72422
G0 F4800 X119.228 Y149.4
;TYPE:WALL-OUTER
G1 F2400 X136.029 Y149.4 E740.28302
G1 X136.9 Y148.703 E740.32013
G1 X136.9 Y75.467 E742.75597
G1 X136.204 Y74.6 E742.79295
G1 X119.227 Y74.6 E743.3576
G1 X118.664 Y74.997 E743.38063
G1 X119.135 Y75.051 E743.39648
G1 X119.2 Y75.2 E743.40188
G1 X119.2 Y75.8 E743.42184
G1 X135.573 Y75.8 E743.96641
G1 X135.7 Y75.939 E743.97267
G1 X135.698 Y148.035 E746.37059
G1 X135.535 Y148.198 E746.37826
G1 X119.2 Y148.2 E746.92156
G1 X119.2 Y148.8 E746.94152
G1 X119.136 Y148.948 E746.94688
G1 X118.665 Y149 E746.96264
G1 X119.228 Y149.4 E746.98561
G0 F4800 X119.428 Y149.4
G0 X118.6 Y149
G1 F2400 X105.366 Y149.001 E747.42798
G0 F4800 X104.768 Y149.399
G1 F2400 X105.331 Y149.001 E747.45097
G1 X104.863 Y148.947 E747.46668
G1 X104.8 Y148.8 E747.472
G1 X104.8 Y148.2 E747.49195
G1 X88.399 Y148.2 E748.03745
G1 X88.302 Y148.035 E748.04382
G1 X88.3 Y75.901 E750.443
G1 X88.465 Y75.802 E750.4494
G1 X104.8 Y75.8 E750.99271
G1 X104.8 Y75.2 E751.01267
G1 X104.864 Y75.052 E751.01803
G1 X105.338 Y74.998 E751.03394
G1 X104.769 Y74.6 E751.05709
G1 X87.793 Y74.6 E751.62171
G1 X87.101 Y75.467 E751.65861
G1 X87.1 Y148.704 E754.09448
G1 X87.967 Y149.4 E754.13146
G1 X104.768 Y149.399 E754.69026
G0 F4800 X104.931 Y149.284
G1 F1500 E744.69026
G0 F4800 X104.52 Y149.12
G0 X104.576 Y148.424
G0 X104.576 Y147.335
G0 X105.653 Y75.853
G0 X105.4 Y74.998
G1 F1500 E754.69026
G1 F2400 X118.631 Y74.997 E755.13693
G1 F1500 E745.13693
;MESH:NONMESH
G0 F1800 X118.631 Y74.997 Z18.4
G0 F4800 X119.51 Y74.997
G0 X119.424 Y75.576
G0 X118.347 Y75.853
G0 X105.653 Y76.653
G0 X89.153 Y76.653
G0 X87.5 Y87.7
;TIME_ELAPSED:5029.644570
;LAYER:91
;TYPE:WALL-INNER
;MESH:I2C_LED_BTN-Body.stl
G1 F1500 E755.13693
G1 F2400 X87.7 Y87.5 E755.14634
G1 X87.9 Y87.5 E755.15299
G1 X87.9 Y75.803 E755.54981
G1 X88.245 Y75.405 E755.56821
G1 X96.323 Y75.402 E755.84897
G1 X104.401 Y75.4 E756.12168
G1 X104.4 Y75.2 E756.12833
G1 X104.557 Y75.001 E756.13676
G1 X96.285 Y75.002 E756.41602
G1 X88.013 Y75.003 E756.70352
G1 X87.5 Y75.632 E756.73187
G1 X87.5 Y87.7 E757.14128
G1 F1500 E747.14128
G0 F4800 X87.5 Y87.59
G0 X88.353 Y88.753
G0 X88.353 Y97.847
G0 X87.9 Y124.9
G1 F1500 E757.14128
G1 F2400 X87.9 Y99.1 E757.99939
G1 X87.7 Y99.1 E758.00604
G1 X87.499 Y98.931 E758.01478
G1 X87.5 Y125.1 E758.88516
G1 X87.7 Y124.9 E758.89457
G1 X87.9 Y124.9 E758.90122
G1 F1500 E748.90122
G0 F4800 X88.353 Y126.153
G0 X89.153 Y135.247
G0 X89.153 Y147.347
G0 X104.556 Y149
G1 F1500 E758.90122
G1 F2400 X104.4 Y148.8 E758.90966
G1 X104.4 Y148.6 E758.91631
G1 X96.351 Y148.6 E759.1867
G1 X88.302 Y148.6 E759.46177
G1 X87.905 Y148.252 E759.48021
G1 X87.902 Y142.376 E759.68444
G1 X87.9 Y136.5 E759.88281
G1 X87.7 Y136.5 E759.88946
G1 X87.499 Y136.331 E759.89819
G1 X87.501 Y142.407 E760.10331
G1 X87.503 Y148.483 E760.3145
G1 X88.131 Y149 E760.34291
G1 X96.344 Y149 E760.62358
G1 X104.557 Y149 E760.89948
G1 F1500 E750.89948
G0 F4800 X104.49 Y149
G0 X105.653 Y148.147
G0 X118.347 Y148.147
G0 X119.444 Y148.999
G1 F1500 E760.89948
G1 F2400 X127.656 Y148.998 E761.17534
G1 X135.868 Y148.997 E761.45599
G1 X136.497 Y148.482 E761.48438
G1 X136.499 Y142.407 E761.69552
G1 X136.5 Y136.332 E761.90061
G1 X136.3 Y136.5 E761.9093
G1 X136.1 Y136.5 E761.91595
G1 X136.098 Y142.377 E762.11435
G1 X136.095 Y148.254 E762.31862
G1 X135.692 Y148.595 E762.33705
G1 X127.646 Y148.598 E762.61202
G1 X119.6 Y148.6 E762.88231
G1 X119.6 Y148.8 E762.88896
G1 X119.444 Y148.999 E762.89737
G1 F1500 E752.89737
G0 F4800 X119.51 Y148.999
G0 X135.924 Y148.424
G0 X134.847 Y147.347
G0 X134.847 Y135.247
G0 X135.647 Y126.153
G0 X136.1 Y124.9
G1 F1500 E762.89737
G1 F2400 X136.3 Y124.9 E762.90403
G1 X136.5 Y125.1 E762.91343
G1 X136.5 Y98.933 E763.78375
G1 X136.3 Y99.1 E763.79242
G1 X136.1 Y99.1 E763.79907
G1 X136.1 Y124.9 E764.65718
G1 F1500 E754.65718
G0 F4800 X136.5 Y98.93
G0 X135.647 Y97.847
G0 X135.647 Y88.753
G0 X136.5 Y87.7
G1 F1500 E764.65718
G1 F2400 X136.5 Y75.631 E765.06663
G1 X136 Y75.024 E765.09487
G1 X135.5 Y75 E765.11252
G1 X119.441 Y75 E765.64665
G1 X119.6 Y75.2 E765.65515
G1 X119.6 Y75.4 E765.6618
G1 X127.674 Y75.4 E765.93437
G1 X135.748 Y75.4 E766.21499
G1 X136.1 Y75.801 E766.23363
G1 X136.1 Y87.5 E766.63052
G1 X136.3 Y87.5 E766.63717
G1 X136.5 Y87.7 E766.64658
G0 F4800 X136.5 Y87.59
G0 X135.938 Y75.562
G0 X119.51 Y74.898
G0 X118.732 Y74.898
;TYPE:WALL-OUTER
G1 F2400 X105.316 Y74.898 E767.32037
G1 F1500 E757.32037
G0 F4800 X104.49 Y74.898
G0 X104.49 Y75.57
G0 X104.49 Y76.665
G0 X104.49 Y147.335
G0 X105.264 Y149.102
G1 F1500 E767.32037
G1 F2400 X118.68 Y149.1 E767.99304
G0 F4800 X119.031 Y149.399
G1 F2400 X136.029 Y149.4 E768.5584
G1 X136.9 Y148.703 E768.5955
G1 X136.9 Y75.467 E771.03134
G1 X136.204 Y74.6 E771.06832
G1 X119.8 Y74.6 E771.61392
G1 X119.03 Y74.607 E771.63998
G1 X118.732 Y74.898 E771.65764
G1 X119.047 Y74.998 E771.67166
G1 X119.2 Y75.2 E771.68023
G1 X119.2 Y75.8 E771.70019
G1 X135.573 Y75.8 E772.24476
G1 X135.7 Y75.939 E772.25102
G1 X135.7 Y87.9 E772.64884
G1 X136.3 Y87.9 E772.6688
G1 X136.5 Y88.1 E772.67821
G1 X136.499 Y98.535 E773.02615
G1 X136.3 Y98.7 E773.03476
G1 X135.7 Y98.7 E773.05472
G1 X135.7 Y125.3 E773.93944
G1 X136.3 Y125.3 E773.9594
G1 X136.5 Y125.5 E773.9688
G1 X136.499 Y135.935 E774.31674
G1 X136.3 Y136.1 E774.32536
G1 X135.7 Y136.1 E774.34532
G1 X135.698 Y148.035 E774.74228
G1 X135.535 Y148.198 E774.74994
G1 X119.2 Y148.2 E775.29325
G1 X119.2 Y148.8 E775.3132
G1 X119.047 Y148.995 E775.32145
G1 X118.68 Y149.1 E775.33732
G1 X119.031 Y149.399 E775.35649
G0 F4800 X119.231 Y149.399
G1 F1500 E765.35649
G0 F4800 X119.48 Y149.12
G0 X118.474 Y150.064
G0 X105.527 Y150.064
G0 X104.966 Y149.394
G1 F1500 E775.35649
G1 F2400 X105.264 Y149.102 E775.37418
G1 X104.95 Y149 E775.38818
G1 X104.8 Y148.8 E775.39662
G1 X104.8 Y148.2 E775.41658
G1 X88.399 Y148.2 E775.96208
G1 X88.302 Y148.035 E775.96844
G1 X88.3 Y136.1 E776.3654
G1 X87.7 Y136.1 E776.38536
G1 X87.501 Y135.935 E776.394
G1 X87.5 Y125.5 E776.7428
G1 X87.7 Y125.3 E776.75221
G1 X88.3 Y125.3 E776.77217
G1 X88.3 Y98.7 E777.65689
G1 X87.7 Y98.7 E777.67684
G1 X87.501 Y98.535 E777.68548
G1 X87.5 Y88.1 E778.03429
G1 X87.7 Y87.9 E778.0437
G1 X88.3 Y87.9 E778.06365
G1 X88.3 Y75.901 E778.46274
G1 X88.465 Y75.802 E778.46914
G1 X104.8 Y75.8 E779.01244
G1 X104.8 Y75.2 E779.0324
G1 X104.953 Y75.005 E779.04064
G1 X105.316 Y74.898 E779.05641
G1 X104.969 Y74.601 E779.07544
G1 X87.793 Y74.6 E779.64671
G1 X87.101 Y75.467 E779.68361
G1 X87.1 Y148.704 E782.11948
G1 X87.967 Y149.4 E782.15646
G1 X96.467 Y149.397 E782.44129
G1 X104.967 Y149.394 E782.73107
G0 F4800 X104.966 Y149.394
G0 X105.108 Y149.255
G1 F1500 E772.73107
;MESH:NONMESH
G0 F1800 X105.108 Y149.255 Z18.6
G0 F4800 X104.52 Y149.12
G0 X88.076 Y148.424
G0 X89.153 Y147.347
G0 X89.153 Y97.847
G0 X88.353 Y88.753
G0 X87.5 Y87.7
;TIME_ELAPSED:5061.642290
;LAYER:92
;TYPE:WALL-INNER
;MESH:I2C_LED_BTN-Body.stl
G1 F1500 E782.73107
G1 F2400 X87.7 Y87.5 E782.74048
G1 X87.9 Y87.5 E782.74713
G1 X87.9 Y75.803 E783.14395
G1 X88.245 Y75.405 E783.16235
G1 X96.323 Y75.402 E783.44311
G1 X104.401 Y75.4 E783.71582
G1 X104.4 Y75.2 E783.72247
G1 X104.569 Y74.999 E783.73121
G1 X96.291 Y75.001 E784.01066
G1 X88.013 Y75.003 E784.29838
G1 X87.5 Y75.632 E784.32673
G1 X87.5 Y87.7 E784.73614
G1 F1500 E774.73614
G0 F4800 X87.5 Y87.59
G0 X88.353 Y88.753
G0 X88.353 Y97.847
G0 X87.9 Y124.9
G1 F1500 E784.73614
G1 F2400 X87.9 Y99.1 E785.59425
G1 X87.7 Y99.1 E785.6009
G1 X87.499 Y98.931 E785.60964
G1 X87.5 Y125.1 E786.48002
G1 X87.7 Y124.9 E786.48943
G1 X87.9 Y124.9 E786.49608
G1 F1500 E776.49608
G0 F4800 X88.353 Y126.153
G0 X89.153 Y135.247
G0 X89.153 Y147.347
G0 X104.6 Y149
G1 F1500 E786.49608
G1 F2400 X104.4 Y148.8 E786.50549
G1 X104.4 Y148.6 E786.51214
G1 X96.351 Y148.6 E786.78253
G1 X88.302 Y148.6 E787.0576
G1 X87.905 Y148.252 E787.07604
G1 X87.902 Y142.376 E787.28027
G1 X87.9 Y136.5 E787.47864
G1 X87.7 Y136.5 E787.48529
G1 X87.499 Y136.331 E787.49402
G1 X87.501 Y142.407 E787.69914
G1 X87.503 Y148.483 E787.91033
G1 X88.131 Y149 E787.93873
G1 X96.366 Y149 E788.22016
G1 X104.601 Y149 E788.4968
G1 F1500 E778.4968
G0 F4800 X104.49 Y149
G0 X105.653 Y148.147
G0 X118.347 Y148.147
G0 X119.431 Y149.001
G1 F1500 E788.4968
G1 F2400 X127.65 Y148.999 E788.7729
G1 X135.869 Y148.997 E789.05378
G1 X136.497 Y148.482 E789.08214
G1 X136.499 Y142.407 E789.29329
G1 X136.5 Y136.332 E789.49838
G1 X136.3 Y136.5 E789.50706
G1 X136.1 Y136.5 E789.51372
G1 X136.098 Y142.377 E789.71212
G1 X136.095 Y148.254 E789.91638
G1 X135.692 Y148.595 E789.93482
G1 X127.646 Y148.598 E790.20979
G1 X119.6 Y148.6 E790.48008
G1 X119.6 Y148.8 E790.48673
G1 X119.431 Y149.001 E790.49546
G1 F1500 E780.49546
G0 F4800 X119.51 Y149.001
G0 X135.924 Y148.424
G0 X134.847 Y147.347
G0 X134.847 Y135.247
G0 X135.647 Y126.153
G0 X136.1 Y124.9
G1 F1500 E790.49546
G1 F2400 X136.3 Y124.9 E790.50212
G1 X136.5 Y125.1 E790.51152
G1 X136.5 Y98.933 E791.38184
G1 X136.3 Y99.1 E791.39051
G1 X136.1 Y99.1 E791.39716
G1 X136.1 Y124.9 E792.25527
G1 F1500 E782.25527
G0 F4800 X136.5 Y98.93
G0 X135.647 Y97.847
G0 X135.647 Y88.753
G0 X136.5 Y87.7
G1 F1500 E792.25527
G1 F2400 X136.5 Y75.631 E792.66472
G1 X136 Y75.024 E792.69297
G1 X135.5 Y75 E792.71061
G1 X119.4 Y75 E793.2461
G1 X119.6 Y75.2 E793.25551
G1 X119.6 Y75.4 E793.26216
G1 X127.674 Y75.4 E793.53473
G1 X135.748 Y75.4 E793.81536
G1 X136.1 Y75.801 E793.83399
G1 X136.1 Y87.5 E794.23089
G1 X136.3 Y87.5 E794.23754
G1 X136.5 Y87.7 E794.24694
G1 F1500 E784.24694
G0 F4800 X136.5 Y87.59
G0 X135.924 Y87.676
G0 X135.647 Y88.753
G0 X112 Y148.135
G0 X112 Y149
;TYPE:WALL-OUTER
G1 F1500 E794.24694
G1 F2400 X105 Y149 E794.47977
G1 X104.8 Y148.8 E794.48917
G1 X104.8 Y148.2 E794.50913
G1 X88.399 Y148.2 E795.05463
G1 X88.302 Y148.035 E795.06099
G1 X88.3 Y136.1 E795.45795
G1 X87.7 Y136.1 E795.47791
G1 X87.501 Y135.935 E795.48655
G1 X87.5 Y125.5 E795.83536
G1 X87.7 Y125.3 E795.84476
G1 X88.3 Y125.3 E795.86472
G1 X88.3 Y98.7 E796.74944
G1 X87.7 Y98.7 E796.7694
G1 X87.501 Y98.535 E796.77804
G1 X87.5 Y88.1 E797.12684
G1 X87.7 Y87.9 E797.13625
G1 X88.3 Y87.9 E797.1562
G1 X88.3 Y75.901 E797.55529
G1 X88.465 Y75.802 E797.56169
G1 X104.8 Y75.8 E798.105
G1 X104.8 Y75.2 E798.12495
G1 X104.965 Y75.001 E798.13359
G1 X119 Y75 E798.60273
G1 X119.2 Y75.2 E798.61214
G1 X119.2 Y75.8 E798.6321
G1 X135.573 Y75.8 E799.17667
G1 X135.7 Y75.939 E799.18293
G1 X135.7 Y87.9 E799.58075
G1 X136.3 Y87.9 E799.60071
G1 X136.5 Y88.1 E799.61012
G1 X136.499 Y98.535 E799.95805
G1 X136.3 Y98.7 E799.96667
G1 X135.7 Y98.7 E799.98663
G1 X135.7 Y125.3 E800.87135
G1 X136.3 Y125.3 E800.8913
G1 X136.5 Y125.5 E800.90071
G1 X136.499 Y135.935 E801.24865
G1 X136.3 Y136.1 E801.25727
G1 X135.7 Y136.1 E801.27722
G1 X135.698 Y148.035 E801.67418
G1 X135.535 Y148.198 E801.68185
G1 X119.2 Y148.2 E802.22516
G1 X119.2 Y148.8 E802.24511
G1 X119.035 Y148.999 E802.25375
G1 X112 Y149 E802.48891
G0 F4800 X111.8 Y149
G0 X112 Y149.4
G1 F2400 X136.029 Y149.4 E803.28812
G1 X136.9 Y148.703 E803.32522
G1 X136.9 Y75.467 E805.76106
G1 X136.204 Y74.6 E805.79804
G1 X87.793 Y74.6 E807.40819
G1 X87.101 Y75.467 E807.44509
G1 X87.1 Y148.704 E809.88096
G1 X87.967 Y149.4 E809.91794
G1 X112 Y149.4 E810.71728
G0 F4800 X112.2 Y149.4
G1 F1500 E800.71728
;MESH:NONMESH
G0 F1800 X112.2 Y149.4 Z18.8
G0 F4800 X112.2 Y148.135
G0 X88.353 Y88.753
G0 X87.5 Y87.7
;TIME_ELAPSED:5092.559059
;LAYER:93
;TYPE:WALL-INNER
;MESH:I2C_LED_BTN-Body.stl
G1 F1500 E810.71728
G1 F2400 X87.7 Y87.5 E810.72669
G1 X87.9 Y87.5 E810.73334
G1 X87.9 Y75.803 E811.13017
G1 X88.245 Y75.405 E811.14856
G1 X96.323 Y75.402 E811.42933
G1 X104.401 Y75.4 E811.70203
G1 X104.4 Y75.2 E811.70868
G1 X104.569 Y74.999 E811.71742
G1 X96.291 Y75.001 E811.99687
G1 X88.013 Y75.003 E812.28459
G1 X87.5 Y75.632 E812.31294
G1 X87.5 Y87.7 E812.72235
G1 F1500 E802.72235
G0 F4800 X87.5 Y87.59
G0 X88.353 Y88.753
G0 X88.353 Y97.847
G0 X87.9 Y124.9
G1 F1500 E812.72235
G1 F2400 X87.9 Y99.1 E813.58046
G1 X87.7 Y99.1 E813.58711
G1 X87.499 Y98.931 E813.59585
G1 X87.5 Y125.1 E814.46623
G1 X87.7 Y124.9 E814.47564
G1 X87.9 Y124.9 E814.48229
G1 F1500 E804.48229
G0 F4800 X88.353 Y126.153
G0 X89.153 Y135.247
G0 X89.153 Y147.347
G0 X104.6 Y149
G1 F1500 E814.48229
G1 F2400 X104.4 Y148.8 E814.4917
G1 X104.4 Y148.6 E814.49835
G1 X96.351 Y148.6 E814.76874
G1 X88.302 Y148.6 E815.04381
G1 X87.905 Y148.252 E815.06225
G1 X87.902 Y142.376 E815.26648
G1 X87.9 Y136.5 E815.46485
G1 X87.7 Y136.5 E815.4715
G1 X87.499 Y136.331 E815.48023
G1 X87.501 Y142.407 E815.68535
G1 X87.503 Y148.483 E815.89654
G1 X88.131 Y149 E815.92494
G1 X96.366 Y149 E816.20637
G1 X104.601 Y149 E816.48301
G1 F1500 E806.48301
G0 F4800 X104.49 Y149
G0 X105.653 Y148.147
G0 X118.347 Y148.147
G0 X119.431 Y149.001
G1 F1500 E816.48301
G1 F2400 X127.65 Y148.999 E816.75911
G1 X135.869 Y148.997 E817.03999
G1 X136.497 Y148.482 E817.06835
G1 X136.499 Y142.407 E817.2795
G1 X136.5 Y136.332 E817.48459
G1 X136.3 Y136.5 E817.49328
G1 X136.1 Y136.5 E817.49993
G1 X136.098 Y142.377 E817.69833
G1 X136.095 Y148.254 E817.9026
G1 X135.692 Y148.595 E817.92103
G1 X127.646 Y148.598 E818.196
G1 X119.6 Y148.6 E818.46629
G1 X119.6 Y148.8 E818.47294
G1 X119.431 Y149.001 E818.48168
G1 F1500 E808.48168
G0 F4800 X119.51 Y149.001
G0 X135.924 Y148.424
G0 X134.847 Y147.347
G0 X134.847 Y135.247
G0 X135.647 Y126.153
G0 X136.1 Y124.9
G1 F1500 E818.48168
G1 F2400 X136.3 Y124.9 E818.48833
G1 X136.5 Y125.1 E818.49773
G1 X136.5 Y98.933 E819.36805
G1 X136.3 Y99.1 E819.37672
G1 X136.1 Y99.1 E819.38337
G1 X136.1 Y124.9 E820.24148
G1 F1500 E810.24148
G0 F4800 X136.5 Y98.93
G0 X135.647 Y97.847
G0 X135.647 Y88.753
G0 X136.5 Y87.7
G1 F1500 E820.24148
G1 F2400 X136.5 Y75.631 E820.65093
G1 X136 Y75.024 E820.67918
G1 X135.5 Y75 E820.69682
G1 X119.4 Y75 E821.23231
G1 X119.6 Y75.2 E821.24172
G1 X119.6 Y75.4 E821.24837
G1 X127.674 Y75.4 E821.52094
G1 X135.748 Y75.4 E821.80157
G1 X136.1 Y75.801 E821.8202
G1 X136.1 Y87.5 E822.2171
G1 X136.3 Y87.5 E822.22375
G1 X136.5 Y87.7 E822.23316
G1 F1500 E812.23316
G0 F4800 X136.5 Y87.59
G0 X135.924 Y87.676
G0 X135.647 Y88.753
G0 X112 Y148.135
G0 X112 Y149
;TYPE:WALL-OUTER
G1 F1500 E822.23316
G1 F2400 X105 Y149 E822.46598
G1 X104.8 Y148.8 E822.47538
G1 X104.8 Y148.2 E822.49534
G1 X88.399 Y148.2 E823.04084
G1 X88.302 Y148.035 E823.0472
G1 X88.3 Y136.1 E823.44416
G1 X87.7 Y136.1 E823.46412
G1 X87.501 Y135.935 E823.47276
G1 X87.5 Y125.5 E823.82157
G1 X87.7 Y125.3 E823.83097
G1 X88.3 Y125.3 E823.85093
G1 X88.3 Y98.7 E824.73565
G1 X87.7 Y98.7 E824.75561
G1 X87.501 Y98.535 E824.76425
G1 X87.5 Y88.1 E825.11305
G1 X87.7 Y87.9 E825.12246
G1 X88.3 Y87.9 E825.14242
G1 X88.3 Y75.901 E825.5415
G1 X88.465 Y75.802 E825.5479
G1 X104.8 Y75.8 E826.09121
G1 X104.8 Y75.2 E826.11116
G1 X104.965 Y75.001 E826.1198
G1 X119 Y75 E826.58894
G1 X119.2 Y75.2 E826.59835
G1 X119.2 Y75.8 E826.61831
G1 X135.573 Y75.8 E827.16288
G1 X135.7 Y75.939 E827.16914
G1 X135.7 Y87.9 E827.56696
G1 X136.3 Y87.9 E827.58692
G1 X136.5 Y88.1 E827.59633
G1 X136.499 Y98.535 E827.94426
G1 X136.3 Y98.7 E827.95288
G1 X135.7 Y98.7 E827.97284
G1 X135.7 Y125.3 E828.85756
G1 X136.3 Y125.3 E828.87752
G1 X136.5 Y125.5 E828.88692
G1 X136.499 Y135.935 E829.23486
G1 X136.3 Y136.1 E829.24348
G1 X135.7 Y136.1 E829.26344
G1 X135.698 Y148.035 E829.66039
G1 X135.535 Y148.198 E829.66806
G1 X119.2 Y148.2 E830.21137
G1 X119.2 Y148.8 E830.23132
G1 X119.035 Y148.999 E830.23996
G1 X112 Y149 E830.47512
G0 F4800 X111.8 Y149
G0 X112 Y149.4
G1 F2400 X136.029 Y149.4 E831.27433
G1 X136.9 Y148.703 E831.31143
G1 X136.9 Y75.467 E833.74727
G1 X136.204 Y74.6 E833.78425
G1 X87.793 Y74.6 E835.3944
G1 X87.101 Y75.467 E835.4313
G1 X87.1 Y148.704 E837.86717
G1 X87.967 Y149.4 E837.90415
G1 X112 Y149.4 E838.70349
G0 F4800 X112.2 Y149.4
G1 F1500 E828.70349
;MESH:NONMESH
G0 F1800 X112.2 Y149.4 Z19
G0 F4800 X112.2 Y148.135
G0 X88.353 Y88.753
G0 X87.5 Y87.7
;TIME_ELAPSED:5123.475829
;LAYER:94
;TYPE:WALL-INNER
;MESH:I2C_LED_BTN-Body.stl
G1 F1500 E838.70349
G1 F2400 X87.7 Y87.5 E838.7129
G1 X87.9 Y87.5 E838.71955
G1 X87.9 Y75.803 E839.11638
G1 X88.245 Y75.405 E839.13477
G1 X96.323 Y75.402 E839.41554
G1 X104.401 Y75.4 E839.68824
G1 X104.4 Y75.2 E839.69489
G1 X104.569 Y74.999 E839.70363
G1 X96.291 Y75.001 E839.98309
G1 X88.013 Y75.003 E840.2708
G1 X87.5 Y75.632 E840.29915
G1 X87.5 Y87.7 E840.70856
G1 F1500 E830.70856
G0 F4800 X87.5 Y87.59
G0 X88.353 Y88.753
G0 X88.353 Y97.847
G0 X87.9 Y124.9
G1 F1500 E840.70856
G1 F2400 X87.9 Y99.1 E841.56667
G1 X87.7 Y99.1 E841.57332
G1 X87.499 Y98.931 E841.58206
G1 X87.5 Y125.1 E842.45244
G1 X87.7 Y124.9 E842.46185
G1 X87.9 Y124.9 E842.4685
G1 F1500 E832.4685
G0 F4800 X88.353 Y126.153
G0 X89.153 Y135.247
G0 X89.153 Y147.347
G0 X104.6 Y149
G1 F1500 E842.4685
G1 F2400 X104.4 Y148.8 E842.47791
G1 X104.4 Y148.6 E842.48456
G1 X96.351 Y148.6 E842.75495
G1 X88.302 Y148.6 E843.03002
G1 X87.905 Y148.252 E843.04846
G1 X87.902 Y142.376 E843.25269
G1 X87.9 Y136.5 E843.45106
G1 X87.7 Y136.5 E843.45771
G1 X87.499 Y136.331 E843.46644
G1 X87.501 Y142.407 E843.67156
G1 X87.503 Y148.483 E843.88275
G1 X88.131 Y149 E843.91115
G1 X96.366 Y149 E844.19258
G1 X104.601 Y149 E844.46922
G1 F1500 E834.46922
G0 F4800 X104.49 Y149
G0 X105.653 Y148.147
G0 X118.347 Y148.147
G0 X119.431 Y149.001
G1 F1500 E844.46922
G1 F2400 X127.65 Y148.999 E844.74532
G1 X135.869 Y148.997 E845.0262
G1 X136.497 Y148.482 E845.05456
G1 X136.499 Y142.407 E845.26571
G1 X136.5 Y136.332 E845.4708
G1 X136.3 Y136.5 E845.47949
G1 X136.1 Y136.5 E845.48614
G1 X136.098 Y142.377 E845.68454
G1 X136.095 Y148.254 E845.88881
G1 X135.692 Y148.595 E845.90724
G1 X127.646 Y148.598 E846.18221
G1 X119.6 Y148.6 E846.4525
G1 X119.6 Y148.8 E846.45915
G1 X119.431 Y149.001 E846.46789
G1 F1500 E836.46789
G0 F4800 X119.51 Y149.001
G0 X135.924 Y148.424
G0 X134.847 Y147.347
G0 X134.847 Y135.247
G0 X135.647 Y126.153
G0 X136.1 Y124.9
G1 F1500 E846.46789
G1 F2400 X136.3 Y124.9 E846.47454
G1 X136.5 Y125.1 E846.48395
G1 X136.5 Y98.933 E847.35426
G1 X136.3 Y99.1 E847.36293
G1 X136.1 Y99.1 E847.36958
G1 X136.1 Y124.9 E848.22769
G1 F1500 E838.22769
G0 F4800 X136.5 Y98.93
G0 X135.647 Y97.847
G0 X135.647 Y88.753
G0 X136.5 Y87.7
G1 F1500 E848.22769
G1 F2400 X136.5 Y75.631 E848.63714
G1 X136 Y75.024 E848.66539
G1 X135.5 Y75 E848.68303
G1 X119.4 Y75 E849.21852
G1 X119.6 Y75.2 E849.22793
G1 X119.6 Y75.4 E849.23458
G1 X127.674 Y75.4 E849.50715
G1 X135.748 Y75.4 E849.78778
G1 X136.1 Y75.801 E849.80641
G1 X136.1 Y87.5 E850.20331
G1 X136.3 Y87.5 E850.20996
G1 X136.5 Y87.7 E850.21937
G1 F1500 E840.21937
G0 F4800 X136.5 Y87.59
G0 X135.924 Y87.676
G0 X135.647 Y88.753
G0 X112 Y148.135
G0 X112 Y149
;TYPE:WALL-OUTER
G1 F1500 E850.21937
G1 F2400 X105 Y149 E850.45219
G1 X104.8 Y148.8 E850.46159
G1 X104.8 Y148.2 E850.48155
G1 X88.399 Y148.2 E851.02705
G1 X88.302 Y148.035 E851.03342
G1 X88.3 Y136.1 E851.43038
G1 X87.7 Y136.1 E851.45033
G1 X87.501 Y135.935 E851.45897
G1 X87.5 Y125.5 E851.80778
G1 X87.7 Y125.3 E851.81718
G1 X88.3 Y125.3 E851.83714
G1 X88.3 Y98.7 E852.72186
G1 X87.7 Y98.7 E852.74182
G1 X87.501 Y98.535 E852.75046
G1 X87.5 Y88.1 E853.09926
G1 X87.7 Y87.9 E853.10867
G1 X88.3 Y87.9 E853.12863
G1 X88.3 Y75.901 E853.52771
G1 X88.465 Y75.802 E853.53411
G1 X104.8 Y75.8 E854.07742
G1 X104.8 Y75.2 E854.09737
G1 X104.965 Y75.001 E854.10602
G1 X119 Y75 E854.57516
G1 X119.2 Y75.2 E854.58456
G1 X119.2 Y75.8 E854.60452
G1 X135.573 Y75.8 E855.14909
G1 X135.7 Y75.939 E855.15535
G1 X135.7 Y87.9 E855.55317
G1 X136.3 Y87.9 E855.57313
G1 X136.5 Y88.1 E855.58254
G1 X136.499 Y98.535 E855.93047
G1 X136.3 Y98.7 E855.93909
G1 X135.7 Y98.7 E855.95905
G1 X135.7 Y125.3 E856.84377
G1 X136.3 Y125.3 E856.86373
G1 X136.5 Y125.5 E856.87313
G1 X136.499 Y135.935 E857.22107
G1 X136.3 Y136.1 E857.22969
G1 X135.7 Y136.1 E857.24965
G1 X135.698 Y148.035 E857.64661
G1 X135.535 Y148.198 E857.65427
G1 X119.2 Y148.2 E858.19758
G1 X119.2 Y148.8 E858.21753
G1 X119.035 Y148.999 E858.22617
G1 X112 Y149 E858.46133
G0 F4800 X111.8 Y149
G0 X112 Y149.4
G1 F2400 X136.029 Y149.4 E859.26054
G1 X136.9 Y148.703 E859.29764
G1 X136.9 Y75.467 E861.73348
G1 X136.204 Y74.6 E861.77046
G1 X87.793 Y74.6 E863.38061
G1 X87.101 Y75.467 E863.41751
G1 X87.1 Y148.704 E865.85338
G1 X87.967 Y149.4 E865.89036
G1 X112 Y149.4 E866.6897
G0 F4800 X112.2 Y149.4
G1 F1500 E856.6897
;MESH:NONMESH
G0 F1800 X112.2 Y149.4 Z19.2
G0 F4800 X112.2 Y148.135
G0 X88.353 Y88.753
G0 X87.5 Y87.7
;TIME_ELAPSED:5154.392598
;LAYER:95
;TYPE:WALL-INNER
;MESH:I2C_LED_BTN-Body.stl
G1 F1500 E866.6897
G1 F2400 X87.7 Y87.5 E866.69911
G1 X87.9 Y87.5 E866.70576
G1 X87.9 Y75.803 E867.10259
G1 X88.245 Y75.405 E867.12098
G1 X96.323 Y75.402 E867.40175
G1 X104.401 Y75.4 E867.67445
G1 X104.4 Y75.2 E867.6811
G1 X104.569 Y74.999 E867.68984
G1 X96.291 Y75.001 E867.9693
G1 X88.013 Y75.003 E868.25701
G1 X87.5 Y75.632 E868.28536
G1 X87.5 Y87.7 E868.69477
G1 F1500 E858.69477
G0 F4800 X87.5 Y87.59
G0 X88.353 Y88.753
G0 X88.353 Y97.847
G0 X87.9 Y124.9
G1 F1500 E868.69477
G1 F2400 X87.9 Y99.1 E869.55288
G1 X87.7 Y99.1 E869.55953
G1 X87.499 Y98.931 E869.56827
G1 X87.5 Y125.1 E870.43865
G1 X87.7 Y124.9 E870.44806
G1 X87.9 Y124.9 E870.45471
G1 F1500 E860.45471
G0 F4800 X88.353 Y126.153
G0 X89.153 Y135.247
G0 X89.153 Y147.347
G0 X104.6 Y149
G1 F1500 E870.45471
G1 F2400 X104.4 Y148.8 E870.46412
G1 X104.4 Y148.6 E870.47077
G1 X96.351 Y148.6 E870.74116
G1 X88.302 Y148.6 E871.01623
G1 X87.905 Y148.252 E871.03467
G1 X87.902 Y142.376 E871.2389
G1 X87.9 Y136.5 E871.43727
G1 X87.7 Y136.5 E871.44392
G1 X87.499 Y136.331 E871.45265
G1 X87.501 Y142.407 E871.65777
G1 X87.503 Y148.483 E871.86896
G1 X88.131 Y149 E871.89736
G1 X96.366 Y149 E872.17879
G1 X104.601 Y149 E872.45543
G1 F1500 E862.45543
G0 F4800 X104.49 Y149
G0 X105.653 Y148.147
G0 X118.347 Y148.147
G0 X119.431 Y149.001
G1 F1500 E872.45543
G1 F2400 X127.65 Y148.999 E872.73153
G1 X135.869 Y148.997 E873.01241
G1 X136.497 Y148.482 E873.04077
G1 X136.499 Y142.407 E873.25192
G1 X136.5 Y136.332 E873.45701
G1 X136.3 Y136.5 E873.4657
G1 X136.1 Y136.5 E873.47235
G1 X136.098 Y142.377 E873.67075
G1 X136.095 Y148.254 E873.87502
G1 X135.692 Y148.595 E873.89345
G1 X127.646 Y148.598 E874.16842
G1 X119.6 Y148.6 E874.43871
G1 X119.6 Y148.8 E874.44536
G1 X119.431 Y149.001 E874.4541
G1 F1500 E864.4541
G0 F4800 X119.51 Y149.001
G0 X135.924 Y148.424
G0 X134.847 Y147.347
G0 X134.847 Y135.247
G0 X135.647 Y126.153
G0 X136.1 Y124.9
G1 F1500 E874.4541
G1 F2400 X136.3 Y124.9 E874.46075
G1 X136.5 Y125.1 E874.47016
G1 X136.5 Y98.933 E875.34047
G1 X136.3 Y99.1 E875.34914
G1 X136.1 Y99.1 E875.35579
G1 X136.1 Y124.9 E876.2139
G1 F1500 E866.2139
G0 F4800 X136.5 Y98.93
G0 X135.647 Y97.847
G0 X135.647 Y88.753
G0 X136.5 Y87.7
G1 F1500 E876.2139
G1 F2400 X136.5 Y75.631 E876.62335
G1 X136 Y75.024 E876.6516
G1 X135.5 Y75 E876.66924
G1 X119.4 Y75 E877.20473
G1 X119.6 Y75.2 E877.21414
G1 X119.6 Y75.4 E877.22079
G1 X127.674 Y75.4 E877.49336
G1 X135.748 Y75.4 E877.77399
G1 X136.1 Y75.801 E877.79262
G1 X136.1 Y87.5 E878.18952
G1 X136.3 Y87.5 E878.19617
G1 X136.5 Y87.7 E878.20558
G1 F1500 E868.20558
G0 F4800 X136.5 Y87.59
G0 X135.924 Y87.676
G0 X135.647 Y88.753
G0 X112 Y148.135
G0 X112 Y149
;TYPE:WALL-OUTER
G1 F1500 E878.20558
G1 F2400 X105 Y149 E878.4384
G1 X104.8 Y148.8 E878.4478
G1 X104.8 Y148.2 E878.46776
G1 X88.399 Y148.2 E879.01326
G1 X88.302 Y148.035 E879.01963
G1 X88.3 Y136.1 E879.41659
G1 X87.7 Y136.1 E879.43654
G1 X87.501 Y135.935 E879.44518
G1 X87.5 Y125.5 E879.79399
G1 X87.7 Y125.3 E879.80339
G1 X88.3 Y125.3 E879.82335
G1 X88.3 Y98.7 E880.70807
G1 X87.7 Y98.7 E880.72803
G1 X87.501 Y98.535 E880.73667
G1 X87.5 Y88.1 E881.08547
G1 X87.7 Y87.9 E881.09488
G1 X88.3 Y87.9 E881.11484
G1 X88.3 Y75.901 E881.51392
G1 X88.465 Y75.802 E881.52032
G1 X104.8 Y75.8 E882.06363
G1 X104.8 Y75.2 E882.08358
G1 X104.965 Y75.001 E882.09223
G1 X119 Y75 E882.56137
G1 X119.2 Y75.2 E882.57077
G1 X119.2 Y75.8 E882.59073
G1 X135.573 Y75.8 E883.1353
G1 X135.7 Y75.939 E883.14156
G1 X135.7 Y87.9 E883.53938
G1 X136.3 Y87.9 E883.55934
G1 X136.5 Y88.1 E883.56875
G1 X136.499 Y98.535 E883.91668
G1 X136.3 Y98.7 E883.9253
G1 X135.7 Y98.7 E883.94526
G1 X135.7 Y125.3 E884.82998
G1 X136.3 Y125.3 E884.84994
G1 X136.5 Y125.5 E884.85934
G1 X136.499 Y135.935 E885.20728
G1 X136.3 Y136.1 E885.2159
G1 X135.7 Y136.1 E885.23586
G1 X135.698 Y148.035 E885.63282
G1 X135.535 Y148.198 E885.64048
G1 X119.2 Y148.2 E886.18379
G1 X119.2 Y148.8 E886.20374
G1 X119.035 Y148.999 E886.21238
G1 X112 Y149 E886.44754
G0 F4800 X111.8 Y149
G0 X112 Y149.4
G1 F2400 X136.029 Y149.4 E887.24675
G1 X136.9 Y148.703 E887.28385
G1 X136.9 Y75.467 E889.71969
G1 X136.204 Y74.6 E889.75667
G1 X87.793 Y74.6 E891.36682
G1 X87.101 Y75.467 E891.40372
G1 X87.1 Y148.704 E893.83959
G1 X87.967 Y149.4 E893.87657
G1 X112 Y149.4 E894.67591
G0 F4800 X112.2 Y149.4
G1 F1500 E884.67591
;MESH:NONMESH
G0 F1800 X112.2 Y149.4 Z19.4
G0 F4800 X112.2 Y148.135
G0 X88.353 Y88.753
G0 X87.5 Y87.7
;TIME_ELAPSED:5185.309367
;LAYER:96
;TYPE:WALL-INNER
;MESH:I2C_LED_BTN-Body.stl
G1 F1500 E894.67591
G1 F2400 X87.7 Y87.5 E894.68532
G1 X87.9 Y87.5 E894.69197
G1 X87.9 Y75.803 E895.0888
G1 X88.245 Y75.405 E895.10719
G1 X96.323 Y75.402 E895.38796
G1 X104.401 Y75.4 E895.66066
G1 X104.4 Y75.2 E895.66731
G1 X104.569 Y74.999 E895.67605
G1 X96.291 Y75.001 E895.95551
G1 X88.013 Y75.003 E896.24322
G1 X87.5 Y75.632 E896.27157
G1 X87.5 Y87.7 E896.68098
G1 F1500 E886.68098
G0 F4800 X87.5 Y87.59
G0 X88.353 Y88.753
G0 X88.353 Y97.847
G0 X87.9 Y124.9
G1 F1500 E896.68098
G1 F2400 X87.9 Y99.1 E897.53909
G1 X87.7 Y99.1 E897.54574
G1 X87.499 Y98.931 E897.55448
G1 X87.5 Y125.1 E898.42486
G1 X87.7 Y124.9 E898.43427
G1 X87.9 Y124.9 E898.44092
G1 F1500 E888.44092
G0 F4800 X88.353 Y126.153
G0 X89.153 Y135.247
G0 X89.153 Y147.347
G0 X104.6 Y149
G1 F1500 E898.44092
G1 F2400 X104.4 Y148.8 E898.45033
G1 X104.4 Y148.6 E898.45698
G1 X96.351 Y148.6 E898.72737
G1 X88.302 Y148.6 E899.00244
G1 X87.905 Y148.252 E899.02088
G1 X87.902 Y142.376 E899.22511
G1 X87.9 Y136.5 E899.42348
G1 X87.7 Y136.5 E899.43013
G1 X87.499 Y136.331 E899.43886
G1 X87.501 Y142.407 E899.64398
G1 X87.503 Y148.483 E899.85517
G1 X88.131 Y149 E899.88357
G1 X96.366 Y149 E900.165
G1 X104.601 Y149 E900.44164
G1 F1500 E890.44164
G0 F4800 X104.49 Y149
G0 X105.653 Y148.147
G0 X118.347 Y148.147
G0 X119.431 Y149.001
G1 F1500 E900.44164
G1 F2400 X127.65 Y148.999 E900.71774
G1 X135.869 Y148.997 E900.99862
G1 X136.497 Y148.482 E901.02699
G1 X136.499 Y142.407 E901.23813
G1 X136.5 Y136.332 E901.44322
G1 X136.3 Y136.5 E901.45191
G1 X136.1 Y136.5 E901.45856
G1 X136.098 Y142.377 E901.65696
G1 X136.095 Y148.254 E901.86123
G1 X135.692 Y148.595 E901.87966
G1 X127.646 Y148.598 E902.15463
G1 X119.6 Y148.6 E902.42492
G1 X119.6 Y148.8 E902.43157
G1 X119.431 Y149.001 E902.44031
G1 F1500 E892.44031
G0 F4800 X119.51 Y149.001
G0 X135.924 Y148.424
G0 X134.847 Y147.347
G0 X134.847 Y135.247
G0 X135.647 Y126.153
G0 X136.1 Y124.9
G1 F1500 E902.44031
G1 F2400 X136.3 Y124.9 E902.44696
G1 X136.5 Y125.1 E902.45637
G1 X136.5 Y98.933 E903.32668
G1 X136.3 Y99.1 E903.33535
G1 X136.1 Y99.1 E903.342
G1 X136.1 Y124.9 E904.20011
G1 F1500 E894.20011
G0 F4800 X136.5 Y98.93
G0 X135.647 Y97.847
G0 X135.647 Y88.753
G0 X136.5 Y87.7
G1 F1500 E904.20011
G1 F2400 X136.5 Y75.631 E904.60956
G1 X136 Y75.024 E904.63781
G1 X135.5 Y75 E904.65546
G1 X119.4 Y75 E905.19094
G1 X119.6 Y75.2 E905.20035
G1 X119.6 Y75.4 E905.207
G1 X127.674 Y75.4 E905.47957
G1 X135.748 Y75.4 E905.7602
G1 X136.1 Y75.801 E905.77883
G1 X136.1 Y87.5 E906.17573
G1 X136.3 Y87.5 E906.18238
G1 X136.5 Y87.7 E906.19179
G1 F1500 E896.19179
G0 F4800 X136.5 Y87.59
G0 X135.924 Y87.676
G0 X135.647 Y88.753
G0 X112 Y148.135
G0 X112 Y149
;TYPE:WALL-OUTER
G1 F1500 E906.19179
G1 F2400 X105 Y149 E906.42461
G1 X104.8 Y148.8 E906.43401
G1 X104.8 Y148.2 E906.45397
G1 X88.399 Y148.2 E906.99947
G1 X88.302 Y148.035 E907.00584
G1 X88.3 Y136.1 E907.4028
G1 X87.7 Y136.1 E907.42275
G1 X87.501 Y135.935 E907.43139
G1 X87.5 Y125.5 E907.7802
G1 X87.7 Y125.3 E907.78961
G1 X88.3 Y125.3 E907.80956
G1 X88.3 Y98.7 E908.69428
G1 X87.7 Y98.7 E908.71424
G1 X87.501 Y98.535 E908.72288
G1 X87.5 Y88.1 E909.07168
G1 X87.7 Y87.9 E909.08109
G1 X88.3 Y87.9 E909.10105
G1 X88.3 Y75.901 E909.50013
G1 X88.465 Y75.802 E909.50653
G1 X104.8 Y75.8 E910.04984
G1 X104.8 Y75.2 E910.06979
G1 X104.965 Y75.001 E910.07844
G1 X119 Y75 E910.54758
G1 X119.2 Y75.2 E910.55698
G1 X119.2 Y75.8 E910.57694
G1 X135.573 Y75.8 E911.12151
G1 X135.7 Y75.939 E911.12777
G1 X135.7 Y87.9 E911.52559
G1 X136.3 Y87.9 E911.54555
G1 X136.5 Y88.1 E911.55496
G1 X136.499 Y98.535 E911.9029
G1 X136.3 Y98.7 E911.91151
G1 X135.7 Y98.7 E911.93147
G1 X135.7 Y125.3 E912.81619
G1 X136.3 Y125.3 E912.83615
G1 X136.5 Y125.5 E912.84555
G1 X136.499 Y135.935 E913.19349
G1 X136.3 Y136.1 E913.20211
G1 X135.7 Y136.1 E913.22207
G1 X135.698 Y148.035 E913.61903
G1 X135.535 Y148.198 E913.62669
G1 X119.2 Y148.2 E914.17
G1 X119.2 Y148.8 E914.18995
G1 X119.035 Y148.999 E914.19859
G1 X112 Y149 E914.43375
G0 F4800 X111.8 Y149
G0 X112 Y149.4
G1 F2400 X136.029 Y149.4 E915.23296
G1 X136.9 Y148.703 E915.27006
G1 X136.9 Y75.467 E917.7059
G1 X136.204 Y74.6 E917.74288
G1 X87.793 Y74.6 E919.35303
G1 X87.101 Y75.467 E919.38993
G1 X87.1 Y148.704 E921.8258
G1 X87.967 Y149.4 E921.86278
G1 X112 Y149.4 E922.66212
G0 F4800 X112.2 Y149.4
G1 F1500 E912.66212
;MESH:NONMESH
G0 F1800 X112.2 Y149.4 Z19.6
G0 F4800 X112.2 Y148.135
G0 X88.353 Y88.753
G0 X87.5 Y87.7
;TIME_ELAPSED:5216.226137
;LAYER:97
;TYPE:WALL-INNER
;MESH:I2C_LED_BTN-Body.stl
G1 F1500 E922.66212
G1 F2400 X87.7 Y87.5 E922.67153
G1 X87.9 Y87.5 E922.67818
G1 X87.9 Y75.803 E923.07501
G1 X88.245 Y75.405 E923.0934
G1 X96.323 Y75.402 E923.37417
G1 X104.401 Y75.4 E923.64687
G1 X104.4 Y75.2 E923.65352
G1 X104.569 Y74.999 E923.66226
G1 X96.291 Y75.001 E923.94172
G1 X88.013 Y75.003 E924.22943
G1 X87.5 Y75.632 E924.25778
G1 X87.5 Y87.7 E924.66719
G1 F1500 E914.66719
G0 F4800 X87.5 Y87.59
G0 X88.353 Y88.753
G0 X88.353 Y97.847
G0 X87.9 Y124.9
G1 F1500 E924.66719
G1 F2400 X87.9 Y99.1 E925.5253
G1 X87.7 Y99.1 E925.53195
G1 X87.499 Y98.931 E925.54069
G1 X87.5 Y125.1 E926.41107
G1 X87.7 Y124.9 E926.42048
G1 X87.9 Y124.9 E926.42713
G1 F1500 E916.42713
G0 F4800 X88.353 Y126.153
G0 X89.153 Y135.247
G0 X89.153 Y147.347
G0 X104.6 Y149
G1 F1500 E926.42713
G1 F2400 X104.4 Y148.8 E926.43654
G1 X104.4 Y148.6 E926.44319
G1 X96.351 Y148.6 E926.71358
G1 X88.302 Y148.6 E926.98865
G1 X87.905 Y148.252 E927.00709
G1 X87.902 Y142.376 E927.21132
G1 X87.9 Y136.5 E927.40969
G1 X87.7 Y136.5 E927.41634
G1 X87.499 Y136.331 E927.42508
G1 X87.501 Y142.407 E927.6302
G1 X87.503 Y148.483 E927.84138
G1 X88.131 Y149 E927.86979
G1 X96.366 Y149 E928.15121
G1 X104.601 Y149 E928.42785
G1 F1500 E918.42785
G0 F4800 X104.49 Y149
G0 X105.653 Y148.147
G0 X118.347 Y148.147
G0 X119.431 Y149.001
G1 F1500 E928.42785
G1 F2400 X127.65 Y148.999 E928.70395
G1 X135.869 Y148.997 E928.98483
G1 X136.497 Y148.482 E929.0132
G1 X136.499 Y142.407 E929.22434
G1 X136.5 Y136.332 E929.42943
G1 X136.3 Y136.5 E929.43812
G1 X136.1 Y136.5 E929.44477
G1 X136.098 Y142.377 E929.64317
G1 X136.095 Y148.254 E929.84744
G1 X135.692 Y148.595 E929.86587
G1 X127.646 Y148.598 E930.14084
G1 X119.6 Y148.6 E930.41113
G1 X119.6 Y148.8 E930.41778
G1 X119.431 Y149.001 E930.42652
G1 F1500 E920.42652
G0 F4800 X119.51 Y149.001
G0 X135.924 Y148.424
G0 X134.847 Y147.347
G0 X134.847 Y135.247
G0 X135.647 Y126.153
G0 X136.1 Y124.9
G1 F1500 E930.42652
G1 F2400 X136.3 Y124.9 E930.43317
G1 X136.5 Y125.1 E930.44258
G1 X136.5 Y98.933 E931.31289
G1 X136.3 Y99.1 E931.32156
G1 X136.1 Y99.1 E931.32821
G1 X136.1 Y124.9 E932.18632
G1 F1500 E922.18632
G0 F4800 X136.5 Y98.93
G0 X135.647 Y97.847
G0 X135.647 Y88.753
G0 X136.5 Y87.7
G1 F1500 E932.18632
G1 F2400 X136.5 Y75.631 E932.59577
G1 X136 Y75.024 E932.62402
G1 X135.5 Y75 E932.64167
G1 X119.4 Y75 E933.17715
G1 X119.6 Y75.2 E933.18656
G1 X119.6 Y75.4 E933.19321
G1 X127.674 Y75.4 E933.46578
G1 X135.748 Y75.4 E933.74641
G1 X136.1 Y75.801 E933.76504
G1 X136.1 Y87.5 E934.16194
G1 X136.3 Y87.5 E934.16859
G1 X136.5 Y87.7 E934.178
G1 F1500 E924.178
G0 F4800 X136.5 Y87.59
G0 X135.924 Y87.676
G0 X135.647 Y88.753
G0 X112 Y148.135
G0 X112 Y149
;TYPE:WALL-OUTER
G1 F1500 E934.178
G1 F2400 X105 Y149 E934.41082
G1 X104.8 Y148.8 E934.42022
G1 X104.8 Y148.2 E934.44018
G1 X88.399 Y148.2 E934.98568
G1 X88.302 Y148.035 E934.99205
G1 X88.3 Y136.1 E935.38901
G1 X87.7 Y136.1 E935.40896
G1 X87.501 Y135.935 E935.4176
G1 X87.5 Y125.5 E935.76641
G1 X87.7 Y125.3 E935.77582
G1 X88.3 Y125.3 E935.79577
G1 X88.3 Y98.7 E936.68049
G1 X87.7 Y98.7 E936.70045
G1 X87.501 Y98.535 E936.70909
G1 X87.5 Y88.1 E937.05789
G1 X87.7 Y87.9 E937.0673
G1 X88.3 Y87.9 E937.08726
G1 X88.3 Y75.901 E937.48634
G1 X88.465 Y75.802 E937.49274
G1 X104.8 Y75.8 E938.03605
G1 X104.8 Y75.2 E938.05601
G1 X104.965 Y75.001 E938.06465
G1 X119 Y75 E938.53379
G1 X119.2 Y75.2 E938.54319
G1 X119.2 Y75.8 E938.56315
G1 X135.573 Y75.8 E939.10772
G1 X135.7 Y75.939 E939.11398
G1 X135.7 Y87.9 E939.5118
G1 X136.3 Y87.9 E939.53176
G1 X136.5 Y88.1 E939.54117
G1 X136.499 Y98.535 E939.88911
G1 X136.3 Y98.7 E939.89772
G1 X135.7 Y98.7 E939.91768
G1 X135.7 Y125.3 E940.8024
G1 X136.3 Y125.3 E940.82236
G1 X136.5 Y125.5 E940.83176
G1 X136.499 Y135.935 E941.1797
G1 X136.3 Y136.1 E941.18832
G1 X135.7 Y136.1 E941.20828
G1 X135.698 Y148.035 E941.60524
G1 X135.535 Y148.198 E941.6129
G1 X119.2 Y148.2 E942.15621
G1 X119.2 Y148.8 E942.17616
G1 X119.035 Y148.999 E942.1848
G1 X112 Y149 E942.41996
G0 F4800 X111.8 Y149
G0 X112 Y149.4
G1 F2400 X136.029 Y149.4 E943.21917
G1 X136.9 Y148.703 E943.25627
G1 X136.9 Y75.467 E945.69211
G1 X136.204 Y74.6 E945.72909
G1 X87.793 Y74.6 E947.33925
G1 X87.101 Y75.467 E947.37614
G1 X87.1 Y148.704 E949.81201
G1 X87.967 Y149.4 E949.84899
G1 X112 Y149.4 E950.64833
G0 F4800 X112.2 Y149.4
G1 F1500 E940.64833
;MESH:NONMESH
G0 F1800 X112.2 Y149.4 Z19.8
G0 F4800 X112.2 Y148.135
G0 X88.353 Y88.753
G0 X87.5 Y87.7
;TIME_ELAPSED:5247.142906
;LAYER:98
;TYPE:WALL-INNER
;MESH:I2C_LED_BTN-Body.stl
G1 F1500 E950.64833
G1 F2400 X87.7 Y87.5 E950.65774
G1 X87.9 Y87.5 E950.66439
G1 X87.9 Y75.803 E951.06122
G1 X88.245 Y75.405 E951.07961
G1 X96.323 Y75.402 E951.36038
G1 X104.401 Y75.4 E951.63308
G1 X104.4 Y75.2 E951.63973
G1 X104.569 Y74.999 E951.64847
G1 X96.291 Y75.001 E951.92793
G1 X88.013 Y75.003 E952.21564
G1 X87.5 Y75.632 E952.24399
G1 X87.5 Y87.7 E952.6534
G1 F1500 E942.6534
G0 F4800 X87.5 Y87.59
G0 X88.353 Y88.753
G0 X88.353 Y97.847
G0 X87.9 Y124.9
G1 F1500 E952.6534
G1 F2400 X87.9 Y99.1 E953.51151
G1 X87.7 Y99.1 E953.51816
G1 X87.499 Y98.931 E953.5269
G1 X87.5 Y125.1 E954.39728
G1 X87.7 Y124.9 E954.40669
G1 X87.9 Y124.9 E954.41334
G1 F1500 E944.41334
G0 F4800 X88.353 Y126.153
G0 X89.153 Y135.247
G0 X89.153 Y147.347
G0 X104.6 Y149
G1 F1500 E954.41334
G1 F2400 X104.4 Y148.8 E954.42275
G1 X104.4 Y148.6 E954.4294
G1 X96.351 Y148.6 E954.69979
G1 X88.302 Y148.6 E954.97486
G1 X87.905 Y148.252 E954.9933
G1 X87.902 Y142.376 E955.19753
G1 X87.9 Y136.5 E955.3959
G1 X87.7 Y136.5 E955.40255
G1 X87.499 Y136.331 E955.41129
G1 X87.501 Y142.407 E955.61641
G1 X87.503 Y148.483 E955.82759
G1 X88.131 Y149 E955.856
G1 X96.366 Y149 E956.13743
G1 X104.601 Y149 E956.41406
G1 F1500 E946.41406
G0 F4800 X104.49 Y149
G0 X105.653 Y148.147
G0 X118.347 Y148.147
G0 X119.431 Y149.001
G1 F1500 E956.41406
G1 F2400 X127.65 Y148.999 E956.69016
G1 X135.869 Y148.997 E956.97104
G1 X136.497 Y148.482 E956.99941
G1 X136.499 Y142.407 E957.21055
G1 X136.5 Y136.332 E957.41564
G1 X136.3 Y136.5 E957.42433
G1 X136.1 Y136.5 E957.43098
G1 X136.098 Y142.377 E957.62938
G1 X136.095 Y148.254 E957.83365
G1 X135.692 Y148.595 E957.85208
G1 X127.646 Y148.598 E958.12705
G1 X119.6 Y148.6 E958.39734
G1 X119.6 Y148.8 E958.40399
G1 X119.431 Y149.001 E958.41273
G1 F1500 E948.41273
G0 F4800 X119.51 Y149.001
G0 X135.924 Y148.424
G0 X134.847 Y147.347
G0 X134.847 Y135.247
G0 X135.647 Y126.153
G0 X136.1 Y124.9
G1 F1500 E958.41273
G1 F2400 X136.3 Y124.9 E958.41938
G1 X136.5 Y125.1 E958.42879
G1 X136.5 Y98.933 E959.2991
G1 X136.3 Y99.1 E959.30777
G1 X136.1 Y99.1 E959.31442
G1 X136.1 Y124.9 E960.17253
G1 F1500 E950.17253
G0 F4800 X136.5 Y98.93
G0 X135.647 Y97.847
G0 X135.647 Y88.753
G0 X136.5 Y87.7
G1 F1500 E960.17253
G1 F2400 X136.5 Y75.631 E960.58198
G1 X136 Y75.024 E960.61023
G1 X135.5 Y75 E960.62788
G1 X119.4 Y75 E961.16336
G1 X119.6 Y75.2 E961.17277
G1 X119.6 Y75.4 E961.17942
G1 X127.674 Y75.4 E961.45199
G1 X135.748 Y75.4 E961.73262
G1 X136.1 Y75.801 E961.75126
G1 X136.1 Y87.5 E962.14815
G1 X136.3 Y87.5 E962.1548
G1 X136.5 Y87.7 E962.16421
G1 F1500 E952.16421
G0 F4800 X136.5 Y87.59
G0 X135.924 Y87.676
G0 X135.647 Y88.753
G0 X112 Y148.135
G0 X112 Y149
;TYPE:WALL-OUTER
G1 F1500 E962.16421
G1 F2400 X105 Y149 E962.39703
G1 X104.8 Y148.8 E962.40644
G1 X104.8 Y148.2 E962.42639
G1 X88.399 Y148.2 E962.97189
G1 X88.302 Y148.035 E962.97826
G1 X88.3 Y136.1 E963.37522
G1 X87.7 Y136.1 E963.39517
G1 X87.501 Y135.935 E963.40381
G1 X87.5 Y125.5 E963.75262
G1 X87.7 Y125.3 E963.76203
G1 X88.3 Y125.3 E963.78198
G1 X88.3 Y98.7 E964.6667
G1 X87.7 Y98.7 E964.68666
G1 X87.501 Y98.535 E964.6953
G1 X87.5 Y88.1 E965.0441
G1 X87.7 Y87.9 E965.05351
G1 X88.3 Y87.9 E965.07347
G1 X88.3 Y75.901 E965.47256
G1 X88.465 Y75.802 E965.47896
G1 X104.8 Y75.8 E966.02226
G1 X104.8 Y75.2 E966.04222
G1 X104.965 Y75.001 E966.05086
G1 X119 Y75 E966.52
G1 X119.2 Y75.2 E966.5294
G1 X119.2 Y75.8 E966.54936
G1 X135.573 Y75.8 E967.09393
G1 X135.7 Y75.939 E967.10019
G1 X135.7 Y87.9 E967.49802
G1 X136.3 Y87.9 E967.51797
G1 X136.5 Y88.1 E967.52738
G1 X136.499 Y98.535 E967.87532
G1 X136.3 Y98.7 E967.88394
G1 X135.7 Y98.7 E967.90389
G1 X135.7 Y125.3 E968.78861
G1 X136.3 Y125.3 E968.80857
G1 X136.5 Y125.5 E968.81797
G1 X136.499 Y135.935 E969.16591
G1 X136.3 Y136.1 E969.17453
G1 X135.7 Y136.1 E969.19449
G1 X135.698 Y148.035 E969.59145
G1 X135.535 Y148.198 E969.59911
G1 X119.2 Y148.2 E970.14242
G1 X119.2 Y148.8 E970.16237
G1 X119.035 Y148.999 E970.17102
G1 X112 Y149 E970.40617
G0 F4800 X111.8 Y149
G0 X112 Y149.4
G1 F2400 X136.029 Y149.4 E971.20538
G1 X136.9 Y148.703 E971.24248
G1 X136.9 Y75.467 E973.67832
G1 X136.204 Y74.6 E973.7153
G1 X87.793 Y74.6 E975.32546
G1 X87.101 Y75.467 E975.36235
G1 X87.1 Y148.704 E977.79822
G1 X87.967 Y149.4 E977.8352
G1 X112 Y149.4 E978.63454
G0 F4800 X112.2 Y149.4
G1 F1500 E968.63454
;MESH:NONMESH
G0 F1800 X112.2 Y149.4 Z20
G0 F4800 X112.2 Y148.135
G0 X88.353 Y88.753
G0 X87.5 Y87.7
;TIME_ELAPSED:5278.059675
;LAYER:99
;TYPE:WALL-INNER
;MESH:I2C_LED_BTN-Body.stl
G1 F1500 E978.63454
G1 F2400 X87.7 Y87.5 E978.64395
G1 X87.9 Y87.5 E978.6506
G1 X87.9 Y75.803 E979.04743
G1 X88.245 Y75.405 E979.06582
G1 X96.323 Y75.402 E979.34659
G1 X104.401 Y75.4 E979.61929
G1 X104.4 Y75.2 E979.62595
G1 X104.569 Y74.999 E979.63468
G1 X96.291 Y75.001 E979.91414
G1 X88.013 Y75.003 E980.20185
G1 X87.5 Y75.632 E980.2302
G1 X87.5 Y87.7 E980.63961
G1 F1500 E970.63961
G0 F4800 X87.5 Y87.59
G0 X88.353 Y88.753
G0 X88.353 Y97.847
G0 X87.9 Y124.9
G1 F1500 E980.63961
G1 F2400 X87.9 Y99.1 E981.49772
G1 X87.7 Y99.1 E981.50437
G1 X87.499 Y98.931 E981.51311
G1 X87.5 Y125.1 E982.38349
G1 X87.7 Y124.9 E982.3929
G1 X87.9 Y124.9 E982.39955
G1 F1500 E972.39955
G0 F4800 X88.353 Y126.153
G0 X89.153 Y135.247
G0 X89.153 Y147.347
G0 X104.6 Y149
G1 F1500 E982.39955
G1 F2400 X104.4 Y148.8 E982.40896
G1 X104.4 Y148.6 E982.41561
G1 X96.351 Y148.6 E982.686
G1 X88.302 Y148.6 E982.96107
G1 X87.905 Y148.252 E982.97951
G1 X87.902 Y142.376 E983.18374
G1 X87.9 Y136.5 E983.38211
G1 X87.7 Y136.5 E983.38876
G1 X87.499 Y136.331 E983.3975
G1 X87.501 Y142.407 E983.60262
G1 X87.503 Y148.483 E983.8138
G1 X88.131 Y149 E983.84221
G1 X96.366 Y149 E984.12364
G1 X104.601 Y149 E984.40027
G1 F1500 E974.40027
G0 F4800 X104.49 Y149
G0 X105.653 Y148.147
G0 X118.347 Y148.147
G0 X119.431 Y149.001
G1 F1500 E984.40027
G1 F2400 X127.65 Y148.999 E984.67637
G1 X135.869 Y148.997 E984.95725
G1 X136.497 Y148.482 E984.98562
G1 X136.499 Y142.407 E985.19676
G1 X136.5 Y136.332 E985.40185
G1 X136.3 Y136.5 E985.41054
G1 X136.1 Y136.5 E985.41719
G1 X136.098 Y142.377 E985.61559
G1 X136.095 Y148.254 E985.81986
G1 X135.692 Y148.595 E985.83829
G1 X127.646 Y148.598 E986.11326
G1 X119.6 Y148.6 E986.38355
G1 X119.6 Y148.8 E986.3902
G1 X119.431 Y149.001 E986.39894
G1 F1500 E976.39894
G0 F4800 X119.51 Y149.001
G0 X135.924 Y148.424
G0 X134.847 Y147.347
G0 X134.847 Y135.247
G0 X135.647 Y126.153
G0 X136.1 Y124.9
G1 F1500 E986.39894
G1 F2400 X136.3 Y124.9 E986.40559
G1 X136.5 Y125.1 E986.415
G1 X136.5 Y98.933 E987.28532
G1 X136.3 Y99.1 E987.29398
G1 X136.1 Y99.1 E987.30063
G1 X136.1 Y124.9 E988.15874
G1 F1500 E978.15874
G0 F4800 X136.5 Y98.93
G0 X135.647 Y97.847
G0 X135.647 Y88.753
G0 X136.5 Y87.7
G1 F1500 E988.15874
G1 F2400 X136.5 Y75.631 E988.56819
G1 X136 Y75.024 E988.59644
G1 X135.5 Y75 E988.61409
G1 X119.4 Y75 E989.14957
G1 X119.6 Y75.2 E989.15898
G1 X119.6 Y75.4 E989.16563
G1 X127.674 Y75.4 E989.4382
G1 X135.748 Y75.4 E989.71883
G1 X136.1 Y75.801 E989.73747
G1 X136.1 Y87.5 E990.13436
G1 X136.3 Y87.5 E990.14101
G1 X136.5 Y87.7 E990.15042
G1 F1500 E980.15042
G0 F4800 X136.5 Y87.59
G0 X135.924 Y87.676
G0 X135.647 Y88.753
G0 X112 Y148.135
G0 X112 Y149
;TYPE:WALL-OUTER
G1 F1500 E990.15042
G1 F2400 X105 Y149 E990.38324
G1 X104.8 Y148.8 E990.39265
G1 X104.8 Y148.2 E990.4126
G1 X88.399 Y148.2 E990.9581
G1 X88.302 Y148.035 E990.96447
G1 X88.3 Y136.1 E991.36143
G1 X87.7 Y136.1 E991.38138
G1 X87.501 Y135.935 E991.39002
G1 X87.5 Y125.5 E991.73883
G1 X87.7 Y125.3 E991.74824
G1 X88.3 Y125.3 E991.76819
G1 X88.3 Y98.7 E992.65291
G1 X87.7 Y98.7 E992.67287
G1 X87.501 Y98.535 E992.68151
G1 X87.5 Y88.1 E993.03031
G1 X87.7 Y87.9 E993.03972
G1 X88.3 Y87.9 E993.05968
G1 X88.3 Y75.901 E993.45877
G1 X88.465 Y75.802 E993.46517
G1 X104.8 Y75.8 E994.00847
G1 X104.8 Y75.2 E994.02843
G1 X104.965 Y75.001 E994.03707
G1 X119 Y75 E994.50621
G1 X119.2 Y75.2 E994.51561
G1 X119.2 Y75.8 E994.53557
G1 X135.573 Y75.8 E995.08014
G1 X135.7 Y75.939 E995.0864
G1 X135.7 Y87.9 E995.48423
G1 X136.3 Y87.9 E995.50418
G1 X136.5 Y88.1 E995.51359
G1 X136.499 Y98.535 E995.86153
G1 X136.3 Y98.7 E995.87015
G1 X135.7 Y98.7 E995.8901
G1 X135.7 Y125.3 E996.77482
G1 X136.3 Y125.3 E996.79478
G1 X136.5 Y125.5 E996.80418
G1 X136.499 Y135.935 E997.15212
G1 X136.3 Y136.1 E997.16074
G1 X135.7 Y136.1 E997.1807
G1 X135.698 Y148.035 E997.57766
G1 X135.535 Y148.198 E997.58532
G1 X119.2 Y148.2 E998.12863
G1 X119.2 Y148.8 E998.14858
G1 X119.035 Y148.999 E998.15723
G1 X112 Y149 E998.39238
G0 F4800 X111.8 Y149
G0 X112 Y149.4
G1 F2400 X136.029 Y149.4 E999.19159
G1 X136.9 Y148.703 E999.22869
G1 X136.9 Y75.467 E1001.66453
G1 X136.204 Y74.6 E1001.70151
G1 X87.793 Y74.6 E1003.31167
G1 X87.101 Y75.467 E1003.34856
G1 X87.1 Y148.704 E1005.78443
G1 X87.967 Y149.4 E1005.82141
G1 X112 Y149.4 E1006.62075
G0 F4800 X112.2 Y149.4
G1 F1500 E996.62075
;MESH:NONMESH
G0 F1800 X112.2 Y149.4 Z20.2
G0 F4800 X112.2 Y148.135
G0 X88.353 Y88.753
G0 X87.5 Y87.7
;TIME_ELAPSED:5308.976445
;LAYER:100
;TYPE:WALL-INNER
;MESH:I2C_LED_BTN-Body.stl
G1 F1500 E1006.62075
G1 F2400 X87.7 Y87.5 E1006.63016
G1 X87.9 Y87.5 E1006.63681
G1 X87.9 Y75.803 E1007.03364
G1 X88.245 Y75.405 E1007.05203
G1 X96.323 Y75.402 E1007.3328
G1 X104.401 Y75.4 E1007.6055
G1 X104.4 Y75.2 E1007.61216
G1 X104.569 Y74.999 E1007.62089
G1 X96.291 Y75.001 E1007.90035
G1 X88.013 Y75.003 E1008.18806
G1 X87.5 Y75.632 E1008.21641
G1 X87.5 Y87.7 E1008.62582
G1 F1500 E998.62582
G0 F4800 X87.5 Y87.59
G0 X88.353 Y88.753
G0 X88.353 Y97.847
G0 X87.9 Y124.9
G1 F1500 E1008.62582
G1 F2400 X87.9 Y99.1 E1009.48393
G1 X87.7 Y99.1 E1009.49059
G1 X87.499 Y98.931 E1009.49932
G1 X87.5 Y125.1 E1010.3697
G1 X87.7 Y124.9 E1010.37911
G1 X87.9 Y124.9 E1010.38576
G1 F1500 E1000.38576
G0 F4800 X88.353 Y126.153
G0 X89.153 Y135.247
G0 X89.153 Y147.347
G0 X104.6 Y149
G1 F1500 E1010.38576
G1 F2400 X104.4 Y148.8 E1010.39517
G1 X104.4 Y148.6 E1010.40182
G1 X96.351 Y148.6 E1010.67221
G1 X88.302 Y148.6 E1010.94728
G1 X87.905 Y148.252 E1010.96572
G1 X87.902 Y142.376 E1011.16995
G1 X87.9 Y136.5 E1011.36832
G1 X87.7 Y136.5 E1011.37497
G1 X87.499 Y136.331 E1011.38371
G1 X87.501 Y142.407 E1011.58883
G1 X87.503 Y148.483 E1011.80001
G1 X88.131 Y149 E1011.82842
G1 X96.366 Y149 E1012.10985
G1 X104.601 Y149 E1012.38648
G1 F1500 E1002.38648
G0 F4800 X104.49 Y149
G0 X105.653 Y148.147
G0 X118.347 Y148.147
G0 X119.431 Y149.001
G1 F1500 E1012.38648
G1 F2400 X127.65 Y148.999 E1012.66258
G1 X135.869 Y148.997 E1012.94346
G1 X136.497 Y148.482 E1012.97183
G1 X136.499 Y142.407 E1013.18297
G1 X136.5 Y136.332 E1013.38806
G1 X136.3 Y136.5 E1013.39675
G1 X136.1 Y136.5 E1013.4034
G1 X136.098 Y142.377 E1013.6018
G1 X136.095 Y148.254 E1013.80607
G1 X135.692 Y148.595 E1013.8245
G1 X127.646 Y148.598 E1014.09947
G1 X119.6 Y148.6 E1014.36976
G1 X119.6 Y148.8 E1014.37641
G1 X119.431 Y149.001 E1014.38515
G1 F1500 E1004.38515
G0 F4800 X119.51 Y149.001
G0 X135.924 Y148.424
G0 X134.847 Y147.347
G0 X134.847 Y135.247
G0 X135.647 Y126.153
G0 X136.1 Y124.9
G1 F1500 E1014.38515
G1 F2400 X136.3 Y124.9 E1014.3918
G1 X136.5 Y125.1 E1014.40121
G1 X136.5 Y98.933 E1015.27153
G1 X136.3 Y99.1 E1015.28019
G1 X136.1 Y99.1 E1015.28684
G1 X136.1 Y124.9 E1016.14496
G1 F1500 E1006.14496
G0 F4800 X136.5 Y98.93
G0 X135.647 Y97.847
G0 X135.647 Y88.753
G0 X136.5 Y87.7
G1 F1500 E1016.14496
G1 F2400 X136.5 Y75.631 E1016.5544
G1 X136 Y75.024 E1016.58265
G1 X135.5 Y75 E1016.6003
G1 X119.4 Y75 E1017.13579
G1 X119.6 Y75.2 E1017.14519
G1 X119.6 Y75.4 E1017.15184
G1 X127.674 Y75.4 E1017.42441
G1 X135.748 Y75.4 E1017.70504
G1 X136.1 Y75.801 E1017.72368
G1 X136.1 Y87.5 E1018.12057
G1 X136.3 Y87.5 E1018.12722
G1 X136.5 Y87.7 E1018.13663
G1 F1500 E1008.13663
G0 F4800 X136.5 Y87.59
G0 X135.924 Y87.676
G0 X135.647 Y88.753
G0 X112 Y148.135
G0 X112 Y149
;TYPE:WALL-OUTER
G1 F1500 E1018.13663
G1 F2400 X105 Y149 E1018.36945
G1 X104.8 Y148.8 E1018.37886
G1 X104.8 Y148.2 E1018.39881
G1 X88.399 Y148.2 E1018.94431
G1 X88.302 Y148.035 E1018.95068
G1 X88.3 Y136.1 E1019.34764
G1 X87.7 Y136.1 E1019.36759
G1 X87.501 Y135.935 E1019.37623
G1 X87.5 Y125.5 E1019.72504
G1 X87.7 Y125.3 E1019.73445
G1 X88.3 Y125.3 E1019.7544
G1 X88.3 Y98.7 E1020.63912
G1 X87.7 Y98.7 E1020.65908
G1 X87.501 Y98.535 E1020.66772
G1 X87.5 Y88.1 E1021.01652
G1 X87.7 Y87.9 E1021.02593
G1 X88.3 Y87.9 E1021.04589
G1 X88.3 Y75.901 E1021.44498
G1 X88.465 Y75.802 E1021.45138
G1 X104.8 Y75.8 E1021.99468
G1 X104.8 Y75.2 E1022.01464
G1 X104.965 Y75.001 E1022.02328
G1 X119 Y75 E1022.49242
G1 X119.2 Y75.2 E1022.50182
G1 X119.2 Y75.8 E1022.52178
G1 X135.573 Y75.8 E1023.06635
G1 X135.7 Y75.939 E1023.07261
G1 X135.7 Y87.9 E1023.47044
G1 X136.3 Y87.9 E1023.49039
G1 X136.5 Y88.1 E1023.4998
G1 X136.499 Y98.535 E1023.84774
G1 X136.3 Y98.7 E1023.85636
G1 X135.7 Y98.7 E1023.87631
G1 X135.7 Y125.3 E1024.76103
G1 X136.3 Y125.3 E1024.78099
G1 X136.5 Y125.5 E1024.7904
G1 X136.499 Y135.935 E1025.13833
G1 X136.3 Y136.1 E1025.14695
G1 X135.7 Y136.1 E1025.16691
G1 X135.698 Y148.035 E1025.56387
G1 X135.535 Y148.198 E1025.57153
G1 X119.2 Y148.2 E1026.11484
G1 X119.2 Y148.8 E1026.1348
G1 X119.035 Y148.999 E1026.14344
G1 X112 Y149 E1026.37859
G0 F4800 X111.8 Y149
G0 X112 Y149.4
G1 F2400 X136.029 Y149.4 E1027.1778
G1 X136.9 Y148.703 E1027.2149
G1 X136.9 Y75.467 E1029.65074
G1 X136.204 Y74.6 E1029.68772
G1 X87.793 Y74.6 E1031.29788
G1 X87.101 Y75.467 E1031.33477
G1 X87.1 Y148.704 E1033.77064
G1 X87.967 Y149.4 E1033.80762
G1 X112 Y149.4 E1034.60696
G0 F4800 X112.2 Y149.4
G1 F1500 E1024.60696
;MESH:NONMESH
G0 F1800 X112.2 Y149.4 Z20.4
G0 F4800 X112.2 Y148.135
G0 X88.353 Y88.753
G0 X87.5 Y87.7
;TIME_ELAPSED:5339.893214
;LAYER:101
;TYPE:WALL-INNER
;MESH:I2C_LED_BTN-Body.stl
G1 F1500 E1034.60696
G1 F2400 X87.7 Y87.5 E1034.61637
G1 X87.9 Y87.5 E1034.62302
G1 X87.9 Y75.803 E1035.01985
G1 X88.245 Y75.405 E1035.03824
G1 X96.323 Y75.402 E1035.31901
G1 X104.401 Y75.4 E1035.59171
G1 X104.4 Y75.2 E1035.59837
G1 X104.569 Y74.999 E1035.6071
G1 X96.291 Y75.001 E1035.88656
G1 X88.013 Y75.003 E1036.17427
G1 X87.5 Y75.632 E1036.20262
G1 X87.5 Y87.7 E1036.61203
G1 F1500 E1026.61203
G0 F4800 X87.5 Y87.59
G0 X88.353 Y88.753
G0 X88.353 Y97.847
G0 X87.9 Y124.9
G1 F1500 E1036.61203
G1 F2400 X87.9 Y99.1 E1037.47014
G1 X87.7 Y99.1 E1037.4768
G1 X87.499 Y98.931 E1037.48553
G1 X87.5 Y125.1 E1038.35591
G1 X87.7 Y124.9 E1038.36532
G1 X87.9 Y124.9 E1038.37197
G1 F1500 E1028.37197
G0 F4800 X88.353 Y126.153
G0 X89.153 Y135.247
G0 X89.153 Y147.347
G0 X104.6 Y149
G1 F1500 E1038.37197
G1 F2400 X104.4 Y148.8 E1038.38138
G1 X104.4 Y148.6 E1038.38803
G1 X96.351 Y148.6 E1038.65842
G1 X88.302 Y148.6 E1038.93349
G1 X87.905 Y148.252 E1038.95193
G1 X87.902 Y142.376 E1039.15616
G1 X87.9 Y136.5 E1039.35453
G1 X87.7 Y136.5 E1039.36118
G1 X87.499 Y136.331 E1039.36992
G1 X87.501 Y142.407 E1039.57504
G1 X87.503 Y148.483 E1039.78622
G1 X88.131 Y149 E1039.81463
G1 X96.366 Y149 E1040.09606
G1 X104.601 Y149 E1040.37269
G1 F1500 E1030.37269
G0 F4800 X104.49 Y149
G0 X105.653 Y148.147
G0 X118.347 Y148.147
G0 X119.431 Y149.001
G1 F1500 E1040.37269
G1 F2400 X127.65 Y148.999 E1040.64879
G1 X135.869 Y148.997 E1040.92967
G1 X136.497 Y148.482 E1040.95804
G1 X136.499 Y142.407 E1041.16918
G1 X136.5 Y136.332 E1041.37427
G1 X136.3 Y136.5 E1041.38296
G1 X136.1 Y136.5 E1041.38961
G1 X136.098 Y142.377 E1041.58801
G1 X136.095 Y148.254 E1041.79228
G1 X135.692 Y148.595 E1041.81071
G1 X127.646 Y148.598 E1042.08568
G1 X119.6 Y148.6 E1042.35597
G1 X119.6 Y148.8 E1042.36262
G1 X119.431 Y149.001 E1042.37136
G1 F1500 E1032.37136
G0 F4800 X119.51 Y149.001
G0 X135.924 Y148.424
G0 X134.847 Y147.347
G0 X134.847 Y135.247
G0 X135.647 Y126.153
G0 X136.1 Y124.9
G1 F1500 E1042.37136
G1 F2400 X136.3 Y124.9 E1042.37801
G1 X136.5 Y125.1 E1042.38742
G1 X136.5 Y98.933 E1043.25774
G1 X136.3 Y99.1 E1043.2664
G1 X136.1 Y99.1 E1043.27305
G1 X136.1 Y124.9 E1044.13117
G1 F1500 E1034.13117
G0 F4800 X136.5 Y98.93
G0 X135.647 Y97.847
G0 X135.647 Y88.753
G0 X136.5 Y87.7
G1 F1500 E1044.13117
G1 F2400 X136.5 Y75.631 E1044.54061
G1 X136 Y75.024 E1044.56886
G1 X135.5 Y75 E1044.58651
G1 X119.4 Y75 E1045.122
G1 X119.6 Y75.2 E1045.1314
G1 X119.6 Y75.4 E1045.13805
G1 X127.674 Y75.4 E1045.41063
G1 X135.748 Y75.4 E1045.69125
G1 X136.1 Y75.801 E1045.70989
G1 X136.1 Y87.5 E1046.10678
G1 X136.3 Y87.5 E1046.11343
G1 X136.5 Y87.7 E1046.12284
G1 F1500 E1036.12284
G0 F4800 X136.5 Y87.59
G0 X135.924 Y87.676
G0 X135.647 Y88.753
G0 X112 Y148.135
G0 X112 Y149
;TYPE:WALL-OUTER
G1 F1500 E1046.12284
G1 F2400 X105 Y149 E1046.35566
G1 X104.8 Y148.8 E1046.36507
G1 X104.8 Y148.2 E1046.38502
G1 X88.399 Y148.2 E1046.93052
G1 X88.302 Y148.035 E1046.93689
G1 X88.3 Y136.1 E1047.33385
G1 X87.7 Y136.1 E1047.3538
G1 X87.501 Y135.935 E1047.36244
G1 X87.5 Y125.5 E1047.71125
G1 X87.7 Y125.3 E1047.72066
G1 X88.3 Y125.3 E1047.74061
G1 X88.3 Y98.7 E1048.62533
G1 X87.7 Y98.7 E1048.64529
G1 X87.501 Y98.535 E1048.65393
G1 X87.5 Y88.1 E1049.00273
G1 X87.7 Y87.9 E1049.01214
G1 X88.3 Y87.9 E1049.0321
G1 X88.3 Y75.901 E1049.43119
G1 X88.465 Y75.802 E1049.43759
G1 X104.8 Y75.8 E1049.98089
G1 X104.8 Y75.2 E1050.00085
G1 X104.965 Y75.001 E1050.00949
G1 X119 Y75 E1050.47863
G1 X119.2 Y75.2 E1050.48804
G1 X119.2 Y75.8 E1050.50799
G1 X135.573 Y75.8 E1051.05256
G1 X135.7 Y75.939 E1051.05882
G1 X135.7 Y87.9 E1051.45665
G1 X136.3 Y87.9 E1051.4766
G1 X136.5 Y88.1 E1051.48601
G1 X136.499 Y98.535 E1051.83395
G1 X136.3 Y98.7 E1051.84257
G1 X135.7 Y98.7 E1051.86252
G1 X135.7 Y125.3 E1052.74724
G1 X136.3 Y125.3 E1052.7672
G1 X136.5 Y125.5 E1052.77661
G1 X136.499 Y135.935 E1053.12454
G1 X136.3 Y136.1 E1053.13316
G1 X135.7 Y136.1 E1053.15312
G1 X135.698 Y148.035 E1053.55008
G1 X135.535 Y148.198 E1053.55775
G1 X119.2 Y148.2 E1054.10105
G1 X119.2 Y148.8 E1054.12101
G1 X119.035 Y148.999 E1054.12965
G1 X112 Y149 E1054.3648
G0 F4800 X111.8 Y149
G0 X112 Y149.4
G1 F2400 X136.029 Y149.4 E1055.16401
G1 X136.9 Y148.703 E1055.20111
G1 X136.9 Y75.467 E1057.63695
G1 X136.204 Y74.6 E1057.67393
G1 X87.793 Y74.6 E1059.28409
G1 X87.101 Y75.467 E1059.32098
G1 X87.1 Y148.704 E1061.75685
G1 X87.967 Y149.4 E1061.79383
G1 X112 Y149.4 E1062.59317
G0 F4800 X112.2 Y149.4
G1 F1500 E1052.59317
;MESH:NONMESH
G0 F1800 X112.2 Y149.4 Z20.6
G0 F4800 X112.2 Y148.135
G0 X88.353 Y88.753
G0 X87.5 Y87.7
;TIME_ELAPSED:5370.809983
;LAYER:102
;TYPE:WALL-INNER
;MESH:I2C_LED_BTN-Body.stl
G1 F1500 E1062.59317
G1 F2400 X87.7 Y87.5 E1062.60258
G1 X87.9 Y87.5 E1062.60923
G1 X87.9 Y75.803 E1063.00606
G1 X88.245 Y75.405 E1063.02445
G1 X96.323 Y75.402 E1063.30522
G1 X104.401 Y75.4 E1063.57792
G1 X104.4 Y75.2 E1063.58458
G1 X104.569 Y74.999 E1063.59331
G1 X96.291 Y75.001 E1063.87277
G1 X88.013 Y75.003 E1064.16049
G1 X87.5 Y75.632 E1064.18883
G1 X87.5 Y87.7 E1064.59824
G1 F1500 E1054.59824
G0 F4800 X87.5 Y87.59
G0 X88.353 Y88.753
G0 X88.353 Y97.847
G0 X87.9 Y124.9
G1 F1500 E1064.59824
G1 F2400 X87.9 Y99.1 E1065.45635
G1 X87.7 Y99.1 E1065.46301
G1 X87.499 Y98.931 E1065.47174
G1 X87.5 Y125.1 E1066.34212
G1 X87.7 Y124.9 E1066.35153
G1 X87.9 Y124.9 E1066.35818
G1 F1500 E1056.35818
G0 F4800 X88.353 Y126.153
G0 X89.153 Y135.247
G0 X89.153 Y147.347
G0 X104.6 Y149
G1 F1500 E1066.35818
G1 F2400 X104.4 Y148.8 E1066.36759
G1 X104.4 Y148.6 E1066.37424
G1 X96.351 Y148.6 E1066.64463
G1 X88.302 Y148.6 E1066.9197
G1 X87.905 Y148.252 E1066.93814
G1 X87.902 Y142.376 E1067.14237
G1 X87.9 Y136.5 E1067.34074
G1 X87.7 Y136.5 E1067.34739
G1 X87.499 Y136.331 E1067.35613
G1 X87.501 Y142.407 E1067.56125
G1 X87.503 Y148.483 E1067.77243
G1 X88.131 Y149 E1067.80084
G1 X96.366 Y149 E1068.08227
G1 X104.601 Y149 E1068.3589
G1 F1500 E1058.3589
G0 F4800 X104.49 Y149
G0 X105.653 Y148.147
G0 X118.347 Y148.147
G0 X119.431 Y149.001
G1 F1500 E1068.3589
G1 F2400 X127.65 Y148.999 E1068.635
G1 X135.869 Y148.997 E1068.91588
G1 X136.497 Y148.482 E1068.94425
G1 X136.499 Y142.407 E1069.1554
G1 X136.5 Y136.332 E1069.36048
G1 X136.3 Y136.5 E1069.36917
G1 X136.1 Y136.5 E1069.37582
G1 X136.098 Y142.377 E1069.57422
G1 X136.095 Y148.254 E1069.77849
G1 X135.692 Y148.595 E1069.79692
G1 X127.646 Y148.598 E1070.0719
G1 X119.6 Y148.6 E1070.34218
G1 X119.6 Y148.8 E1070.34883
G1 X119.431 Y149.001 E1070.35757
G1 F1500 E1060.35757
G0 F4800 X119.51 Y149.001
G0 X135.924 Y148.424
G0 X134.847 Y147.347
G0 X134.847 Y135.247
G0 X135.647 Y126.153
G0 X136.1 Y124.9
G1 F1500 E1070.35757
G1 F2400 X136.3 Y124.9 E1070.36422
G1 X136.5 Y125.1 E1070.37363
G1 X136.5 Y98.933 E1071.24395
G1 X136.3 Y99.1 E1071.25261
G1 X136.1 Y99.1 E1071.25926
G1 X136.1 Y124.9 E1072.11738
G1 F1500 E1062.11738
G0 F4800 X136.5 Y98.93
G0 X135.647 Y97.847
G0 X135.647 Y88.753
G0 X136.5 Y87.7
G1 F1500 E1072.11738
G1 F2400 X136.5 Y75.631 E1072.52682
G1 X136 Y75.024 E1072.55507
G1 X135.5 Y75 E1072.57272
G1 X119.4 Y75 E1073.10821
G1 X119.6 Y75.2 E1073.11761
G1 X119.6 Y75.4 E1073.12427
G1 X127.674 Y75.4 E1073.39684
G1 X135.748 Y75.4 E1073.67746
G1 X136.1 Y75.801 E1073.6961
G1 X136.1 Y87.5 E1074.09299
G1 X136.3 Y87.5 E1074.09964
G1 X136.5 Y87.7 E1074.10905
G1 F1500 E1064.10905
G0 F4800 X136.5 Y87.59
G0 X135.924 Y87.676
G0 X135.647 Y88.753
G0 X112 Y148.135
G0 X112 Y149
;TYPE:WALL-OUTER
G1 F1500 E1074.10905
G1 F2400 X105 Y149 E1074.34187
G1 X104.8 Y148.8 E1074.35128
G1 X104.8 Y148.2 E1074.37123
G1 X88.399 Y148.2 E1074.91673
G1 X88.302 Y148.035 E1074.9231
G1 X88.3 Y136.1 E1075.32006
G1 X87.7 Y136.1 E1075.34001
G1 X87.501 Y135.935 E1075.34866
G1 X87.5 Y125.5 E1075.69746
G1 X87.7 Y125.3 E1075.70687
G1 X88.3 Y125.3 E1075.72682
G1 X88.3 Y98.7 E1076.61154
G1 X87.7 Y98.7 E1076.6315
G1 X87.501 Y98.535 E1076.64014
G1 X87.5 Y88.1 E1076.98895
G1 X87.7 Y87.9 E1076.99835
G1 X88.3 Y87.9 E1077.01831
G1 X88.3 Y75.901 E1077.4174
G1 X88.465 Y75.802 E1077.4238
G1 X104.8 Y75.8 E1077.9671
G1 X104.8 Y75.2 E1077.98706
G1 X104.965 Y75.001 E1077.9957
G1 X119 Y75 E1078.46484
G1 X119.2 Y75.2 E1078.47425
G1 X119.2 Y75.8 E1078.4942
G1 X135.573 Y75.8 E1079.03877
G1 X135.7 Y75.939 E1079.04503
G1 X135.7 Y87.9 E1079.44286
G1 X136.3 Y87.9 E1079.46281
G1 X136.5 Y88.1 E1079.47222
G1 X136.499 Y98.535 E1079.82016
G1 X136.3 Y98.7 E1079.82878
G1 X135.7 Y98.7 E1079.84873
G1 X135.7 Y125.3 E1080.73345
G1 X136.3 Y125.3 E1080.75341
G1 X136.5 Y125.5 E1080.76282
G1 X136.499 Y135.935 E1081.11075
G1 X136.3 Y136.1 E1081.11937
G1 X135.7 Y136.1 E1081.13933
G1 X135.698 Y148.035 E1081.53629
G1 X135.535 Y148.198 E1081.54396
G1 X119.2 Y148.2 E1082.08726
G1 X119.2 Y148.8 E1082.10722
G1 X119.035 Y148.999 E1082.11586
G1 X112 Y149 E1082.35101
G0 F4800 X111.8 Y149
G0 X112 Y149.4
G1 F2400 X136.029 Y149.4 E1083.15022
G1 X136.9 Y148.703 E1083.18732
G1 X136.9 Y75.467 E1085.62316
G1 X136.204 Y74.6 E1085.66014
G1 X87.793 Y74.6 E1087.2703
G1 X87.101 Y75.467 E1087.30719
G1 X87.1 Y148.704 E1089.74307
G1 X87.967 Y149.4 E1089.78004
G1 X112 Y149.4 E1090.57938
G0 F4800 X112.2 Y149.4
G1 F1500 E1080.57938
;MESH:NONMESH
G0 F1800 X112.2 Y149.4 Z20.8
G0 F4800 X112.2 Y148.135
G0 X88.353 Y88.753
G0 X87.5 Y87.7
;TIME_ELAPSED:5401.726753
;LAYER:103
;TYPE:WALL-INNER
;MESH:I2C_LED_BTN-Body.stl
G1 F1500 E1090.57938
G1 F2400 X87.7 Y87.5 E1090.58879
G1 X87.9 Y87.5 E1090.59544
G1 X87.9 Y75.803 E1090.99227
G1 X88.245 Y75.405 E1091.01066
G1 X96.323 Y75.402 E1091.29143
G1 X104.401 Y75.4 E1091.56413
G1 X104.4 Y75.2 E1091.57079
G1 X104.569 Y74.999 E1091.57952
G1 X96.291 Y75.001 E1091.85898
G1 X88.013 Y75.003 E1092.1467
G1 X87.5 Y75.632 E1092.17504
G1 X87.5 Y87.7 E1092.58445
G1 F1500 E1082.58445
G0 F4800 X87.5 Y87.59
G0 X88.353 Y88.753
G0 X88.353 Y97.847
G0 X87.9 Y124.9
G1 F1500 E1092.58445
G1 F2400 X87.9 Y99.1 E1093.44256
G1 X87.7 Y99.1 E1093.44922
G1 X87.499 Y98.931 E1093.45795
G1 X87.5 Y125.1 E1094.32834
G1 X87.7 Y124.9 E1094.33774
G1 X87.9 Y124.9 E1094.34439
G1 F1500 E1084.34439
G0 F4800 X88.353 Y126.153
G0 X89.153 Y135.247
G0 X89.153 Y147.347
G0 X104.6 Y149
G1 F1500 E1094.34439
G1 F2400 X104.4 Y148.8 E1094.3538
G1 X104.4 Y148.6 E1094.36045
G1 X96.351 Y148.6 E1094.63084
G1 X88.302 Y148.6 E1094.90591
G1 X87.905 Y148.252 E1094.92435
G1 X87.902 Y142.376 E1095.12858
G1 X87.9 Y136.5 E1095.32695
G1 X87.7 Y136.5 E1095.3336
G1 X87.499 Y136.331 E1095.34234
G1 X87.501 Y142.407 E1095.54746
G1 X87.503 Y148.483 E1095.75864
G1 X88.131 Y149 E1095.78705
G1 X96.366 Y149 E1096.06848
G1 X104.601 Y149 E1096.34511
G1 F1500 E1086.34511
G0 F4800 X104.49 Y149
G0 X105.653 Y148.147
G0 X118.347 Y148.147
G0 X119.431 Y149.001
G1 F1500 E1096.34511
G1 F2400 X127.65 Y148.999 E1096.62121
G1 X135.869 Y148.997 E1096.90209
G1 X136.497 Y148.482 E1096.93046
G1 X136.499 Y142.407 E1097.14161
G1 X136.5 Y136.332 E1097.34669
G1 X136.3 Y136.5 E1097.35538
G1 X136.1 Y136.5 E1097.36203
G1 X136.098 Y142.377 E1097.56043
G1 X136.095 Y148.254 E1097.7647
G1 X135.692 Y148.595 E1097.78314
G1 X127.646 Y148.598 E1098.05811
G1 X119.6 Y148.6 E1098.32839
G1 X119.6 Y148.8 E1098.33504
G1 X119.431 Y149.001 E1098.34378
G1 F1500 E1088.34378
G0 F4800 X119.51 Y149.001
G0 X135.924 Y148.424
G0 X134.847 Y147.347
G0 X134.847 Y135.247
G0 X135.647 Y126.153
G0 X136.1 Y124.9
G1 F1500 E1098.34378
G1 F2400 X136.3 Y124.9 E1098.35043
G1 X136.5 Y125.1 E1098.35984
G1 X136.5 Y98.933 E1099.23016
G1 X136.3 Y99.1 E1099.23882
G1 X136.1 Y99.1 E1099.24547
G1 X136.1 Y124.9 E1100.10359
G1 F1500 E1090.10359
G0 F4800 X136.5 Y98.93
G0 X135.647 Y97.847
G0 X135.647 Y88.753
G0 X136.5 Y87.7
G1 F1500 E1100.10359
G1 F2400 X136.5 Y75.631 E1100.51303
G1 X136 Y75.024 E1100.54128
G1 X135.5 Y75 E1100.55893
G1 X119.4 Y75 E1101.09442
G1 X119.6 Y75.2 E1101.10382
G1 X119.6 Y75.4 E1101.11048
G1 X127.674 Y75.4 E1101.38305
G1 X135.748 Y75.4 E1101.66367
G1 X136.1 Y75.801 E1101.68231
G1 X136.1 Y87.5 E1102.0792
G1 X136.3 Y87.5 E1102.08585
G1 X136.5 Y87.7 E1102.09526
G1 F1500 E1092.09526
G0 F4800 X136.5 Y87.59
G0 X135.924 Y87.676
G0 X135.647 Y88.753
G0 X112 Y148.135
G0 X112 Y149
;TYPE:WALL-OUTER
G1 F1500 E1102.09526
G1 F2400 X105 Y149 E1102.32808
G1 X104.8 Y148.8 E1102.33749
G1 X104.8 Y148.2 E1102.35744
G1 X88.399 Y148.2 E1102.90294
G1 X88.302 Y148.035 E1102.90931
G1 X88.3 Y136.1 E1103.30627
G1 X87.7 Y136.1 E1103.32622
G1 X87.501 Y135.935 E1103.33487
G1 X87.5 Y125.5 E1103.68367
G1 X87.7 Y125.3 E1103.69308
G1 X88.3 Y125.3 E1103.71303
G1 X88.3 Y98.7 E1104.59775
G1 X87.7 Y98.7 E1104.61771
G1 X87.501 Y98.535 E1104.62635
G1 X87.5 Y88.1 E1104.97516
G1 X87.7 Y87.9 E1104.98456
G1 X88.3 Y87.9 E1105.00452
G1 X88.3 Y75.901 E1105.40361
G1 X88.465 Y75.802 E1105.41001
G1 X104.8 Y75.8 E1105.95331
G1 X104.8 Y75.2 E1105.97327
G1 X104.965 Y75.001 E1105.98191
G1 X119 Y75 E1106.45105
G1 X119.2 Y75.2 E1106.46046
G1 X119.2 Y75.8 E1106.48041
G1 X135.573 Y75.8 E1107.02498
G1 X135.7 Y75.939 E1107.03124
G1 X135.7 Y87.9 E1107.42907
G1 X136.3 Y87.9 E1107.44902
G1 X136.5 Y88.1 E1107.45843
G1 X136.499 Y98.535 E1107.80637
G1 X136.3 Y98.7 E1107.81499
G1 X135.7 Y98.7 E1107.83494
G1 X135.7 Y125.3 E1108.71966
G1 X136.3 Y125.3 E1108.73962
G1 X136.5 Y125.5 E1108.74903
G1 X136.499 Y135.935 E1109.09696
G1 X136.3 Y136.1 E1109.10558
G1 X135.7 Y136.1 E1109.12554
G1 X135.698 Y148.035 E1109.5225
G1 X135.535 Y148.198 E1109.53017
G1 X119.2 Y148.2 E1110.07347
G1 X119.2 Y148.8 E1110.09343
G1 X119.035 Y148.999 E1110.10207
G1 X112 Y149 E1110.33722
G0 F4800 X111.8 Y149
G0 X112 Y149.4
G1 F2400 X136.029 Y149.4 E1111.13643
G1 X136.9 Y148.703 E1111.17353
G1 X136.9 Y75.467 E1113.60937
G1 X136.204 Y74.6 E1113.64635
G1 X87.793 Y74.6 E1115.25651
G1 X87.101 Y75.467 E1115.2934
G1 X87.1 Y148.704 E1117.72928
G1 X87.967 Y149.4 E1117.76625
G1 X112 Y149.4 E1118.5656
G0 F4800 X112.2 Y149.4
G1 F1500 E1108.5656
;MESH:NONMESH
G0 F1800 X112.2 Y149.4 Z21
G0 F4800 X112.2 Y148.135
G0 X88.353 Y88.753
G0 X87.5 Y87.7
;TIME_ELAPSED:5432.643522
;LAYER:104
;TYPE:WALL-INNER
;MESH:I2C_LED_BTN-Body.stl
G1 F1500 E1118.5656
G1 F2400 X87.7 Y87.5 E1118.575
G1 X87.9 Y87.5 E1118.58165
G1 X87.9 Y75.803 E1118.97848
G1 X88.245 Y75.405 E1118.99687
G1 X96.323 Y75.402 E1119.27764
G1 X104.401 Y75.4 E1119.55035
G1 X104.4 Y75.2 E1119.557
G1 X104.569 Y74.999 E1119.56573
G1 X96.291 Y75.001 E1119.84519
G1 X88.013 Y75.003 E1120.13291
G1 X87.5 Y75.632 E1120.16125
G1 X87.5 Y87.7 E1120.57066
G1 F1500 E1110.57066
G0 F4800 X87.5 Y87.59
G0 X88.353 Y88.753
G0 X88.353 Y97.847
G0 X87.9 Y124.9
G1 F1500 E1120.57066
G1 F2400 X87.9 Y99.1 E1121.42877
G1 X87.7 Y99.1 E1121.43543
G1 X87.499 Y98.931 E1121.44416
G1 X87.5 Y125.1 E1122.31455
G1 X87.7 Y124.9 E1122.32395
G1 X87.9 Y124.9 E1122.3306
G1 F1500 E1112.3306
G0 F4800 X88.353 Y126.153
G0 X89.153 Y135.247
G0 X89.153 Y147.347
G0 X104.6 Y149
G1 F1500 E1122.3306
G1 F2400 X104.4 Y148.8 E1122.34001
G1 X104.4 Y148.6 E1122.34666
G1 X96.351 Y148.6 E1122.61705
G1 X88.302 Y148.6 E1122.89213
G1 X87.905 Y148.252 E1122.91056
G1 X87.902 Y142.376 E1123.11479
G1 X87.9 Y136.5 E1123.31316
G1 X87.7 Y136.5 E1123.31981
G1 X87.499 Y136.331 E1123.32855
G1 X87.501 Y142.407 E1123.53367
G1 X87.503 Y148.483 E1123.74485
G1 X88.131 Y149 E1123.77326
G1 X96.366 Y149 E1124.05469
G1 X104.601 Y149 E1124.33132
G1 F1500 E1114.33132
G0 F4800 X104.49 Y149
G0 X105.653 Y148.147
G0 X118.347 Y148.147
G0 X119.431 Y149.001
G1 F1500 E1124.33132
G1 F2400 X127.65 Y148.999 E1124.60742
G1 X135.869 Y148.997 E1124.8883
G1 X136.497 Y148.482 E1124.91667
G1 X136.499 Y142.407 E1125.12782
G1 X136.5 Y136.332 E1125.3329
G1 X136.3 Y136.5 E1125.34159
G1 X136.1 Y136.5 E1125.34824
G1 X136.098 Y142.377 E1125.54664
G1 X136.095 Y148.254 E1125.75091
G1 X135.692 Y148.595 E1125.76935
G1 X127.646 Y148.598 E1126.04432
G1 X119.6 Y148.6 E1126.3146
G1 X119.6 Y148.8 E1126.32126
G1 X119.431 Y149.001 E1126.32999
G1 F1500 E1116.32999
G0 F4800 X119.51 Y149.001
G0 X135.924 Y148.424
G0 X134.847 Y147.347
G0 X134.847 Y135.247
G0 X135.647 Y126.153
G0 X136.1 Y124.9
G1 F1500 E1126.32999
G1 F2400 X136.3 Y124.9 E1126.33664
G1 X136.5 Y125.1 E1126.34605
G1 X136.5 Y98.933 E1127.21637
G1 X136.3 Y99.1 E1127.22503
G1 X136.1 Y99.1 E1127.23169
G1 X136.1 Y124.9 E1128.0898
G1 F1500 E1118.0898
G0 F4800 X136.5 Y98.93
G0 X135.647 Y97.847
G0 X135.647 Y88.753
G0 X136.5 Y87.7
G1 F1500 E1128.0898
G1 F2400 X136.5 Y75.631 E1128.49924
G1 X136 Y75.024 E1128.52749
G1 X135.5 Y75 E1128.54514
G1 X119.4 Y75 E1129.08063
G1 X119.6 Y75.2 E1129.09003
G1 X119.6 Y75.4 E1129.09669
G1 X127.674 Y75.4 E1129.36926
G1 X135.748 Y75.4 E1129.64988
G1 X136.1 Y75.801 E1129.66852
G1 X136.1 Y87.5 E1130.06541
G1 X136.3 Y87.5 E1130.07206
G1 X136.5 Y87.7 E1130.08147
G1 F1500 E1120.08147
G0 F4800 X136.5 Y87.59
G0 X135.924 Y87.676
G0 X135.647 Y88.753
G0 X112 Y148.135
G0 X112 Y149
;TYPE:WALL-OUTER
G1 F1500 E1130.08147
G1 F2400 X105 Y149 E1130.31429
G1 X104.8 Y148.8 E1130.3237
G1 X104.8 Y148.2 E1130.34365
G1 X88.399 Y148.2 E1130.88915
G1 X88.302 Y148.035 E1130.89552
G1 X88.3 Y136.1 E1131.29248
G1 X87.7 Y136.1 E1131.31244
G1 X87.501 Y135.935 E1131.32108
G1 X87.5 Y125.5 E1131.66988
G1 X87.7 Y125.3 E1131.67929
G1 X88.3 Y125.3 E1131.69924
G1 X88.3 Y98.7 E1132.58396
G1 X87.7 Y98.7 E1132.60392
G1 X87.501 Y98.535 E1132.61256
G1 X87.5 Y88.1 E1132.96137
G1 X87.7 Y87.9 E1132.97077
G1 X88.3 Y87.9 E1132.99073
G1 X88.3 Y75.901 E1133.38982
G1 X88.465 Y75.802 E1133.39622
G1 X104.8 Y75.8 E1133.93952
G1 X104.8 Y75.2 E1133.95948
G1 X104.965 Y75.001 E1133.96812
G1 X119 Y75 E1134.43726
G1 X119.2 Y75.2 E1134.44667
G1 X119.2 Y75.8 E1134.46662
G1 X135.573 Y75.8 E1135.01119
G1 X135.7 Y75.939 E1135.01745
G1 X135.7 Y87.9 E1135.41528
G1 X136.3 Y87.9 E1135.43523
G1 X136.5 Y88.1 E1135.44464
G1 X136.499 Y98.535 E1135.79258
G1 X136.3 Y98.7 E1135.8012
G1 X135.7 Y98.7 E1135.82115
G1 X135.7 Y125.3 E1136.70587
G1 X136.3 Y125.3 E1136.72583
G1 X136.5 Y125.5 E1136.73524
G1 X136.499 Y135.935 E1137.08317
G1 X136.3 Y136.1 E1137.09179
G1 X135.7 Y136.1 E1137.11175
G1 X135.698 Y148.035 E1137.50871
G1 X135.535 Y148.198 E1137.51638
G1 X119.2 Y148.2 E1138.05968
G1 X119.2 Y148.8 E1138.07964
G1 X119.035 Y148.999 E1138.08828
G1 X112 Y149 E1138.32343
G0 F4800 X111.8 Y149
G0 X112 Y149.4
G1 F2400 X136.029 Y149.4 E1139.12264
G1 X136.9 Y148.703 E1139.15974
G1 X136.9 Y75.467 E1141.59558
G1 X136.204 Y74.6 E1141.63256
G1 X87.793 Y74.6 E1143.24272
G1 X87.101 Y75.467 E1143.27961
G1 X87.1 Y148.704 E1145.71549
G1 X87.967 Y149.4 E1145.75246
G1 X112 Y149.4 E1146.55181
G0 F4800 X112.2 Y149.4
G1 F1500 E1136.55181
;MESH:NONMESH
G0 F1800 X112.2 Y149.4 Z21.2
G0 F4800 X112.2 Y148.135
G0 X88.353 Y88.753
G0 X87.5 Y87.7
;TIME_ELAPSED:5463.560291
;LAYER:105
;TYPE:WALL-INNER
;MESH:I2C_LED_BTN-Body.stl
G1 F1500 E1146.55181
G1 F2400 X87.7 Y87.5 E1146.56121
G1 X87.9 Y87.5 E1146.56787
G1 X87.9 Y75.803 E1146.96469
G1 X88.245 Y75.405 E1146.98308
G1 X96.323 Y75.402 E1147.26385
G1 X104.401 Y75.4 E1147.53656
G1 X104.4 Y75.2 E1147.54321
G1 X104.569 Y74.999 E1147.55194
G1 X96.291 Y75.001 E1147.8314
G1 X88.013 Y75.003 E1148.11912
G1 X87.5 Y75.632 E1148.14746
G1 X87.5 Y87.7 E1148.55687
G1 F1500 E1138.55687
G0 F4800 X87.5 Y87.59
G0 X88.353 Y88.753
G0 X88.353 Y97.847
G0 X87.9 Y124.9
G1 F1500 E1148.55687
G1 F2400 X87.9 Y99.1 E1149.41499
G1 X87.7 Y99.1 E1149.42164
G1 X87.499 Y98.931 E1149.43037
G1 X87.5 Y125.1 E1150.30076
G1 X87.7 Y124.9 E1150.31016
G1 X87.9 Y124.9 E1150.31682
G1 F1500 E1140.31682
G0 F4800 X88.353 Y126.153
G0 X89.153 Y135.247
G0 X89.153 Y147.347
G0 X104.6 Y149
G1 F1500 E1150.31682
G1 F2400 X104.4 Y148.8 E1150.32622
G1 X104.4 Y148.6 E1150.33287
G1 X96.351 Y148.6 E1150.60326
G1 X88.302 Y148.6 E1150.87834
G1 X87.905 Y148.252 E1150.89677
G1 X87.902 Y142.376 E1151.101
G1 X87.9 Y136.5 E1151.29937
G1 X87.7 Y136.5 E1151.30602
G1 X87.499 Y136.331 E1151.31476
G1 X87.501 Y142.407 E1151.51988
G1 X87.503 Y148.483 E1151.73106
G1 X88.131 Y149 E1151.75947
G1 X96.366 Y149 E1152.0409
G1 X104.601 Y149 E1152.31753
G1 F1500 E1142.31753
G0 F4800 X104.49 Y149
G0 X105.653 Y148.147
G0 X118.347 Y148.147
G0 X119.431 Y149.001
G1 F1500 E1152.31753
G1 F2400 X127.65 Y148.999 E1152.59363
G1 X135.869 Y148.997 E1152.87452
G1 X136.497 Y148.482 E1152.90288
G1 X136.499 Y142.407 E1153.11403
G1 X136.5 Y136.332 E1153.31911
G1 X136.3 Y136.5 E1153.3278
G1 X136.1 Y136.5 E1153.33445
G1 X136.098 Y142.377 E1153.53285
G1 X136.095 Y148.254 E1153.73712
G1 X135.692 Y148.595 E1153.75556
G1 X127.646 Y148.598 E1154.03053
G1 X119.6 Y148.6 E1154.30081
G1 X119.6 Y148.8 E1154.30747
G1 X119.431 Y149.001 E1154.3162
G1 F1500 E1144.3162
G0 F4800 X119.51 Y149.001
G0 X135.924 Y148.424
G0 X134.847 Y147.347
G0 X134.847 Y135.247
G0 X135.647 Y126.153
G0 X136.1 Y124.9
G1 F1500 E1154.3162
G1 F2400 X136.3 Y124.9 E1154.32285
G1 X136.5 Y125.1 E1154.33226
G1 X136.5 Y98.933 E1155.20258
G1 X136.3 Y99.1 E1155.21124
G1 X136.1 Y99.1 E1155.2179
G1 X136.1 Y124.9 E1156.07601
G1 F1500 E1146.07601
G0 F4800 X136.5 Y98.93
G0 X135.647 Y97.847
G0 X135.647 Y88.753
G0 X136.5 Y87.7
G1 F1500 E1156.07601
G1 F2400 X136.5 Y75.631 E1156.48545
G1 X136 Y75.024 E1156.5137
G1 X135.5 Y75 E1156.53135
G1 X119.4 Y75 E1157.06684
G1 X119.6 Y75.2 E1157.07624
G1 X119.6 Y75.4 E1157.0829
G1 X127.674 Y75.4 E1157.35547
G1 X135.748 Y75.4 E1157.63609
G1 X136.1 Y75.801 E1157.65473
G1 X136.1 Y87.5 E1158.05162
G1 X136.3 Y87.5 E1158.05827
G1 X136.5 Y87.7 E1158.06768
G1 F1500 E1148.06768
G0 F4800 X136.5 Y87.59
G0 X135.924 Y87.676
G0 X135.647 Y88.753
G0 X112 Y148.135
G0 X112 Y149
;TYPE:WALL-OUTER
G1 F1500 E1158.06768
G1 F2400 X105 Y149 E1158.3005
G1 X104.8 Y148.8 E1158.30991
G1 X104.8 Y148.2 E1158.32986
G1 X88.399 Y148.2 E1158.87536
G1 X88.302 Y148.035 E1158.88173
G1 X88.3 Y136.1 E1159.27869
G1 X87.7 Y136.1 E1159.29865
G1 X87.501 Y135.935 E1159.30729
G1 X87.5 Y125.5 E1159.65609
G1 X87.7 Y125.3 E1159.6655
G1 X88.3 Y125.3 E1159.68545
G1 X88.3 Y98.7 E1160.57017
G1 X87.7 Y98.7 E1160.59013
G1 X87.501 Y98.535 E1160.59877
G1 X87.5 Y88.1 E1160.94758
G1 X87.7 Y87.9 E1160.95698
G1 X88.3 Y87.9 E1160.97694
G1 X88.3 Y75.901 E1161.37603
G1 X88.465 Y75.802 E1161.38243
G1 X104.8 Y75.8 E1161.92573
G1 X104.8 Y75.2 E1161.94569
G1 X104.965 Y75.001 E1161.95433
G1 X119 Y75 E1162.42347
G1 X119.2 Y75.2 E1162.43288
G1 X119.2 Y75.8 E1162.45283
G1 X135.573 Y75.8 E1162.9974
G1 X135.7 Y75.939 E1163.00366
G1 X135.7 Y87.9 E1163.40149
G1 X136.3 Y87.9 E1163.42144
G1 X136.5 Y88.1 E1163.43085
G1 X136.499 Y98.535 E1163.77879
G1 X136.3 Y98.7 E1163.78741
G1 X135.7 Y98.7 E1163.80736
G1 X135.7 Y125.3 E1164.69208
G1 X136.3 Y125.3 E1164.71204
G1 X136.5 Y125.5 E1164.72145
G1 X136.499 Y135.935 E1165.06938
G1 X136.3 Y136.1 E1165.078
G1 X135.7 Y136.1 E1165.09796
G1 X135.698 Y148.035 E1165.49492
G1 X135.535 Y148.198 E1165.50259
G1 X119.2 Y148.2 E1166.04589
G1 X119.2 Y148.8 E1166.06585
G1 X119.035 Y148.999 E1166.07449
G1 X112 Y149 E1166.30964
G0 F4800 X111.8 Y149
G0 X112 Y149.4
G1 F2400 X136.029 Y149.4 E1167.10885
G1 X136.9 Y148.703 E1167.14595
G1 X136.9 Y75.467 E1169.58179
G1 X136.204 Y74.6 E1169.61877
G1 X87.793 Y74.6 E1171.22893
G1 X87.101 Y75.467 E1171.26582
G1 X87.1 Y148.704 E1173.7017
G1 X87.967 Y149.4 E1173.73868
G1 X112 Y149.4 E1174.53802
G0 F4800 X112.2 Y149.4
G1 F1500 E1164.53802
;MESH:NONMESH
G0 F1800 X112.2 Y149.4 Z21.4
G0 F4800 X112.2 Y148.135
G0 X88.353 Y88.753
G0 X87.5 Y87.7
;TIME_ELAPSED:5494.477061
;LAYER:106
;TYPE:WALL-INNER
;MESH:I2C_LED_BTN-Body.stl
G1 F1500 E1174.53802
G1 F2400 X87.7 Y87.5 E1174.54742
G1 X87.9 Y87.5 E1174.55408
G1 X87.9 Y75.803 E1174.9509
G1 X88.245 Y75.405 E1174.96929
G1 X96.323 Y75.402 E1175.25006
G1 X104.401 Y75.4 E1175.52277
G1 X104.4 Y75.2 E1175.52942
G1 X104.569 Y74.999 E1175.53815
G1 X96.291 Y75.001 E1175.81761
G1 X88.013 Y75.003 E1176.10533
G1 X87.5 Y75.632 E1176.13367
G1 X87.5 Y87.7 E1176.54308
G1 F1500 E1166.54308
G0 F4800 X87.5 Y87.59
G0 X88.353 Y88.753
G0 X88.353 Y97.847
G0 X87.9 Y124.9
G1 F1500 E1176.54308
G1 F2400 X87.9 Y99.1 E1177.4012
G1 X87.7 Y99.1 E1177.40785
G1 X87.499 Y98.931 E1177.41658
G1 X87.5 Y125.1 E1178.28697
G1 X87.7 Y124.9 E1178.29637
G1 X87.9 Y124.9 E1178.30303
G1 F1500 E1168.30303
G0 F4800 X88.353 Y126.153
G0 X89.153 Y135.247
G0 X89.153 Y147.347
G0 X104.6 Y149
G1 F1500 E1178.30303
G1 F2400 X104.4 Y148.8 E1178.31243
G1 X104.4 Y148.6 E1178.31909
G1 X96.351 Y148.6 E1178.58947
G1 X88.302 Y148.6 E1178.86455
G1 X87.905 Y148.252 E1178.88298
G1 X87.902 Y142.376 E1179.08721
G1 X87.9 Y136.5 E1179.28558
G1 X87.7 Y136.5 E1179.29223
G1 X87.499 Y136.331 E1179.30097
G1 X87.501 Y142.407 E1179.50609
G1 X87.503 Y148.483 E1179.71727
G1 X88.131 Y149 E1179.74568
G1 X96.366 Y149 E1180.02711
G1 X104.601 Y149 E1180.30374
G1 F1500 E1170.30374
G0 F4800 X104.49 Y149
G0 X105.653 Y148.147
G0 X118.347 Y148.147
G0 X119.431 Y149.001
G1 F1500 E1180.30374
G1 F2400 X127.65 Y148.999 E1180.57984
G1 X135.869 Y148.997 E1180.86073
G1 X136.497 Y148.482 E1180.88909
G1 X136.499 Y142.407 E1181.10024
G1 X136.5 Y136.332 E1181.30532
G1 X136.3 Y136.5 E1181.31401
G1 X136.1 Y136.5 E1181.32066
G1 X136.098 Y142.377 E1181.51906
G1 X136.095 Y148.254 E1181.72333
G1 X135.692 Y148.595 E1181.74177
G1 X127.646 Y148.598 E1182.01674
G1 X119.6 Y148.6 E1182.28702
G1 X119.6 Y148.8 E1182.29368
G1 X119.431 Y149.001 E1182.30241
G1 F1500 E1172.30241
G0 F4800 X119.51 Y149.001
G0 X135.924 Y148.424
G0 X134.847 Y147.347
G0 X134.847 Y135.247
G0 X135.647 Y126.153
G0 X136.1 Y124.9
G1 F1500 E1182.30241
G1 F2400 X136.3 Y124.9 E1182.30906
G1 X136.5 Y125.1 E1182.31847
G1 X136.5 Y98.933 E1183.18879
G1 X136.3 Y99.1 E1183.19745
G1 X136.1 Y99.1 E1183.20411
G1 X136.1 Y124.9 E1184.06222
G1 F1500 E1174.06222
G0 F4800 X136.5 Y98.93
G0 X135.647 Y97.847
G0 X135.647 Y88.753
G0 X136.5 Y87.7
G1 F1500 E1184.06222
G1 F2400 X136.5 Y75.631 E1184.47166
G1 X136 Y75.024 E1184.49991
G1 X135.5 Y75 E1184.51756
G1 X119.4 Y75 E1185.05305
G1 X119.6 Y75.2 E1185.06245
G1 X119.6 Y75.4 E1185.06911
G1 X127.674 Y75.4 E1185.34168
G1 X135.748 Y75.4 E1185.6223
G1 X136.1 Y75.801 E1185.64094
G1 X136.1 Y87.5 E1186.03783
G1 X136.3 Y87.5 E1186.04448
G1 X136.5 Y87.7 E1186.05389
G1 F1500 E1176.05389
G0 F4800 X136.5 Y87.59
G0 X135.924 Y87.676
G0 X135.647 Y88.753
G0 X112 Y148.135
G0 X112 Y149
;TYPE:WALL-OUTER
G1 F1500 E1186.05389
G1 F2400 X105 Y149 E1186.28671
G1 X104.8 Y148.8 E1186.29612
G1 X104.8 Y148.2 E1186.31607
G1 X88.399 Y148.2 E1186.86157
G1 X88.302 Y148.035 E1186.86794
G1 X88.3 Y136.1 E1187.2649
G1 X87.7 Y136.1 E1187.28486
G1 X87.501 Y135.935 E1187.2935
G1 X87.5 Y125.5 E1187.6423
G1 X87.7 Y125.3 E1187.65171
G1 X88.3 Y125.3 E1187.67167
G1 X88.3 Y98.7 E1188.55638
G1 X87.7 Y98.7 E1188.57634
G1 X87.501 Y98.535 E1188.58498
G1 X87.5 Y88.1 E1188.93379
G1 X87.7 Y87.9 E1188.94319
G1 X88.3 Y87.9 E1188.96315
G1 X88.3 Y75.901 E1189.36224
G1 X88.465 Y75.802 E1189.36864
G1 X104.8 Y75.8 E1189.91194
G1 X104.8 Y75.2 E1189.9319
G1 X104.965 Y75.001 E1189.94054
G1 X119 Y75 E1190.40968
G1 X119.2 Y75.2 E1190.41909
G1 X119.2 Y75.8 E1190.43904
G1 X135.573 Y75.8 E1190.98361
G1 X135.7 Y75.939 E1190.98987
G1 X135.7 Y87.9 E1191.3877
G1 X136.3 Y87.9 E1191.40765
G1 X136.5 Y88.1 E1191.41706
G1 X136.499 Y98.535 E1191.765
G1 X136.3 Y98.7 E1191.77362
G1 X135.7 Y98.7 E1191.79357
G1 X135.7 Y125.3 E1192.67829
G1 X136.3 Y125.3 E1192.69825
G1 X136.5 Y125.5 E1192.70766
G1 X136.499 Y135.935 E1193.05559
G1 X136.3 Y136.1 E1193.06421
G1 X135.7 Y136.1 E1193.08417
G1 X135.698 Y148.035 E1193.48113
G1 X135.535 Y148.198 E1193.4888
G1 X119.2 Y148.2 E1194.0321
G1 X119.2 Y148.8 E1194.05206
G1 X119.035 Y148.999 E1194.0607
G1 X112 Y149 E1194.29585
G0 F4800 X111.8 Y149
G0 X112 Y149.4
G1 F2400 X136.029 Y149.4 E1195.09506
G1 X136.9 Y148.703 E1195.13216
G1 X136.9 Y75.467 E1197.568
G1 X136.204 Y74.6 E1197.60498
G1 X87.793 Y74.6 E1199.21514
G1 X87.101 Y75.467 E1199.25203
G1 X87.1 Y148.704 E1201.68791
G1 X87.967 Y149.4 E1201.72489
G1 X112 Y149.4 E1202.52423
G0 F4800 X112.2 Y149.4
G1 F1500 E1192.52423
;MESH:NONMESH
G0 F1800 X112.2 Y149.4 Z21.6
G0 F4800 X112.2 Y148.135
G0 X88.353 Y88.753
G0 X87.5 Y87.7
;TIME_ELAPSED:5525.393830
;LAYER:107
;TYPE:WALL-INNER
;MESH:I2C_LED_BTN-Body.stl
G1 F1500 E1202.52423
G1 F2400 X87.7 Y87.5 E1202.53363
G1 X87.9 Y87.5 E1202.54029
G1 X87.9 Y75.803 E1202.93711
G1 X88.245 Y75.405 E1202.95551
G1 X96.323 Y75.402 E1203.23627
G1 X104.401 Y75.4 E1203.50898
G1 X104.4 Y75.2 E1203.51563
G1 X104.569 Y74.999 E1203.52436
G1 X96.291 Y75.001 E1203.80382
G1 X88.013 Y75.003 E1204.09154
G1 X87.5 Y75.632 E1204.11988
G1 X87.5 Y87.7 E1204.52929
G1 F1500 E1194.52929
G0 F4800 X87.5 Y87.59
G0 X88.353 Y88.753
G0 X88.353 Y97.847
G0 X87.9 Y124.9
G1 F1500 E1204.52929
G1 F2400 X87.9 Y99.1 E1205.38741
G1 X87.7 Y99.1 E1205.39406
G1 X87.499 Y98.931 E1205.40279
G1 X87.5 Y125.1 E1206.27318
G1 X87.7 Y124.9 E1206.28258
G1 X87.9 Y124.9 E1206.28924
G1 F1500 E1196.28924
G0 F4800 X88.353 Y126.153
G0 X89.153 Y135.247
G0 X89.153 Y147.347
G0 X104.6 Y149
G1 F1500 E1206.28924
G1 F2400 X104.4 Y148.8 E1206.29864
G1 X104.4 Y148.6 E1206.3053
G1 X96.351 Y148.6 E1206.57568
G1 X88.302 Y148.6 E1206.85076
G1 X87.905 Y148.252 E1206.86919
G1 X87.902 Y142.376 E1207.07342
G1 X87.9 Y136.5 E1207.27179
G1 X87.7 Y136.5 E1207.27844
G1 X87.499 Y136.331 E1207.28718
G1 X87.501 Y142.407 E1207.4923
G1 X87.503 Y148.483 E1207.70348
G1 X88.131 Y149 E1207.73189
G1 X96.366 Y149 E1208.01332
G1 X104.601 Y149 E1208.28995
G1 F1500 E1198.28995
G0 F4800 X104.49 Y149
G0 X105.653 Y148.147
G0 X118.347 Y148.147
G0 X119.431 Y149.001
G1 F1500 E1208.28995
G1 F2400 X127.65 Y148.999 E1208.56605
G1 X135.869 Y148.997 E1208.84694
G1 X136.497 Y148.482 E1208.8753
G1 X136.499 Y142.407 E1209.08645
G1 X136.5 Y136.332 E1209.29153
G1 X136.3 Y136.5 E1209.30022
G1 X136.1 Y136.5 E1209.30687
G1 X136.098 Y142.377 E1209.50527
G1 X136.095 Y148.254 E1209.70954
G1 X135.692 Y148.595 E1209.72798
G1 X127.646 Y148.598 E1210.00295
G1 X119.6 Y148.6 E1210.27323
G1 X119.6 Y148.8 E1210.27989
G1 X119.431 Y149.001 E1210.28862
G1 F1500 E1200.28862
G0 F4800 X119.51 Y149.001
G0 X135.924 Y148.424
G0 X134.847 Y147.347
G0 X134.847 Y135.247
G0 X135.647 Y126.153
G0 X136.1 Y124.9
G1 F1500 E1210.28862
G1 F2400 X136.3 Y124.9 E1210.29527
G1 X136.5 Y125.1 E1210.30468
G1 X136.5 Y98.933 E1211.175
G1 X136.3 Y99.1 E1211.18366
G1 X136.1 Y99.1 E1211.19032
G1 X136.1 Y124.9 E1212.04843
G1 F1500 E1202.04843
G0 F4800 X136.5 Y98.93
G0 X135.647 Y97.847
G0 X135.647 Y88.753
G0 X136.5 Y87.7
G1 F1500 E1212.04843
G1 F2400 X136.5 Y75.631 E1212.45787
G1 X136 Y75.024 E1212.48612
G1 X135.5 Y75 E1212.50377
G1 X119.4 Y75 E1213.03926
G1 X119.6 Y75.2 E1213.04867
G1 X119.6 Y75.4 E1213.05532
G1 X127.674 Y75.4 E1213.32789
G1 X135.748 Y75.4 E1213.60851
G1 X136.1 Y75.801 E1213.62715
G1 X136.1 Y87.5 E1214.02404
G1 X136.3 Y87.5 E1214.03069
G1 X136.5 Y87.7 E1214.0401
G1 F1500 E1204.0401
G0 F4800 X136.5 Y87.59
G0 X135.924 Y87.676
G0 X135.647 Y88.753
G0 X112 Y148.135
G0 X112 Y149
;TYPE:WALL-OUTER
G1 F1500 E1214.0401
G1 F2400 X105 Y149 E1214.27292
G1 X104.8 Y148.8 E1214.28233
G1 X104.8 Y148.2 E1214.30229
G1 X88.399 Y148.2 E1214.84778
G1 X88.302 Y148.035 E1214.85415
G1 X88.3 Y136.1 E1215.25111
G1 X87.7 Y136.1 E1215.27107
G1 X87.501 Y135.935 E1215.27971
G1 X87.5 Y125.5 E1215.62851
G1 X87.7 Y125.3 E1215.63792
G1 X88.3 Y125.3 E1215.65788
G1 X88.3 Y98.7 E1216.5426
G1 X87.7 Y98.7 E1216.56255
G1 X87.501 Y98.535 E1216.57119
G1 X87.5 Y88.1 E1216.92
G1 X87.7 Y87.9 E1216.9294
G1 X88.3 Y87.9 E1216.94936
G1 X88.3 Y75.901 E1217.34845
G1 X88.465 Y75.802 E1217.35485
G1 X104.8 Y75.8 E1217.89815
G1 X104.8 Y75.2 E1217.91811
G1 X104.965 Y75.001 E1217.92675
G1 X119 Y75 E1218.39589
G1 X119.2 Y75.2 E1218.4053
G1 X119.2 Y75.8 E1218.42525
G1 X135.573 Y75.8 E1218.96982
G1 X135.7 Y75.939 E1218.97608
G1 X135.7 Y87.9 E1219.37391
G1 X136.3 Y87.9 E1219.39386
G1 X136.5 Y88.1 E1219.40327
G1 X136.499 Y98.535 E1219.75121
G1 X136.3 Y98.7 E1219.75983
G1 X135.7 Y98.7 E1219.77978
G1 X135.7 Y125.3 E1220.6645
G1 X136.3 Y125.3 E1220.68446
G1 X136.5 Y125.5 E1220.69387
G1 X136.499 Y135.935 E1221.04181
G1 X136.3 Y136.1 E1221.05042
G1 X135.7 Y136.1 E1221.07038
G1 X135.698 Y148.035 E1221.46734
G1 X135.535 Y148.198 E1221.47501
G1 X119.2 Y148.2 E1222.01831
G1 X119.2 Y148.8 E1222.03827
G1 X119.035 Y148.999 E1222.04691
G1 X112 Y149 E1222.28206
G0 F4800 X111.8 Y149
G0 X112 Y149.4
G1 F2400 X136.029 Y149.4 E1223.08127
G1 X136.9 Y148.703 E1223.11837
G1 X136.9 Y75.467 E1225.55421
G1 X136.204 Y74.6 E1225.59119
G1 X87.793 Y74.6 E1227.20135
G1 X87.101 Y75.467 E1227.23824
G1 X87.1 Y148.704 E1229.67412
G1 X87.967 Y149.4 E1229.7111
G1 X112 Y149.4 E1230.51044
G0 F4800 X112.2 Y149.4
G1 F1500 E1220.51044
;MESH:NONMESH
G0 F1800 X112.2 Y149.4 Z21.8
G0 F4800 X112.2 Y150.265
G0 X104.576 Y150.265
G0 X104.6 Y149
;TIME_ELAPSED:5555.622698
;LAYER:108
;TYPE:WALL-INNER
;MESH:I2C_LED_BTN-Body.stl
G1 F1500 E1230.51044
G1 F2400 X104.4 Y148.8 E1230.51984
G1 X104.4 Y148.6 E1230.5265
G1 X96.351 Y148.6 E1230.79688
G1 X88.302 Y148.6 E1231.07196
G1 X87.905 Y148.252 E1231.09057
G1 X87.904 Y137.427 E1231.47941
G1 X87.904 Y136.177
G1 X87.904 Y136.1 E1231.48216
G1 X87.903 Y125.3 E1231.67479
G1 X87.903 Y124.102 E1231.71752
G1 X87.902 Y112.669 E1232.12345
G1 X87.902 Y112.027
G1 X87.902 Y101.202 E1232.5051
G1 X87.902 Y99.952
G1 X87.902 Y98.7 E1232.54903
G1 X87.901 Y87.9 E1232.73851
G1 X87.901 Y87.877 E1232.73932
G1 X87.9 Y75.802 E1233.16001
G1 X88.245 Y75.405 E1233.17842
G1 X96.323 Y75.402 E1233.45919
G1 X104.401 Y75.4 E1233.73189
G1 X104.4 Y75.2 E1233.73855
G1 X104.569 Y74.999 E1233.74728
G1 X96.291 Y75.001 E1234.02674
G1 X88.013 Y75.003 E1234.31445
G1 X87.5 Y75.632 E1234.34287
G1 X87.501 Y86.524 E1234.72235
G1 X87.501 Y87.774
G1 X87.501 Y87.9 E1234.72677
G1 X87.501 Y98.7 E1234.91625
G1 X87.501 Y99.916 E1234.95892
G1 X87.502 Y111.417 E1235.36439
G1 X87.502 Y112.058
G1 X87.502 Y122.95 E1235.75112
G1 X87.502 Y124.2
G1 X87.502 Y125.3 E1235.79036
G1 X87.503 Y136.1 E1235.98298
G1 X87.503 Y136.342 E1235.99161
G1 X87.503 Y148.355 E1236.42313
G1 X87.503 Y148.484
G1 X88.131 Y149 E1236.45179
G1 X96.366 Y149 E1236.73322
G1 X104.601 Y149 E1237.00985
G1 F1500 E1227.00985
G0 F4800 X104.49 Y149
G0 X105.653 Y148.147
G0 X118.347 Y148.147
G0 X119.431 Y149.001
G1 F1500 E1237.00985
G1 F2400 X127.65 Y148.999 E1237.28595
G1 X135.869 Y148.997 E1237.56684
G1 X136.497 Y148.482 E1237.59547
G1 X136.498 Y137.59 E1237.98672
G1 X136.498 Y136.34
G1 X136.498 Y136.1 E1237.99528
G1 X136.498 Y125.3 E1238.18791
G1 X136.498 Y124.198 E1238.22722
G1 X136.499 Y112.646 E1238.63737
G1 X136.499 Y112.056
G1 X136.499 Y101.164 E1239.02138
G1 X136.499 Y99.914
G1 X136.499 Y98.7 E1239.06398
G1 X136.5 Y87.9 E1239.25346
G1 X136.5 Y87.772 E1239.25795
G1 X136.5 Y75.63 E1239.68098
G1 X136 Y75.024 E1239.70933
G1 X135.5 Y75 E1239.72698
G1 X119.4 Y75 E1240.26247
G1 X119.6 Y75.2 E1240.27187
G1 X119.6 Y75.4 E1240.27853
G1 X127.674 Y75.4 E1240.5511
G1 X135.748 Y75.4 E1240.83172
G1 X136.1 Y75.801 E1240.8504
G1 X136.099 Y86.627 E1241.22758
G1 X136.099 Y87.877
G1 X136.099 Y87.9 E1241.22839
G1 X136.098 Y98.7 E1241.41787
G1 X136.098 Y99.953 E1241.46184
G1 X136.097 Y111.369 E1241.86432
G1 X136.097 Y112.029
G1 X136.097 Y122.855 E1242.2487
G1 X136.097 Y124.105
G1 X136.097 Y125.3 E1242.29132
G1 X136.096 Y136.1 E1242.48395
G1 X136.096 Y136.181 E1242.48684
G1 X136.095 Y148.214 E1242.91908
G1 X136.095 Y148.257
G1 X135.692 Y148.595 E1242.93762
G1 X127.646 Y148.598 E1243.21259
G1 X119.6 Y148.6 E1243.48288
G1 X119.6 Y148.8 E1243.48953
G1 X119.431 Y149.001 E1243.49826
G1 F1500 E1233.49826
G0 F4800 X119.51 Y149.001
G0 X118.347 Y148.147
G0 X112 Y148.135
G0 X112 Y149
;TYPE:WALL-OUTER
G1 F1500 E1243.49826
G1 F2400 X105 Y149 E1243.73108
G1 X104.8 Y148.8 E1243.74049
G1 X104.8 Y148.2 E1243.76045
G1 X88.399 Y148.2 E1244.30595
G1 X88.302 Y148.035 E1244.31231
G1 X88.302 Y137.35 E1244.6677
G1 X88.302 Y136.1
G1 X88.301 Y125.3 E1244.8473
G1 X88.301 Y98.7 E1245.73202
G1 X88.3 Y87.9 E1245.91163
G1 X88.3 Y75.901 E1246.31071
G1 X88.465 Y75.802 E1246.31711
G1 X104.8 Y75.8 E1246.86042
G1 X104.8 Y75.2 E1246.88038
G1 X104.965 Y75.001 E1246.88902
G1 X119 Y75 E1247.35816
G1 X119.2 Y75.2 E1247.36756
G1 X119.2 Y75.8 E1247.38752
G1 X135.573 Y75.8 E1247.93209
G1 X135.7 Y75.939 E1247.93835
G1 X135.7 Y86.65 E1248.2946
G1 X135.7 Y87.9
G1 X135.699 Y98.7 E1248.4742
G1 X135.699 Y125.3 E1249.35892
G1 X135.698 Y136.1 E1249.53853
G1 X135.698 Y148.035 E1249.93549
G1 X135.535 Y148.198 E1249.94316
G1 X119.2 Y148.2 E1250.48646
G1 X119.2 Y148.8 E1250.50642
G1 X119.035 Y148.999 E1250.51506
G1 X112 Y149 E1250.75021
G0 F4800 X111.8 Y149
G0 X112 Y149.4
G1 F2400 X136.029 Y149.4 E1251.54942
G1 X136.9 Y148.703 E1251.58652
G1 X136.9 Y75.467 E1254.02236
G1 X136.204 Y74.6 E1254.05934
G1 X87.793 Y74.6 E1255.6695
G1 X87.101 Y75.467 E1255.70639
G1 X87.1 Y148.704 E1258.14227
G1 X87.967 Y149.4 E1258.17924
G1 X112 Y149.4 E1258.97858
G0 F4800 X112.2 Y149.4
G1 F1500 E1248.97858
;MESH:NONMESH
G0 F1800 X112.2 Y149.4 Z22
G0 F4800 X112.2 Y150.265
G0 X104.576 Y150.265
G0 X104.6 Y149
;TIME_ELAPSED:5581.759088
;LAYER:109
;TYPE:WALL-INNER
;MESH:I2C_LED_BTN-Body.stl
G1 F1500 E1258.97858
G1 F2400 X104.4 Y148.8 E1258.98799
G1 X104.4 Y148.6 E1258.99464
G1 X96.351 Y148.6 E1259.26503
G1 X88.302 Y148.6 E1259.5401
G1 X87.905 Y148.252 E1259.55872
G1 X87.904 Y136.177 E1259.99246
G1 X87.903 Y124.102 E1260.4232
G1 X87.902 Y112.027 E1260.85192
G1 X87.902 Y99.952 E1261.27763
G1 X87.901 Y87.877 E1261.70134
G1 X87.9 Y75.802 E1262.12203
G1 X88.245 Y75.405 E1262.14044
G1 X96.323 Y75.402 E1262.42121
G1 X104.401 Y75.4 E1262.69392
G1 X104.4 Y75.2 E1262.70057
G1 X104.569 Y74.999 E1262.7093
G1 X96.291 Y75.001 E1262.98876
G1 X88.013 Y75.003 E1263.27648
G1 X87.5 Y75.632 E1263.30489
G1 X87.501 Y87.774 E1263.72792
G1 X87.501 Y99.916 E1264.15397
G1 X87.502 Y112.058 E1264.58205
G1 X87.502 Y124.2 E1265.01315
G1 X87.503 Y136.342 E1265.44628
G1 X87.503 Y148.484 E1265.88243
G1 X88.131 Y149 E1265.91108
G1 X96.366 Y149 E1266.19251
G1 X104.601 Y149 E1266.46915
G1 F1500 E1256.46915
G0 F4800 X104.49 Y149
G0 X105.653 Y148.147
G0 X118.347 Y148.147
G0 X119.431 Y149.001
G1 F1500 E1266.46915
G1 F2400 X127.65 Y148.999 E1266.74525
G1 X135.869 Y148.997 E1267.02613
G1 X136.497 Y148.482 E1267.05476
G1 X136.498 Y136.34 E1267.49092
G1 X136.498 Y124.198 E1267.92404
G1 X136.499 Y112.056 E1268.35514
G1 X136.499 Y99.914 E1268.78322
G1 X136.5 Y87.772 E1269.20927
G1 X136.5 Y75.63 E1269.6323
G1 X136 Y75.024 E1269.66065
G1 X135.5 Y75 E1269.6783
G1 X119.4 Y75 E1270.21379
G1 X119.6 Y75.2 E1270.2232
G1 X119.6 Y75.4 E1270.22985
G1 X127.674 Y75.4 E1270.50242
G1 X135.748 Y75.4 E1270.78305
G1 X136.1 Y75.801 E1270.80173
G1 X136.099 Y87.877 E1271.22245
G1 X136.098 Y99.953 E1271.64619
G1 X136.097 Y112.029 E1272.07194
G1 X136.097 Y124.105 E1272.5007
G1 X136.096 Y136.181 E1272.93147
G1 X136.095 Y148.257 E1273.36525
G1 X135.692 Y148.595 E1273.3838
G1 X127.646 Y148.598 E1273.65877
G1 X119.6 Y148.6 E1273.92905
G1 X119.6 Y148.8 E1273.93571
G1 X119.431 Y149.001 E1273.94444
G1 F1500 E1263.94444
G0 F4800 X119.51 Y149.001
G0 X118.347 Y148.147
G0 X112 Y148.135
G0 X112 Y149
;TYPE:WALL-OUTER
G1 F1500 E1273.94444
G1 F2400 X105 Y149 E1274.17726
G1 X104.8 Y148.8 E1274.18667
G1 X104.8 Y148.2 E1274.20662
G1 X88.399 Y148.2 E1274.75212
G1 X88.302 Y148.035 E1274.75849
G1 X88.3 Y75.901 E1277.15768
G1 X88.465 Y75.802 E1277.16408
G1 X104.8 Y75.8 E1277.70738
G1 X104.8 Y75.2 E1277.72734
G1 X104.965 Y75.001 E1277.73598
G1 X119 Y75 E1278.20512
G1 X119.2 Y75.2 E1278.21453
G1 X119.2 Y75.8 E1278.23448
G1 X135.573 Y75.8 E1278.77905
G1 X135.7 Y75.939 E1278.78531
G1 X135.698 Y148.035 E1281.18323
G1 X135.535 Y148.198 E1281.1909
G1 X119.2 Y148.2 E1281.73421
G1 X119.2 Y148.8 E1281.75416
G1 X119.035 Y148.999 E1281.7628
G1 X112 Y149 E1281.99796
G0 F4800 X111.8 Y149
G0 X112 Y149.4
G1 F2400 X136.029 Y149.4 E1282.79717
G1 X136.9 Y148.703 E1282.83427
G1 X136.9 Y75.467 E1285.27011
G1 X136.204 Y74.6 E1285.30709
G1 X87.793 Y74.6 E1286.91724
G1 X87.101 Y75.467 E1286.95414
G1 X87.1 Y148.704 E1289.39001
G1 X87.967 Y149.4 E1289.42699
G1 X112 Y149.4 E1290.22633
G0 F4800 X112.2 Y149.4
G1 F1500 E1280.22633
;MESH:NONMESH
G0 F1800 X112.2 Y149.4 Z22.2
G0 F4800 X112.2 Y150.265
G0 X104.576 Y150.265
G0 X104.6 Y149
;TIME_ELAPSED:5607.895477
;LAYER:110
;TYPE:WALL-INNER
;MESH:I2C_LED_BTN-Body.stl
G1 F1500 E1290.22633
G1 F2400 X104.4 Y148.8 E1290.23574
G1 X104.4 Y148.6 E1290.24239
G1 X96.351 Y148.6 E1290.51278
G1 X88.302 Y148.6 E1290.78785
G1 X87.905 Y148.252 E1290.80646
G1 X87.904 Y136.177 E1291.24021
G1 X87.903 Y124.102 E1291.67094
G1 X87.902 Y112.027 E1292.09967
G1 X87.902 Y99.952 E1292.52538
G1 X87.901 Y87.877 E1292.94909
G1 X87.9 Y75.802 E1293.36978
G1 X88.245 Y75.405 E1293.38819
G1 X96.323 Y75.402 E1293.66896
G1 X104.401 Y75.4 E1293.94166
G1 X104.4 Y75.2 E1293.94831
G1 X104.569 Y74.999 E1293.95705
G1 X96.291 Y75.001 E1294.23651
G1 X88.013 Y75.003 E1294.52422
G1 X87.5 Y75.632 E1294.55264
G1 X87.501 Y87.774 E1294.97566
G1 X87.501 Y99.916 E1295.40172
G1 X87.502 Y112.058 E1295.82979
G1 X87.502 Y124.2 E1296.2609
G1 X87.503 Y136.342 E1296.69402
G1 X87.503 Y148.484 E1297.13017
G1 X88.131 Y149 E1297.15883
G1 X96.366 Y149 E1297.44026
G1 X104.601 Y149 E1297.7169
G1 F1500 E1287.7169
G0 F4800 X104.49 Y149
G0 X105.653 Y148.147
G0 X118.347 Y148.147
G0 X119.431 Y149.001
G1 F1500 E1297.7169
G1 F2400 X127.65 Y148.999 E1297.99299
G1 X135.869 Y148.997 E1298.27388
G1 X136.497 Y148.482 E1298.30251
G1 X136.498 Y136.34 E1298.73866
G1 X136.498 Y124.198 E1299.17179
G1 X136.499 Y112.056 E1299.60289
G1 X136.499 Y99.914 E1300.03097
G1 X136.5 Y87.772 E1300.45702
G1 X136.5 Y75.63 E1300.88005
G1 X136 Y75.024 E1300.9084
G1 X135.5 Y75 E1300.92605
G1 X119.4 Y75 E1301.46154
G1 X119.6 Y75.2 E1301.47094
G1 X119.6 Y75.4 E1301.4776
G1 X127.674 Y75.4 E1301.75017
G1 X135.748 Y75.4 E1302.03079
G1 X136.1 Y75.801 E1302.04947
G1 X136.099 Y87.877 E1302.4702
G1 X136.098 Y99.953 E1302.89394
G1 X136.097 Y112.029 E1303.31969
G1 X136.097 Y124.105 E1303.74845
G1 X136.096 Y136.181 E1304.17922
G1 X136.095 Y148.257 E1304.613
G1 X135.692 Y148.595 E1304.63154
G1 X127.646 Y148.598 E1304.90651
G1 X119.6 Y148.6 E1305.1768
G1 X119.6 Y148.8 E1305.18345
G1 X119.431 Y149.001 E1305.19219
G1 F1500 E1295.19219
G0 F4800 X119.51 Y149.001
G0 X118.347 Y148.147
G0 X112 Y148.135
G0 X112 Y149
;TYPE:WALL-OUTER
G1 F1500 E1305.19219
G1 F2400 X105 Y149 E1305.42501
G1 X104.8 Y148.8 E1305.43441
G1 X104.8 Y148.2 E1305.45437
G1 X88.399 Y148.2 E1305.99987
G1 X88.302 Y148.035 E1306.00624
G1 X88.3 Y75.901 E1308.40542
G1 X88.465 Y75.802 E1308.41182
G1 X104.8 Y75.8 E1308.95513
G1 X104.8 Y75.2 E1308.97508
G1 X104.965 Y75.001 E1308.98372
G1 X119 Y75 E1309.45286
G1 X119.2 Y75.2 E1309.46227
G1 X119.2 Y75.8 E1309.48223
G1 X135.573 Y75.8 E1310.0268
G1 X135.7 Y75.939 E1310.03306
G1 X135.698 Y148.035 E1312.43098
G1 X135.535 Y148.198 E1312.43865
G1 X119.2 Y148.2 E1312.98195
G1 X119.2 Y148.8 E1313.00191
G1 X119.035 Y148.999 E1313.01055
G1 X112 Y149 E1313.2457
G0 F4800 X111.8 Y149
G0 X112 Y149.4
G1 F2400 X136.029 Y149.4 E1314.04491
G1 X136.9 Y148.703 E1314.08202
G1 X136.9 Y75.467 E1316.51785
G1 X136.204 Y74.6 E1316.55483
G1 X87.793 Y74.6 E1318.16499
G1 X87.101 Y75.467 E1318.20189
G1 X87.1 Y148.704 E1320.63776
G1 X87.967 Y149.4 E1320.67474
G1 X112 Y149.4 E1321.47408
G0 F4800 X112.2 Y149.4
G1 F1500 E1311.47408
;MESH:NONMESH
G0 F1800 X112.2 Y149.4 Z22.4
G0 F4800 X112.2 Y150.265
G0 X104.576 Y150.265
G0 X104.6 Y149
;TIME_ELAPSED:5634.031867
;LAYER:111
;TYPE:WALL-INNER
;MESH:I2C_LED_BTN-Body.stl
G1 F1500 E1321.47408
G1 F2400 X104.4 Y148.8 E1321.48348
G1 X104.4 Y148.6 E1321.49014
G1 X96.351 Y148.6 E1321.76052
G1 X88.302 Y148.6 E1322.0356
G1 X87.905 Y148.252 E1322.05421
G1 X87.904 Y136.177 E1322.48796
G1 X87.903 Y124.102 E1322.91869
G1 X87.902 Y112.027 E1323.34741
G1 X87.902 Y99.952 E1323.77313
G1 X87.901 Y87.877 E1324.19683
G1 X87.9 Y75.802 E1324.61753
G1 X88.245 Y75.405 E1324.63594
G1 X96.323 Y75.402 E1324.9167
G1 X104.401 Y75.4 E1325.18941
G1 X104.4 Y75.2 E1325.19606
G1 X104.569 Y74.999 E1325.20479
G1 X96.291 Y75.001 E1325.48425
G1 X88.013 Y75.003 E1325.77197
G1 X87.5 Y75.632 E1325.80038
G1 X87.501 Y87.774 E1326.22341
G1 X87.501 Y99.916 E1326.64947
G1 X87.502 Y112.058 E1327.07754
G1 X87.502 Y124.2 E1327.50865
G1 X87.503 Y136.342 E1327.94177
G1 X87.503 Y148.484 E1328.37792
G1 X88.131 Y149 E1328.40658
G1 X96.366 Y149 E1328.68801
G1 X104.601 Y149 E1328.96464
G1 F1500 E1318.96464
G0 F4800 X104.49 Y149
G0 X105.653 Y148.147
G0 X118.347 Y148.147
G0 X119.431 Y149.001
G1 F1500 E1328.96464
G1 F2400 X127.65 Y148.999 E1329.24074
G1 X135.869 Y148.997 E1329.52162
G1 X136.497 Y148.482 E1329.55026
G1 X136.498 Y136.34 E1329.98641
G1 X136.498 Y124.198 E1330.41953
G1 X136.499 Y112.056 E1330.85064
G1 X136.499 Y99.914 E1331.27871
G1 X136.5 Y87.772 E1331.70477
G1 X136.5 Y75.63 E1332.12779
G1 X136 Y75.024 E1332.15615
G1 X135.5 Y75 E1332.17379
G1 X119.4 Y75 E1332.70928
G1 X119.6 Y75.2 E1332.71869
G1 X119.6 Y75.4 E1332.72534
G1 X127.674 Y75.4 E1332.99791
G1 X135.748 Y75.4 E1333.27854
G1 X136.1 Y75.801 E1333.29722
G1 X136.099 Y87.877 E1333.71795
G1 X136.098 Y99.953 E1334.14169
G1 X136.097 Y112.029 E1334.56743
G1 X136.097 Y124.105 E1334.99619
G1 X136.096 Y136.181 E1335.42696
G1 X136.095 Y148.257 E1335.86075
G1 X135.692 Y148.595 E1335.87929
G1 X127.646 Y148.598 E1336.15426
G1 X119.6 Y148.6 E1336.42455
G1 X119.6 Y148.8 E1336.4312
G1 X119.431 Y149.001 E1336.43993
G1 F1500 E1326.43993
G0 F4800 X119.51 Y149.001
G0 X118.347 Y148.147
G0 X112 Y148.135
G0 X112 Y149
;TYPE:WALL-OUTER
G1 F1500 E1336.43993
G1 F2400 X105 Y149 E1336.67275
G1 X104.8 Y148.8 E1336.68216
G1 X104.8 Y148.2 E1336.70212
G1 X88.399 Y148.2 E1337.24762
G1 X88.302 Y148.035 E1337.25398
G1 X88.3 Y75.901 E1339.65317
G1 X88.465 Y75.802 E1339.65957
G1 X104.8 Y75.8 E1340.20287
G1 X104.8 Y75.2 E1340.22283
G1 X104.965 Y75.001 E1340.23147
G1 X119 Y75 E1340.70061
G1 X119.2 Y75.2 E1340.71002
G1 X119.2 Y75.8 E1340.72997
G1 X135.573 Y75.8 E1341.27454
G1 X135.7 Y75.939 E1341.2808
G1 X135.698 Y148.035 E1343.67873
G1 X135.535 Y148.198 E1343.68639
G1 X119.2 Y148.2 E1344.2297
G1 X119.2 Y148.8 E1344.24965
G1 X119.035 Y148.999 E1344.2583
G1 X112 Y149 E1344.49345
G0 F4800 X111.8 Y149
G0 X112 Y149.4
G1 F2400 X136.029 Y149.4 E1345.29266
G1 X136.9 Y148.703 E1345.32976
G1 X136.9 Y75.467 E1347.7656
G1 X136.204 Y74.6 E1347.80258
G1 X87.793 Y74.6 E1349.41274
G1 X87.101 Y75.467 E1349.44963
G1 X87.1 Y148.704 E1351.8855
G1 X87.967 Y149.4 E1351.92248
G1 X112 Y149.4 E1352.72182
G0 F4800 X112.2 Y149.4
G1 F1500 E1342.72182
;MESH:NONMESH
G0 F1800 X112.2 Y149.4 Z22.6
G0 F4800 X112.2 Y150.265
G0 X104.576 Y150.265
G0 X104.6 Y149
;TIME_ELAPSED:5660.168256
;LAYER:112
;TYPE:WALL-INNER
;MESH:I2C_LED_BTN-Body.stl
G1 F1500 E1352.72182
G1 F2400 X104.4 Y148.8 E1352.73123
G1 X104.4 Y148.6 E1352.73788
G1 X96.351 Y148.6 E1353.00827
G1 X88.302 Y148.6 E1353.28334
G1 X87.905 Y148.252 E1353.30178
G1 X87.902 Y142.078 E1353.51637
G1 X87.9 Y135.904 E1353.7248
G1 X87.83 Y135.7 E1353.73158
G1 X87.825 Y125.8 E1354.02216
G1 X87.9 Y125.495 E1354.03196
G1 X87.9 Y98.505 E1354.92965
G1 X87.83 Y98.3 E1354.93646
G1 X87.825 Y88.4 E1355.22704
G1 X87.9 Y88.095 E1355.23683
G1 X87.9 Y75.803 E1355.65385
G1 X88.245 Y75.405 E1355.67224
G1 X96.323 Y75.402 E1355.95301
G1 X104.401 Y75.4 E1356.22571
G1 X104.4 Y75.2 E1356.23236
G1 X104.569 Y74.999 E1356.2411
G1 X96.291 Y75.001 E1356.52055
G1 X88.013 Y75.003 E1356.80827
G1 X87.5 Y75.632 E1356.83662
G1 X87.5 Y88.013 E1357.25665
G1 X87.475 Y88.4 E1357.26874
G1 X87.478 Y98.33 E1357.56021
G1 X87.5 Y98.587 E1357.56831
G1 X87.5 Y125.413 E1358.46055
G1 X87.475 Y125.8 E1358.47264
G1 X87.478 Y135.73 E1358.76411
G1 X87.5 Y135.987 E1358.77222
G1 X87.502 Y142.235 E1358.98314
G1 X87.503 Y148.483 E1359.2003
G1 X88.131 Y149 E1359.22871
G1 X96.366 Y149 E1359.51014
G1 X104.601 Y149 E1359.78678
G1 F1500 E1349.78678
G0 F4800 X104.49 Y149
G0 X105.653 Y148.147
G0 X118.347 Y148.147
G0 X119.431 Y149.001
G1 F1500 E1359.78678
G1 F2400 X127.65 Y148.999 E1360.06287
G1 X135.869 Y148.997 E1360.34376
G1 X136.497 Y148.482 E1360.37212
G1 X136.499 Y142.234 E1360.58928
G1 X136.5 Y135.986 E1360.80021
G1 X136.523 Y135.73 E1360.80829
G1 X136.525 Y125.8 E1361.09893
G1 X136.5 Y125.413 E1361.11102
G1 X136.5 Y98.587 E1362.00326
G1 X136.523 Y98.33 E1362.01137
G1 X136.525 Y88.4 E1362.30201
G1 X136.5 Y88.013 E1362.3141
G1 X136.5 Y75.631 E1362.73416
G1 X136 Y75.024 E1362.76241
G1 X135.5 Y75 E1362.78006
G1 X119.4 Y75 E1363.31555
G1 X119.6 Y75.2 E1363.32495
G1 X119.6 Y75.4 E1363.33161
G1 X127.674 Y75.4 E1363.60418
G1 X135.748 Y75.4 E1363.8848
G1 X136.1 Y75.801 E1363.90344
G1 X136.1 Y88.095 E1364.32052
G1 X136.175 Y88.4 E1364.33031
G1 X136.17 Y98.3 E1364.62007
G1 X136.1 Y98.505 E1364.62688
G1 X136.1 Y125.495 E1365.52457
G1 X136.175 Y125.8 E1365.53436
G1 X136.17 Y135.7 E1365.82413
G1 X136.1 Y135.905 E1365.83094
G1 X136.097 Y142.08 E1366.0394
G1 X136.095 Y148.255 E1366.25402
G1 X135.692 Y148.595 E1366.27244
G1 X127.646 Y148.598 E1366.54741
G1 X119.6 Y148.6 E1366.81769
G1 X119.6 Y148.8 E1366.82434
G1 X119.431 Y149.001 E1366.83308
G1 F1500 E1356.83308
G0 F4800 X119.51 Y149.001
G0 X118.347 Y148.147
G0 X112 Y148.135
G0 X112 Y149
;TYPE:WALL-OUTER
G1 F1500 E1366.83308
G1 F2400 X105 Y149 E1367.0659
G1 X104.8 Y148.8 E1367.07531
G1 X104.8 Y148.2 E1367.09526
G1 X88.399 Y148.2 E1367.64076
G1 X88.302 Y148.035 E1367.64713
G1 X88.3 Y135.741 E1368.05603
G1 X88.202 Y135.684 E1368.0598
G1 X88.2 Y125.718 E1368.39127
G1 X88.3 Y125.659 E1368.39513
G1 X88.3 Y98.341 E1369.30373
G1 X88.202 Y98.284 E1369.3075
G1 X88.2 Y88.318 E1369.63897
G1 X88.3 Y88.259 E1369.64284
G1 X88.3 Y75.901 E1370.05386
G1 X88.465 Y75.802 E1370.06026
G1 X104.8 Y75.8 E1370.60357
G1 X104.8 Y75.2 E1370.62352
G1 X104.965 Y75.001 E1370.63217
G1 X119 Y75 E1371.10131
G1 X119.2 Y75.2 E1371.11071
G1 X119.2 Y75.8 E1371.13067
G1 X135.573 Y75.8 E1371.67524
G1 X135.7 Y75.939 E1371.6815
G1 X135.7 Y88.259 E1372.09126
G1 X135.8 Y88.318 E1372.09513
G1 X135.798 Y98.284 E1372.4266
G1 X135.7 Y98.341 E1372.43037
G1 X135.7 Y125.659 E1373.33897
G1 X135.8 Y125.718 E1373.34283
G1 X135.798 Y135.684 E1373.6743
G1 X135.7 Y135.741 E1373.67807
G1 X135.698 Y148.035 E1374.08697
G1 X135.535 Y148.198 E1374.09464
G1 X119.2 Y148.2 E1374.63794
G1 X119.2 Y148.8 E1374.6579
G1 X119.035 Y148.999 E1374.66654
G1 X112 Y149 E1374.90169
G0 F4800 X111.8 Y149
G0 X112 Y149.4
G1 F2400 X136.029 Y149.4 E1375.7009
G1 X136.9 Y148.703 E1375.73801
G1 X136.9 Y75.467 E1378.17384
G1 X136.204 Y74.6 E1378.21082
G1 X87.793 Y74.6 E1379.82098
G1 X87.101 Y75.467 E1379.85788
G1 X87.1 Y148.704 E1382.29375
G1 X87.967 Y149.4 E1382.33073
G1 X112 Y149.4 E1383.13007
G0 F4800 X112.2 Y149.4
G1 F1500 E1373.13007
;MESH:NONMESH
G0 F1800 X112.2 Y149.4 Z22.8
G0 F4800 X112.2 Y150.265
G0 X87.668 Y150.262
G0 X86.647 Y149.448
G0 X87.55 Y88.4
;TIME_ELAPSED:5687.331719
;LAYER:113
;TYPE:WALL-INNER
;MESH:I2C_LED_BTN-Body.stl
G1 F1500 E1383.13007
G1 F2400 X87.554 Y98.313 E1383.54715
G0 F4800 X87.55 Y88.4
G1 F2400 X87.825 Y87.932 E1383.56746
G1 X87.9 Y87.905 E1383.57011
G1 X87.9 Y75.803 E1383.98067
G1 X88.245 Y75.405 E1383.99907
G1 X96.323 Y75.402 E1384.27983
G1 X104.401 Y75.4 E1384.55254
G1 X104.4 Y75.2 E1384.55919
G1 X104.569 Y74.999 E1384.56793
G1 X96.291 Y75.001 E1384.84738
G1 X88.013 Y75.003 E1385.1351
G1 X87.5 Y75.632 E1385.16345
G1 X87.5 Y87.776 E1385.57544
G1 X87.55 Y88.4 E1385.59886
G0 F4800 X87.55 Y125.8
G1 F2400 X87.554 Y135.713 E1386.01594
G0 F4800 X87.55 Y125.8
G1 F2400 X87.825 Y125.332 E1386.03625
G1 X87.9 Y125.305 E1386.0389
G1 X87.9 Y98.695 E1386.92395
G1 X87.554 Y98.313 E1386.9435
G1 X87.5 Y98.824 E1386.96298
G1 X87.5 Y125.176 E1387.83945
G1 X87.55 Y125.8 E1387.86287
G0 F4800 X88.062 Y148.438
G0 X104.49 Y149
G0 X104.6 Y149
G1 F2400 X104.4 Y148.8 E1387.87228
G1 X104.4 Y148.6 E1387.87893
G1 X96.351 Y148.6 E1388.14932
G1 X88.302 Y148.6 E1388.42439
G1 X87.905 Y148.252 E1388.44283
G1 X87.902 Y142.173 E1388.65412
G1 X87.9 Y136.094 E1388.85934
G1 X87.554 Y135.713 E1388.87885
G1 X87.5 Y136.224 E1388.89834
G1 X87.502 Y142.354 E1389.10528
G1 X87.503 Y148.484 E1389.31834
G1 X88.131 Y149 E1389.34673
G1 X96.366 Y149 E1389.62815
G1 X104.601 Y149 E1389.90479
G1 F1500 E1379.90479
G0 F4800 X104.49 Y149
G0 X105.653 Y148.147
G0 X118.347 Y148.147
G0 X119.431 Y149.001
G1 F1500 E1389.90479
G1 F2400 X127.65 Y148.999 E1390.18089
G1 X135.869 Y148.997 E1390.46177
G1 X136.497 Y148.482 E1390.49014
G1 X136.498 Y142.353 E1390.70316
G1 X136.5 Y136.224 E1390.91007
G1 X136.446 Y135.713 E1390.92947
G1 X136.1 Y136.095 E1390.94892
G1 X136.097 Y142.175 E1391.15418
G1 X136.095 Y148.255 E1391.3655
G1 X135.692 Y148.595 E1391.38391
G1 X127.646 Y148.598 E1391.65888
G1 X119.6 Y148.6 E1391.92917
G1 X119.6 Y148.8 E1391.93582
G1 X119.431 Y149.001 E1391.94456
G0 F4800 X119.51 Y149.001
G0 X135.938 Y148.438
G0 X136.446 Y135.713
G1 F2400 X136.45 Y125.8 E1392.35999
G1 X136.5 Y125.176 E1392.38341
G1 X136.5 Y98.824 E1393.25988
G1 X136.446 Y98.313 E1393.27928
G1 X136.1 Y98.695 E1393.29874
G1 X136.1 Y125.305 E1394.18379
G1 X136.175 Y125.332 E1394.18644
G1 X136.45 Y125.8 E1394.20675
G0 F4800 X136.446 Y98.313
G1 F2400 X136.45 Y88.4 E1394.62218
G1 X136.5 Y87.776 E1394.64561
G1 X136.5 Y75.631 E1395.05763
G1 X136 Y75.024 E1395.08588
G1 X135.5 Y75 E1395.10353
G1 X119.4 Y75 E1395.63902
G1 X119.6 Y75.2 E1395.64842
G1 X119.6 Y75.4 E1395.65508
G1 X127.674 Y75.4 E1395.92765
G1 X135.748 Y75.4 E1396.20827
G1 X136.1 Y75.801 E1396.22691
G1 X136.1 Y87.905 E1396.63754
G1 X136.175 Y87.932 E1396.64019
G1 X136.45 Y88.4 E1396.6605
G1 F1500 E1386.6605
G1 F1800 Z22.9
G0 F4800 X112 Y149 Z22.9
;TYPE:WALL-OUTER
G1 F1800 Z22.8
G1 F1500 E1396.6605
G1 F2400 X105 Y149 E1396.89332
G1 X104.8 Y148.8 E1396.90273
G1 X104.8 Y148.2 E1396.92269
G1 X88.399 Y148.2 E1397.46819
G1 X88.302 Y148.035 E1397.47455
G1 X88.3 Y135.8 E1397.88149
G1 X88.075 Y135.756 E1397.88911
G1 X88.003 Y135.635 E1397.8938
G1 X88 Y125.8 E1398.22091
G1 X88.075 Y125.644 E1398.22667
G1 X88.3 Y125.6 E1398.23429
G1 X88.3 Y98.4 E1399.13897
G1 X88.075 Y98.356 E1399.14659
G1 X88.003 Y98.235 E1399.15128
G1 X88 Y88.4 E1399.47839
G1 X88.075 Y88.244 E1399.48415
G1 X88.3 Y88.2 E1399.49177
G1 X88.3 Y75.901 E1399.90084
G1 X88.465 Y75.802 E1399.90724
G1 X104.8 Y75.8 E1400.45054
G1 X104.8 Y75.2 E1400.4705
G1 X104.965 Y75.001 E1400.47914
G1 X119 Y75 E1400.94828
G1 X119.2 Y75.2 E1400.95769
G1 X119.2 Y75.8 E1400.97764
G1 X135.573 Y75.8 E1401.52221
G1 X135.7 Y75.939 E1401.52847
G1 X135.7 Y88.2 E1401.93628
G1 X135.925 Y88.244 E1401.9439
G1 X136 Y88.4 E1401.94966
G1 X135.998 Y98.235 E1402.27677
G1 X135.925 Y98.356 E1402.28147
G1 X135.7 Y98.4 E1402.2891
G1 X135.7 Y125.6 E1403.19377
G1 X135.925 Y125.644 E1403.2014
G1 X136 Y125.8 E1403.20716
G1 X135.998 Y135.635 E1403.53427
G1 X135.925 Y135.756 E1403.53897
G1 X135.7 Y135.8 E1403.5466
G1 X135.698 Y148.035 E1403.95353
G1 X135.535 Y148.198 E1403.9612
G1 X119.2 Y148.2 E1404.5045
G1 X119.2 Y148.8 E1404.52446
G1 X119.035 Y148.999 E1404.5331
G1 X112 Y149 E1404.76826
G0 F4800 X111.8 Y149
G0 X112 Y149.4
G1 F2400 X136.029 Y149.4 E1405.56746
G1 X136.9 Y148.703 E1405.60457
G1 X136.9 Y75.467 E1408.04041
G1 X136.204 Y74.6 E1408.07739
G1 X87.793 Y74.6 E1409.68754
G1 X87.101 Y75.467 E1409.72444
G1 X87.1 Y148.704 E1412.16031
G1 X87.967 Y149.4 E1412.19729
G1 X112 Y149.4 E1412.99663
G0 F4800 X112.2 Y149.4
G1 F1500 E1402.99663
;MESH:NONMESH
G0 F1800 X112.2 Y149.4 Z23
G0 F4800 X112.2 Y150.265
G0 X87.668 Y150.262
G0 X86.647 Y149.448
G0 X87.5 Y88.251
;TIME_ELAPSED:5715.982262
;LAYER:114
;TYPE:WALL-INNER
;MESH:I2C_LED_BTN-Body.stl
G1 F1500 E1412.99663
G1 F2400 X87.775 Y87.843 E1413.01299
G1 X87.9 Y87.819 E1413.01723
G1 X87.9 Y75.803 E1413.42487
G1 X88.245 Y75.405 E1413.44327
G1 X96.323 Y75.402 E1413.72404
G1 X104.401 Y75.4 E1413.99674
G1 X104.4 Y75.2 E1414.00339
G1 X104.569 Y74.999 E1414.01213
G1 X96.291 Y75.001 E1414.29158
G1 X88.013 Y75.003 E1414.5793
G1 X87.5 Y75.632 E1414.60765
G1 X87.5 Y88.251 E1415.03575
G0 F4800 X87.49 Y88.251
G0 X87.49 Y125.651
G0 X87.5 Y125.651
G1 F2400 X87.775 Y125.243 E1415.05212
G1 X87.9 Y125.219 E1415.05635
G1 X87.9 Y98.781 E1415.93568
G1 X87.775 Y98.757 E1415.93991
G1 X87.5 Y98.416 E1415.95448
G1 X87.5 Y125.651 E1416.86032
G0 F4800 X87.49 Y125.651
G0 X87.562 Y136.038
G0 X88.062 Y148.438
G0 X104.49 Y149
G0 X104.6 Y149
G1 F2400 X104.4 Y148.8 E1416.86973
G1 X104.4 Y148.6 E1416.87638
G1 X96.351 Y148.6 E1417.14677
G1 X88.302 Y148.6 E1417.42184
G1 X87.905 Y148.252 E1417.44028
G1 X87.902 Y142.216 E1417.65007
G1 X87.9 Y136.18 E1417.85384
G1 X87.775 Y136.157 E1417.85807
G1 X87.5 Y135.816 E1417.87264
G1 X87.502 Y142.15 E1418.08647
G1 X87.503 Y148.484 E1418.30662
G1 X88.131 Y149 E1418.33501
G1 X96.366 Y149 E1418.61644
G1 X104.601 Y149 E1418.89307
G1 F1500 E1408.89307
G0 F4800 X104.49 Y149
G0 X105.653 Y148.147
G0 X118.347 Y148.147
G0 X119.431 Y149.001
G1 F1500 E1418.89307
G1 F2400 X127.65 Y148.999 E1419.16917
G1 X135.869 Y148.997 E1419.45005
G1 X136.497 Y148.482 E1419.47842
G1 X136.498 Y142.149 E1419.69853
G1 X136.5 Y135.816 E1419.91233
G1 X136.225 Y136.157 E1419.9269
G1 X136.1 Y136.181 E1419.93113
G1 X136.097 Y142.218 E1420.13493
G1 X136.095 Y148.255 E1420.34476
G1 X135.692 Y148.595 E1420.36318
G1 X127.646 Y148.598 E1420.63815
G1 X119.6 Y148.6 E1420.90843
G1 X119.6 Y148.8 E1420.91509
G1 X119.431 Y149.001 E1420.92382
G0 F4800 X119.51 Y149.001
G0 X135.938 Y148.438
G0 X136.438 Y136.038
G0 X136.51 Y125.651
G0 X136.5 Y125.651
G1 F2400 X136.5 Y98.416 E1421.82966
G1 X136.225 Y98.757 E1421.84423
G1 X136.1 Y98.781 E1421.84846
G1 X136.1 Y125.219 E1422.72779
G1 X136.225 Y125.243 E1422.73203
G1 X136.5 Y125.651 E1422.74839
G0 F4800 X136.51 Y125.651
G0 X136.51 Y88.251
G0 X136.5 Y88.251
G1 F2400 X136.5 Y75.631 E1423.17653
G1 X136 Y75.024 E1423.20478
G1 X135.5 Y75 E1423.22243
G1 X119.4 Y75 E1423.75792
G1 X119.6 Y75.2 E1423.76732
G1 X119.6 Y75.4 E1423.77398
G1 X127.674 Y75.4 E1424.04655
G1 X135.748 Y75.4 E1424.32717
G1 X136.1 Y75.801 E1424.34581
G1 X136.1 Y87.819 E1424.75352
G1 X136.225 Y87.843 E1424.75775
G1 X136.5 Y88.251 E1424.77412
G1 F1500 E1414.77412
G1 F1800 Z23.1
G0 F4800 X112 Y149 Z23.1
;TYPE:WALL-OUTER
G1 F1800 Z23
G1 F1500 E1424.77412
G1 F2400 X105 Y149 E1425.00694
G1 X104.8 Y148.8 E1425.01635
G1 X104.8 Y148.2 E1425.0363
G1 X88.399 Y148.2 E1425.5818
G1 X88.302 Y148.035 E1425.58817
G1 X88.3 Y135.8 E1425.99511
G1 X87.925 Y135.786 E1426.00759
G1 X87.727 Y135.648 E1426.01716
G1 X87.725 Y125.8 E1426.46917
G1 X87.925 Y125.614 E1426.47996
G1 X88.3 Y125.6 E1426.49244
G1 X88.3 Y98.4 E1427.39712
G1 X87.925 Y98.386 E1427.4096
G1 X87.727 Y98.248 E1427.41917
G1 X87.725 Y88.4 E1427.87119
G1 X87.925 Y88.214 E1427.88197
G1 X88.3 Y88.2 E1427.89445
G1 X88.3 Y75.901 E1428.30352
G1 X88.465 Y75.802 E1428.30992
G1 X104.8 Y75.8 E1428.85322
G1 X104.8 Y75.2 E1428.87318
G1 X104.965 Y75.001 E1428.88182
G1 X119 Y75 E1429.35096
G1 X119.2 Y75.2 E1429.36037
G1 X119.2 Y75.8 E1429.38033
G1 X135.573 Y75.8 E1429.92489
G1 X135.7 Y75.939 E1429.93116
G1 X135.7 Y88.2 E1430.33896
G1 X136.075 Y88.214 E1430.35144
G1 X136.275 Y88.4 E1430.36223
G1 X136.273 Y98.248 E1430.81424
G1 X136.075 Y98.386 E1430.82381
G1 X135.7 Y98.4 E1430.83629
G1 X135.7 Y125.6 E1431.74097
G1 X136.075 Y125.614 E1431.75345
G1 X136.275 Y125.8 E1431.76424
G1 X136.273 Y135.648 E1432.21625
G1 X136.075 Y135.786 E1432.22582
G1 X135.7 Y135.8 E1432.2383
G1 X135.698 Y148.035 E1432.64524
G1 X135.535 Y148.198 E1432.65291
G1 X119.2 Y148.2 E1433.19621
G1 X119.2 Y148.8 E1433.21617
G1 X119.035 Y148.999 E1433.22481
G1 X112 Y149 E1433.45997
G0 F4800 X111.8 Y149
G0 X112 Y149.4
G1 F2400 X136.029 Y149.4 E1434.25917
G1 X136.9 Y148.703 E1434.29628
G1 X136.9 Y136.342 E1434.70741
G1 X136.823 Y135.695 E1434.73325
G1 X136.825 Y125.8 E1435.18742
G1 X136.9 Y125.058 E1435.21687
G1 X136.9 Y98.942 E1436.0855
G1 X136.823 Y98.295 E1436.11134
G1 X136.825 Y88.4 E1436.56551
G1 X136.9 Y87.658 E1436.59497
G1 X136.9 Y75.467 E1437.00044
G1 X136.204 Y74.6 E1437.03742
G1 X87.793 Y74.6 E1438.64757
G1 X87.101 Y75.467 E1438.68447
G1 X87.1 Y87.658 E1439.08994
G1 X87.175 Y88.4 E1439.1194
G1 X87.177 Y98.295 E1439.57357
G1 X87.1 Y98.942 E1439.59941
G1 X87.1 Y125.058 E1440.46804
G1 X87.175 Y125.8 E1440.49749
G1 X87.177 Y135.695 E1440.95166
G1 X87.1 Y136.342 E1440.9775
G1 X87.1 Y148.704 E1441.38867
G1 X87.967 Y149.4 E1441.42564
G1 X112 Y149.4 E1442.22499
G0 F4800 X112.2 Y149.4
G1 F1500 E1432.22499
;MESH:NONMESH
G0 F1800 X112.2 Y149.4 Z23.2
G0 F4800 X112.2 Y150.265
G0 X87.668 Y150.262
G0 X86.647 Y149.448
G0 X87.5 Y88.059
;TIME_ELAPSED:5743.678364
;LAYER:115
;TYPE:WALL-INNER
;MESH:I2C_LED_BTN-Body.stl
G1 F1500 E1442.22499
G1 F2400 X87.725 Y87.804 E1442.2363
G1 X87.9 Y87.8 E1442.24212
G1 X87.9 Y75.803 E1442.64912
G1 X88.245 Y75.405 E1442.66752
G1 X96.323 Y75.402 E1442.94828
G1 X104.401 Y75.4 E1443.22099
G1 X104.4 Y75.2 E1443.22764
G1 X104.569 Y74.999 E1443.23637
G1 X96.291 Y75.001 E1443.51583
G1 X88.013 Y75.003 E1443.80355
G1 X87.5 Y75.632 E1443.83189
G1 X87.5 Y88.059 E1444.25348
G0 F4800 X87.5 Y87.89
G0 X87.362 Y97.57
G0 X87.9 Y125.2
G1 F2400 X87.9 Y98.8 E1445.13155
G1 X87.725 Y98.796 E1445.13737
G1 X87.5 Y98.581 E1445.14772
G1 X87.5 Y125.459 E1446.04169
G1 X87.725 Y125.204 E1446.053
G1 X87.9 Y125.2 E1446.05882
G0 F4800 X87.362 Y125.362
G0 X87.362 Y136.038
G0 X88.062 Y148.438
G0 X104.49 Y149
G0 X104.6 Y149
G1 F2400 X104.4 Y148.8 E1446.06823
G1 X104.4 Y148.6 E1446.07488
G1 X96.351 Y148.6 E1446.34527
G1 X88.302 Y148.6 E1446.62034
G1 X87.905 Y148.252 E1446.63878
G1 X87.902 Y142.226 E1446.84822
G1 X87.9 Y136.2 E1447.05166
G1 X87.725 Y136.196 E1447.05748
G1 X87.5 Y135.981 E1447.06783
G1 X87.502 Y142.232 E1447.27886
G1 X87.503 Y148.483 E1447.49612
G1 X88.131 Y149 E1447.52453
G1 X96.366 Y149 E1447.80596
G1 X104.601 Y149 E1448.0826
G1 F1500 E1438.0826
G0 F4800 X104.49 Y149
G0 X105.653 Y148.147
G0 X118.347 Y148.147
G0 X119.431 Y149.001
G1 F1500 E1448.0826
G1 F2400 X127.65 Y148.999 E1448.35869
G1 X135.869 Y148.997 E1448.63958
G1 X136.497 Y148.482 E1448.66794
G1 X136.498 Y142.232 E1448.88517
G1 X136.5 Y135.982 E1449.09616
G1 X136.275 Y136.196 E1449.10649
G1 X136.1 Y136.2 E1449.11231
G1 X136.098 Y142.227 E1449.31578
G1 X136.095 Y148.254 E1449.52526
G1 X135.692 Y148.595 E1449.5437
G1 X127.646 Y148.598 E1449.81867
G1 X119.6 Y148.6 E1450.08895
G1 X119.6 Y148.8 E1450.09561
G1 X119.431 Y149.001 E1450.10434
G0 F4800 X119.51 Y149.001
G0 X135.938 Y148.438
G0 X136.638 Y136.038
G0 X136.638 Y125.362
G0 X136.1 Y125.2
G1 F2400 X136.275 Y125.204 E1450.11016
G1 X136.5 Y125.459 E1450.12147
G1 X136.5 Y98.582 E1451.01541
G1 X136.275 Y98.796 E1451.02573
G1 X136.1 Y98.8 E1451.03156
G1 X136.1 Y125.2 E1451.90962
G0 F4800 X136.638 Y98.638
G0 X136.638 Y87.962
G0 X136.5 Y88.059
G1 F2400 X136.5 Y75.631 E1452.33125
G1 X136 Y75.024 E1452.3595
G1 X135.5 Y75 E1452.37714
G1 X119.4 Y75 E1452.91263
G1 X119.6 Y75.2 E1452.92204
G1 X119.6 Y75.4 E1452.92869
G1 X127.674 Y75.4 E1453.20126
G1 X135.748 Y75.4 E1453.48189
G1 X136.1 Y75.801 E1453.50052
G1 X136.1 Y87.8 E1453.90759
G1 X136.275 Y87.804 E1453.91342
G1 X136.5 Y88.059 E1453.92473
G1 F1500 E1443.92473
G1 F1800 Z23.3
G0 F4800 X112 Y149 Z23.3
;TYPE:WALL-OUTER
G1 F1800 Z23.2
G1 F1500 E1453.92473
G1 F2400 X105 Y149 E1454.15755
G1 X104.8 Y148.8 E1454.16695
G1 X104.8 Y148.2 E1454.18691
G1 X88.399 Y148.2 E1454.73241
G1 X88.302 Y148.035 E1454.73878
G1 X88.3 Y135.8 E1455.14571
G1 X87.775 Y135.799 E1455.16318
G1 X87.576 Y135.639 E1455.17224
G1 X87.575 Y125.8 E1455.54203
G1 X87.775 Y125.601 E1455.552
G1 X88.3 Y125.6 E1455.56946
G1 X88.3 Y98.4 E1456.47414
G1 X87.775 Y98.399 E1456.4916
G1 X87.576 Y98.239 E1456.50067
G1 X87.575 Y88.4 E1456.87045
G1 X87.775 Y88.201 E1456.88042
G1 X88.3 Y88.2 E1456.89789
G1 X88.3 Y75.901 E1457.30695
G1 X88.465 Y75.802 E1457.31335
G1 X104.8 Y75.8 E1457.85666
G1 X104.8 Y75.2 E1457.87661
G1 X104.965 Y75.001 E1457.88525
G1 X119 Y75 E1458.35439
G1 X119.2 Y75.2 E1458.3638
G1 X119.2 Y75.8 E1458.38376
G1 X135.573 Y75.8 E1458.92833
G1 X135.7 Y75.939 E1458.93459
G1 X135.7 Y88.2 E1459.34239
G1 X136.225 Y88.201 E1459.35985
G1 X136.425 Y88.4 E1459.36982
G1 X136.424 Y98.239 E1459.73961
G1 X136.225 Y98.399 E1459.74866
G1 X135.7 Y98.4 E1459.76612
G1 X135.7 Y125.6 E1460.67079
G1 X136.225 Y125.601 E1460.68825
G1 X136.425 Y125.8 E1460.69822
G1 X136.424 Y135.639 E1461.06801
G1 X136.225 Y135.799 E1461.07706
G1 X135.7 Y135.8 E1461.09452
G1 X135.698 Y148.035 E1461.50146
G1 X135.535 Y148.198 E1461.50912
G1 X119.2 Y148.2 E1462.05243
G1 X119.2 Y148.8 E1462.07238
G1 X119.035 Y148.999 E1462.08103
G1 X112 Y149 E1462.31618
G0 F4800 X111.8 Y149
G0 X112 Y149.4
G1 F2400 X136.029 Y149.4 E1463.11539
G1 X136.9 Y148.703 E1463.15249
G1 X136.9 Y136.394 E1463.56189
G1 X136.874 Y135.678 E1463.58727
G1 X136.875 Y125.8 E1463.95852
G1 X136.9 Y125.006 E1463.9866
G1 X136.9 Y98.994 E1464.85176
G1 X136.874 Y98.278 E1464.87714
G1 X136.875 Y88.4 E1465.24839
G1 X136.9 Y87.606 E1465.27647
G1 X136.9 Y75.467 E1465.68021
G1 X136.204 Y74.6 E1465.71719
G1 X87.793 Y74.6 E1467.32735
G1 X87.101 Y75.467 E1467.36424
G1 X87.1 Y87.606 E1467.76799
G1 X87.125 Y88.4 E1467.79606
G1 X87.127 Y98.278 E1468.16731
G1 X87.1 Y98.994 E1468.19275
G1 X87.1 Y125.006 E1469.05792
G1 X87.125 Y125.8 E1469.08599
G1 X87.127 Y135.678 E1469.45724
G1 X87.1 Y136.394 E1469.48268
G1 X87.1 Y148.704 E1469.89211
G1 X87.967 Y149.4 E1469.92909
G1 X112 Y149.4 E1470.72843
G0 F4800 X112.2 Y149.4
G1 F1500 E1460.72843
;MESH:NONMESH
G0 F1800 X112.2 Y149.4 Z23.4
G0 F4800 X112.2 Y150.265
G0 X87.668 Y150.262
G0 X86.647 Y149.448
G0 X87.9 Y87.8
;TIME_ELAPSED:5771.421565
;LAYER:116
;TYPE:WALL-INNER
;MESH:I2C_LED_BTN-Body.stl
G1 F1500 E1470.72843
G1 F2400 X87.9 Y75.803 E1471.13544
G1 X88.245 Y75.405 E1471.15383
G1 X96.323 Y75.402 E1471.4346
G1 X104.401 Y75.4 E1471.7073
G1 X104.4 Y75.2 E1471.71395
G1 X104.569 Y74.999 E1471.72269
G1 X96.291 Y75.001 E1472.00215
G1 X88.013 Y75.003 E1472.28986
G1 X87.5 Y75.632 E1472.31821
G1 X87.5 Y87.9 E1472.73441
G1 X87.6 Y87.8 E1472.73911
G1 X87.9 Y87.8 E1472.74909
G1 F1500 E1462.74909
G0 F4800 X88.253 Y89.053
G0 X88.253 Y97.547
G0 X87.9 Y125.2
G1 F1500 E1472.74909
G1 F2400 X87.9 Y98.8 E1473.62715
G1 X87.6 Y98.8 E1473.63713
G1 X87.5 Y98.716 E1473.64148
G1 X87.5 Y125.3 E1474.52566
G1 X87.6 Y125.2 E1474.53037
G1 X87.9 Y125.2 E1474.54035
G1 F1500 E1464.54035
G0 F4800 X88.253 Y126.453
G0 X89.153 Y134.947
G0 X89.153 Y147.347
G0 X104.6 Y149
G1 F1500 E1474.54035
G1 F2400 X104.4 Y148.8 E1474.54975
G1 X104.4 Y148.6 E1474.55641
G1 X96.351 Y148.6 E1474.82679
G1 X88.302 Y148.6 E1475.10187
G1 X87.905 Y148.252 E1475.1203
G1 X87.902 Y142.226 E1475.32975
G1 X87.9 Y136.2 E1475.53318
G1 X87.6 Y136.2 E1475.54316
G1 X87.5 Y136.116 E1475.5475
G1 X87.502 Y142.3 E1475.75627
G1 X87.503 Y148.484 E1475.9712
G1 X88.131 Y149 E1475.99959
G1 X96.366 Y149 E1476.28102
G1 X104.601 Y149 E1476.55765
G1 F1500 E1466.55765
G0 F4800 X104.49 Y149
G0 X105.653 Y148.147
G0 X118.347 Y148.147
G0 X119.431 Y149.001
G1 F1500 E1476.55765
G1 F2400 X127.65 Y148.999 E1476.83375
G1 X135.869 Y148.997 E1477.11464
G1 X136.497 Y148.482 E1477.143
G1 X136.499 Y142.299 E1477.3579
G1 X136.5 Y136.116 E1477.56663
G1 X136.4 Y136.2 E1477.57098
G1 X136.1 Y136.2 E1477.58095
G1 X136.098 Y142.227 E1477.78442
G1 X136.095 Y148.254 E1477.9939
G1 X135.692 Y148.595 E1478.01234
G1 X127.646 Y148.598 E1478.28731
G1 X119.6 Y148.6 E1478.55759
G1 X119.6 Y148.8 E1478.56425
G1 X119.431 Y149.001 E1478.57298
G1 F1500 E1468.57298
G0 F4800 X119.51 Y149.001
G0 X135.924 Y148.424
G0 X134.847 Y147.347
G0 X134.847 Y134.947
G0 X135.747 Y126.453
G0 X136.1 Y125.2
G1 F1500 E1478.57298
G1 F2400 X136.4 Y125.2 E1478.58296
G1 X136.5 Y125.3 E1478.58766
G1 X136.5 Y98.717 E1479.47182
G1 X136.4 Y98.8 E1479.47614
G1 X136.1 Y98.8 E1479.48612
G1 X136.1 Y125.2 E1480.36418
G1 F1500 E1470.36418
G0 F4800 X136.1 Y98.63
G0 X135.747 Y97.547
G0 X135.747 Y89.053
G0 X136.1 Y87.8
G1 F1500 E1480.36418
G1 F2400 X136.4 Y87.8 E1480.37416
G1 X136.5 Y87.9 E1480.37887
G1 X136.5 Y75.631 E1480.7951
G1 X136 Y75.024 E1480.82334
G1 X135.5 Y75 E1480.84099
G1 X119.4 Y75 E1481.37648
G1 X119.6 Y75.2 E1481.38589
G1 X119.6 Y75.4 E1481.39254
G1 X127.674 Y75.4 E1481.66511
G1 X135.748 Y75.4 E1481.94574
G1 X136.1 Y75.801 E1481.96437
G1 X136.1 Y87.8 E1482.37144
G1 F1500 E1472.37144
G0 F4800 X135.747 Y89.053
G0 X112 Y148.135
G0 X112 Y149
;TYPE:WALL-OUTER
G1 F1500 E1482.37144
G1 F2400 X105 Y149 E1482.60426
G1 X104.8 Y148.8 E1482.61367
G1 X104.8 Y148.2 E1482.63363
G1 X88.399 Y148.2 E1483.17913
G1 X88.302 Y148.035 E1483.18549
G1 X88.3 Y135.8 E1483.59243
G1 X87.6 Y135.8 E1483.61571
G1 X87.426 Y135.63 E1483.62332
G1 X87.425 Y125.8 E1483.91103
G1 X87.6 Y125.6 E1483.91932
G1 X88.3 Y125.6 E1483.9426
G1 X88.3 Y98.4 E1484.84728
G1 X87.6 Y98.4 E1484.87056
G1 X87.426 Y98.23 E1484.87816
G1 X87.425 Y88.4 E1485.16588
G1 X87.6 Y88.2 E1485.17416
G1 X88.3 Y88.2 E1485.19744
G1 X88.3 Y75.901 E1485.60651
G1 X88.465 Y75.802 E1485.61291
G1 X104.8 Y75.8 E1486.15622
G1 X104.8 Y75.2 E1486.17617
G1 X104.965 Y75.001 E1486.18481
G1 X119 Y75 E1486.65395
G1 X119.2 Y75.2 E1486.66336
G1 X119.2 Y75.8 E1486.68332
G1 X135.573 Y75.8 E1487.22788
G1 X135.7 Y75.939 E1487.23415
G1 X135.7 Y88.2 E1487.64195
G1 X136.4 Y88.2 E1487.66523
G1 X136.575 Y88.4 E1487.67352
G1 X136.574 Y98.23 E1487.96041
G1 X136.4 Y98.4 E1487.96802
G1 X135.7 Y98.4 E1487.9913
G1 X135.7 Y125.6 E1488.89598
G1 X136.4 Y125.6 E1488.91926
G1 X136.575 Y125.8 E1488.92755
G1 X136.574 Y135.63 E1489.21444
G1 X136.4 Y135.8 E1489.22205
G1 X135.7 Y135.8 E1489.24533
G1 X135.698 Y148.035 E1489.65227
G1 X135.535 Y148.198 E1489.65993
G1 X119.2 Y148.2 E1490.20324
G1 X119.2 Y148.8 E1490.22319
G1 X119.035 Y148.999 E1490.23184
G1 X112 Y149 E1490.46699
G0 F4800 X111.8 Y149
G0 X112 Y149.4
G1 F2400 X136.029 Y149.4 E1491.2662
G1 X136.9 Y148.703 E1491.3033
G1 X136.9 Y136.3 E1491.71583
G1 X136.924 Y135.66 E1491.73585
G1 X136.925 Y125.8 E1492.02362
G1 X136.9 Y125.1 E1492.04546
G1 X136.9 Y98.9 E1492.91688
G1 X136.924 Y98.26 E1492.9369
G1 X136.925 Y88.4 E1493.22467
G1 X136.9 Y87.7 E1493.24651
G1 X136.9 Y75.467 E1493.65339
G1 X136.204 Y74.6 E1493.69036
G1 X87.793 Y74.6 E1495.30052
G1 X87.101 Y75.467 E1495.33742
G1 X87.1 Y87.7 E1495.74429
G1 X87.075 Y88.4 E1495.76613
G1 X87.076 Y98.26 E1496.05472
G1 X87.1 Y98.9 E1496.07474
G1 X87.1 Y125.1 E1496.94616
G1 X87.075 Y125.8 E1496.968
G1 X87.076 Y135.66 E1497.25659
G1 X87.1 Y136.3 E1497.27661
G1 X87.1 Y148.704 E1497.68917
G1 X87.967 Y149.4 E1497.72615
G1 X112 Y149.4 E1498.52549
G0 F4800 X112.2 Y149.4
G1 F1500 E1488.52549
;MESH:NONMESH
G0 F1800 X112.2 Y149.4 Z23.6
G0 F4800 X112.2 Y148.135
G0 X88.253 Y89.053
G0 X87.9 Y87.8
;TIME_ELAPSED:5802.372341
;LAYER:117
;TYPE:WALL-INNER
;MESH:I2C_LED_BTN-Body.stl
G1 F1500 E1498.52549
G1 F2400 X87.9 Y75.803 E1498.9325
G1 X88.245 Y75.405 E1498.95089
G1 X96.323 Y75.402 E1499.23166
G1 X104.401 Y75.4 E1499.50436
G1 X104.4 Y75.2 E1499.51101
G1 X104.569 Y74.999 E1499.51975
G1 X96.291 Y75.001 E1499.7992
G1 X88.013 Y75.003 E1500.08692
G1 X87.5 Y75.632 E1500.11527
G1 X87.5 Y87.8 E1500.52807
G1 X87.9 Y87.8 E1500.54138
G1 F1500 E1490.54138
G0 F4800 X88.053 Y89.053
G0 X88.053 Y97.547
G0 X87.9 Y125.2
G1 F1500 E1500.54138
G1 F2400 X87.9 Y98.8 E1501.41944
G1 X87.5 Y98.8 E1501.43275
G1 X87.5 Y125.2 E1502.31081
G1 X87.9 Y125.2 E1502.32412
G1 F1500 E1492.32412
G0 F4800 X88.076 Y126.465
G0 X89.153 Y134.947
G0 X89.153 Y147.347
G0 X104.6 Y149
G1 F1500 E1502.32412
G1 F2400 X104.4 Y148.8 E1502.33353
G1 X104.4 Y148.6 E1502.34018
G1 X96.351 Y148.6 E1502.61057
G1 X88.302 Y148.6 E1502.88564
G1 X87.905 Y148.252 E1502.90408
G1 X87.902 Y142.226 E1503.11352
G1 X87.9 Y136.2 E1503.31695
G1 X87.5 Y136.2 E1503.33026
G1 X87.502 Y142.342 E1503.5376
G1 X87.503 Y148.484 E1503.75108
G1 X88.131 Y149 E1503.77947
G1 X96.366 Y149 E1504.0609
G1 X104.601 Y149 E1504.33753
G1 F1500 E1494.33753
G0 F4800 X104.49 Y149
G0 X105.653 Y148.147
G0 X118.347 Y148.147
G0 X119.431 Y149.001
G1 F1500 E1504.33753
G1 F2400 X127.65 Y148.999 E1504.61363
G1 X135.869 Y148.997 E1504.89451
G1 X136.497 Y148.482 E1504.92288
G1 X136.498 Y142.341 E1505.13632
G1 X136.5 Y136.2 E1505.34363
G1 X136.1 Y136.2 E1505.35694
G1 X136.098 Y142.227 E1505.5604
G1 X136.095 Y148.254 E1505.76988
G1 X135.692 Y148.595 E1505.78832
G1 X127.646 Y148.598 E1506.06329
G1 X119.6 Y148.6 E1506.33358
G1 X119.6 Y148.8 E1506.34023
G1 X119.431 Y149.001 E1506.34896
G1 F1500 E1496.34896
G0 F4800 X119.51 Y149.001
G0 X135.924 Y148.424
G0 X134.847 Y147.347
G0 X134.847 Y134.947
G0 X135.924 Y126.465
G0 X136.1 Y125.2
G1 F1500 E1506.34896
G1 F2400 X136.5 Y125.2 E1506.36227
G1 X136.5 Y98.8 E1507.24033
G1 X136.1 Y98.8 E1507.25364
G1 X136.1 Y125.2 E1508.13171
G1 F1500 E1498.13171
G0 F4800 X136.1 Y98.63
G0 X135.947 Y97.547
G0 X135.947 Y89.053
G0 X136.1 Y87.8
G1 F1500 E1508.13171
G1 F2400 X136.5 Y87.8 E1508.14501
G1 X136.5 Y75.631 E1508.55785
G1 X136 Y75.024 E1508.5861
G1 X135.5 Y75 E1508.60374
G1 X119.4 Y75 E1509.13923
G1 X119.6 Y75.2 E1509.14864
G1 X119.6 Y75.4 E1509.15529
G1 X127.674 Y75.4 E1509.42786
G1 X135.748 Y75.4 E1509.70849
G1 X136.1 Y75.801 E1509.72712
G1 X136.1 Y87.8 E1510.13419
G0 F4800 X136.85 Y88.4
;TYPE:WALL-OUTER
G1 F2400 X136.849 Y98.243 E1510.54424
G0 F4800 X136.62 Y98.68
G0 X135.98 Y125.32
G0 X135.7 Y125.6
G1 F2400 X136.6 Y125.6 E1510.57417
G1 X136.85 Y125.8 E1510.58615
G1 X136.9 Y125.3 E1510.60495
G1 X136.9 Y98.7 E1511.48967
G1 X136.849 Y98.243 E1511.50692
G1 X136.6 Y98.4 E1511.51795
G1 X135.7 Y98.4 E1511.54789
G1 X135.7 Y125.6 E1512.45256
G0 F4800 X135.9 Y125.6
G0 X136.85 Y125.8
G1 F2400 X136.849 Y135.643 E1512.86261
G1 F1500 E1502.86261
G1 F1800 Z23.7
G0 F4800 X112 Y149.4 Z23.7
G1 F1800 Z23.6
G1 F1500 E1512.86261
G1 F2400 X136.029 Y149.4 E1513.66181
G1 X136.9 Y148.703 E1513.69892
G1 X136.9 Y136.1 E1514.1181
G1 X136.849 Y135.643 E1514.13534
G1 X136.6 Y135.8 E1514.14638
G1 X135.7 Y135.8 E1514.17631
G1 X135.698 Y148.035 E1514.58325
G1 X135.535 Y148.198 E1514.59092
G1 X119.2 Y148.2 E1515.13422
G1 X119.2 Y148.8 E1515.15418
G1 X119.035 Y148.999 E1515.16282
G1 X105 Y149 E1515.63196
G1 X104.8 Y148.8 E1515.64137
G1 X104.8 Y148.2 E1515.66132
G1 X88.399 Y148.2 E1516.20682
G1 X88.302 Y148.035 E1516.21319
G1 X88.3 Y135.8 E1516.62013
G1 X87.4 Y135.8 E1516.65006
G1 X87.151 Y135.643 E1516.66115
G1 X87.1 Y136.1 E1516.67847
G1 X87.1 Y148.704 E1517.09768
G1 X87.967 Y149.4 E1517.13466
G1 X112 Y149.4 E1517.934
G0 F4800 X112.2 Y149.4
G1 F1500 E1507.934
G1 F1800 Z23.7
G0 F4800 X87.151 Y135.643 Z23.7
G1 F1800 Z23.6
G1 F1500 E1517.934
G1 F2400 X87.15 Y125.8 E1518.34568
G0 F4800 X87.38 Y125.32
G0 X88.02 Y125.32
G0 X88.3 Y125.6
G1 F2400 X88.3 Y98.4 E1519.25035
G1 X87.4 Y98.4 E1519.28029
G1 X87.151 Y98.243 E1519.29138
G1 X87.1 Y98.7 E1519.3087
G1 X87.1 Y125.3 E1520.19342
G1 X87.15 Y125.8 E1520.21222
G1 X87.4 Y125.6 E1520.2242
G1 X88.3 Y125.6 E1520.25413
G0 F4800 X88.3 Y125.4
G0 X88.02 Y125.32
G0 X87.38 Y98.68
G0 X87.151 Y98.243
G1 F2400 X87.15 Y88.4 E1520.66581
G0 F4800 X87.38 Y87.92
G0 X88.02 Y87.92
G0 X88.3 Y88.2
G1 F2400 X88.3 Y75.901 E1521.07488
G1 X88.465 Y75.802 E1521.08128
G1 X104.8 Y75.8 E1521.62458
G1 X104.8 Y75.2 E1521.64454
G1 X104.965 Y75.001 E1521.65318
G1 X119 Y75 E1522.12232
G1 X119.2 Y75.2 E1522.13173
G1 X119.2 Y75.8 E1522.15168
G1 X135.573 Y75.8 E1522.69625
G1 X135.7 Y75.939 E1522.70251
G1 X135.7 Y88.2 E1523.11032
G1 X136.6 Y88.2 E1523.14025
G1 X136.85 Y88.4 E1523.15223
G1 X136.9 Y87.9 E1523.17103
G1 X136.9 Y75.467 E1523.58456
G1 X136.204 Y74.6 E1523.62153
G1 X87.793 Y74.6 E1525.23169
G1 X87.101 Y75.467 E1525.26859
G1 X87.1 Y87.9 E1525.68211
G1 X87.15 Y88.4 E1525.70091
G1 X87.4 Y88.2 E1525.71289
G1 X88.3 Y88.2 E1525.74282
G0 F4800 X88.3 Y88
G1 F1500 E1515.74282
;MESH:NONMESH
G0 F1800 X88.3 Y88 Z23.8
G0 F4800 X88.02 Y87.92
G0 X88.053 Y89.053
G0 X88.053 Y97.547
G0 X87.9 Y125.2
;TIME_ELAPSED:5832.922426
;LAYER:118
;TYPE:WALL-INNER
;MESH:I2C_LED_BTN-Body.stl
G1 F1500 E1525.74282
G1 F2400 X87.9 Y98.8 E1526.62089
G1 X87.5 Y98.8 E1526.6342
G1 X87.5 Y125.2 E1527.51226
G1 X87.9 Y125.2 E1527.52557
G0 F4800 X88.3 Y125.6
;TYPE:WALL-OUTER
G1 F2400 X88.3 Y98.4 E1528.43024
G1 X87.1 Y98.4 E1528.47016
G1 X87.1 Y125.6 E1529.37483
G1 X88.3 Y125.6 E1529.41474
G0 F4800 X88.3 Y125.4
G1 F1500 E1519.41474
G0 F4800 X88.02 Y125.32
G0 X88.076 Y126.465
G0 X89.153 Y134.947
G0 X89.153 Y147.347
G0 X104.6 Y149
;TYPE:WALL-INNER
G1 F1500 E1529.41474
G1 F2400 X104.4 Y148.8 E1529.42415
G1 X104.4 Y148.6 E1529.4308
G1 X96.351 Y148.6 E1529.70119
G1 X88.302 Y148.6 E1529.97626
G1 X87.905 Y148.252 E1529.9947
G1 X87.902 Y142.226 E1530.20415
G1 X87.9 Y136.2 E1530.40758
G1 X87.5 Y136.2 E1530.42088
G1 X87.502 Y142.342 E1530.62823
G1 X87.503 Y148.484 E1530.84171
G1 X88.131 Y149 E1530.87009
G1 X96.366 Y149 E1531.15152
G1 X104.601 Y149 E1531.42816
G1 F1500 E1521.42816
G0 F4800 X104.49 Y149
G0 X105.653 Y148.147
G0 X118.347 Y148.147
G0 X119.431 Y149.001
G1 F1500 E1531.42816
G1 F2400 X127.65 Y148.999 E1531.70426
G1 X135.869 Y148.997 E1531.98514
G1 X136.497 Y148.482 E1532.0135
G1 X136.498 Y142.341 E1532.22694
G1 X136.5 Y136.2 E1532.43426
G1 X136.1 Y136.2 E1532.44756
G1 X136.098 Y142.227 E1532.65103
G1 X136.095 Y148.254 E1532.86051
G1 X135.692 Y148.595 E1532.87894
G1 X127.646 Y148.598 E1533.15391
G1 X119.6 Y148.6 E1533.4242
G1 X119.6 Y148.8 E1533.43085
G1 X119.431 Y149.001 E1533.43959
G1 F1500 E1523.43959
G0 F4800 X119.51 Y149.001
G0 X119.424 Y150.265
G0 X112 Y150.265
G0 X112 Y149.4
;TYPE:WALL-OUTER
G1 F1500 E1533.43959
G1 F2400 X136.029 Y149.4 E1534.2388
G1 X136.9 Y148.703 E1534.2759
G1 X136.9 Y135.8 E1534.70505
G1 X135.7 Y135.8 E1534.74497
G1 X135.698 Y148.035 E1535.1519
G1 X135.535 Y148.198 E1535.15957
G1 X119.2 Y148.2 E1535.70288
G1 X119.2 Y148.8 E1535.72283
G1 X119.035 Y148.999 E1535.73147
G1 X105 Y149 E1536.20061
G1 X104.8 Y148.8 E1536.21002
G1 X104.8 Y148.2 E1536.22998
G1 X88.399 Y148.2 E1536.77548
G1 X88.302 Y148.035 E1536.78184
G1 X88.3 Y135.8 E1537.18878
G1 X87.1 Y135.8 E1537.22869
G1 X87.1 Y148.704 E1537.65788
G1 X87.967 Y149.4 E1537.69486
G1 X112 Y149.4 E1538.4942
G0 F4800 X112.2 Y149.4
G1 F1500 E1528.4942
G0 F4800 X112.2 Y148.135
G0 X134.835 Y125.376
G0 X136.1 Y125.2
;TYPE:WALL-INNER
G1 F1500 E1538.4942
G1 F2400 X136.5 Y125.2 E1538.5075
G1 X136.5 Y98.8 E1539.38557
G1 X136.1 Y98.8 E1539.39888
G1 X136.1 Y125.2 E1540.27694
G0 F4800 X135.7 Y125.6
;TYPE:WALL-OUTER
G1 F2400 X136.9 Y125.6 E1540.31685
G1 X136.9 Y98.4 E1541.22153
G1 X135.7 Y98.4 E1541.26144
G1 X135.7 Y125.6 E1542.16612
G0 F4800 X135.9 Y125.6
G1 F1500 E1532.16612
G0 F4800 X135.98 Y125.32
G0 X136.1 Y98.63
G0 X136.1 Y97.535
G0 X136.1 Y89.065
G0 X136.1 Y87.8
;TYPE:WALL-INNER
G1 F1500 E1542.16612
G1 F2400 X136.5 Y87.8 E1542.17942
G1 X136.5 Y75.631 E1542.59226
G1 X136 Y75.024 E1542.62051
G1 X135.5 Y75 E1542.63816
G1 X119.4 Y75 E1543.17365
G1 X119.6 Y75.2 E1543.18305
G1 X119.6 Y75.4 E1543.1897
G1 X127.674 Y75.4 E1543.46227
G1 X135.748 Y75.4 E1543.7429
G1 X136.1 Y75.801 E1543.76154
G1 X136.1 Y87.8 E1544.16861
G1 F1500 E1534.16861
G0 F4800 X134.835 Y87.8
G0 X89.165 Y87.8
G0 X87.9 Y87.8
G1 F1500 E1544.16861
G1 F2400 X87.9 Y75.803 E1544.57561
G1 X88.245 Y75.405 E1544.594
G1 X96.323 Y75.402 E1544.87477
G1 X104.401 Y75.4 E1545.14747
G1 X104.4 Y75.2 E1545.15413
G1 X104.569 Y74.999 E1545.16286
G1 X96.291 Y75.001 E1545.44232
G1 X88.013 Y75.003 E1545.73004
G1 X87.5 Y75.632 E1545.75838
G1 X87.5 Y87.8 E1546.17118
G1 X87.9 Y87.8 E1546.18449
G0 F4800 X88.3 Y88.2
;TYPE:WALL-OUTER
G1 F2400 X88.3 Y75.901 E1546.59356
G1 X88.465 Y75.802 E1546.59996
G1 X104.8 Y75.8 E1547.14326
G1 X104.8 Y75.2 E1547.16322
G1 X104.965 Y75.001 E1547.17186
G1 X119 Y75 E1547.641
G1 X119.2 Y75.2 E1547.6504
G1 X119.2 Y75.8 E1547.67036
G1 X135.573 Y75.8 E1548.21493
G1 X135.7 Y75.939 E1548.22119
G1 X135.7 Y88.2 E1548.62899
G1 X136.9 Y88.2 E1548.66891
G1 X136.9 Y75.467 E1549.09241
G1 X136.204 Y74.6 E1549.12939
G1 X87.793 Y74.6 E1550.73954
G1 X87.101 Y75.467 E1550.77644
G1 X87.1 Y88.2 E1551.19994
G1 X88.3 Y88.2 E1551.23985
G0 F4800 X88.3 Y88
G1 F1500 E1541.23985
;MESH:NONMESH
G0 F1800 X88.3 Y88 Z24
G0 F4800 X88.02 Y87.92
G0 X87.9 Y89.065
G0 X87.9 Y97.535
G0 X87.9 Y125.2
;TIME_ELAPSED:5860.981033
;LAYER:119
;TYPE:WALL-INNER
;MESH:I2C_LED_BTN-Body.stl
G1 F1500 E1551.23985
G1 F2400 X87.9 Y98.8 E1552.11792
G1 X87.5 Y98.8 E1552.13122
G1 X87.5 Y125.2 E1553.00929
G1 X87.9 Y125.2 E1553.02259
G0 F4800 X88.3 Y125.6
;TYPE:WALL-OUTER
G1 F2400 X88.3 Y98.4 E1553.92727
G1 X87.1 Y98.4 E1553.96718
G1 X87.1 Y125.6 E1554.87186
G1 X88.3 Y125.6 E1554.91177
G0 F4800 X88.3 Y125.4
G1 F1500 E1544.91177
G0 F4800 X88.02 Y125.32
G0 X88.076 Y126.465
G0 X89.153 Y134.947
G0 X89.153 Y147.347
G0 X104.6 Y149
;TYPE:WALL-INNER
G1 F1500 E1554.91177
G1 F2400 X104.4 Y148.8 E1554.92118
G1 X104.4 Y148.6 E1554.92783
G1 X96.351 Y148.6 E1555.19822
G1 X88.302 Y148.6 E1555.47329
G1 X87.905 Y148.252 E1555.49173
G1 X87.902 Y142.226 E1555.70117
G1 X87.9 Y136.2 E1555.9046
G1 X87.5 Y136.2 E1555.91791
G1 X87.502 Y142.342 E1556.12526
G1 X87.503 Y148.484 E1556.33873
G1 X88.131 Y149 E1556.36712
G1 X96.366 Y149 E1556.64855
G1 X104.601 Y149 E1556.92518
G1 F1500 E1546.92518
G0 F4800 X104.49 Y149
G0 X105.653 Y148.147
G0 X118.347 Y148.147
G0 X119.431 Y149.001
G1 F1500 E1556.92518
G1 F2400 X127.65 Y148.999 E1557.20128
G1 X135.869 Y148.997 E1557.48216
G1 X136.497 Y148.482 E1557.51053
G1 X136.498 Y142.341 E1557.72397
G1 X136.5 Y136.2 E1557.93128
G1 X136.1 Y136.2 E1557.94459
G1 X136.098 Y142.227 E1558.14805
G1 X136.095 Y148.254 E1558.35753
G1 X135.692 Y148.595 E1558.37597
G1 X127.646 Y148.598 E1558.65094
G1 X119.6 Y148.6 E1558.92123
G1 X119.6 Y148.8 E1558.92788
G1 X119.431 Y149.001 E1558.93661
G1 F1500 E1548.93661
G0 F4800 X119.51 Y149.001
G0 X119.424 Y150.265
G0 X112 Y150.265
G0 X112 Y149.4
;TYPE:WALL-OUTER
G1 F1500 E1558.93661
G1 F2400 X136.029 Y149.4 E1559.73582
G1 X136.9 Y148.703 E1559.77292
G1 X136.9 Y135.8 E1560.20208
G1 X135.7 Y135.8 E1560.24199
G1 X135.698 Y148.035 E1560.64893
G1 X135.535 Y148.198 E1560.6566
G1 X119.2 Y148.2 E1561.1999
G1 X119.2 Y148.8 E1561.21986
G1 X119.035 Y148.999 E1561.2285
G1 X105 Y149 E1561.69764
G1 X104.8 Y148.8 E1561.70705
G1 X104.8 Y148.2 E1561.727
G1 X88.399 Y148.2 E1562.2725
G1 X88.302 Y148.035 E1562.27887
G1 X88.3 Y135.8 E1562.6858
G1 X87.1 Y135.8 E1562.72572
G1 X87.1 Y148.704 E1563.15491
G1 X87.967 Y149.4 E1563.19188
G1 X112 Y149.4 E1563.99123
G0 F4800 X112.2 Y149.4
G1 F1500 E1553.99123
G0 F4800 X112.2 Y148.135
G0 X134.835 Y125.376
G0 X136.1 Y125.2
;TYPE:WALL-INNER
G1 F1500 E1563.99123
G1 F2400 X136.5 Y125.2 E1564.00453
G1 X136.5 Y98.8 E1564.8826
G1 X136.1 Y98.8 E1564.8959
G1 X136.1 Y125.2 E1565.77397
G0 F4800 X135.7 Y125.6
;TYPE:WALL-OUTER
G1 F2400 X136.9 Y125.6 E1565.81388
G1 X136.9 Y98.4 E1566.71856
G1 X135.7 Y98.4 E1566.75847
G1 X135.7 Y125.6 E1567.66314
G0 F4800 X135.9 Y125.6
G1 F1500 E1557.66314
G0 F4800 X135.98 Y125.32
G0 X136.1 Y98.63
G0 X136.1 Y97.535
G0 X136.1 Y89.065
G0 X136.1 Y87.8
;TYPE:WALL-INNER
G1 F1500 E1567.66314
G1 F2400 X136.5 Y87.8 E1567.67645
G1 X136.5 Y75.631 E1568.08929
G1 X136 Y75.024 E1568.11753
G1 X135.5 Y75 E1568.13518
G1 X119.4 Y75 E1568.67067
G1 X119.6 Y75.2 E1568.68008
G1 X119.6 Y75.4 E1568.68673
G1 X127.674 Y75.4 E1568.9593
G1 X135.748 Y75.4 E1569.23993
G1 X136.1 Y75.801 E1569.25856
G1 X136.1 Y87.8 E1569.66563
G1 F1500 E1559.66563
G0 F4800 X134.835 Y87.8
G0 X89.165 Y87.8
G0 X87.9 Y87.8
G1 F1500 E1569.66563
G1 F2400 X87.9 Y75.803 E1570.07263
G1 X88.245 Y75.405 E1570.09103
G1 X96.323 Y75.402 E1570.37179
G1 X104.401 Y75.4 E1570.6445
G1 X104.4 Y75.2 E1570.65115
G1 X104.569 Y74.999 E1570.65989
G1 X96.291 Y75.001 E1570.93934
G1 X88.013 Y75.003 E1571.22706
G1 X87.5 Y75.632 E1571.25541
G1 X87.5 Y87.8 E1571.66821
G1 X87.9 Y87.8 E1571.68151
G0 F4800 X88.3 Y88.2
;TYPE:WALL-OUTER
G1 F2400 X88.3 Y75.901 E1572.09058
G1 X88.465 Y75.802 E1572.09698
G1 X104.8 Y75.8 E1572.64029
G1 X104.8 Y75.2 E1572.66024
G1 X104.965 Y75.001 E1572.66888
G1 X119 Y75 E1573.13802
G1 X119.2 Y75.2 E1573.14743
G1 X119.2 Y75.8 E1573.16739
G1 X135.573 Y75.8 E1573.71195
G1 X135.7 Y75.939 E1573.71822
G1 X135.7 Y88.2 E1574.12602
G1 X136.9 Y88.2 E1574.16593
G1 X136.9 Y75.467 E1574.58943
G1 X136.204 Y74.6 E1574.62641
G1 X87.793 Y74.6 E1576.23657
G1 X87.101 Y75.467 E1576.27346
G1 X87.1 Y88.2 E1576.69696
G1 X88.3 Y88.2 E1576.73688
G0 F4800 X88.3 Y88
G1 F1500 E1566.73688
;MESH:NONMESH
G0 F1800 X88.3 Y88 Z24.2
G0 F4800 X88.02 Y87.92
G0 X87.9 Y89.065
G0 X87.9 Y97.535
G0 X87.9 Y125.2
;TIME_ELAPSED:5889.039641
;LAYER:120
;TYPE:WALL-INNER
;MESH:I2C_LED_BTN-Body.stl
G1 F1500 E1576.73688
G1 F2400 X87.9 Y98.8 E1577.61494
G1 X87.5 Y98.8 E1577.62825
G1 X87.5 Y125.2 E1578.50632
G1 X87.9 Y125.2 E1578.51962
G0 F4800 X88.3 Y125.6
;TYPE:WALL-OUTER
G1 F2400 X88.3 Y98.4 E1579.4243
G1 X87.1 Y98.4 E1579.46421
G1 X87.1 Y125.6 E1580.36888
G1 X88.3 Y125.6 E1580.4088
G0 F4800 X88.3 Y125.4
G1 F1500 E1570.4088
G0 F4800 X88.02 Y125.32
G0 X88.076 Y126.465
G0 X89.153 Y134.947
G0 X89.153 Y147.347
G0 X104.6 Y149
;TYPE:WALL-INNER
G1 F1500 E1580.4088
G1 F2400 X104.4 Y148.8 E1580.4182
G1 X104.4 Y148.6 E1580.42485
G1 X96.351 Y148.6 E1580.69524
G1 X88.302 Y148.6 E1580.97032
G1 X87.905 Y148.252 E1580.98875
G1 X87.902 Y142.226 E1581.1982
G1 X87.9 Y136.2 E1581.40163
G1 X87.5 Y136.2 E1581.41493
G1 X87.502 Y142.342 E1581.62228
G1 X87.503 Y148.484 E1581.83576
G1 X88.131 Y149 E1581.86414
G1 X96.366 Y149 E1582.14557
G1 X104.601 Y149 E1582.42221
G1 F1500 E1572.42221
G0 F4800 X104.49 Y149
G0 X105.653 Y148.147
G0 X118.347 Y148.147
G0 X119.431 Y149.001
G1 F1500 E1582.42221
G1 F2400 X127.65 Y148.999 E1582.69831
G1 X135.869 Y148.997 E1582.97919
G1 X136.497 Y148.482 E1583.00755
G1 X136.498 Y142.341 E1583.221
G1 X136.5 Y136.2 E1583.42831
G1 X136.1 Y136.2 E1583.44161
G1 X136.098 Y142.227 E1583.64508
G1 X136.095 Y148.254 E1583.85456
G1 X135.692 Y148.595 E1583.87299
G1 X127.646 Y148.598 E1584.14797
G1 X119.6 Y148.6 E1584.41825
G1 X119.6 Y148.8 E1584.4249
G1 X119.431 Y149.001 E1584.43364
G1 F1500 E1574.43364
G0 F4800 X119.51 Y149.001
G0 X119.424 Y150.265
G0 X112 Y150.265
G0 X112 Y149.4
;TYPE:WALL-OUTER
G1 F1500 E1584.43364
G1 F2400 X136.029 Y149.4 E1585.23285
G1 X136.9 Y148.703 E1585.26995
G1 X136.9 Y135.8 E1585.69911
G1 X135.7 Y135.8 E1585.73902
G1 X135.698 Y148.035 E1586.14596
G1 X135.535 Y148.198 E1586.15362
G1 X119.2 Y148.2 E1586.69693
G1 X119.2 Y148.8 E1586.71688
G1 X119.035 Y148.999 E1586.72552
G1 X105 Y149 E1587.19466
G1 X104.8 Y148.8 E1587.20407
G1 X104.8 Y148.2 E1587.22403
G1 X88.399 Y148.2 E1587.76953
G1 X88.302 Y148.035 E1587.77589
G1 X88.3 Y135.8 E1588.18283
G1 X87.1 Y135.8 E1588.22274
G1 X87.1 Y148.704 E1588.65193
G1 X87.967 Y149.4 E1588.68891
G1 X112 Y149.4 E1589.48825
G0 F4800 X112.2 Y149.4
G1 F1500 E1579.48825
G0 F4800 X112.2 Y148.135
G0 X134.835 Y125.376
G0 X136.1 Y125.2
;TYPE:WALL-INNER
G1 F1500 E1589.48825
G1 F2400 X136.5 Y125.2 E1589.50155
G1 X136.5 Y98.8 E1590.37962
G1 X136.1 Y98.8 E1590.39293
G1 X136.1 Y125.2 E1591.27099
G0 F4800 X135.7 Y125.6
;TYPE:WALL-OUTER
G1 F2400 X136.9 Y125.6 E1591.31091
G1 X136.9 Y98.4 E1592.21558
G1 X135.7 Y98.4 E1592.25549
G1 X135.7 Y125.6 E1593.16017
G0 F4800 X135.9 Y125.6
G1 F1500 E1583.16017
G0 F4800 X135.98 Y125.32
G0 X136.1 Y98.63
G0 X136.1 Y97.535
G0 X136.1 Y89.065
G0 X136.1 Y87.8
;TYPE:WALL-INNER
G1 F1500 E1593.16017
G1 F2400 X136.5 Y87.8 E1593.17347
G1 X136.5 Y75.631 E1593.58631
G1 X136 Y75.024 E1593.61456
G1 X135.5 Y75 E1593.63221
G1 X119.4 Y75 E1594.1677
G1 X119.6 Y75.2 E1594.1771
G1 X119.6 Y75.4 E1594.18376
G1 X127.674 Y75.4 E1594.45633
G1 X135.748 Y75.4 E1594.73695
G1 X136.1 Y75.801 E1594.75559
G1 X136.1 Y87.8 E1595.16266
G1 F1500 E1585.16266
G0 F4800 X134.835 Y87.8
G0 X89.165 Y87.8
G0 X87.9 Y87.8
G1 F1500 E1595.16266
G1 F2400 X87.9 Y75.803 E1595.56966
G1 X88.245 Y75.405 E1595.58805
G1 X96.323 Y75.402 E1595.86882
G1 X104.401 Y75.4 E1596.14153
G1 X104.4 Y75.2 E1596.14818
G1 X104.569 Y74.999 E1596.15691
G1 X96.291 Y75.001 E1596.43637
G1 X88.013 Y75.003 E1596.72409
G1 X87.5 Y75.632 E1596.75243
G1 X87.5 Y87.8 E1597.16524
G1 X87.9 Y87.8 E1597.17854
G0 F4800 X88.3 Y88.2
;TYPE:WALL-OUTER
G1 F2400 X88.3 Y75.901 E1597.58761
G1 X88.465 Y75.802 E1597.59401
G1 X104.8 Y75.8 E1598.13731
G1 X104.8 Y75.2 E1598.15727
G1 X104.965 Y75.001 E1598.16591
G1 X119 Y75 E1598.63505
G1 X119.2 Y75.2 E1598.64446
G1 X119.2 Y75.8 E1598.66441
G1 X135.573 Y75.8 E1599.20898
G1 X135.7 Y75.939 E1599.21524
G1 X135.7 Y88.2 E1599.62304
G1 X136.9 Y88.2 E1599.66296
G1 X136.9 Y75.467 E1600.08646
G1 X136.204 Y74.6 E1600.12344
G1 X87.793 Y74.6 E1601.73359
G1 X87.101 Y75.467 E1601.77049
G1 X87.1 Y88.2 E1602.19399
G1 X88.3 Y88.2 E1602.2339
G0 F4800 X88.3 Y88
G1 F1500 E1592.2339
;MESH:NONMESH
G0 F1800 X88.3 Y88 Z24.4
G0 F4800 X88.02 Y87.92
G0 X87.9 Y89.065
G0 X87.9 Y97.535
G0 X87.9 Y125.2
;TIME_ELAPSED:5917.098249
;LAYER:121
;TYPE:WALL-INNER
;MESH:I2C_LED_BTN-Body.stl
G1 F1500 E1602.2339
G1 F2400 X87.9 Y98.8 E1603.11197
G1 X87.5 Y98.8 E1603.12527
G1 X87.5 Y125.2 E1604.00334
G1 X87.9 Y125.2 E1604.01665
G0 F4800 X88.3 Y125.6
;TYPE:WALL-OUTER
G1 F2400 X88.3 Y98.4 E1604.92132
G1 X87.1 Y98.4 E1604.96123
G1 X87.1 Y125.6 E1605.86591
G1 X88.3 Y125.6 E1605.90582
G0 F4800 X88.3 Y125.4
G1 F1500 E1595.90582
G0 F4800 X88.02 Y125.32
G0 X88.076 Y126.465
G0 X89.153 Y134.947
G0 X89.153 Y147.347
G0 X104.6 Y149
;TYPE:WALL-INNER
G1 F1500 E1605.90582
G1 F2400 X104.4 Y148.8 E1605.91523
G1 X104.4 Y148.6 E1605.92188
G1 X96.351 Y148.6 E1606.19227
G1 X88.302 Y148.6 E1606.46734
G1 X87.905 Y148.252 E1606.48578
G1 X87.902 Y142.226 E1606.69522
G1 X87.9 Y136.2 E1606.89865
G1 X87.5 Y136.2 E1606.91196
G1 X87.502 Y142.342 E1607.11931
G1 X87.503 Y148.484 E1607.33278
G1 X88.131 Y149 E1607.36117
G1 X96.366 Y149 E1607.6426
G1 X104.601 Y149 E1607.91923
G1 F1500 E1597.91923
G0 F4800 X104.49 Y149
G0 X105.653 Y148.147
G0 X118.347 Y148.147
G0 X119.431 Y149.001
G1 F1500 E1607.91923
G1 F2400 X127.65 Y148.999 E1608.19533
G1 X135.869 Y148.997 E1608.47622
G1 X136.497 Y148.482 E1608.50458
G1 X136.498 Y142.341 E1608.71802
G1 X136.5 Y136.2 E1608.92534
G1 X136.1 Y136.2 E1608.93864
G1 X136.098 Y142.227 E1609.1421
G1 X136.095 Y148.254 E1609.35158
G1 X135.692 Y148.595 E1609.37002
G1 X127.646 Y148.598 E1609.64499
G1 X119.6 Y148.6 E1609.91528
G1 X119.6 Y148.8 E1609.92193
G1 X119.431 Y149.001 E1609.93066
G1 F1500 E1599.93066
G0 F4800 X119.51 Y149.001
G0 X119.424 Y150.265
G0 X112 Y150.265
G0 X112 Y149.4
;TYPE:WALL-OUTER
G1 F1500 E1609.93066
G1 F2400 X136.029 Y149.4 E1610.72987
G1 X136.9 Y148.703 E1610.76698
G1 X136.9 Y135.8 E1611.19613
G1 X135.7 Y135.8 E1611.23604
G1 X135.698 Y148.035 E1611.64298
G1 X135.535 Y148.198 E1611.65065
G1 X119.2 Y148.2 E1612.19395
G1 X119.2 Y148.8 E1612.21391
G1 X119.035 Y148.999 E1612.22255
G1 X105 Y149 E1612.69169
G1 X104.8 Y148.8 E1612.7011
G1 X104.8 Y148.2 E1612.72105
G1 X88.399 Y148.2 E1613.26655
G1 X88.302 Y148.035 E1613.27292
G1 X88.3 Y135.8 E1613.67986
G1 X87.1 Y135.8 E1613.71977
G1 X87.1 Y148.704 E1614.14896
G1 X87.967 Y149.4 E1614.18594
G1 X112 Y149.4 E1614.98528
G0 F4800 X112.2 Y149.4
G1 F1500 E1604.98528
G0 F4800 X112.2 Y148.135
G0 X134.835 Y125.376
G0 X136.1 Y125.2
;TYPE:WALL-INNER
G1 F1500 E1614.98528
G1 F2400 X136.5 Y125.2 E1614.99858
G1 X136.5 Y98.8 E1615.87665
G1 X136.1 Y98.8 E1615.88995
G1 X136.1 Y125.2 E1616.76802
G0 F4800 X135.7 Y125.6
;TYPE:WALL-OUTER
G1 F2400 X136.9 Y125.6 E1616.80793
G1 X136.9 Y98.4 E1617.71261
G1 X135.7 Y98.4 E1617.75252
G1 X135.7 Y125.6 E1618.6572
G0 F4800 X135.9 Y125.6
G1 F1500 E1608.6572
G0 F4800 X135.98 Y125.32
G0 X136.1 Y98.63
G0 X136.1 Y97.535
G0 X136.1 Y89.065
G0 X136.1 Y87.8
;TYPE:WALL-INNER
G1 F1500 E1618.6572
G1 F2400 X136.5 Y87.8 E1618.6705
G1 X136.5 Y75.631 E1619.08334
G1 X136 Y75.024 E1619.11159
G1 X135.5 Y75 E1619.12923
G1 X119.4 Y75 E1619.66472
G1 X119.6 Y75.2 E1619.67413
G1 X119.6 Y75.4 E1619.68078
G1 X127.674 Y75.4 E1619.95335
G1 X135.748 Y75.4 E1620.23398
G1 X136.1 Y75.801 E1620.25261
G1 X136.1 Y87.8 E1620.65968
G1 F1500 E1610.65968
G0 F4800 X134.835 Y87.8
G0 X89.165 Y87.8
G0 X87.9 Y87.8
G1 F1500 E1620.65968
G1 F2400 X87.9 Y75.803 E1621.06669
G1 X88.245 Y75.405 E1621.08508
G1 X96.323 Y75.402 E1621.36585
G1 X104.401 Y75.4 E1621.63855
G1 X104.4 Y75.2 E1621.6452
G1 X104.569 Y74.999 E1621.65394
G1 X96.291 Y75.001 E1621.93339
G1 X88.013 Y75.003 E1622.22111
G1 X87.5 Y75.632 E1622.24946
G1 X87.5 Y87.8 E1622.66226
G1 X87.9 Y87.8 E1622.67557
G0 F4800 X88.3 Y88.2
;TYPE:WALL-OUTER
G1 F2400 X88.3 Y75.901 E1623.08463
G1 X88.465 Y75.802 E1623.09103
G1 X104.8 Y75.8 E1623.63434
G1 X104.8 Y75.2 E1623.65429
G1 X104.965 Y75.001 E1623.66293
G1 X119 Y75 E1624.13207
G1 X119.2 Y75.2 E1624.14148
G1 X119.2 Y75.8 E1624.16144
G1 X135.573 Y75.8 E1624.70601
G1 X135.7 Y75.939 E1624.71227
G1 X135.7 Y88.2 E1625.12007
G1 X136.9 Y88.2 E1625.15998
G1 X136.9 Y75.467 E1625.58348
G1 X136.204 Y74.6 E1625.62046
G1 X87.793 Y74.6 E1627.23062
G1 X87.101 Y75.467 E1627.26751
G1 X87.1 Y88.2 E1627.69102
G1 X88.3 Y88.2 E1627.73093
G0 F4800 X88.3 Y88
G1 F1500 E1617.73093
;MESH:NONMESH
G0 F1800 X88.3 Y88 Z24.6
G0 F4800 X88.02 Y87.92
G0 X87.9 Y89.065
G0 X87.9 Y97.535
G0 X87.9 Y125.2
;TIME_ELAPSED:5945.156856
;LAYER:122
;TYPE:WALL-INNER
;MESH:I2C_LED_BTN-Body.stl
G1 F1500 E1627.73093
G1 F2400 X87.9 Y98.8 E1628.609
G1 X87.5 Y98.8 E1628.6223
G1 X87.5 Y125.2 E1629.50037
G1 X87.9 Y125.2 E1629.51367
G0 F4800 X88.3 Y125.6
;TYPE:WALL-OUTER
G1 F2400 X88.3 Y98.4 E1630.41835
G1 X87.1 Y98.4 E1630.45826
G1 X87.1 Y125.6 E1631.36293
G1 X88.3 Y125.6 E1631.40285
G0 F4800 X88.3 Y125.4
G1 F1500 E1621.40285
G0 F4800 X88.02 Y125.32
G0 X88.076 Y126.465
G0 X89.153 Y134.947
G0 X89.153 Y147.347
G0 X104.6 Y149
;TYPE:WALL-INNER
G1 F1500 E1631.40285
G1 F2400 X104.4 Y148.8 E1631.41225
G1 X104.4 Y148.6 E1631.41891
G1 X96.351 Y148.6 E1631.68929
G1 X88.302 Y148.6 E1631.96437
G1 X87.905 Y148.252 E1631.9828
G1 X87.902 Y142.226 E1632.19225
G1 X87.9 Y136.2 E1632.39568
G1 X87.5 Y136.2 E1632.40898
G1 X87.502 Y142.342 E1632.61633
G1 X87.503 Y148.484 E1632.82981
G1 X88.131 Y149 E1632.85819
G1 X96.366 Y149 E1633.13962
G1 X104.601 Y149 E1633.41626
G1 F1500 E1623.41626
G0 F4800 X104.49 Y149
G0 X105.653 Y148.147
G0 X118.347 Y148.147
G0 X119.431 Y149.001
G1 F1500 E1633.41626
G1 F2400 X127.65 Y148.999 E1633.69236
G1 X135.869 Y148.997 E1633.97324
G1 X136.497 Y148.482 E1634.0016
G1 X136.498 Y142.341 E1634.21505
G1 X136.5 Y136.2 E1634.42236
G1 X136.1 Y136.2 E1634.43566
G1 X136.098 Y142.227 E1634.63913
G1 X136.095 Y148.254 E1634.84861
G1 X135.692 Y148.595 E1634.86705
G1 X127.646 Y148.598 E1635.14202
G1 X119.6 Y148.6 E1635.4123
G1 X119.6 Y148.8 E1635.41896
G1 X119.431 Y149.001 E1635.42769
G1 F1500 E1625.42769
G0 F4800 X119.51 Y149.001
G0 X119.424 Y150.265
G0 X112 Y150.265
G0 X112 Y149.4
;TYPE:WALL-OUTER
G1 F1500 E1635.42769
G1 F2400 X136.029 Y149.4 E1636.2269
G1 X136.9 Y148.703 E1636.264
G1 X136.9 Y135.8 E1636.69316
G1 X135.7 Y135.8 E1636.73307
G1 X135.698 Y148.035 E1637.14001
G1 X135.535 Y148.198 E1637.14767
G1 X119.2 Y148.2 E1637.69098
G1 X119.2 Y148.8 E1637.71093
G1 X119.035 Y148.999 E1637.71958
G1 X105 Y149 E1638.18872
G1 X104.8 Y148.8 E1638.19812
G1 X104.8 Y148.2 E1638.21808
G1 X88.399 Y148.2 E1638.76358
G1 X88.302 Y148.035 E1638.76994
G1 X88.3 Y135.8 E1639.17688
G1 X87.1 Y135.8 E1639.21679
G1 X87.1 Y148.704 E1639.64598
G1 X87.967 Y149.4 E1639.68296
G1 X112 Y149.4 E1640.4823
G0 F4800 X112.2 Y149.4
G1 F1500 E1630.4823
G0 F4800 X112.2 Y148.135
G0 X134.835 Y125.376
G0 X136.1 Y125.2
;TYPE:WALL-INNER
G1 F1500 E1640.4823
G1 F2400 X136.5 Y125.2 E1640.49561
G1 X136.5 Y98.8 E1641.37367
G1 X136.1 Y98.8 E1641.38698
G1 X136.1 Y125.2 E1642.26505
G0 F4800 X135.7 Y125.6
;TYPE:WALL-OUTER
G1 F2400 X136.9 Y125.6 E1642.30496
G1 X136.9 Y98.4 E1643.20963
G1 X135.7 Y98.4 E1643.24955
G1 X135.7 Y125.6 E1644.15422
G0 F4800 X135.9 Y125.6
G1 F1500 E1634.15422
G0 F4800 X135.98 Y125.32
G0 X136.1 Y98.63
G0 X136.1 Y97.535
G0 X136.1 Y89.065
G0 X136.1 Y87.8
;TYPE:WALL-INNER
G1 F1500 E1644.15422
G1 F2400 X136.5 Y87.8 E1644.16753
G1 X136.5 Y75.631 E1644.58036
G1 X136 Y75.024 E1644.60861
G1 X135.5 Y75 E1644.62626
G1 X119.4 Y75 E1645.16175
G1 X119.6 Y75.2 E1645.17116
G1 X119.6 Y75.4 E1645.17781
G1 X127.674 Y75.4 E1645.45038
G1 X135.748 Y75.4 E1645.731
G1 X136.1 Y75.801 E1645.74964
G1 X136.1 Y87.8 E1646.15671
G1 F1500 E1636.15671
G0 F4800 X134.835 Y87.8
G0 X89.165 Y87.8
G0 X87.9 Y87.8
G1 F1500 E1646.15671
G1 F2400 X87.9 Y75.803 E1646.56371
G1 X88.245 Y75.405 E1646.58211
G1 X96.323 Y75.402 E1646.86287
G1 X104.401 Y75.4 E1647.13558
G1 X104.4 Y75.2 E1647.14223
G1 X104.569 Y74.999 E1647.15096
G1 X96.291 Y75.001 E1647.43042
G1 X88.013 Y75.003 E1647.71814
G1 X87.5 Y75.632 E1647.74648
G1 X87.5 Y87.8 E1648.15929
G1 X87.9 Y87.8 E1648.17259
G0 F4800 X88.3 Y88.2
;TYPE:WALL-OUTER
G1 F2400 X88.3 Y75.901 E1648.58166
G1 X88.465 Y75.802 E1648.58806
G1 X104.8 Y75.8 E1649.13136
G1 X104.8 Y75.2 E1649.15132
G1 X104.965 Y75.001 E1649.15996
G1 X119 Y75 E1649.6291
G1 X119.2 Y75.2 E1649.63851
G1 X119.2 Y75.8 E1649.65846
G1 X135.573 Y75.8 E1650.20303
G1 X135.7 Y75.939 E1650.20929
G1 X135.7 Y88.2 E1650.6171
G1 X136.9 Y88.2 E1650.65701
G1 X136.9 Y75.467 E1651.08051
G1 X136.204 Y74.6 E1651.11749
G1 X87.793 Y74.6 E1652.72764
G1 X87.101 Y75.467 E1652.76454
G1 X87.1 Y88.2 E1653.18804
G1 X88.3 Y88.2 E1653.22795
G0 F4800 X88.3 Y88
G1 F1500 E1643.22795
;MESH:NONMESH
G0 F1800 X88.3 Y88 Z24.8
G0 F4800 X88.02 Y87.92
G0 X87.9 Y89.065
G0 X87.9 Y97.535
G0 X87.9 Y125.2
;TIME_ELAPSED:5973.215464
;LAYER:123
;TYPE:WALL-INNER
;MESH:I2C_LED_BTN-Body.stl
G1 F1500 E1653.22795
G1 F2400 X87.9 Y98.8 E1654.10602
G1 X87.5 Y98.8 E1654.11932
G1 X87.5 Y125.2 E1654.99739
G1 X87.9 Y125.2 E1655.0107
G0 F4800 X88.3 Y125.6
;TYPE:WALL-OUTER
G1 F2400 X88.3 Y98.4 E1655.91537
G1 X87.1 Y98.4 E1655.95528
G1 X87.1 Y125.6 E1656.85996
G1 X88.3 Y125.6 E1656.89987
G0 F4800 X88.3 Y125.4
G1 F1500 E1646.89987
G0 F4800 X88.02 Y125.32
G0 X88.076 Y126.465
G0 X89.153 Y134.947
G0 X89.153 Y147.347
G0 X104.6 Y149
;TYPE:WALL-INNER
G1 F1500 E1656.89987
G1 F2400 X104.4 Y148.8 E1656.90928
G1 X104.4 Y148.6 E1656.91593
G1 X96.351 Y148.6 E1657.18632
G1 X88.302 Y148.6 E1657.46139
G1 X87.905 Y148.252 E1657.47983
G1 X87.902 Y142.226 E1657.68927
G1 X87.9 Y136.2 E1657.89271
G1 X87.5 Y136.2 E1657.90601
G1 X87.502 Y142.342 E1658.11336
G1 X87.503 Y148.484 E1658.32683
G1 X88.131 Y149 E1658.35522
G1 X96.366 Y149 E1658.63665
G1 X104.601 Y149 E1658.91329
G1 F1500 E1648.91329
G0 F4800 X104.49 Y149
G0 X105.653 Y148.147
G0 X118.347 Y148.147
G0 X119.431 Y149.001
G1 F1500 E1658.91329
G1 F2400 X127.65 Y148.999 E1659.18938
G1 X135.869 Y148.997 E1659.47027
G1 X136.497 Y148.482 E1659.49863
G1 X136.498 Y142.341 E1659.71207
G1 X136.5 Y136.2 E1659.91939
G1 X136.1 Y136.2 E1659.93269
G1 X136.098 Y142.227 E1660.13616
G1 X136.095 Y148.254 E1660.34564
G1 X135.692 Y148.595 E1660.36407
G1 X127.646 Y148.598 E1660.63904
G1 X119.6 Y148.6 E1660.90933
G1 X119.6 Y148.8 E1660.91598
G1 X119.431 Y149.001 E1660.92472
G1 F1500 E1650.92472
G0 F4800 X119.51 Y149.001
G0 X119.424 Y150.265
G0 X112 Y150.265
G0 X112 Y149.4
;TYPE:WALL-OUTER
G1 F1500 E1660.92472
G1 F2400 X136.029 Y149.4 E1661.72392
G1 X136.9 Y148.703 E1661.76103
G1 X136.9 Y135.8 E1662.19018
G1 X135.7 Y135.8 E1662.23009
G1 X135.698 Y148.035 E1662.63703
G1 X135.535 Y148.198 E1662.6447
G1 X119.2 Y148.2 E1663.188
G1 X119.2 Y148.8 E1663.20796
G1 X119.035 Y148.999 E1663.2166
G1 X105 Y149 E1663.68574
G1 X104.8 Y148.8 E1663.69515
G1 X104.8 Y148.2 E1663.7151
G1 X88.399 Y148.2 E1664.2606
G1 X88.302 Y148.035 E1664.26697
G1 X88.3 Y135.8 E1664.67391
G1 X87.1 Y135.8 E1664.71382
G1 X87.1 Y148.704 E1665.14301
G1 X87.967 Y149.4 E1665.17999
G1 X112 Y149.4 E1665.97933
G0 F4800 X112.2 Y149.4
G1 F1500 E1655.97933
G0 F4800 X112.2 Y148.135
G0 X134.835 Y125.376
G0 X136.1 Y125.2
;TYPE:WALL-INNER
G1 F1500 E1665.97933
G1 F2400 X136.5 Y125.2 E1665.99263
G1 X136.5 Y98.8 E1666.8707
G1 X136.1 Y98.8 E1666.884
G1 X136.1 Y125.2 E1667.76207
G0 F4800 X135.7 Y125.6
;TYPE:WALL-OUTER
G1 F2400 X136.9 Y125.6 E1667.80198
G1 X136.9 Y98.4 E1668.70666
G1 X135.7 Y98.4 E1668.74657
G1 X135.7 Y125.6 E1669.65125
G0 F4800 X135.9 Y125.6
G1 F1500 E1659.65125
G0 F4800 X135.98 Y125.32
G0 X136.1 Y98.63
G0 X136.1 Y97.535
G0 X136.1 Y89.065
G0 X136.1 Y87.8
;TYPE:WALL-INNER
G1 F1500 E1669.65125
G1 F2400 X136.5 Y87.8 E1669.66455
G1 X136.5 Y75.631 E1670.07739
G1 X136 Y75.024 E1670.10564
G1 X135.5 Y75 E1670.12329
G1 X119.4 Y75 E1670.65877
G1 X119.6 Y75.2 E1670.66818
G1 X119.6 Y75.4 E1670.67483
G1 X127.674 Y75.4 E1670.9474
G1 X135.748 Y75.4 E1671.22803
G1 X136.1 Y75.801 E1671.24666
G1 X136.1 Y87.8 E1671.65373
G1 F1500 E1661.65373
G0 F4800 X134.835 Y87.8
G0 X89.165 Y87.8
G0 X87.9 Y87.8
G1 F1500 E1671.65373
G1 F2400 X87.9 Y75.803 E1672.06074
G1 X88.245 Y75.405 E1672.07913
G1 X96.323 Y75.402 E1672.3599
G1 X104.401 Y75.4 E1672.6326
G1 X104.4 Y75.2 E1672.63925
G1 X104.569 Y74.999 E1672.64799
G1 X96.291 Y75.001 E1672.92745
G1 X88.013 Y75.003 E1673.21516
G1 X87.5 Y75.632 E1673.24351
G1 X87.5 Y87.8 E1673.65631
G1 X87.9 Y87.8 E1673.66962
G0 F4800 X88.3 Y88.2
;TYPE:WALL-OUTER
G1 F2400 X88.3 Y75.901 E1674.07868
G1 X88.465 Y75.802 E1674.08508
G1 X104.8 Y75.8 E1674.62839
G1 X104.8 Y75.2 E1674.64834
G1 X104.965 Y75.001 E1674.65698
G1 X119 Y75 E1675.12612
G1 X119.2 Y75.2 E1675.13553
G1 X119.2 Y75.8 E1675.15549
G1 X135.573 Y75.8 E1675.70006
G1 X135.7 Y75.939 E1675.70632
G1 X135.7 Y88.2 E1676.11412
G1 X136.9 Y88.2 E1676.15403
G1 X136.9 Y75.467 E1676.57753
G1 X136.204 Y74.6 E1676.61451
G1 X87.793 Y74.6 E1678.22467
G1 X87.101 Y75.467 E1678.26157
G1 X87.1 Y88.2 E1678.68507
G1 X88.3 Y88.2 E1678.72498
G0 F4800 X88.3 Y88
G1 F1500 E1668.72498
;MESH:NONMESH
G0 F1800 X88.3 Y88 Z25
G0 F4800 X88.02 Y87.92
G0 X87.9 Y89.065
G0 X87.9 Y97.535
G0 X87.9 Y125.2
;TIME_ELAPSED:6001.274072
;LAYER:124
;TYPE:WALL-INNER
;MESH:I2C_LED_BTN-Body.stl
G1 F1500 E1678.72498
G1 F2400 X87.9 Y98.8 E1679.60305
G1 X87.5 Y98.8 E1679.61635
G1 X87.5 Y125.2 E1680.49442
G1 X87.9 Y125.2 E1680.50772
G0 F4800 X88.3 Y125.6
;TYPE:WALL-OUTER
G1 F2400 X88.3 Y98.4 E1681.4124
G1 X87.1 Y98.4 E1681.45231
G1 X87.1 Y125.6 E1682.35699
G1 X88.3 Y125.6 E1682.3969
G0 F4800 X88.3 Y125.4
G1 F1500 E1672.3969
G0 F4800 X88.02 Y125.32
G0 X88.076 Y126.465
G0 X89.153 Y134.947
G0 X89.153 Y147.347
G0 X104.6 Y149
;TYPE:WALL-INNER
G1 F1500 E1682.3969
G1 F2400 X104.4 Y148.8 E1682.40631
G1 X104.4 Y148.6 E1682.41296
G1 X96.351 Y148.6 E1682.68335
G1 X88.302 Y148.6 E1682.95842
G1 X87.905 Y148.252 E1682.97686
G1 X87.902 Y142.226 E1683.1863
G1 X87.9 Y136.2 E1683.38973
G1 X87.5 Y136.2 E1683.40304
G1 X87.502 Y142.342 E1683.61038
G1 X87.503 Y148.484 E1683.82386
G1 X88.131 Y149 E1683.85225
G1 X96.366 Y149 E1684.13368
G1 X104.601 Y149 E1684.41031
G1 F1500 E1674.41031
G0 F4800 X104.49 Y149
G0 X105.653 Y148.147
G0 X118.347 Y148.147
G0 X119.431 Y149.001
G1 F1500 E1684.41031
G1 F2400 X127.65 Y148.999 E1684.68641
G1 X135.869 Y148.997 E1684.96729
G1 X136.497 Y148.482 E1684.99566
G1 X136.498 Y142.341 E1685.2091
G1 X136.5 Y136.2 E1685.41641
G1 X136.1 Y136.2 E1685.42972
G1 X136.098 Y142.227 E1685.63318
G1 X136.095 Y148.254 E1685.84266
G1 X135.692 Y148.595 E1685.8611
G1 X127.646 Y148.598 E1686.13607
G1 X119.6 Y148.6 E1686.40636
G1 X119.6 Y148.8 E1686.41301
G1 X119.431 Y149.001 E1686.42174
G1 F1500 E1676.42174
G0 F4800 X119.51 Y149.001
G0 X119.424 Y150.265
G0 X112 Y150.265
G0 X112 Y149.4
;TYPE:WALL-OUTER
G1 F1500 E1686.42174
G1 F2400 X136.029 Y149.4 E1687.22095
G1 X136.9 Y148.703 E1687.25805
G1 X136.9 Y135.8 E1687.68721
G1 X135.7 Y135.8 E1687.72712
G1 X135.698 Y148.035 E1688.13406
G1 X135.535 Y148.198 E1688.14173
G1 X119.2 Y148.2 E1688.68503
G1 X119.2 Y148.8 E1688.70499
G1 X119.035 Y148.999 E1688.71363
G1 X105 Y149 E1689.18277
G1 X104.8 Y148.8 E1689.19217
G1 X104.8 Y148.2 E1689.21213
G1 X88.399 Y148.2 E1689.75763
G1 X88.302 Y148.035 E1689.764
G1 X88.3 Y135.8 E1690.17093
G1 X87.1 Y135.8 E1690.21085
G1 X87.1 Y148.704 E1690.64003
G1 X87.967 Y149.4 E1690.67701
G1 X112 Y149.4 E1691.47635
G0 F4800 X112.2 Y149.4
G1 F1500 E1681.47635
G0 F4800 X112.2 Y148.135
G0 X134.835 Y125.376
G0 X136.1 Y125.2
;TYPE:WALL-INNER
G1 F1500 E1691.47635
G1 F2400 X136.5 Y125.2 E1691.48966
G1 X136.5 Y98.8 E1692.36773
G1 X136.1 Y98.8 E1692.38103
G1 X136.1 Y125.2 E1693.2591
G0 F4800 X135.7 Y125.6
;TYPE:WALL-OUTER
G1 F2400 X136.9 Y125.6 E1693.29901
G1 X136.9 Y98.4 E1694.20368
G1 X135.7 Y98.4 E1694.2436
G1 X135.7 Y125.6 E1695.14827
G0 F4800 X135.9 Y125.6
G1 F1500 E1685.14827
G0 F4800 X135.98 Y125.32
G0 X136.1 Y98.63
G0 X136.1 Y97.535
G0 X136.1 Y89.065
G0 X136.1 Y87.8
;TYPE:WALL-INNER
G1 F1500 E1695.14827
G1 F2400 X136.5 Y87.8 E1695.16158
G1 X136.5 Y75.631 E1695.57441
G1 X136 Y75.024 E1695.60266
G1 X135.5 Y75 E1695.62031
G1 X119.4 Y75 E1696.1558
G1 X119.6 Y75.2 E1696.16521
G1 X119.6 Y75.4 E1696.17186
G1 X127.674 Y75.4 E1696.44443
G1 X135.748 Y75.4 E1696.72506
G1 X136.1 Y75.801 E1696.74369
G1 X136.1 Y87.8 E1697.15076
G1 F1500 E1687.15076
G0 F4800 X134.835 Y87.8
G0 X89.165 Y87.8
G0 X87.9 Y87.8
G1 F1500 E1697.15076
G1 F2400 X87.9 Y75.803 E1697.55776
G1 X88.245 Y75.405 E1697.57616
G1 X96.323 Y75.402 E1697.85692
G1 X104.401 Y75.4 E1698.12963
G1 X104.4 Y75.2 E1698.13628
G1 X104.569 Y74.999 E1698.14501
G1 X96.291 Y75.001 E1698.42447
G1 X88.013 Y75.003 E1698.71219
G1 X87.5 Y75.632 E1698.74054
G1 X87.5 Y87.8 E1699.15334
G1 X87.9 Y87.8 E1699.16664
G0 F4800 X88.3 Y88.2
;TYPE:WALL-OUTER
G1 F2400 X88.3 Y75.901 E1699.57571
G1 X88.465 Y75.802 E1699.58211
G1 X104.8 Y75.8 E1700.12541
G1 X104.8 Y75.2 E1700.14537
G1 X104.965 Y75.001 E1700.15401
G1 X119 Y75 E1700.62315
G1 X119.2 Y75.2 E1700.63256
G1 X119.2 Y75.8 E1700.65251
G1 X135.573 Y75.8 E1701.19708
G1 X135.7 Y75.939 E1701.20334
G1 X135.7 Y88.2 E1701.61115
G1 X136.9 Y88.2 E1701.65106
G1 X136.9 Y75.467 E1702.07456
G1 X136.204 Y74.6 E1702.11154
G1 X87.793 Y74.6 E1703.7217
G1 X87.101 Y75.467 E1703.75859
G1 X87.1 Y88.2 E1704.18209
G1 X88.3 Y88.2 E1704.222
G0 F4800 X88.3 Y88
G1 F1500 E1694.222
;MESH:NONMESH
G0 F1800 X88.3 Y88 Z25.2
G0 F4800 X88.02 Y87.92
G0 X87.9 Y89.065
G0 X87.9 Y97.535
G0 X87.9 Y125.2
;TIME_ELAPSED:6029.332679
;LAYER:125
;TYPE:WALL-INNER
;MESH:I2C_LED_BTN-Body.stl
G1 F1500 E1704.222
G1 F2400 X87.9 Y98.8 E1705.10007
G1 X87.5 Y98.8 E1705.11338
G1 X87.5 Y125.2 E1705.99144
G1 X87.9 Y125.2 E1706.00475
G0 F4800 X88.3 Y125.6
;TYPE:WALL-OUTER
G1 F2400 X88.3 Y98.4 E1706.90942
G1 X87.1 Y98.4 E1706.94934
G1 X87.1 Y125.6 E1707.85401
G1 X88.3 Y125.6 E1707.89392
G0 F4800 X88.3 Y125.4
G1 F1500 E1697.89392
G0 F4800 X88.02 Y125.32
G0 X88.076 Y126.465
G0 X89.153 Y134.947
G0 X89.153 Y147.347
G0 X104.6 Y149
;TYPE:WALL-INNER
G1 F1500 E1707.89392
G1 F2400 X104.4 Y148.8 E1707.90333
G1 X104.4 Y148.6 E1707.90998
G1 X96.351 Y148.6 E1708.18037
G1 X88.302 Y148.6 E1708.45544
G1 X87.905 Y148.252 E1708.47388
G1 X87.902 Y142.226 E1708.68333
G1 X87.9 Y136.2 E1708.88676
G1 X87.5 Y136.2 E1708.90006
G1 X87.502 Y142.342 E1709.10741
G1 X87.503 Y148.484 E1709.32089
G1 X88.131 Y149 E1709.34927
G1 X96.366 Y149 E1709.6307
G1 X104.601 Y149 E1709.90734
G1 F1500 E1699.90734
G0 F4800 X104.49 Y149
G0 X105.653 Y148.147
G0 X118.347 Y148.147
G0 X119.431 Y149.001
G1 F1500 E1709.90734
G1 F2400 X127.65 Y148.999 E1710.18344
G1 X135.869 Y148.997 E1710.46432
G1 X136.497 Y148.482 E1710.49268
G1 X136.498 Y142.341 E1710.70612
G1 X136.5 Y136.2 E1710.91344
G1 X136.1 Y136.2 E1710.92674
G1 X136.098 Y142.227 E1711.13021
G1 X136.095 Y148.254 E1711.33969
G1 X135.692 Y148.595 E1711.35812
G1 X127.646 Y148.598 E1711.63309
G1 X119.6 Y148.6 E1711.90338
G1 X119.6 Y148.8 E1711.91003
G1 X119.431 Y149.001 E1711.91877
G1 F1500 E1701.91877
G0 F4800 X119.51 Y149.001
G0 X119.424 Y150.265
G0 X112 Y150.265
G0 X112 Y149.4
;TYPE:WALL-OUTER
G1 F1500 E1711.91877
G1 F2400 X136.029 Y149.4 E1712.71798
G1 X136.9 Y148.703 E1712.75508
G1 X136.9 Y135.8 E1713.18423
G1 X135.7 Y135.8 E1713.22415
G1 X135.698 Y148.035 E1713.63108
G1 X135.535 Y148.198 E1713.63875
G1 X119.2 Y148.2 E1714.18206
G1 X119.2 Y148.8 E1714.20201
G1 X119.035 Y148.999 E1714.21065
G1 X105 Y149 E1714.67979
G1 X104.8 Y148.8 E1714.6892
G1 X104.8 Y148.2 E1714.70916
G1 X88.399 Y148.2 E1715.25466
G1 X88.302 Y148.035 E1715.26102
G1 X88.3 Y135.8 E1715.66796
G1 X87.1 Y135.8 E1715.70787
G1 X87.1 Y148.704 E1716.13706
G1 X87.967 Y149.4 E1716.17404
G1 X112 Y149.4 E1716.97338
G0 F4800 X112.2 Y149.4
G1 F1500 E1706.97338
G0 F4800 X112.2 Y148.135
G0 X134.835 Y125.376
G0 X136.1 Y125.2
;TYPE:WALL-INNER
G1 F1500 E1716.97338
G1 F2400 X136.5 Y125.2 E1716.98668
G1 X136.5 Y98.8 E1717.86475
G1 X136.1 Y98.8 E1717.87806
G1 X136.1 Y125.2 E1718.75612
G0 F4800 X135.7 Y125.6
;TYPE:WALL-OUTER
G1 F2400 X136.9 Y125.6 E1718.79603
G1 X136.9 Y98.4 E1719.70071
G1 X135.7 Y98.4 E1719.74062
G1 X135.7 Y125.6 E1720.6453
G0 F4800 X135.9 Y125.6
G1 F1500 E1710.6453
G0 F4800 X135.98 Y125.32
G0 X136.1 Y98.63
G0 X136.1 Y97.535
G0 X136.1 Y89.065
G0 X136.1 Y87.8
;TYPE:WALL-INNER
G1 F1500 E1720.6453
G1 F2400 X136.5 Y87.8 E1720.6586
G1 X136.5 Y75.631 E1721.07144
G1 X136 Y75.024 E1721.09969
G1 X135.5 Y75 E1721.11734
G1 X119.4 Y75 E1721.65282
G1 X119.6 Y75.2 E1721.66223
G1 X119.6 Y75.4 E1721.66888
G1 X127.674 Y75.4 E1721.94145
G1 X135.748 Y75.4 E1722.22208
G1 X136.1 Y75.801 E1722.24072
G1 X136.1 Y87.8 E1722.64779
G1 F1500 E1712.64779
G0 F4800 X134.835 Y87.8
G0 X89.165 Y87.8
G0 X87.9 Y87.8
G1 F1500 E1722.64779
G1 F2400 X87.9 Y75.803 E1723.05479
G1 X88.245 Y75.405 E1723.07318
G1 X96.323 Y75.402 E1723.35395
G1 X104.401 Y75.4 E1723.62665
G1 X104.4 Y75.2 E1723.63331
G1 X104.569 Y74.999 E1723.64204
G1 X96.291 Y75.001 E1723.9215
G1 X88.013 Y75.003 E1724.20921
G1 X87.5 Y75.632 E1724.23756
G1 X87.5 Y87.8 E1724.65036
G1 X87.9 Y87.8 E1724.66367
G1 F1500 E1714.66367
G0 F4800 X89.165 Y87.92
G0 X134.835 Y87.92
G0 X135.7 Y88.2
;TYPE:WALL-OUTER
G1 F1500 E1724.66367
G1 F2400 X136.9 Y88.2 E1724.70358
G1 X136.9 Y75.467 E1725.12708
G1 X136.204 Y74.6 E1725.16406
G1 X87.793 Y74.6 E1726.77422
G1 X87.101 Y75.467 E1726.81111
G1 X87.1 Y88.2 E1727.23461
G1 X88.3 Y88.2 E1727.27453
G1 X88.3 Y75.901 E1727.68359
G1 X88.465 Y75.802 E1727.68999
G1 X104.8 Y75.8 E1728.2333
G1 X104.8 Y75.2 E1728.25325
G1 X104.965 Y75.001 E1728.26189
G1 X119 Y75 E1728.73103
G1 X119.2 Y75.2 E1728.74044
G1 X119.2 Y75.8 E1728.7604
G1 X135.573 Y75.8 E1729.30497
G1 X135.7 Y75.939 E1729.31123
G1 X135.7 Y88.2 E1729.71903
G0 F4800 X135.9 Y88.2
G1 F1500 E1719.71903
;MESH:NONMESH
G0 F1800 X135.9 Y88.2 Z25.4
G0 F4800 X135.98 Y87.92
G0 X134.835 Y87.976
G0 X89.165 Y98.624
G0 X87.9 Y125.2
;TIME_ELAPSED:6059.276914
;LAYER:126
;TYPE:WALL-INNER
;MESH:I2C_LED_BTN-Body.stl
G1 F1500 E1729.71903
G1 F2400 X87.9 Y98.8 E1730.5971
G1 X87.5 Y98.8 E1730.6104
G1 X87.5 Y125.2 E1731.48847
G1 X87.9 Y125.2 E1731.50177
G0 F4800 X88.3 Y125.6
;TYPE:WALL-OUTER
G1 F2400 X88.3 Y98.4 E1732.40645
G1 X87.1 Y98.4 E1732.44636
G1 X87.1 Y125.6 E1733.35104
G1 X88.3 Y125.6 E1733.39095
G0 F4800 X88.3 Y125.4
G1 F1500 E1723.39095
G0 F4800 X88.02 Y125.32
G0 X88.076 Y126.465
G0 X89.153 Y134.947
G0 X89.153 Y147.347
G0 X104.6 Y149
;TYPE:WALL-INNER
G1 F1500 E1733.39095
G1 F2400 X104.4 Y148.8 E1733.40036
G1 X104.4 Y148.6 E1733.40701
G1 X96.351 Y148.6 E1733.6774
G1 X88.302 Y148.6 E1733.95247
G1 X87.905 Y148.252 E1733.97091
G1 X87.902 Y142.226 E1734.18035
G1 X87.9 Y136.2 E1734.38378
G1 X87.5 Y136.2 E1734.39709
G1 X87.502 Y142.342 E1734.60444
G1 X87.503 Y148.484 E1734.81791
G1 X88.131 Y149 E1734.8463
G1 X96.366 Y149 E1735.12773
G1 X104.601 Y149 E1735.40436
G1 F1500 E1725.40436
G0 F4800 X104.49 Y149
G0 X105.653 Y148.147
G0 X118.347 Y148.147
G0 X119.431 Y149.001
G1 F1500 E1735.40436
G1 F2400 X127.65 Y148.999 E1735.68046
G1 X135.869 Y148.997 E1735.96134
G1 X136.497 Y148.482 E1735.98971
G1 X136.498 Y142.341 E1736.20315
G1 X136.5 Y136.2 E1736.41046
G1 X136.1 Y136.2 E1736.42377
G1 X136.098 Y142.227 E1736.62723
G1 X136.095 Y148.254 E1736.83671
G1 X135.692 Y148.595 E1736.85515
G1 X127.646 Y148.598 E1737.13012
G1 X119.6 Y148.6 E1737.40041
G1 X119.6 Y148.8 E1737.40706
G1 X119.431 Y149.001 E1737.41579
G1 F1500 E1727.41579
G0 F4800 X119.51 Y149.001
G0 X119.424 Y150.265
G0 X112 Y150.265
G0 X112 Y149.4
;TYPE:WALL-OUTER
G1 F1500 E1737.41579
G1 F2400 X136.029 Y149.4 E1738.215
G1 X136.9 Y148.703 E1738.2521
G1 X136.9 Y135.8 E1738.68126
G1 X135.7 Y135.8 E1738.72117
G1 X135.698 Y148.035 E1739.12811
G1 X135.535 Y148.198 E1739.13578
G1 X119.2 Y148.2 E1739.67908
G1 X119.2 Y148.8 E1739.69904
G1 X119.035 Y148.999 E1739.70768
G1 X105 Y149 E1740.17682
G1 X104.8 Y148.8 E1740.18623
G1 X104.8 Y148.2 E1740.20618
G1 X88.399 Y148.2 E1740.75168
G1 X88.302 Y148.035 E1740.75805
G1 X88.3 Y135.8 E1741.16498
G1 X87.1 Y135.8 E1741.2049
G1 X87.1 Y148.704 E1741.63409
G1 X87.967 Y149.4 E1741.67106
G1 X112 Y149.4 E1742.47041
G0 F4800 X112.2 Y149.4
G1 F1500 E1732.47041
G0 F4800 X112.2 Y148.135
G0 X134.835 Y125.376
G0 X136.1 Y125.2
;TYPE:WALL-INNER
G1 F1500 E1742.47041
G1 F2400 X136.5 Y125.2 E1742.48371
G1 X136.5 Y98.8 E1743.36178
G1 X136.1 Y98.8 E1743.37508
G1 X136.1 Y125.2 E1744.25315
G0 F4800 X135.7 Y125.6
;TYPE:WALL-OUTER
G1 F2400 X136.9 Y125.6 E1744.29306
G1 X136.9 Y98.4 E1745.19774
G1 X135.7 Y98.4 E1745.23765
G1 X135.7 Y125.6 E1746.14232
G0 F4800 X135.9 Y125.6
G1 F1500 E1736.14232
G0 F4800 X135.98 Y125.32
G0 X136.1 Y98.63
G0 X136.1 Y97.535
G0 X136.1 Y89.065
G0 X136.1 Y87.8
;TYPE:WALL-INNER
G1 F1500 E1746.14232
G1 F2400 X136.5 Y87.8 E1746.15563
G1 X136.5 Y75.631 E1746.56847
G1 X136 Y75.024 E1746.59671
G1 X135.5 Y75 E1746.61436
G1 X119.4 Y75 E1747.14985
G1 X119.6 Y75.2 E1747.15926
G1 X119.6 Y75.4 E1747.16591
G1 X127.674 Y75.4 E1747.43848
G1 X135.748 Y75.4 E1747.71911
G1 X136.1 Y75.801 E1747.73774
G1 X136.1 Y87.8 E1748.14481
G1 F1500 E1738.14481
G0 F4800 X134.835 Y87.8
G0 X89.165 Y87.8
G0 X87.9 Y87.8
G1 F1500 E1748.14481
G1 F2400 X87.9 Y75.803 E1748.55181
G1 X88.245 Y75.405 E1748.57021
G1 X96.323 Y75.402 E1748.85097
G1 X104.401 Y75.4 E1749.12368
G1 X104.4 Y75.2 E1749.13033
G1 X104.569 Y74.999 E1749.13907
G1 X96.291 Y75.001 E1749.41852
G1 X88.013 Y75.003 E1749.70624
G1 X87.5 Y75.632 E1749.73459
G1 X87.5 Y87.8 E1750.14739
G1 X87.9 Y87.8 E1750.16069
G0 F4800 X88.3 Y88.2
;TYPE:WALL-OUTER
G1 F2400 X88.3 Y75.901 E1750.56976
G1 X88.465 Y75.802 E1750.57616
G1 X104.8 Y75.8 E1751.11946
G1 X104.8 Y75.2 E1751.13942
G1 X104.965 Y75.001 E1751.14806
G1 X119 Y75 E1751.6172
G1 X119.2 Y75.2 E1751.62661
G1 X119.2 Y75.8 E1751.64657
G1 X135.573 Y75.8 E1752.19113
G1 X135.7 Y75.939 E1752.1974
G1 X135.7 Y88.2 E1752.6052
G1 X136.9 Y88.2 E1752.64511
G1 X136.9 Y75.467 E1753.06861
G1 X136.204 Y74.6 E1753.10559
G1 X87.793 Y74.6 E1754.71575
G1 X87.101 Y75.467 E1754.75264
G1 X87.1 Y88.2 E1755.17614
G1 X88.3 Y88.2 E1755.21606
G0 F4800 X88.3 Y88
G1 F1500 E1745.21606
;MESH:NONMESH
G0 F1800 X88.3 Y88 Z25.6
G0 F4800 X88.02 Y87.92
G0 X87.9 Y89.065
G0 X87.9 Y97.535
G0 X87.9 Y125.2
;TIME_ELAPSED:6087.335521
;LAYER:127
;TYPE:WALL-INNER
;MESH:I2C_LED_BTN-Body.stl
G1 F1500 E1755.21606
G1 F2400 X87.9 Y98.8 E1756.09412
G1 X87.5 Y98.8 E1756.10743
G1 X87.5 Y125.2 E1756.9855
G1 X87.9 Y125.2 E1756.9988
G0 F4800 X88.3 Y125.6
;TYPE:WALL-OUTER
G1 F2400 X88.3 Y98.4 E1757.90347
G1 X87.1 Y98.4 E1757.94339
G1 X87.1 Y125.6 E1758.84806
G1 X88.3 Y125.6 E1758.88797
G0 F4800 X88.3 Y125.4
G1 F1500 E1748.88797
G0 F4800 X89.165 Y125.4
G0 X105.653 Y147.347
G0 X105.653 Y148.147
G0 X104.6 Y149
;TYPE:WALL-INNER
G1 F1500 E1758.88797
G1 F2400 X104.4 Y148.8 E1758.89738
G1 X104.4 Y148.6 E1758.90403
G1 X96.351 Y148.6 E1759.17442
G1 X88.302 Y148.6 E1759.4495
G1 X87.905 Y148.252 E1759.46793
G1 X87.902 Y142.226 E1759.67738
G1 X87.9 Y136.2 E1759.88081
G1 X87.5 Y136.2 E1759.89411
G1 X87.502 Y142.342 E1760.10146
G1 X87.503 Y148.484 E1760.31494
G1 X88.131 Y149 E1760.34332
G1 X96.366 Y149 E1760.62475
G1 X104.601 Y149 E1760.90139
G1 F1500 E1750.90139
G0 F4800 X105.653 Y148.147
G0 X118.347 Y148.147
G0 X119.431 Y149.001
G1 F1500 E1760.90139
G1 F2400 X127.65 Y148.999 E1761.17749
G1 X135.869 Y148.997 E1761.45837
G1 X136.497 Y148.482 E1761.48673
G1 X136.498 Y142.341 E1761.70017
G1 X136.5 Y136.2 E1761.90749
G1 X136.1 Y136.2 E1761.92079
G1 X136.098 Y142.227 E1762.12426
G1 X136.095 Y148.254 E1762.33374
G1 X135.692 Y148.595 E1762.35217
G1 X127.646 Y148.598 E1762.62715
G1 X119.6 Y148.6 E1762.89743
G1 X119.6 Y148.8 E1762.90408
G1 X119.431 Y149.001 E1762.91282
G1 F1500 E1752.91282
G0 F4800 X118.347 Y148.147
G0 X118.347 Y147.347
G0 X134.847 Y134.947
G0 X137.753 Y134.947
G0 X137.761 Y149.117
G0 X136.332 Y150.262
G0 X112 Y150.265
G0 X112 Y149.4
;TYPE:WALL-OUTER
G1 F1500 E1762.91282
G1 F2400 X136.029 Y149.4 E1763.71203
G1 X136.9 Y148.703 E1763.74913
G1 X136.9 Y135.8 E1764.17829
G1 X135.7 Y135.8 E1764.2182
G1 X135.698 Y148.035 E1764.62514
G1 X135.535 Y148.198 E1764.6328
G1 X119.2 Y148.2 E1765.17611
G1 X119.2 Y148.8 E1765.19606
G1 X119.035 Y148.999 E1765.2047
G1 X105 Y149 E1765.67384
G1 X104.8 Y148.8 E1765.68325
G1 X104.8 Y148.2 E1765.70321
G1 X88.399 Y148.2 E1766.24871
G1 X88.302 Y148.035 E1766.25507
G1 X88.3 Y135.8 E1766.66201
G1 X87.1 Y135.8 E1766.70192
G1 X87.1 Y148.704 E1767.13111
G1 X87.967 Y149.4 E1767.16809
G1 X112 Y149.4 E1767.96743
G0 F4800 X112.2 Y149.4
G1 F1500 E1757.96743
G0 F4800 X112.2 Y148.135
G0 X134.835 Y125.2
G0 X136.1 Y125.2
;TYPE:WALL-INNER
G1 F1500 E1767.96743
G1 F2400 X136.5 Y125.2 E1767.98073
G1 X136.5 Y98.8 E1768.8588
G1 X136.1 Y98.8 E1768.87211
G1 X136.1 Y125.2 E1769.75017
G0 F4800 X135.7 Y125.6
;TYPE:WALL-OUTER
G1 F2400 X136.9 Y125.6 E1769.79009
G1 X136.9 Y98.4 E1770.69476
G1 X135.7 Y98.4 E1770.73467
G1 X135.7 Y125.6 E1771.63935
G0 F4800 X135.9 Y125.6
G1 F1500 E1761.63935
G0 F4800 X134.835 Y125.6
G0 X134.847 Y97.547
G0 X136.1 Y89.065
G0 X136.1 Y87.8
;TYPE:WALL-INNER
G1 F1500 E1771.63935
G1 F2400 X136.5 Y87.8 E1771.65265
G1 X136.5 Y75.631 E1772.06549
G1 X136 Y75.024 E1772.09374
G1 X135.5 Y75 E1772.11139
G1 X119.4 Y75 E1772.64688
G1 X119.6 Y75.2 E1772.65628
G1 X119.6 Y75.4 E1772.66294
G1 X127.674 Y75.4 E1772.93551
G1 X135.748 Y75.4 E1773.21613
G1 X136.1 Y75.801 E1773.23477
G1 X136.1 Y87.8 E1773.64184
G1 F1500 E1763.64184
G0 F4800 X134.835 Y87.8
G0 X89.165 Y87.8
G0 X87.9 Y87.8
G1 F1500 E1773.64184
G1 F2400 X87.9 Y75.803 E1774.04884
G1 X88.245 Y75.405 E1774.06723
G1 X96.323 Y75.402 E1774.348
G1 X104.401 Y75.4 E1774.62071
G1 X104.4 Y75.2 E1774.62736
G1 X104.569 Y74.999 E1774.63609
G1 X96.291 Y75.001 E1774.91555
G1 X88.013 Y75.003 E1775.20327
G1 X87.5 Y75.632 E1775.23161
G1 X87.5 Y87.8 E1775.64442
G1 X87.9 Y87.8 E1775.65772
G0 F4800 X88.3 Y88.2
;TYPE:WALL-OUTER
G1 F2400 X88.3 Y75.901 E1776.06679
G1 X88.465 Y75.802 E1776.07319
G1 X104.8 Y75.8 E1776.61649
G1 X104.8 Y75.2 E1776.63645
G1 X104.965 Y75.001 E1776.64509
G1 X119 Y75 E1777.11423
G1 X119.2 Y75.2 E1777.12364
G1 X119.2 Y75.8 E1777.14359
G1 X135.573 Y75.8 E1777.68816
G1 X135.7 Y75.939 E1777.69442
G1 X135.7 Y88.2 E1778.10222
G1 X136.9 Y88.2 E1778.14214
G1 X136.9 Y75.467 E1778.56564
G1 X136.204 Y74.6 E1778.60262
G1 X87.793 Y74.6 E1780.21277
G1 X87.101 Y75.467 E1780.24967
G1 X87.1 Y88.2 E1780.67317
G1 X88.3 Y88.2 E1780.71308
G0 F4800 X88.3 Y88
;TIME_ELAPSED:6115.108035
G1 F1500 E1770.71308
M140 S0
M107
M104 S0 ; turn off extruder
M140 S0 ; turn off bed
M84 ; disable motors
M107
G91 ;relative positioning
G1 E-1 F300 ;retract the filament a bit before lifting the nozzle, to release some of the pressure
G1 Z+0.5 E-5 ;X-20 Y-20 F80 ;move Z up a bit and retract filament even more
G28 X0 ;Y0 ;move X/Y to min endstops, so the head is out of the way
G1 Y180 F2000
M84 ;steppers off
G90
M300 P300 S4000
M82 ;absolute extrusion mode
M104 S0
;End of Gcode
;SETTING_3 {"global_quality": "[general]\\nversion = 4\\nname = My PLA/PLA+ 0.4m
;SETTING_3 m Modified\\ndefinition = anycubic_i3_mega\\n\\n[metadata]\\ntype = q
;SETTING_3 uality_changes\\nquality_type = normal\\nsetting_version = 24\\n\\n[v
;SETTING_3 alues]\\nacceleration_enabled = False\\nadhesion_type = brim\\nbridge
;SETTING_3 _settings_enabled = True\\njerk_enabled = False\\nlayer_height_0 = 0.
;SETTING_3 2\\nmaterial_bed_temperature = =default_material_bed_temperature\\nma
;SETTING_3 terial_bed_temperature_layer_0 = =material_bed_temperature\\nspeed_sl
;SETTING_3 owdown_layers = 1\\nsupport_enable = True\\nsupport_structure = norma
;SETTING_3 l\\nsupport_type = everywhere\\n\\n", "extruder_quality": ["[general]
;SETTING_3 \\nversion = 4\\nname = My PLA/PLA+ 0.4mm Modified\\ndefinition = any
;SETTING_3 cubic_i3_mega\\n\\n[metadata]\\ntype = quality_changes\\nquality_type
;SETTING_3  = normal\\nintent_category = default\\nposition = 0\\nsetting_versio
;SETTING_3 n = 24\\n\\n[values]\\nacceleration_layer_0 = 2500\\nacceleration_pri
;SETTING_3 nt = 4000\\nacceleration_print_layer_0 = =acceleration_layer_0\\nacce
;SETTING_3 leration_topbottom = 3000\\nacceleration_travel = 10000\\nacceleratio
;SETTING_3 n_travel_layer_0 = 3000\\nacceleration_wall_0 = 4000\\nalternate_extr
;SETTING_3 a_perimeter = True\\nbottom_thickness = 1.2\\nbridge_enable_more_laye
;SETTING_3 rs = False\\nbridge_fan_speed_2 = 100.0\\nbridge_fan_speed_3 = 100.0\
;SETTING_3 \nbridge_skin_density_3 = 100.0\\nbridge_skin_material_flow = 50.0\\n
;SETTING_3 bridge_skin_material_flow_2 = 75.0\\nbridge_skin_material_flow_3 = 10
;SETTING_3 0.0\\nbridge_skin_speed = 40.0\\nbridge_wall_speed = 40.0\\nbrim_widt
;SETTING_3 h = 2.0\\nconical_overhang_enabled = False\\nconnect_infill_polygons 
;SETTING_3 = True\\ncool_fan_full_at_height = =0 if resolveOrValue('adhesion_typ
;SETTING_3 e') == 'raft' else resolveOrValue('layer_height_0')\\ncool_fan_full_l
;SETTING_3 ayer = 2\\ncool_fan_speed = =100.0 if cool_fan_enabled else 0.0\\ncoo
;SETTING_3 l_fan_speed_0 = 25\\nexpand_skins_expand_distance = =wall_line_width_
;SETTING_3 0 + (wall_line_count - 1) * wall_line_width_x\\ninfill_material_flow 
;SETTING_3 = =material_flow\\ninfill_overlap = =10 if infill_sparse_density < 95
;SETTING_3  and infill_pattern != 'concentric' else 0\\ninfill_pattern = ='lines
;SETTING_3 ' if infill_sparse_density > 25 else 'grid'\\ninfill_sparse_density =
;SETTING_3  100.0\\ninfill_wall_line_count = 0\\ninfill_wipe_dist = =wall_line_w
;SETTING_3 idth_0 / 4 if wall_line_count == 1 else wall_line_width_x / 4\\niniti
;SETTING_3 al_layer_line_width_factor = =130 - resolveOrValue('layer_height_0') 
;SETTING_3 * 100\\njerk_layer_0 = 2.5\\njerk_print = 4\\njerk_topbottom = 3\\nje
;SETTING_3 rk_travel_layer_0 = 3\\njerk_wall = 4\\njerk_wall_0 = =jerk_wall\\nje
;SETTING_3 rk_wall_x = 4\\nmaterial_final_print_temperature = =material_print_te
;SETTING_3 mperature\\nmaterial_flow = 100\\nmaterial_flow_layer_0 = 100\\nmater
;SETTING_3 ial_initial_print_temperature = =material_print_temperature\\nmateria
;SETTING_3 l_print_temperature = =default_material_print_temperature\\nmaterial_
;SETTING_3 print_temperature_layer_0 = =material_print_temperature\\nmeshfix_max
;SETTING_3 imum_deviation = 0.05\\nmeshfix_maximum_travel_resolution = 0.5\\nopt
;SETTING_3 imize_wall_printing_order = True\\nprime_tower_flow = =material_flow\
;SETTING_3 \nretract_at_layer_change = False\\nretraction_amount = 10\\nretracti
;SETTING_3 on_extra_prime_amount = 0\\nretraction_extrusion_window = =retraction
;SETTING_3 _amount\\nretraction_hop = 0.1\\nretraction_min_travel = 1.5\\nretrac
;SETTING_3 tion_prime_speed = =retraction_speed\\nretraction_retract_speed = =re
;SETTING_3 traction_speed\\nretraction_speed = 25.0\\nroofing_layer_count = 0\\n
;SETTING_3 skin_material_flow = =material_flow\\nskin_monotonic = True\\nskin_ou
;SETTING_3 tline_count = 0\\nskin_overlap = =5 if top_bottom_pattern != 'concent
;SETTING_3 ric' else 0\\nskin_preshrink = =wall_line_width_0 + (wall_line_count 
;SETTING_3 - 1) * wall_line_width_x\\nskirt_brim_material_flow = =material_flow\
;SETTING_3 \nskirt_brim_speed = 15\\nspeed_equalize_flow_width_factor = =100 if 
;SETTING_3 (False) else 0\\nspeed_infill = =speed_print\\nspeed_layer_0 = 15\\ns
;SETTING_3 peed_print = 40\\nspeed_roofing = 16\\nspeed_topbottom = 30\\nspeed_t
;SETTING_3 ravel = 80\\nspeed_travel_layer_0 = =speed_layer_0 * speed_travel / s
;SETTING_3 peed_print\\nspeed_wall = =speed_print\\nspeed_wall_0 = =speed_wall\\
;SETTING_3 nspeed_wall_x = =speed_print\\nspeed_z_hop = 30\\nsupport_bottom_stai
;SETTING_3 r_step_min_slope = 1\\nsupport_brim_line_count = 8\\nsupport_conical_
;SETTING_3 angle = -10\\nsupport_conical_min_width = 10\\nsupport_infill_angles 
;SETTING_3 = []\\nsupport_infill_rate = 20.0\\nsupport_interface_enable = False\
;SETTING_3 \nsupport_join_distance = 2.4\\nsupport_offset = 0.4\\nsupport_patter
;SETTING_3 n = zigzag\\nsupport_roof_enable = False\\nsupport_top_distance = 0.0
;SETTING_3 1\\nsupport_tree_angle = 30.0\\nsupport_tree_branch_diameter_angle = 
;SETTING_3 5.0\\nsupport_xy_distance = =machine_nozzle_size * 1.5\\nsupport_xy_d
;SETTING_3 istance_overhang = 0.3\\nsupport_z_distance = 0.01\\nswitch_extruder_
;SETTING_3 prime_speed = 1\\nswitch_extruder_retraction_amount = 40\\nswitch_ext
;SETTING_3 ruder_retraction_speed = =switch_extruder_retraction_speeds\\nswitch_
;SETTING_3 extruder_retraction_speeds = 40\\ntop_bottom_pattern = zigzag\\ntop_b
;SETTING_3 ottom_thickness = 1.2\\ntravel_avoid_distance = =machine_nozzle_tip_o
;SETTING_3 uter_diameter / 2 * 1.25\\nwall_0_material_flow = =wall_material_flow
;SETTING_3 \\nwall_0_wipe_dist = =machine_nozzle_size / 2\\nwall_thickness = 1.2
;SETTING_3 \\nwall_x_material_flow = =wall_material_flow\\nz_seam_relative = Tru
;SETTING_3 e\\nz_seam_type = back\\nz_seam_x = 0\\nz_seam_y = 5.0\\nzig_zaggify_
;SETTING_3 infill = True\\n\\n"]}
