;FLAVOR:Marlin
;TIME:730
;Filament used: 0.471511m
;Layer height: 0.2
;MINX:91.919
;MINY:105.037
;MINZ:0.2
;MAXX:132.081
;MAXY:118.963
;MAXZ:12
;TARGET_MACHINE.NAME:Anycubic i3 Mega
;Generated with Cura_SteamEngine 5.9.0
M82 ;absolute extrusion mode
M140 S65.0 ;bed temperature
M104 S195.0 ;nozzle temperature
G21 ;metric values
G90 ;absolute positioning
M82 ;set extruder to absolute mode
M107 ;start with the fan off
G28 X0 Y0 ;move X/Y to min endstops
G28 Z0 ;move Z to min endstops
G1 Z15.0 F200 ;move the platform down 15mm
M105
M190 S65.0 ;wait for bed temperature
M105
M109 S195.0 ;wait for nozzle temperature
G92 E0 ;zero the extruded length
G1 X-1 Y-1 Z0.1 F200 ;move to first layer
G1 E3 F200 ;extrude 3mm of feed stock
G4 P1000 ;wait 1sec.
G1 Z15.0
G4 P500 ;wait 0.5sec.
G1 Y20 Z0.1
G4 P1000 ;wait 1sec.
G1 X20 F800
G92 E0 ;zero the extruded length again
; M117 Printing I2C_LED_BTN-Body002G5
G92 E0
G92 E0
G1 F1500 E-10
;LAYER_COUNT:60
;LAYER:0
M106 S63.8
G1 F1800 Z0.3
G0 X124.795 Y118.959 Z0.3
;TYPE:SKIRT
G1 F1800 Z0.2
G1 F1500 E0
G1 F900 X122.782 Y118.963 E0.07365
G1 X120.928 Y118.289 E0.14582
G1 X119.624 Y117.46 E0.20236
G1 X118.974 Y116.826 E0.23558
G1 X118.688 Y116.736 E0.24654
G1 X118.007 Y116.412 E0.27414
G1 X117.311 Y116.742 E0.30232
G1 X117.016 Y116.832 E0.3136
G1 X116.282 Y117.542 E0.35096
G1 X114.682 Y118.535 E0.41986
G1 X112.795 Y118.959 E0.49062
G1 X110.782 Y118.963 E0.56427
G1 X108.928 Y118.289 E0.63644
G1 X107.624 Y117.46 E0.69297
G1 X106.974 Y116.826 E0.72619
G1 X106.688 Y116.736 E0.73716
G1 X106.007 Y116.412 E0.76475
G1 X105.311 Y116.742 E0.79293
G1 X105.016 Y116.832 E0.80422
G1 X104.282 Y117.542 E0.84158
G1 X102.682 Y118.535 E0.91048
G1 X100.795 Y118.959 E0.98124
G1 X98.782 Y118.963 E1.05488
G1 X96.928 Y118.289 E1.12706
G1 X95.624 Y117.46 E1.18359
G1 X94.974 Y116.826 E1.21681
G1 X94.688 Y116.736 E1.22778
G1 X93.37 Y116.107 E1.28121
G1 X92.25 Y114.534 E1.35186
G1 X91.92 Y113.112 E1.40527
G1 X91.919 Y110.904 E1.48605
G1 X92.259 Y109.448 E1.54075
G1 X93.371 Y107.884 E1.61096
G1 X94.688 Y107.259 E1.66429
G1 X94.983 Y107.169 E1.67558
G1 X95.718 Y106.458 E1.71299
G1 X97.318 Y105.465 E1.78189
G1 X99.205 Y105.041 E1.85265
G1 X101.218 Y105.037 E1.9263
G1 X103.072 Y105.711 E1.99847
G1 X104.376 Y106.54 E2.055
G1 X105.026 Y107.174 E2.08822
G1 X105.312 Y107.264 E2.09919
G1 X105.993 Y107.588 E2.12678
G1 X106.689 Y107.258 E2.15496
G1 X106.984 Y107.168 E2.16625
G1 X107.718 Y106.458 E2.20361
G1 X109.318 Y105.465 E2.27251
G1 X111.205 Y105.041 E2.34326
G1 X113.218 Y105.037 E2.41691
G1 X115.072 Y105.711 E2.48909
G1 X116.376 Y106.54 E2.54562
G1 X117.026 Y107.174 E2.57884
G1 X117.312 Y107.264 E2.58981
G1 X117.993 Y107.588 E2.6174
G1 X118.689 Y107.258 E2.64558
G1 X118.984 Y107.168 E2.65687
G1 X119.718 Y106.458 E2.69423
G1 X121.318 Y105.465 E2.76312
G1 X123.205 Y105.041 E2.83388
G1 X125.218 Y105.037 E2.90753
G1 X127.072 Y105.711 E2.9797
G1 X128.376 Y106.54 E3.03624
G1 X129.026 Y107.174 E3.06946
G1 X129.312 Y107.264 E3.08043
G1 X130.63 Y107.893 E3.13386
G1 X131.75 Y109.466 E3.20451
G1 X132.08 Y110.888 E3.25791
G1 X132.081 Y113.096 E3.3387
G1 X131.741 Y114.552 E3.3934
G1 X130.629 Y116.116 E3.46361
G1 X129.312 Y116.741 E3.51694
G1 X129.017 Y116.831 E3.52823
G1 X128.282 Y117.542 E3.56564
G1 X126.682 Y118.535 E3.63453
G1 X124.795 Y118.959 E3.70529
G0 F1800 X124.746 Y118.519
G1 F900 X122.857 Y118.523 E3.77441
G1 X121.125 Y117.893 E3.84183
G1 X119.899 Y117.114 E3.89498
G1 X119.201 Y116.433 E3.93066
G1 X118.877 Y116.339 E3.943
G1 X118.007 Y115.925 E3.97825
G1 X117.123 Y116.344 E4.01404
G1 X116.79 Y116.439 E4.02671
G1 X116.011 Y117.192 E4.06635
G1 X114.512 Y118.122 E4.13089
G1 X112.746 Y118.519 E4.19711
G1 X110.857 Y118.523 E4.26622
G1 X109.125 Y117.893 E4.33365
G1 X107.899 Y117.114 E4.3868
G1 X107.201 Y116.433 E4.42247
G1 X106.877 Y116.339 E4.43482
G1 X106.007 Y115.925 E4.47007
G1 X105.123 Y116.344 E4.50586
G1 X104.79 Y116.439 E4.51853
G1 X104.011 Y117.192 E4.55817
G1 X102.512 Y118.122 E4.62271
G1 X100.746 Y118.519 E4.68893
G1 X98.857 Y118.523 E4.75804
G1 X97.125 Y117.893 E4.82547
G1 X95.899 Y117.114 E4.87861
G1 X95.201 Y116.433 E4.91429
G1 X94.877 Y116.339 E4.92663
G1 X93.663 Y115.76 E4.97584
G1 X92.659 Y114.349 E5.0392
G1 X92.36 Y113.06 E5.08761
G1 X92.359 Y110.953 E5.1647
G1 X92.667 Y109.634 E5.21425
G1 X93.663 Y108.233 E5.27714
G1 X94.877 Y107.657 E5.32631
G1 X95.21 Y107.562 E5.33898
G1 X95.989 Y106.808 E5.37864
G1 X97.488 Y105.878 E5.44318
G1 X99.254 Y105.481 E5.5094
G1 X101.143 Y105.477 E5.57851
G1 X102.875 Y106.107 E5.64594
G1 X104.101 Y106.886 E5.69909
G1 X104.799 Y107.567 E5.73476
G1 X105.123 Y107.661 E5.74711
G1 X105.993 Y108.075 E5.78236
G1 X106.877 Y107.656 E5.81815
G1 X107.21 Y107.561 E5.83082
G1 X107.989 Y106.808 E5.87046
G1 X109.488 Y105.878 E5.935
G1 X111.254 Y105.481 E6.00122
G1 X113.143 Y105.477 E6.07033
G1 X114.875 Y106.107 E6.13776
G1 X116.101 Y106.886 E6.1909
G1 X116.799 Y107.567 E6.22658
G1 X117.123 Y107.661 E6.23893
G1 X117.993 Y108.075 E6.27418
G1 X118.877 Y107.656 E6.30997
G1 X119.21 Y107.561 E6.32264
G1 X119.989 Y106.808 E6.36227
G1 X121.488 Y105.878 E6.42681
G1 X123.254 Y105.481 E6.49304
G1 X125.143 Y105.477 E6.56215
G1 X126.875 Y106.107 E6.62958
G1 X128.101 Y106.886 E6.68272
G1 X128.799 Y107.567 E6.7184
G1 X129.123 Y107.661 E6.73074
G1 X130.337 Y108.24 E6.77995
G1 X131.341 Y109.651 E6.84331
G1 X131.64 Y110.94 E6.89172
G1 X131.641 Y113.047 E6.96881
G1 X131.333 Y114.366 E7.01836
G1 X130.337 Y115.767 E7.08125
G1 X129.123 Y116.343 E7.13041
G1 X128.79 Y116.438 E7.14308
G1 X128.011 Y117.192 E7.18275
G1 X126.512 Y118.122 E7.24729
G1 X124.746 Y118.519 E7.31351
G0 F1800 X124.697 Y118.079
G1 F900 X122.935 Y118.083 E7.37798
G1 X121.318 Y117.495 E7.44093
G1 X120.174 Y116.768 E7.49052
G1 X119.424 Y116.036 E7.52886
G1 X119.066 Y115.942 E7.5424
G1 X118.163 Y115.512 E7.57899
G1 X118.002 Y115.384 E7.58652
G1 X117.838 Y115.517 E7.59424
G1 X116.934 Y115.946 E7.63085
G1 X116.566 Y116.043 E7.64478
G1 X115.74 Y116.842 E7.68682
G1 X114.342 Y117.709 E7.74701
G1 X112.697 Y118.079 E7.8087
G1 X110.935 Y118.083 E7.87316
G1 X109.318 Y117.495 E7.93611
G1 X108.174 Y116.768 E7.9857
G1 X107.424 Y116.036 E8.02404
G1 X107.066 Y115.942 E8.03759
G1 X106.163 Y115.512 E8.07418
G1 X106.002 Y115.384 E8.0817
G1 X105.838 Y115.517 E8.08943
G1 X104.934 Y115.946 E8.12604
G1 X104.566 Y116.043 E8.13996
G1 X103.74 Y116.842 E8.18201
G1 X102.342 Y117.709 E8.24219
G1 X100.697 Y118.079 E8.30388
G1 X98.935 Y118.083 E8.36834
G1 X97.318 Y117.495 E8.43129
G1 X96.174 Y116.768 E8.48088
G1 X95.424 Y116.036 E8.51923
G1 X95.066 Y115.942 E8.53277
G1 X93.956 Y115.413 E8.57775
G1 X93.068 Y114.165 E8.63379
G1 X92.8 Y113.008 E8.67724
G1 X92.799 Y111.002 E8.75064
G1 X93.075 Y109.82 E8.79504
G1 X93.955 Y108.582 E8.85061
G1 X95.066 Y108.055 E8.8956
G1 X95.434 Y107.957 E8.90954
G1 X96.26 Y107.158 E8.95158
G1 X97.658 Y106.291 E9.01177
G1 X99.303 Y105.921 E9.07345
G1 X101.065 Y105.917 E9.13792
G1 X102.682 Y106.505 E9.20087
G1 X103.826 Y107.232 E9.25046
G1 X104.576 Y107.964 E9.2888
G1 X104.934 Y108.058 E9.30234
G1 X105.837 Y108.488 E9.33894
G1 X105.998 Y108.616 E9.34646
G1 X106.162 Y108.483 E9.35419
G1 X107.066 Y108.054 E9.3908
G1 X107.434 Y107.957 E9.40472
G1 X108.26 Y107.158 E9.44676
G1 X109.658 Y106.291 E9.50695
G1 X111.303 Y105.921 E9.56864
G1 X113.065 Y105.917 E9.6331
G1 X114.682 Y106.505 E9.69605
G1 X115.826 Y107.232 E9.74564
G1 X116.576 Y107.964 E9.78398
G1 X116.934 Y108.058 E9.79753
G1 X117.837 Y108.488 E9.83412
G1 X117.998 Y108.616 E9.84164
G1 X118.162 Y108.483 E9.84937
G1 X119.066 Y108.054 E9.88598
G1 X119.434 Y107.957 E9.8999
G1 X120.26 Y107.158 E9.94195
G1 X121.658 Y106.291 E10.00213
G1 X123.303 Y105.921 E10.06382
G1 X125.065 Y105.917 E10.12828
G1 X126.682 Y106.505 E10.19123
G1 X127.826 Y107.232 E10.24083
G1 X128.576 Y107.964 E10.27917
G1 X128.934 Y108.058 E10.29271
G1 X130.044 Y108.587 E10.3377
G1 X130.932 Y109.835 E10.39373
G1 X131.2 Y110.992 E10.43719
G1 X131.201 Y112.998 E10.51058
G1 X130.925 Y114.18 E10.55499
G1 X130.045 Y115.418 E10.61056
G1 X128.934 Y115.945 E10.65554
G1 X128.566 Y116.043 E10.66948
G1 X127.74 Y116.842 E10.71152
G1 X126.342 Y117.709 E10.77171
G1 X124.697 Y118.079 E10.8334
G0 F1800 X124.648 Y117.639
G1 F900 X123.013 Y117.643 E10.89321
G1 X121.511 Y117.097 E10.95168
G1 X120.449 Y116.422 E10.99772
G1 X119.642 Y115.635 E11.03896
G1 X119.255 Y115.545 E11.0535
G1 X118.352 Y115.115 E11.09009
G1 X118.001 Y114.719 E11.10945
G1 X117.649 Y115.119 E11.12895
G1 X116.745 Y115.548 E11.16556
G1 X116.347 Y115.643 E11.18053
G1 X115.469 Y116.492 E11.22521
G1 X114.172 Y117.296 E11.28104
G1 X112.648 Y117.639 E11.33819
G1 X111.013 Y117.643 E11.39801
G1 X109.511 Y117.097 E11.45648
G1 X108.449 Y116.422 E11.50252
G1 X107.642 Y115.635 E11.54376
G1 X107.255 Y115.545 E11.5583
G1 X106.352 Y115.115 E11.59489
G1 X106.001 Y114.719 E11.61425
G1 X105.649 Y115.119 E11.63374
G1 X104.745 Y115.548 E11.67035
G1 X104.347 Y115.643 E11.68532
G1 X103.469 Y116.492 E11.73001
G1 X102.172 Y117.296 E11.78584
G1 X100.648 Y117.639 E11.84299
G1 X99.013 Y117.643 E11.90281
G1 X97.511 Y117.097 E11.96128
G1 X96.449 Y116.422 E12.00732
G1 X95.642 Y115.635 E12.04856
G1 X95.255 Y115.545 E12.06309
G1 X94.249 Y115.066 E12.10386
G1 X93.477 Y113.981 E12.15258
G1 X93.24 Y112.956 E12.19107
G1 X93.239 Y111.051 E12.26076
G1 X93.483 Y110.006 E12.30002
G1 X94.248 Y108.93 E12.34833
G1 X95.255 Y108.452 E12.38911
G1 X95.653 Y108.357 E12.40408
G1 X96.531 Y107.508 E12.44876
G1 X97.828 Y106.704 E12.50459
G1 X99.352 Y106.361 E12.56175
G1 X100.987 Y106.357 E12.62156
G1 X102.489 Y106.903 E12.68003
G1 X103.551 Y107.578 E12.72607
G1 X104.358 Y108.365 E12.76731
G1 X104.745 Y108.455 E12.78185
G1 X105.648 Y108.885 E12.81844
G1 X105.999 Y109.281 E12.8378
G1 X106.351 Y108.881 E12.8573
G1 X107.255 Y108.452 E12.89391
G1 X107.653 Y108.357 E12.90888
G1 X108.531 Y107.508 E12.95356
G1 X109.828 Y106.704 E13.00939
G1 X111.352 Y106.361 E13.06654
G1 X112.987 Y106.357 E13.12636
G1 X114.489 Y106.903 E13.18483
G1 X115.551 Y107.578 E13.23087
G1 X116.358 Y108.365 E13.27211
G1 X116.745 Y108.455 E13.28665
G1 X117.648 Y108.885 E13.32324
G1 X117.999 Y109.281 E13.3426
G1 X118.351 Y108.881 E13.36209
G1 X119.255 Y108.452 E13.3987
G1 X119.653 Y108.357 E13.41367
G1 X120.531 Y107.508 E13.45836
G1 X121.828 Y106.704 E13.51419
G1 X123.352 Y106.361 E13.57134
G1 X124.987 Y106.357 E13.63116
G1 X126.489 Y106.903 E13.68963
G1 X127.551 Y107.578 E13.73567
G1 X128.358 Y108.365 E13.77691
G1 X128.745 Y108.455 E13.79144
G1 X129.751 Y108.934 E13.83221
G1 X130.523 Y110.019 E13.88093
G1 X130.76 Y111.044 E13.91942
G1 X130.761 Y112.949 E13.98911
G1 X130.517 Y113.994 E14.02837
G1 X129.752 Y115.07 E14.07668
G1 X128.745 Y115.548 E14.11746
G1 X128.347 Y115.643 E14.13243
G1 X127.469 Y116.492 E14.17711
G1 X126.172 Y117.296 E14.23294
G1 X124.648 Y117.639 E14.2901
G0 F1800 X124.6 Y117.199
G1 F900 X123.088 Y117.203 E14.34541
G1 X121.708 Y116.701 E14.39914
G1 X120.724 Y116.076 E14.44179
G1 X120.064 Y115.432 E14.47553
G1 X119.927 Y115.245 E14.48401
G1 X119.444 Y115.148 E14.50203
G1 X118.541 Y114.718 E14.53862
G1 X118.002 Y113.96 E14.57265
G1 X117.46 Y114.721 E14.60683
G1 X116.556 Y115.15 E14.64344
G1 X116.133 Y115.238 E14.65925
G1 X115.198 Y116.142 E14.70683
G1 X114.002 Y116.884 E14.75833
G1 X112.6 Y117.199 E14.8109
G1 X111.088 Y117.203 E14.86622
G1 X109.708 Y116.701 E14.91994
G1 X108.724 Y116.076 E14.96259
G1 X108.064 Y115.432 E14.99633
G1 X107.927 Y115.245 E15.00481
G1 X107.444 Y115.148 E15.02283
G1 X106.541 Y114.718 E15.05943
G1 X106.002 Y113.96 E15.09345
G1 X105.46 Y114.721 E15.12764
G1 X104.556 Y115.15 E15.16425
G1 X104.133 Y115.238 E15.18005
G1 X103.198 Y116.142 E15.22764
G1 X102.002 Y116.884 E15.27913
G1 X100.6 Y117.199 E15.3317
G1 X99.088 Y117.203 E15.38702
G1 X97.708 Y116.701 E15.44075
G1 X96.724 Y116.076 E15.48339
G1 X96.064 Y115.432 E15.51713
G1 X95.927 Y115.245 E15.52561
G1 X95.444 Y115.148 E15.54364
G1 X94.541 Y114.718 E15.58023
G1 X93.887 Y113.799 E15.6215
G1 X93.68 Y112.904 E15.65511
G1 X93.679 Y111.104 E15.72096
G1 X93.892 Y110.19 E15.7553
G1 X94.54 Y109.279 E15.7962
G1 X95.444 Y108.85 E15.83281
G1 X95.867 Y108.762 E15.84861
G1 X96.802 Y107.858 E15.8962
G1 X97.998 Y107.116 E15.94769
G1 X99.4 Y106.801 E16.00026
G1 X100.912 Y106.797 E16.05558
G1 X102.292 Y107.299 E16.10931
G1 X103.276 Y107.924 E16.15196
G1 X103.936 Y108.568 E16.18569
G1 X104.073 Y108.755 E16.19417
G1 X104.556 Y108.852 E16.2122
G1 X105.459 Y109.282 E16.24879
G1 X105.998 Y110.04 E16.28282
G1 X106.54 Y109.279 E16.317
G1 X107.444 Y108.85 E16.35361
G1 X107.867 Y108.762 E16.36942
G1 X108.802 Y107.858 E16.417
G1 X109.998 Y107.116 E16.46849
G1 X111.4 Y106.801 E16.52107
G1 X112.912 Y106.797 E16.57638
G1 X114.292 Y107.299 E16.63011
G1 X115.276 Y107.924 E16.67276
G1 X115.936 Y108.568 E16.7065
G1 X116.073 Y108.755 E16.71498
G1 X116.556 Y108.852 E16.733
G1 X117.459 Y109.282 E16.76959
G1 X117.998 Y110.04 E16.80362
G1 X118.54 Y109.279 E16.8378
G1 X119.444 Y108.85 E16.87441
G1 X119.867 Y108.762 E16.89022
G1 X120.802 Y107.858 E16.9378
G1 X121.998 Y107.116 E16.9893
G1 X123.4 Y106.801 E17.04187
G1 X124.912 Y106.797 E17.09719
G1 X126.292 Y107.299 E17.15091
G1 X127.276 Y107.924 E17.19356
G1 X127.936 Y108.568 E17.2273
G1 X128.073 Y108.755 E17.23578
G1 X128.556 Y108.852 E17.2538
G1 X129.459 Y109.282 E17.2904
G1 X130.113 Y110.201 E17.33166
G1 X130.32 Y111.096 E17.36527
G1 X130.321 Y112.896 E17.43113
G1 X130.108 Y113.81 E17.46546
G1 X129.46 Y114.721 E17.50637
G1 X128.556 Y115.15 E17.54297
G1 X128.133 Y115.238 E17.55878
G1 X127.198 Y116.142 E17.60636
G1 X126.002 Y116.884 E17.65786
G1 X124.6 Y117.199 E17.71043
G0 F1800 X124.551 Y116.759
G1 F900 X123.166 Y116.763 E17.7611
G1 X121.901 Y116.303 E17.81035
G1 X120.999 Y115.73 E17.84945
G1 X120.419 Y115.172 E17.87889
G1 X120.176 Y114.84 E17.89394
G1 X119.633 Y114.751 E17.91408
G1 X118.833 Y114.37 E17.94649
G1 X118.297 Y113.617 E17.98031
G1 X118.12 Y112.852 E18.00904
G1 X118.119 Y111.152 E18.07123
G1 X118.3 Y110.376 E18.10039
G1 X118.832 Y109.628 E18.13397
G1 X119.633 Y109.248 E18.16641
G1 X120.135 Y109.164 E18.18503
G1 X120.26 Y108.994 E18.19275
G1 X121.073 Y108.208 E18.23412
G1 X122.168 Y107.529 E18.28126
G1 X123.449 Y107.241 E18.3293
G1 X124.834 Y107.237 E18.37997
G1 X126.099 Y107.697 E18.42921
G1 X127.001 Y108.27 E18.46831
G1 X127.581 Y108.828 E18.49776
G1 X127.824 Y109.16 E18.51281
G1 X128.367 Y109.249 E18.53294
G1 X129.167 Y109.63 E18.56536
G1 X129.703 Y110.383 E18.59918
G1 X129.88 Y111.148 E18.6279
G1 X129.881 Y112.848 E18.6901
G1 X129.7 Y113.624 E18.71925
G1 X129.168 Y114.372 E18.75283
G1 X128.367 Y114.752 E18.78527
G1 X127.865 Y114.836 E18.80389
G1 X127.74 Y115.006 E18.81161
G1 X126.927 Y115.792 E18.85298
G1 X125.832 Y116.471 E18.90012
G1 X124.551 Y116.759 E18.94816
G1 F1500 E8.94816
G0 F1800 X115.865 Y114.836
G1 F1500 E18.94816
G1 F900 X115.74 Y115.006 E18.95588
G1 X114.927 Y115.792 E18.99725
G1 X113.832 Y116.471 E19.04439
G1 X112.551 Y116.759 E19.09243
G1 X111.166 Y116.763 E19.1431
G1 X109.901 Y116.303 E19.19235
G1 X108.999 Y115.73 E19.23144
G1 X108.419 Y115.172 E19.26089
G1 X108.176 Y114.84 E19.27594
G1 X107.633 Y114.751 E19.29607
G1 X106.833 Y114.37 E19.32849
G1 X106.297 Y113.617 E19.36231
G1 X106.12 Y112.852 E19.39104
G1 X106.119 Y111.152 E19.45323
G1 X106.3 Y110.376 E19.48239
G1 X106.832 Y109.628 E19.51597
G1 X107.633 Y109.248 E19.5484
G1 X108.135 Y109.164 E19.56703
G1 X108.26 Y108.994 E19.57475
G1 X109.073 Y108.208 E19.61612
G1 X110.168 Y107.529 E19.66326
G1 X111.449 Y107.241 E19.71129
G1 X112.834 Y107.237 E19.76197
G1 X114.099 Y107.697 E19.81121
G1 X115.001 Y108.27 E19.85031
G1 X115.581 Y108.828 E19.87975
G1 X115.824 Y109.16 E19.89481
G1 X116.367 Y109.249 E19.91494
G1 X117.167 Y109.63 E19.94736
G1 X117.703 Y110.383 E19.98117
G1 X117.88 Y111.148 E20.0099
G1 X117.881 Y112.848 E20.0721
G1 X117.7 Y113.624 E20.10125
G1 X117.168 Y114.372 E20.13483
G1 X116.367 Y114.752 E20.16727
G1 X115.865 Y114.836 E20.18589
G1 F1500 E10.18589
G0 F1800 X120.423 Y114.426
G1 F1500 E20.18589
G1 F900 X119.822 Y114.354 E20.20804
G1 X119.125 Y114.022 E20.23628
G1 X118.707 Y113.435 E20.26265
G1 X118.56 Y112.8 E20.28649
G1 X118.559 Y111.2 E20.34503
G1 X118.708 Y110.562 E20.369
G1 X119.124 Y109.977 E20.39526
G1 X119.822 Y109.646 E20.42353
G1 X120.39 Y109.576 E20.44446
G1 X120.566 Y109.31 E20.45613
G1 X121.344 Y108.558 E20.49572
G1 X122.338 Y107.942 E20.5385
G1 X123.498 Y107.681 E20.58201
G1 X124.759 Y107.677 E20.62814
G1 X125.902 Y108.093 E20.67264
G1 X126.727 Y108.617 E20.7084
G1 X127.276 Y109.145 E20.73627
G1 X127.577 Y109.574 E20.75544
G1 X128.178 Y109.646 E20.77759
G1 X128.875 Y109.978 E20.80583
G1 X129.293 Y110.565 E20.8322
G1 X129.44 Y111.2 E20.85604
G1 X129.441 Y112.8 E20.91458
G1 X129.292 Y113.438 E20.93855
G1 X128.876 Y114.023 E20.96481
G1 X128.178 Y114.354 E20.99308
G1 X127.61 Y114.424 E21.01401
G1 X127.434 Y114.69 E21.02568
G1 X126.656 Y115.442 E21.06527
G1 X125.662 Y116.058 E21.10806
G1 X124.502 Y116.319 E21.15156
G1 X123.241 Y116.323 E21.19769
G1 X122.098 Y115.907 E21.24219
G1 X121.273 Y115.383 E21.27795
G1 X120.724 Y114.855 E21.30582
G1 X120.423 Y114.426 E21.32499
G0 F1800 X121.547 Y115.036
G1 F900 X121.06 Y114.568 E21.3497
G1 X120.662 Y114.001 E21.37505
G1 X120.011 Y113.957 E21.39892
G1 X119.418 Y113.675 E21.42294
G1 X119.116 Y113.25 E21.44202
G1 X119 Y112.8 E21.45902
G1 X118.999 Y111.2 E21.51756
G1 X119.117 Y110.747 E21.53468
G1 X119.417 Y110.325 E21.55363
G1 X120.011 Y110.043 E21.57768
G1 X120.652 Y109.999 E21.60119
G1 X120.872 Y109.626 E21.61703
G1 X121.615 Y108.908 E21.65484
G1 X122.508 Y108.355 E21.69327
G1 X123.547 Y108.121 E21.73223
G1 X124.683 Y108.117 E21.77379
G1 X125.707 Y108.49 E21.81367
G1 X126.453 Y108.964 E21.846
G1 X126.94 Y109.432 E21.87071
G1 X127.338 Y109.999 E21.89606
G1 X127.989 Y110.043 E21.91993
G1 X128.582 Y110.325 E21.94395
G1 X128.884 Y110.75 E21.96303
G1 X129 Y111.2 E21.98003
G1 X129.001 Y112.8 E22.03857
G1 X128.883 Y113.253 E22.05569
G1 X128.583 Y113.675 E22.07464
G1 X127.989 Y113.957 E22.09869
G1 X127.348 Y114.001 E22.1222
G1 X127.128 Y114.374 E22.13805
G1 X126.385 Y115.092 E22.17585
G1 X125.492 Y115.645 E22.21428
G1 X124.453 Y115.879 E22.25324
G1 X123.317 Y115.883 E22.2948
G1 X122.293 Y115.51 E22.33468
G1 X121.547 Y115.036 E22.36701
G1 F1500 E12.36701
G0 F1800 X123.469 Y115.003
G1 F1500 E22.36701
G1 F900 X122.683 Y114.716 E22.39763
G1 X122.098 Y114.344 E22.42299
G1 X121.73 Y113.991 E22.44165
G1 X121.353 Y113.453 E22.46568
G1 X121.205 Y113.121 E22.47898
G1 X120.2 Y113.12 E22.51575
G1 X119.944 Y112.956 E22.52687
G1 X119.88 Y112.8 E22.53304
G1 X119.879 Y111.2 E22.59158
G1 X119.944 Y111.044 E22.59776
G1 X120.2 Y110.88 E22.60889
G1 X121.206 Y110.879 E22.64569
G1 X121.484 Y110.258 E22.67058
G1 X122.157 Y109.608 E22.70482
G1 X122.848 Y109.18 E22.73455
G1 X123.644 Y109.001 E22.7644
G1 X124.531 Y108.997 E22.79686
G1 X125.317 Y109.284 E22.82747
G1 X125.902 Y109.656 E22.85283
G1 X126.27 Y110.009 E22.87149
G1 X126.647 Y110.547 E22.89552
G1 X126.795 Y110.879 E22.90882
G1 X127.8 Y110.88 E22.94559
G1 X128.056 Y111.044 E22.95672
G1 X128.12 Y111.2 E22.96288
G1 X128.121 Y112.8 E23.02142
G1 X128.056 Y112.956 E23.02761
G1 X127.8 Y113.12 E23.03873
G1 X126.794 Y113.121 E23.07553
G1 X126.516 Y113.742 E23.10043
G1 X125.843 Y114.392 E23.13466
G1 X125.152 Y114.82 E23.1644
G1 X124.356 Y114.999 E23.19425
G1 X123.469 Y115.003 E23.2267
G0 F1800 X124.405 Y115.439
G1 F900 X123.393 Y115.443 E23.26372
G1 X122.488 Y115.113 E23.29897
G1 X121.821 Y114.689 E23.32788
G1 X121.396 Y114.281 E23.34944
G1 X120.891 Y113.561 E23.38161
G1 X120.2 Y113.56 E23.40689
G1 X119.707 Y113.326 E23.42686
G1 X119.537 Y113.123 E23.43655
G1 X119.44 Y112.8 E23.44889
G1 X119.439 Y111.2 E23.50742
G1 X119.538 Y110.875 E23.51985
G1 X119.707 Y110.674 E23.52946
G1 X120.2 Y110.44 E23.54943
G1 X120.92 Y110.439 E23.57577
G1 X121.178 Y109.942 E23.59626
G1 X121.886 Y109.258 E23.63227
G1 X122.678 Y108.767 E23.66637
G1 X123.595 Y108.561 E23.70075
G1 X124.607 Y108.557 E23.73778
G1 X125.512 Y108.887 E23.77302
G1 X126.179 Y109.311 E23.80194
G1 X126.604 Y109.719 E23.82349
G1 X127.109 Y110.439 E23.85567
G1 X127.8 Y110.44 E23.88095
G1 X128.293 Y110.674 E23.90091
G1 X128.463 Y110.877 E23.9106
G1 X128.56 Y111.2 E23.92294
G1 X128.561 Y112.8 E23.98148
G1 X128.462 Y113.125 E23.99391
G1 X128.293 Y113.326 E24.00351
G1 X127.8 Y113.56 E24.02348
G1 X127.08 Y113.561 E24.04982
G1 X126.822 Y114.058 E24.07031
G1 X126.114 Y114.742 E24.10633
G1 X125.322 Y115.233 E24.14042
G1 X124.405 Y115.439 E24.1748
G1 F1500 E14.1748
G0 F1800 X111.391 Y115.447
G0 X103.865 Y114.836
G1 F1500 E24.1748
G1 F900 X103.74 Y115.006 E24.18252
G1 X102.927 Y115.792 E24.2239
G1 X101.832 Y116.471 E24.27104
G1 X100.551 Y116.759 E24.31907
G1 X99.166 Y116.763 E24.36974
G1 X97.901 Y116.303 E24.41899
G1 X96.999 Y115.73 E24.45809
G1 X96.419 Y115.172 E24.48753
G1 X96.176 Y114.84 E24.50259
G1 X95.633 Y114.751 E24.52272
G1 X94.833 Y114.37 E24.55514
G1 X94.297 Y113.617 E24.58895
G1 X94.12 Y112.852 E24.61768
G1 X94.119 Y111.152 E24.67988
G1 X94.3 Y110.376 E24.70903
G1 X94.832 Y109.628 E24.74261
G1 X95.633 Y109.248 E24.77505
G1 X96.135 Y109.164 E24.79367
G1 X96.26 Y108.994 E24.80139
G1 X97.073 Y108.208 E24.84276
G1 X98.168 Y107.529 E24.8899
G1 X99.449 Y107.241 E24.93794
G1 X100.834 Y107.237 E24.98861
G1 X102.099 Y107.697 E25.03786
G1 X103.001 Y108.27 E25.07695
G1 X103.581 Y108.828 E25.1064
G1 X103.824 Y109.16 E25.12145
G1 X104.367 Y109.249 E25.14158
G1 X105.167 Y109.63 E25.174
G1 X105.703 Y110.383 E25.20782
G1 X105.88 Y111.148 E25.23654
G1 X105.881 Y112.848 E25.29874
G1 X105.7 Y113.624 E25.32789
G1 X105.168 Y114.372 E25.36148
G1 X104.367 Y114.752 E25.39391
G1 X103.865 Y114.836 E25.41253
G0 F1800 X102.656 Y115.442
G1 F900 X101.662 Y116.058 E25.45532
G1 X100.502 Y116.319 E25.49882
G1 X99.241 Y116.323 E25.54495
G1 X98.098 Y115.907 E25.58946
G1 X97.273 Y115.383 E25.62521
G1 X96.724 Y114.855 E25.65308
G1 X96.423 Y114.426 E25.67225
G1 X95.822 Y114.354 E25.6944
G1 X95.125 Y114.022 E25.72264
G1 X94.707 Y113.435 E25.74901
G1 X94.56 Y112.8 E25.77286
G1 X94.559 Y111.2 E25.83139
G1 X94.708 Y110.562 E25.85536
G1 X95.124 Y109.977 E25.88163
G1 X95.822 Y109.646 E25.90989
G1 X96.39 Y109.576 E25.93083
G1 X96.566 Y109.31 E25.9425
G1 X97.344 Y108.558 E25.98208
G1 X98.338 Y107.942 E26.02487
G1 X99.498 Y107.681 E26.06837
G1 X100.759 Y107.677 E26.1145
G1 X101.902 Y108.093 E26.15901
G1 X102.727 Y108.617 E26.19476
G1 X103.276 Y109.145 E26.22263
G1 X103.577 Y109.574 E26.2418
G1 X104.178 Y109.646 E26.26395
G1 X104.875 Y109.978 E26.2922
G1 X105.293 Y110.565 E26.31856
G1 X105.44 Y111.2 E26.34241
G1 X105.441 Y112.8 E26.40094
G1 X105.292 Y113.438 E26.42491
G1 X104.876 Y114.023 E26.45118
G1 X104.178 Y114.354 E26.47944
G1 X103.61 Y114.424 E26.50038
G1 X103.434 Y114.69 E26.51205
G1 X102.656 Y115.442 E26.55164
G0 F1800 X101.492 Y115.645
G1 F900 X100.453 Y115.879 E26.5906
G1 X99.317 Y115.883 E26.63216
G1 X98.293 Y115.51 E26.67203
G1 X97.547 Y115.036 E26.70437
G1 X97.06 Y114.568 E26.72908
G1 X96.662 Y114.001 E26.75443
G1 X96.011 Y113.957 E26.7783
G1 X95.418 Y113.675 E26.80232
G1 X95.116 Y113.25 E26.8214
G1 X95 Y112.8 E26.8384
G1 X94.999 Y111.2 E26.89694
G1 X95.117 Y110.747 E26.91406
G1 X95.417 Y110.325 E26.93301
G1 X96.011 Y110.043 E26.95706
G1 X96.652 Y109.999 E26.98057
G1 X96.872 Y109.626 E26.99641
G1 X97.615 Y108.908 E27.03422
G1 X98.508 Y108.355 E27.07265
G1 X99.547 Y108.121 E27.11161
G1 X100.683 Y108.117 E27.15317
G1 X101.707 Y108.49 E27.19305
G1 X102.453 Y108.964 E27.22538
G1 X102.94 Y109.432 E27.25009
G1 X103.338 Y109.999 E27.27544
G1 X103.989 Y110.043 E27.29931
G1 X104.582 Y110.325 E27.32333
G1 X104.884 Y110.75 E27.34241
G1 X105 Y111.2 E27.35941
G1 X105.001 Y112.8 E27.41795
G1 X104.883 Y113.253 E27.43507
G1 X104.583 Y113.675 E27.45402
G1 X103.989 Y113.957 E27.47807
G1 X103.348 Y114.001 E27.50158
G1 X103.128 Y114.374 E27.51743
G1 X102.385 Y115.092 E27.55523
G1 X101.492 Y115.645 E27.59366
G0 F1800 X101.152 Y114.82
G1 F900 X100.356 Y114.999 E27.62351
G1 X99.469 Y115.003 E27.65596
G1 X98.683 Y114.716 E27.68657
G1 X98.098 Y114.344 E27.71194
G1 X97.73 Y113.991 E27.73059
G1 X97.353 Y113.453 E27.75463
G1 X97.205 Y113.121 E27.76793
G1 X96.2 Y113.12 E27.8047
G1 X95.944 Y112.956 E27.81582
G1 X95.88 Y112.8 E27.82199
G1 X95.879 Y111.2 E27.88053
G1 X95.944 Y111.044 E27.88671
G1 X96.2 Y110.88 E27.89783
G1 X97.206 Y110.879 E27.93464
G1 X97.484 Y110.258 E27.95953
G1 X98.157 Y109.608 E27.99376
G1 X98.848 Y109.18 E28.0235
G1 X99.644 Y109.001 E28.05335
G1 X100.531 Y108.997 E28.0858
G1 X101.317 Y109.284 E28.11641
G1 X101.902 Y109.656 E28.14178
G1 X102.27 Y110.009 E28.16044
G1 X102.647 Y110.547 E28.18447
G1 X102.795 Y110.879 E28.19777
G1 X103.8 Y110.88 E28.23454
G1 X104.056 Y111.044 E28.24566
G1 X104.12 Y111.2 E28.25183
G1 X104.121 Y112.8 E28.31037
G1 X104.056 Y112.956 E28.31655
G1 X103.8 Y113.12 E28.32767
G1 X102.794 Y113.121 E28.36448
G1 X102.516 Y113.742 E28.38937
G1 X101.843 Y114.392 E28.4236
G1 X101.152 Y114.82 E28.45334
G0 F1800 X100.405 Y115.439
G1 F900 X99.393 Y115.443 E28.49037
G1 X98.488 Y115.113 E28.52561
G1 X97.821 Y114.689 E28.55453
G1 X97.396 Y114.281 E28.57608
G1 X96.891 Y113.561 E28.60826
G1 X96.2 Y113.56 E28.63354
G1 X95.707 Y113.326 E28.6535
G1 X95.537 Y113.123 E28.66319
G1 X95.44 Y112.8 E28.67553
G1 X95.439 Y111.2 E28.73407
G1 X95.538 Y110.875 E28.7465
G1 X95.707 Y110.674 E28.7561
G1 X96.2 Y110.44 E28.77607
G1 X96.92 Y110.439 E28.80241
G1 X97.178 Y109.942 E28.8229
G1 X97.886 Y109.258 E28.85892
G1 X98.678 Y108.767 E28.89301
G1 X99.595 Y108.561 E28.9274
G1 X100.607 Y108.557 E28.96442
G1 X101.512 Y108.887 E28.99966
G1 X102.179 Y109.311 E29.02858
G1 X102.604 Y109.719 E29.05013
G1 X103.109 Y110.439 E29.08231
G1 X103.8 Y110.44 E29.10759
G1 X104.293 Y110.674 E29.12756
G1 X104.463 Y110.877 E29.13724
G1 X104.56 Y111.2 E29.14958
G1 X104.561 Y112.8 E29.20812
G1 X104.462 Y113.125 E29.22055
G1 X104.293 Y113.326 E29.23016
G1 X103.8 Y113.56 E29.25012
G1 X103.08 Y113.561 E29.27647
G1 X102.822 Y114.058 E29.29695
G1 X102.114 Y114.742 E29.33297
G1 X101.322 Y115.233 E29.36706
G1 X100.405 Y115.439 E29.40145
G1 F1500 E19.40145
G0 F1800 X108.724 Y114.855
G1 F1500 E29.40145
G1 F900 X108.423 Y114.426 E29.42062
G1 X107.822 Y114.354 E29.44277
G1 X107.125 Y114.022 E29.47101
G1 X106.707 Y113.435 E29.49738
G1 X106.56 Y112.8 E29.52122
G1 X106.559 Y111.2 E29.57976
G1 X106.708 Y110.562 E29.60373
G1 X107.124 Y109.977 E29.62999
G1 X107.822 Y109.646 E29.65826
G1 X108.39 Y109.576 E29.6792
G1 X108.566 Y109.31 E29.69087
G1 X109.344 Y108.558 E29.73045
G1 X110.338 Y107.942 E29.77324
G1 X111.498 Y107.681 E29.81674
G1 X112.759 Y107.677 E29.86287
G1 X113.902 Y108.093 E29.90737
G1 X114.727 Y108.617 E29.94313
G1 X115.276 Y109.145 E29.971
G1 X115.577 Y109.574 E29.99017
G1 X116.178 Y109.646 E30.01232
G1 X116.875 Y109.978 E30.04056
G1 X117.293 Y110.565 E30.06693
G1 X117.44 Y111.2 E30.09077
G1 X117.441 Y112.8 E30.14931
G1 X117.292 Y113.438 E30.17328
G1 X116.876 Y114.023 E30.19955
G1 X116.178 Y114.354 E30.22781
G1 X115.61 Y114.424 E30.24875
G1 X115.434 Y114.69 E30.26042
G1 X114.656 Y115.442 E30.3
G1 X113.662 Y116.058 E30.34279
G1 X112.502 Y116.319 E30.38629
G1 X111.241 Y116.323 E30.43242
G1 X110.098 Y115.907 E30.47692
G1 X109.273 Y115.383 E30.51268
G1 X108.724 Y114.855 E30.54055
G0 F1800 X109.547 Y115.036
G1 F900 X109.06 Y114.568 E30.56526
G1 X108.662 Y114.001 E30.59061
G1 X108.011 Y113.957 E30.61448
G1 X107.418 Y113.675 E30.6385
G1 X107.116 Y113.25 E30.65758
G1 X107 Y112.8 E30.67458
G1 X106.999 Y111.2 E30.73312
G1 X107.117 Y110.747 E30.75024
G1 X107.417 Y110.325 E30.76919
G1 X108.011 Y110.043 E30.79324
G1 X108.652 Y109.999 E30.81675
G1 X108.872 Y109.626 E30.83259
G1 X109.615 Y108.908 E30.8704
G1 X110.508 Y108.355 E30.90882
G1 X111.547 Y108.121 E30.94779
G1 X112.683 Y108.117 E30.98935
G1 X113.707 Y108.49 E31.02922
G1 X114.453 Y108.964 E31.06156
G1 X114.94 Y109.432 E31.08627
G1 X115.338 Y109.999 E31.11162
G1 X115.989 Y110.043 E31.13549
G1 X116.582 Y110.325 E31.15951
G1 X116.884 Y110.75 E31.17859
G1 X117 Y111.2 E31.19559
G1 X117.001 Y112.8 E31.25413
G1 X116.883 Y113.253 E31.27125
G1 X116.583 Y113.675 E31.2902
G1 X115.989 Y113.957 E31.31425
G1 X115.348 Y114.001 E31.33776
G1 X115.128 Y114.374 E31.3536
G1 X114.385 Y115.092 E31.39141
G1 X113.492 Y115.645 E31.42983
G1 X112.453 Y115.879 E31.4688
G1 X111.317 Y115.883 E31.51036
G1 X110.293 Y115.51 E31.55023
G1 X109.547 Y115.036 E31.58257
G1 F1500 E21.58257
G0 F1800 X111.469 Y115.003
G1 F1500 E31.58257
G1 F900 X110.683 Y114.716 E31.61318
G1 X110.098 Y114.344 E31.63855
G1 X109.73 Y113.991 E31.6572
G1 X109.353 Y113.453 E31.68124
G1 X109.205 Y113.121 E31.69454
G1 X108.2 Y113.12 E31.73131
G1 X107.944 Y112.956 E31.74243
G1 X107.88 Y112.8 E31.7486
G1 X107.879 Y111.2 E31.80714
G1 X107.944 Y111.044 E31.81332
G1 X108.2 Y110.88 E31.82444
G1 X109.206 Y110.879 E31.86125
G1 X109.484 Y110.258 E31.88614
G1 X110.157 Y109.608 E31.92037
G1 X110.848 Y109.18 E31.95011
G1 X111.644 Y109.001 E31.97996
G1 X112.531 Y108.997 E32.01241
G1 X113.317 Y109.284 E32.04303
G1 X113.902 Y109.656 E32.06839
G1 X114.27 Y110.009 E32.08705
G1 X114.647 Y110.547 E32.11108
G1 X114.795 Y110.879 E32.12438
G1 X115.8 Y110.88 E32.16115
G1 X116.056 Y111.044 E32.17227
G1 X116.12 Y111.2 E32.17844
G1 X116.121 Y112.8 E32.23698
G1 X116.056 Y112.956 E32.24316
G1 X115.8 Y113.12 E32.25429
G1 X114.794 Y113.121 E32.29109
G1 X114.516 Y113.742 E32.31599
G1 X113.843 Y114.392 E32.35022
G1 X113.152 Y114.82 E32.37995
G1 X112.356 Y114.999 E32.4098
G1 X111.469 Y115.003 E32.44226
G0 F1800 X112.405 Y115.439
G1 F900 X111.393 Y115.443 E32.47928
G1 X110.488 Y115.113 E32.51453
G1 X109.821 Y114.689 E32.54344
G1 X109.396 Y114.281 E32.565
G1 X108.891 Y113.561 E32.59717
G1 X108.2 Y113.56 E32.62245
G1 X107.707 Y113.326 E32.64242
G1 X107.537 Y113.123 E32.65211
G1 X107.44 Y112.8 E32.66444
G1 X107.439 Y111.2 E32.72298
G1 X107.538 Y110.875 E32.73541
G1 X107.707 Y110.674 E32.74502
G1 X108.2 Y110.44 E32.76498
G1 X108.92 Y110.439 E32.79133
G1 X109.178 Y109.942 E32.81181
G1 X109.886 Y109.258 E32.84783
G1 X110.678 Y108.767 E32.88192
G1 X111.595 Y108.561 E32.91631
G1 X112.607 Y108.557 E32.95334
G1 X113.512 Y108.887 E32.98858
G1 X114.179 Y109.311 E33.01749
G1 X114.604 Y109.719 E33.03905
G1 X115.109 Y110.439 E33.07122
G1 X115.8 Y110.44 E33.09651
G1 X116.293 Y110.674 E33.11647
G1 X116.463 Y110.877 E33.12616
G1 X116.56 Y111.2 E33.1385
G1 X116.561 Y112.8 E33.19703
G1 X116.462 Y113.125 E33.20946
G1 X116.293 Y113.326 E33.21907
G1 X115.8 Y113.56 E33.23904
G1 X115.08 Y113.561 E33.26538
G1 X114.822 Y114.058 E33.28587
G1 X114.114 Y114.742 E33.32188
G1 X113.322 Y115.233 E33.35598
G1 X112.405 Y115.439 E33.39036
G1 F1500 E23.39036
;MESH:I2C_LED_BTN-Body002.stl(4)
G0 F1800 X99.391 Y115.447
G0 X98.508 Y115.13
G0 X99.103 Y113.417
;TYPE:WALL-INNER
G1 F1500 E33.39036
G1 F900 X99.286 Y113.533 E33.39829
G1 X99.698 Y113.68 E33.41429
G1 X100.187 Y113.683 E33.43219
G1 X100.644 Y113.579 E33.44933
G1 X101.04 Y113.334 E33.46637
G1 X101.409 Y112.971 E33.48531
G1 X101.683 Y112.362 E33.50974
G1 X102.038 Y111.998 E33.52834
G1 X101.704 Y111.662 E33.54567
G1 X101.5 Y111.212 E33.56375
G1 X101.191 Y110.767 E33.58357
G1 X100.71 Y110.463 E33.60439
G1 X100.304 Y110.316 E33.62019
G1 X99.813 Y110.316 E33.63815
G1 X99.352 Y110.418 E33.65543
G1 X98.955 Y110.663 E33.67249
G1 X98.587 Y111.025 E33.69138
G1 X98.313 Y111.634 E33.71581
G1 X97.958 Y111.998 E33.73441
G1 X98.292 Y112.334 E33.75175
G1 X98.496 Y112.784 E33.76982
G1 X98.805 Y113.229 E33.78964
G1 X99.103 Y113.417 E33.80254
G0 F1800 X98.868 Y113.789
G1 F900 X99.092 Y113.931 E33.81224
G1 X99.621 Y114.12 E33.83279
G1 X100.235 Y114.123 E33.85526
G1 X100.813 Y113.992 E33.87694
G1 X101.313 Y113.682 E33.89846
G1 X101.776 Y113.227 E33.92221
G1 X102.081 Y112.56 E33.94905
G1 X102.325 Y112.323 E33.96149
G1 X102.59 Y112.23 E33.97205
G1 X103.23 Y112.23 E33.99668
G1 X103.23 Y111.769 E34.01436
G1 X102.59 Y111.766 E34.039
G1 X102.325 Y111.673 E34.04955
G1 X102.081 Y111.436 E34.062
G1 X101.887 Y110.998 E34.07952
G1 X101.502 Y110.443 E34.10423
G1 X100.904 Y110.065 E34.13012
G1 X100.38 Y109.876 E34.1505
G1 X99.765 Y109.876 E34.173
G1 X99.184 Y110.005 E34.19477
G1 X98.682 Y110.315 E34.21636
G1 X98.22 Y110.769 E34.24006
G1 X97.915 Y111.436 E34.26689
G1 X97.671 Y111.673 E34.27933
G1 X97.348 Y111.767 E34.29195
G1 X96.768 Y111.769 E34.31423
G1 X96.769 Y112.23 E34.3319
G1 X97.348 Y112.229 E34.35414
G1 X97.671 Y112.323 E34.36676
G1 X97.915 Y112.56 E34.3792
G1 X98.109 Y112.998 E34.39673
G1 X98.494 Y113.553 E34.42144
G1 X98.868 Y113.789 E34.43762
G0 F1800 X98.632 Y114.16
;TYPE:WALL-OUTER
G1 F900 X98.898 Y114.329 E34.44915
G1 X99.543 Y114.56 E34.47422
G1 X100.283 Y114.563 E34.50129
G1 X100.983 Y114.405 E34.52755
G1 X101.587 Y114.03 E34.55356
G1 X102.144 Y113.483 E34.58212
G1 X102.459 Y112.786 E34.6101
G1 X102.629 Y112.68 E34.61743
G1 X103.68 Y112.68 E34.65589
G1 X103.68 Y111.319 E34.70568
G1 X102.629 Y111.316 E34.74413
G1 X102.484 Y111.243 E34.75007
G1 X102.274 Y110.784 E34.76854
G1 X101.812 Y110.119 E34.79816
G1 X101.098 Y109.667 E34.82908
G1 X100.457 Y109.436 E34.85401
G1 X99.717 Y109.436 E34.88108
G1 X99.016 Y109.591 E34.90735
G1 X98.409 Y109.967 E34.93347
G1 X97.852 Y110.513 E34.96201
G1 X97.489 Y111.316 E34.99425
G1 X96.316 Y111.319 E35.03716
G1 X96.32 Y112.68 E35.08696
G1 X97.348 Y112.68 E35.12457
G1 X97.512 Y112.753 E35.13114
G1 X97.722 Y113.212 E35.1496
G1 X98.184 Y113.877 E35.17923
G1 X98.632 Y114.16 E35.19862
G0 F1800 X98.8 Y114.267
G0 X99.363 Y113.053
;TYPE:SKIN
G1 F900 X98.842 Y112.532 E35.22557
G1 X98.583 Y111.966 E35.24835
G1 X98.71 Y111.777 E35.25668
G1 X100.148 Y113.215 E35.33108
G1 X100.481 Y113.18 E35.34333
G1 X100.622 Y113.067 E35.34994
G1 X98.902 Y111.347 E35.43893
G1 X99.225 Y111.048 E35.45504
G1 X100.968 Y112.791 E35.54522
G1 X101.203 Y112.404 E35.56179
G1 X99.607 Y110.808 E35.64436
G1 X100.241 Y110.74 E35.66769
G1 X100.894 Y111.076 E35.69456
G1 X101.133 Y111.42 E35.70989
G0 F1800 X101.379 Y111.957
G1 F900 X100.169 Y110.748 E35.77247
G1 F1500 E25.77247
;MESH:I2C_LED_BTN-Body002.stl
G0 F1800 X100.917 Y108.663
G0 X101.492 Y108.87
G0 X104.074 Y110.439
G0 X107.926 Y113.561
G0 X109.803 Y114.683
G0 X111.103 Y113.417
;TYPE:WALL-INNER
G1 F1500 E35.77247
G1 F900 X111.286 Y113.533 E35.78039
G1 X111.698 Y113.68 E35.7964
G1 X112.187 Y113.683 E35.81429
G1 X112.644 Y113.579 E35.83144
G1 X113.04 Y113.334 E35.84847
G1 X113.409 Y112.971 E35.86741
G1 X113.683 Y112.362 E35.89184
G1 X114.038 Y111.998 E35.91045
G1 X113.704 Y111.662 E35.92778
G1 X113.5 Y111.212 E35.94585
G1 X113.191 Y110.767 E35.96568
G1 X112.71 Y110.463 E35.98649
G1 X112.304 Y110.316 E36.00229
G1 X111.813 Y110.316 E36.02026
G1 X111.352 Y110.418 E36.03753
G1 X110.955 Y110.663 E36.0546
G1 X110.587 Y111.025 E36.07348
G1 X110.313 Y111.634 E36.09792
G1 X109.958 Y111.998 E36.11652
G1 X110.292 Y112.334 E36.13385
G1 X110.496 Y112.784 E36.15193
G1 X110.805 Y113.229 E36.17175
G1 X111.103 Y113.417 E36.18464
G0 F1800 X110.868 Y113.789
G1 F900 X111.092 Y113.931 E36.19434
G1 X111.621 Y114.12 E36.21489
G1 X112.235 Y114.123 E36.23736
G1 X112.813 Y113.992 E36.25904
G1 X113.313 Y113.682 E36.28057
G1 X113.776 Y113.227 E36.30432
G1 X114.081 Y112.56 E36.33115
G1 X114.325 Y112.323 E36.34359
G1 X114.59 Y112.23 E36.35415
G1 X115.23 Y112.23 E36.37879
G1 X115.23 Y111.769 E36.39646
G1 X114.59 Y111.766 E36.4211
G1 X114.325 Y111.673 E36.43165
G1 X114.081 Y111.436 E36.4441
G1 X113.887 Y110.998 E36.46163
G1 X113.502 Y110.443 E36.48634
G1 X112.904 Y110.065 E36.51222
G1 X112.38 Y109.876 E36.5326
G1 X111.765 Y109.876 E36.5551
G1 X111.184 Y110.005 E36.57688
G1 X110.682 Y110.315 E36.59846
G1 X110.22 Y110.769 E36.62216
G1 X109.915 Y111.436 E36.64899
G1 X109.671 Y111.673 E36.66144
G1 X109.348 Y111.767 E36.67405
G1 X108.768 Y111.769 E36.69633
G1 X108.769 Y112.23 E36.71401
G1 X109.348 Y112.229 E36.73625
G1 X109.671 Y112.323 E36.74886
G1 X109.915 Y112.56 E36.76131
G1 X110.109 Y112.998 E36.77883
G1 X110.494 Y113.553 E36.80355
G1 X110.868 Y113.789 E36.81973
G0 F1800 X110.632 Y114.16
;TYPE:WALL-OUTER
G1 F900 X110.898 Y114.329 E36.83126
G1 X111.543 Y114.56 E36.85632
G1 X112.283 Y114.563 E36.8834
G1 X112.983 Y114.405 E36.90965
G1 X113.587 Y114.03 E36.93566
G1 X114.144 Y113.483 E36.96422
G1 X114.459 Y112.786 E36.99221
G1 X114.629 Y112.68 E36.99954
G1 X115.68 Y112.68 E37.03799
G1 X115.68 Y111.319 E37.08778
G1 X114.629 Y111.316 E37.12624
G1 X114.484 Y111.243 E37.13217
G1 X114.274 Y110.784 E37.15064
G1 X113.812 Y110.119 E37.18027
G1 X113.098 Y109.667 E37.21118
G1 X112.457 Y109.436 E37.23611
G1 X111.717 Y109.436 E37.26319
G1 X111.016 Y109.591 E37.28945
G1 X110.409 Y109.967 E37.31558
G1 X109.852 Y110.513 E37.34411
G1 X109.489 Y111.316 E37.37635
G1 X108.316 Y111.319 E37.41927
G1 X108.32 Y112.68 E37.46906
G1 X109.348 Y112.68 E37.50667
G1 X109.512 Y112.753 E37.51324
G1 X109.722 Y113.212 E37.53171
G1 X110.184 Y113.877 E37.56133
G1 X110.632 Y114.16 E37.58072
G0 F1800 X110.8 Y114.267
G1 F1500 E27.58072
G0 F1800 X110.584 Y111.966
;TYPE:SKIN
G1 F1500 E37.58072
G1 F900 X110.863 Y112.576 E37.60526
G1 X111.101 Y112.92 E37.62057
G1 X111.761 Y113.256 E37.64766
G1 X111.987 Y113.232 E37.65598
G1 X110.645 Y111.889 E37.72544
G1 X110.848 Y111.47 E37.74247
G1 X112.523 Y113.146 E37.82916
G1 X112.87 Y112.87 E37.84538
G1 X111.126 Y111.126 E37.93562
G1 X111.473 Y110.851 E37.95182
G1 X113.148 Y112.526 E38.03848
G1 X113.352 Y112.108 E38.0555
G1 X112.009 Y110.765 E38.12499
G1 X112.24 Y110.74 E38.13349
G1 X112.895 Y111.076 E38.16042
G1 X113.133 Y111.42 E38.17573
G1 X113.412 Y112.03 E38.20027
G1 F1500 E28.20027
;MESH:I2C_LED_BTN-Body002.stl(3)
G0 F1800 X115.077 Y113.559
G0 X121.803 Y114.683
G0 X123.103 Y113.417
;TYPE:WALL-INNER
G1 F1500 E38.20027
G1 F900 X123.286 Y113.533 E38.2082
G1 X123.698 Y113.68 E38.2242
G1 X124.187 Y113.683 E38.24209
G1 X124.644 Y113.579 E38.25924
G1 X125.04 Y113.334 E38.27627
G1 X125.409 Y112.971 E38.29521
G1 X125.683 Y112.362 E38.31964
G1 X126.038 Y111.998 E38.33825
G1 X125.704 Y111.662 E38.35558
G1 X125.5 Y111.212 E38.37366
G1 X125.191 Y110.767 E38.39348
G1 X124.71 Y110.463 E38.4143
G1 X124.304 Y110.316 E38.43009
G1 X123.813 Y110.316 E38.44806
G1 X123.352 Y110.418 E38.46533
G1 X122.955 Y110.663 E38.4824
G1 X122.587 Y111.025 E38.50129
G1 X122.313 Y111.634 E38.52572
G1 X121.958 Y111.998 E38.54432
G1 X122.292 Y112.334 E38.56165
G1 X122.496 Y112.784 E38.57973
G1 X122.805 Y113.229 E38.59955
G1 X123.103 Y113.417 E38.61244
G0 F1800 X122.868 Y113.789
G1 F900 X123.092 Y113.931 E38.62214
G1 X123.621 Y114.12 E38.6427
G1 X124.235 Y114.123 E38.66516
G1 X124.813 Y113.992 E38.68684
G1 X125.313 Y113.682 E38.70837
G1 X125.776 Y113.227 E38.73212
G1 X126.081 Y112.56 E38.75895
G1 X126.325 Y112.323 E38.7714
G1 X126.59 Y112.23 E38.78195
G1 X127.23 Y112.23 E38.80659
G1 X127.23 Y111.769 E38.82426
G1 X126.59 Y111.766 E38.8489
G1 X126.325 Y111.673 E38.85946
G1 X126.081 Y111.436 E38.8719
G1 X125.887 Y110.998 E38.88943
G1 X125.502 Y110.443 E38.91414
G1 X124.904 Y110.065 E38.94002
G1 X124.38 Y109.876 E38.9604
G1 X123.765 Y109.876 E38.9829
G1 X123.184 Y110.005 E39.00468
G1 X122.682 Y110.315 E39.02626
G1 X122.22 Y110.769 E39.04996
G1 X121.915 Y111.436 E39.07679
G1 X121.671 Y111.673 E39.08924
G1 X121.348 Y111.767 E39.10185
G1 X120.768 Y111.769 E39.12414
G1 X120.769 Y112.23 E39.14181
G1 X121.348 Y112.229 E39.16405
G1 X121.671 Y112.323 E39.17667
G1 X121.915 Y112.56 E39.18911
G1 X122.109 Y112.998 E39.20664
G1 X122.494 Y113.553 E39.23135
G1 X122.868 Y113.789 E39.24753
G0 F1800 X122.632 Y114.16
;TYPE:WALL-OUTER
G1 F900 X122.898 Y114.329 E39.25906
G1 X123.543 Y114.56 E39.28412
G1 X124.283 Y114.563 E39.3112
G1 X124.983 Y114.405 E39.33745
G1 X125.587 Y114.03 E39.36346
G1 X126.144 Y113.483 E39.39203
G1 X126.459 Y112.786 E39.42001
G1 X126.629 Y112.68 E39.42734
G1 X127.68 Y112.68 E39.46579
G1 X127.68 Y111.319 E39.51558
G1 X126.629 Y111.316 E39.55404
G1 X126.484 Y111.243 E39.55998
G1 X126.274 Y110.784 E39.57844
G1 X125.812 Y110.119 E39.60807
G1 X125.098 Y109.667 E39.63899
G1 X124.457 Y109.436 E39.66391
G1 X123.717 Y109.436 E39.69099
G1 X123.016 Y109.591 E39.71725
G1 X122.409 Y109.967 E39.74338
G1 X121.852 Y110.513 E39.77191
G1 X121.489 Y111.316 E39.80415
G1 X120.316 Y111.319 E39.84707
G1 X120.32 Y112.68 E39.89686
G1 X121.348 Y112.68 E39.93447
G1 X121.512 Y112.753 E39.94104
G1 X121.722 Y113.212 E39.95951
G1 X122.184 Y113.877 E39.98913
G1 X122.632 Y114.16 E40.00852
G0 F1800 X122.8 Y114.267
G1 F1500 E30.00852
G0 F1800 X122.863 Y112.576
;TYPE:SKIN
G1 F1500 E40.00852
G1 F900 X123.102 Y112.92 E40.02385
G1 X123.761 Y113.256 E40.05091
G1 X124.39 Y113.189 E40.07405
G1 X122.793 Y111.592 E40.15668
G1 X123.027 Y111.205 E40.17323
G1 X124.772 Y112.949 E40.26349
G1 X125.094 Y112.648 E40.27962
G1 X123.375 Y110.929 E40.36856
G1 X123.514 Y110.818 E40.37507
G1 X123.85 Y110.782 E40.38743
G1 X125.286 Y112.219 E40.46176
G1 X125.412 Y112.03 E40.47007
G1 X125.154 Y111.464 E40.49282
G1 X124.63 Y110.94 E40.51994
G1 F1500 E30.51994
G0 F1800 X122.617 Y112.039
G1 F1500 E40.51994
G1 F900 X123.827 Y113.249 E40.58254
M104 S195
G1 F1500 E30.58254
;MESH:NONMESH
G0 F1800 X123.827 Y113.249 Z0.4
G0 X123.079 Y115.336
G0 X111.391 Y115.447
G0 X99.391 Y115.447
G0 X98.508 Y115.13
G0 X97.803 Y114.683
G0 X96.918 Y113.559
G0 X97 Y112
;TIME_ELAPSED:96.144351
;LAYER:1
M106 S255
;TYPE:WALL-INNER
;MESH:I2C_LED_BTN-Body002.stl(4)
G1 F1500 E40.58254
G1 F2400 X97.276 Y112 E40.59172
G0 F4800 X99.134 Y110.846
G1 F2400 X98.832 Y111.073 E40.60429
G1 X98.51 Y111.663 E40.62664
G1 X98.25 Y112 E40.6408
G1 X98.51 Y112.337 E40.65496
G1 X98.807 Y112.891 E40.67586
G1 X99.068 Y113.174 E40.68867
G1 X99.516 Y113.419 E40.70565
G1 X99.913 Y113.488 E40.71905
G1 X100.641 Y113.356 E40.74366
G1 X100.971 Y113.127 E40.75702
G1 X101.26 Y112.791 E40.77176
G1 X101.484 Y112.34 E40.78851
G1 X101.745 Y112 E40.80277
G1 X101.484 Y111.66 E40.81702
G1 X101.187 Y111.102 E40.83805
G1 X100.931 Y110.821 E40.85069
G1 X100.484 Y110.578 E40.86761
G1 X100.085 Y110.511 E40.88107
G1 X99.439 Y110.617 E40.90284
G1 X99.134 Y110.846 E40.91553
G0 F4800 X99.7 Y110.176
G1 F2400 X99.287 Y110.244 E40.92945
G1 X98.927 Y110.44 E40.94308
G1 X98.524 Y110.813 E40.96135
G1 X98.031 Y111.703 E40.99519
G1 X97.276 Y112 E41.02217
G1 X98.036 Y112.299 E41.04933
G1 X98.478 Y113.124 E41.08046
G1 X98.818 Y113.493 E41.09715
G1 X99.382 Y113.802 E41.11854
G1 X100.097 Y113.926 E41.14268
G1 X100.814 Y113.723 E41.16746
G1 X101.241 Y113.427 E41.18474
G1 X101.596 Y113.014 E41.20286
G1 X101.945 Y112.311 E41.22896
G1 X102.633 Y112 E41.25433
G1 X101.956 Y111.694 E41.27928
G1 X101.516 Y110.869 E41.31038
G1 X101.182 Y110.502 E41.32689
G1 X100.616 Y110.195 E41.3483
G1 X100.107 Y110.109 E41.36547
G1 X99.7 Y110.176 E41.37919
G0 F4800 X102.216 Y111.844
G0 X102.633 Y112
G1 F2400 X103 Y112 E41.39152
G0 F4800 X102.216 Y111.844
G0 X101.732 Y111.079
G0 X102.004 Y110.934
G1 F2400 X101.846 Y110.637 E41.40271
G1 X101.432 Y110.183 E41.42314
G1 X100.749 Y109.811 E41.44901
G1 X100.13 Y109.707 E41.46989
G1 X99.616 Y109.736 E41.48701
G1 X99.136 Y109.872 E41.5036
G1 X98.693 Y110.112 E41.52036
G1 X98.215 Y110.554 E41.54201
G1 X97.932 Y110.991 E41.55933
G1 X97.686 Y111.439 E41.57633
G1 X97.276 Y111.6 E41.59098
G1 X96.6 Y111.6 E41.61346
G1 X96.6 Y112.4 E41.64007
G1 X97.276 Y112.4 E41.66256
G1 X97.731 Y112.579 E41.67882
G1 X98.15 Y113.357 E41.70821
G1 X98.568 Y113.813 E41.72878
G1 X99.249 Y114.185 E41.75459
G1 X99.869 Y114.292 E41.77552
G1 X100.382 Y114.261 E41.79261
G1 X100.988 Y114.089 E41.81356
G1 X101.511 Y113.726 E41.83474
G1 X101.932 Y113.237 E41.8562
G1 X102.255 Y112.586 E41.88037
G1 X102.668 Y112.402 E41.89541
G1 X103.4 Y112.4 E41.91976
G1 X103.4 Y111.6 E41.94636
G1 X102.668 Y111.598 E41.97071
G1 X102.261 Y111.417 E41.98553
G1 X102.004 Y110.934 E42.00372
G0 F4800 X102.356 Y110.744
;TYPE:WALL-OUTER
G1 F2400 X102.175 Y110.405 E42.01647
G1 X101.682 Y109.864 E42.04082
G1 X100.881 Y109.428 E42.07115
G1 X100.152 Y109.305 E42.09574
G1 X99.55 Y109.339 E42.11579
G1 X98.984 Y109.499 E42.13536
G1 X98.458 Y109.784 E42.15525
G1 X97.907 Y110.294 E42.18023
G1 X97.578 Y110.803 E42.20038
G1 X97.388 Y111.2 E42.21502
G1 X96.283 Y111.2 E42.25177
G1 X96.2 Y111.283 E42.25568
G1 X96.2 Y112.714 E42.30327
G1 X96.285 Y112.8 E42.3073
G1 X97.276 Y112.8 E42.34026
G1 X97.428 Y112.859 E42.34568
G1 X97.821 Y113.591 E42.37331
G1 X98.318 Y114.132 E42.39775
G1 X99.115 Y114.568 E42.42796
G1 X99.847 Y114.694 E42.45267
G1 X100.45 Y114.657 E42.47276
G1 X101.161 Y114.456 E42.49734
G1 X101.781 Y114.026 E42.52243
G1 X102.268 Y113.46 E42.54727
G1 X102.564 Y112.863 E42.56943
G1 X102.702 Y112.8 E42.57447
G1 X103.713 Y112.8 E42.6081
G1 X103.8 Y112.713 E42.61219
G1 X103.8 Y111.285 E42.65969
G1 X103.714 Y111.2 E42.66371
G1 X102.702 Y111.2 E42.69737
G1 X102.566 Y111.138 E42.70234
G1 X102.356 Y110.744 E42.71715
G0 F4800 X102.262 Y110.568
G0 X101.637 Y110.901
G0 X101.244 Y112.019
;TYPE:SKIN
G1 F1800 X100.211 Y113.052 E42.76574
G1 X100.472 Y113.005 E42.77456
G1 X100.949 Y112.568 E42.79608
G1 X101.26 Y112.047 E42.81626
G1 X101.048 Y111.65 E42.83123
G1 X99.642 Y113.056 E42.89736
G1 X99.276 Y112.856 E42.91123
G1 X100.851 Y111.281 E42.98532
G1 X100.531 Y111.036 E42.99872
G1 X99.042 Y112.524 E43.06874
G1 X98.759 Y111.999 E43.08857
G1 X99.131 Y111.315 E43.11447
G1 X99.38 Y111.085 E43.12574
G1 X99.81 Y110.911 E43.14117
G1 X100.073 Y110.928 E43.14994
G1 X98.844 Y112.156 E43.20772
G1 F1500 E33.20772
;MESH:I2C_LED_BTN-Body002.stl
G0 F4800 X103.57 Y112
G0 X104.665 Y112
G0 X107.335 Y112
G0 X108.43 Y112
G0 X109 Y112
;TYPE:WALL-INNER
G1 F1500 E43.20772
G1 F2400 X109.276 Y112 E43.2169
G0 F4800 X111.134 Y110.846
G1 F2400 X110.832 Y111.073 E43.22947
G1 X110.51 Y111.663 E43.25183
G1 X110.25 Y112 E43.26598
G1 X110.51 Y112.337 E43.28014
G1 X110.807 Y112.891 E43.30105
G1 X111.068 Y113.174 E43.31385
G1 X111.516 Y113.419 E43.33083
G1 X111.913 Y113.488 E43.34424
G1 X112.641 Y113.356 E43.36884
G1 X112.971 Y113.127 E43.3822
G1 X113.26 Y112.791 E43.39694
G1 X113.484 Y112.34 E43.41369
G1 X113.745 Y112 E43.42795
G1 X113.484 Y111.66 E43.4422
G1 X113.187 Y111.102 E43.46323
G1 X112.931 Y110.821 E43.47587
G1 X112.484 Y110.578 E43.49279
G1 X112.085 Y110.511 E43.50625
G1 X111.439 Y110.617 E43.52802
G1 X111.134 Y110.846 E43.54071
G0 F4800 X111.7 Y110.176
G1 F2400 X111.287 Y110.244 E43.55463
G1 X110.927 Y110.44 E43.56826
G1 X110.524 Y110.813 E43.58653
G1 X110.031 Y111.703 E43.62037
G1 X109.276 Y112 E43.64735
G1 X110.036 Y112.299 E43.67452
G1 X110.478 Y113.124 E43.70565
G1 X110.818 Y113.493 E43.72233
G1 X111.382 Y113.802 E43.74372
G1 X112.097 Y113.926 E43.76786
G1 X112.814 Y113.723 E43.79264
G1 X113.241 Y113.427 E43.80993
G1 X113.596 Y113.014 E43.82804
G1 X113.945 Y112.311 E43.85414
G1 X114.633 Y112 E43.87951
G1 X113.956 Y111.694 E43.90446
G1 X113.516 Y110.869 E43.93556
G1 X113.182 Y110.502 E43.95207
G1 X112.616 Y110.195 E43.97348
G1 X112.107 Y110.109 E43.99065
G1 X111.7 Y110.176 E44.00437
G0 F4800 X114.216 Y111.844
G0 X114.633 Y112
G1 F2400 X115 Y112 E44.0167
G0 F4800 X114.216 Y111.844
G0 X113.732 Y111.079
G0 X114.004 Y110.934
G1 F2400 X113.846 Y110.637 E44.02789
G1 X113.432 Y110.183 E44.04833
G1 X112.749 Y109.811 E44.07419
G1 X112.13 Y109.707 E44.09507
G1 X111.616 Y109.736 E44.11219
G1 X111.136 Y109.872 E44.12879
G1 X110.693 Y110.112 E44.14554
G1 X110.215 Y110.554 E44.1672
G1 X109.932 Y110.991 E44.18451
G1 X109.686 Y111.439 E44.20151
G1 X109.276 Y111.6 E44.21616
G1 X108.6 Y111.6 E44.23865
G1 X108.6 Y112.4 E44.26525
G1 X109.276 Y112.4 E44.28774
G1 X109.731 Y112.579 E44.304
G1 X110.15 Y113.357 E44.33339
G1 X110.568 Y113.813 E44.35397
G1 X111.249 Y114.185 E44.37978
G1 X111.869 Y114.292 E44.4007
G1 X112.382 Y114.261 E44.41779
G1 X112.988 Y114.089 E44.43875
G1 X113.511 Y113.726 E44.45992
G1 X113.932 Y113.237 E44.48138
G1 X114.255 Y112.586 E44.50555
G1 X114.668 Y112.402 E44.52059
G1 X115.4 Y112.4 E44.54494
G1 X115.4 Y111.6 E44.57155
G1 X114.668 Y111.598 E44.59589
G1 X114.261 Y111.417 E44.61071
G1 X114.004 Y110.934 E44.62891
G0 F4800 X114.356 Y110.744
;TYPE:WALL-OUTER
G1 F2400 X114.175 Y110.405 E44.64165
G1 X113.682 Y109.864 E44.666
G1 X112.881 Y109.428 E44.69633
G1 X112.152 Y109.305 E44.72092
G1 X111.55 Y109.339 E44.74098
G1 X110.984 Y109.499 E44.76054
G1 X110.458 Y109.784 E44.78044
G1 X109.907 Y110.294 E44.80541
G1 X109.578 Y110.803 E44.82557
G1 X109.388 Y111.2 E44.8402
G1 X108.283 Y111.2 E44.87696
G1 X108.2 Y111.283 E44.88086
G1 X108.2 Y112.714 E44.92846
G1 X108.285 Y112.8 E44.93248
G1 X109.276 Y112.8 E44.96544
G1 X109.428 Y112.859 E44.97086
G1 X109.821 Y113.591 E44.9985
G1 X110.318 Y114.132 E45.02293
G1 X111.115 Y114.568 E45.05314
G1 X111.847 Y114.694 E45.07785
G1 X112.45 Y114.657 E45.09794
G1 X113.161 Y114.456 E45.12252
G1 X113.781 Y114.026 E45.14761
G1 X114.268 Y113.46 E45.17245
G1 X114.564 Y112.863 E45.19461
G1 X114.702 Y112.8 E45.19966
G1 X115.713 Y112.8 E45.23328
G1 X115.8 Y112.713 E45.23737
G1 X115.8 Y111.285 E45.28487
G1 X115.714 Y111.2 E45.28889
G1 X114.702 Y111.2 E45.32255
G1 X114.566 Y111.138 E45.32752
G1 X114.356 Y110.744 E45.34233
G0 F4800 X114.262 Y110.568
G0 X113.637 Y110.901
G0 X112.472 Y113.005
;TYPE:SKIN
G1 F1800 X112.949 Y112.569 E45.36383
G1 X113.26 Y112.047 E45.38404
G1 X113.203 Y111.94 E45.38807
G1 X112.064 Y113.078 E45.44162
G1 X111.564 Y113.013 E45.45839
G1 X113.006 Y111.572 E45.5262
G1 X112.809 Y111.202 E45.54014
G1 X111.198 Y112.813 E45.61591
G1 X111 Y112.446 E45.62978
G1 X112.453 Y110.993 E45.69813
G1 X111.96 Y110.92 E45.7147
G1 X110.802 Y112.078 E45.76917
G1 X110.759 Y111.999 E45.77216
G1 X111.131 Y111.315 E45.79806
G1 X111.379 Y111.085 E45.80931
G1 X111.811 Y110.911 E45.8248
G1 F1500 E35.8248
;MESH:I2C_LED_BTN-Body002.stl(3)
G0 F4800 X115.57 Y112
G0 X116.665 Y112
G0 X119.335 Y112
G0 X120.43 Y112
G0 X121 Y112
;TYPE:WALL-INNER
G1 F1500 E45.8248
G1 F2400 X121.276 Y112 E45.83398
G0 F4800 X123.134 Y110.846
G1 F2400 X122.832 Y111.073 E45.84655
G1 X122.51 Y111.663 E45.8689
G1 X122.25 Y112 E45.88306
G1 X122.51 Y112.337 E45.89722
G1 X122.807 Y112.891 E45.91812
G1 X123.068 Y113.174 E45.93093
G1 X123.516 Y113.419 E45.94791
G1 X123.913 Y113.488 E45.96131
G1 X124.641 Y113.356 E45.98592
G1 X124.971 Y113.127 E45.99928
G1 X125.26 Y112.791 E46.01402
G1 X125.484 Y112.34 E46.03077
G1 X125.745 Y112 E46.04503
G1 X125.484 Y111.66 E46.05928
G1 X125.187 Y111.102 E46.08031
G1 X124.931 Y110.821 E46.09295
G1 X124.484 Y110.578 E46.10987
G1 X124.085 Y110.511 E46.12333
G1 X123.439 Y110.617 E46.1451
G1 X123.134 Y110.846 E46.15779
G0 F4800 X123.7 Y110.176
G1 F2400 X123.287 Y110.244 E46.17171
G1 X122.927 Y110.44 E46.18534
G1 X122.524 Y110.813 E46.20361
G1 X122.031 Y111.703 E46.23745
G1 X121.276 Y112 E46.26443
G1 X122.036 Y112.299 E46.29159
G1 X122.478 Y113.124 E46.32272
G1 X122.818 Y113.493 E46.33941
G1 X123.382 Y113.802 E46.3608
G1 X124.097 Y113.926 E46.38494
G1 X124.814 Y113.723 E46.40972
G1 X125.241 Y113.427 E46.427
G1 X125.596 Y113.014 E46.44512
G1 X125.945 Y112.311 E46.47122
G1 X126.633 Y112 E46.49658
G1 X125.956 Y111.694 E46.52154
G1 X125.516 Y110.869 E46.55264
G1 X125.182 Y110.502 E46.56915
G1 X124.616 Y110.195 E46.59056
G1 X124.107 Y110.109 E46.60773
G1 X123.7 Y110.176 E46.62145
G0 F4800 X126.216 Y111.844
G0 X126.633 Y112
G1 F2400 X127 Y112 E46.63378
G0 F4800 X126.216 Y111.844
G0 X125.732 Y111.079
G0 X126.004 Y110.934
G1 F2400 X125.846 Y110.637 E46.64497
G1 X125.432 Y110.183 E46.6654
G1 X124.749 Y109.811 E46.69127
G1 X124.13 Y109.707 E46.71215
G1 X123.616 Y109.736 E46.72927
G1 X123.136 Y109.872 E46.74586
G1 X122.693 Y110.112 E46.76262
G1 X122.215 Y110.554 E46.78427
G1 X121.932 Y110.991 E46.80159
G1 X121.686 Y111.439 E46.81859
G1 X121.276 Y111.6 E46.83324
G1 X120.6 Y111.6 E46.85572
G1 X120.6 Y112.4 E46.88233
G1 X121.276 Y112.4 E46.90482
G1 X121.731 Y112.579 E46.92108
G1 X122.15 Y113.357 E46.95047
G1 X122.568 Y113.813 E46.97104
G1 X123.249 Y114.185 E46.99685
G1 X123.869 Y114.292 E47.01778
G1 X124.382 Y114.261 E47.03487
G1 X124.988 Y114.089 E47.05582
G1 X125.511 Y113.726 E47.077
G1 X125.932 Y113.237 E47.09846
G1 X126.255 Y112.586 E47.12263
G1 X126.668 Y112.402 E47.13767
G1 X127.4 Y112.4 E47.16202
G1 X127.4 Y111.6 E47.18862
G1 X126.668 Y111.598 E47.21297
G1 X126.261 Y111.417 E47.22779
G1 X126.004 Y110.934 E47.24598
G0 F4800 X126.356 Y110.744
;TYPE:WALL-OUTER
G1 F2400 X126.175 Y110.405 E47.25873
G1 X125.682 Y109.864 E47.28308
G1 X124.881 Y109.428 E47.31341
G1 X124.152 Y109.305 E47.338
G1 X123.55 Y109.339 E47.35805
G1 X122.984 Y109.499 E47.37762
G1 X122.458 Y109.784 E47.39751
G1 X121.907 Y110.294 E47.42249
G1 X121.578 Y110.803 E47.44264
G1 X121.388 Y111.2 E47.45728
G1 X120.283 Y111.2 E47.49403
G1 X120.2 Y111.283 E47.49794
G1 X120.2 Y112.714 E47.54553
G1 X120.285 Y112.8 E47.54956
G1 X121.276 Y112.8 E47.58252
G1 X121.428 Y112.859 E47.58794
G1 X121.821 Y113.591 E47.61557
G1 X122.318 Y114.132 E47.64001
G1 X123.115 Y114.568 E47.67022
G1 X123.847 Y114.694 E47.69493
G1 X124.45 Y114.657 E47.71502
G1 X125.161 Y114.456 E47.7396
G1 X125.781 Y114.026 E47.76469
G1 X126.268 Y113.46 E47.78953
G1 X126.564 Y112.863 E47.81169
G1 X126.702 Y112.8 E47.81673
G1 X127.713 Y112.8 E47.85036
G1 X127.8 Y112.713 E47.85445
G1 X127.8 Y111.285 E47.90195
G1 X127.714 Y111.2 E47.90597
G1 X126.702 Y111.2 E47.93963
G1 X126.566 Y111.138 E47.9446
G1 X126.356 Y110.744 E47.95941
G0 F4800 X126.262 Y110.568
G0 X125.637 Y110.901
G0 X125.161 Y111.861
;TYPE:SKIN
G1 F1800 X123.922 Y113.105 E48.01781
G1 X124.472 Y113.006 E48.0364
G1 X124.949 Y112.568 E48.05793
G1 X125.26 Y112.047 E48.07812
G1 X124.964 Y111.492 E48.09904
G1 X123.486 Y112.971 E48.16858
G1 X123.156 Y112.735 E48.18207
G1 X124.741 Y111.149 E48.25665
G1 X124.374 Y110.951 E48.27052
G1 X122.957 Y112.368 E48.33717
G1 X122.759 Y111.999 E48.3511
G1 X123.131 Y111.315 E48.377
G1 X123.379 Y111.085 E48.38825
G1 X123.846 Y110.913 E48.4048
G1 X122.759 Y112 E48.45593
G1 F1500 E38.45593
;MESH:NONMESH
G0 F1800 X122.759 Y112 Z0.6
G0 F4800 X120.43 Y112
G0 X119.335 Y112
G0 X113.178 Y108.603
G0 X112.198 Y108.437
G0 X111.411 Y108.481
G0 X110.796 Y108.656
G0 X104.665 Y112
G0 X103.57 Y112
G0 X97 Y112
;TIME_ELAPSED:106.626055
;LAYER:2
;TYPE:WALL-INNER
;MESH:I2C_LED_BTN-Body002.stl(4)
G1 F1500 E48.45593
G1 F2400 X97.276 Y112 E48.46511
G0 F4800 X100.301 Y110.177
G1 F2400 X99.891 Y110.109 E48.47893
G1 X99.093 Y110.335 E48.50652
G1 X98.545 Y110.782 E48.53004
G1 X98.029 Y111.704 E48.56518
G1 X97.276 Y112 E48.59209
G1 X98.036 Y112.299 E48.61925
G1 X98.48 Y113.127 E48.6505
G1 X98.816 Y113.498 E48.66715
G1 X99.288 Y113.756 E48.68504
G1 X99.782 Y113.895 E48.70211
G1 X100.314 Y113.864 E48.71983
G1 X100.812 Y113.726 E48.73702
G1 X101.397 Y113.319 E48.76073
G1 X101.963 Y112.303 E48.79941
G1 X102.633 Y112 E48.82411
G1 X101.956 Y111.694 E48.84907
G1 X101.516 Y110.87 E48.88014
G1 X101.178 Y110.498 E48.89685
G1 X100.711 Y110.244 E48.91453
G1 X100.301 Y110.177 E48.92835
G0 F4800 X102.216 Y111.844
G0 X102.633 Y112
G1 F2400 X103 Y112 E48.94068
G0 F4800 X102.216 Y111.844
G0 X101.732 Y111.079
G0 X102.004 Y110.934
G1 F2400 X101.846 Y110.637 E48.95187
G1 X101.428 Y110.179 E48.97249
G1 X100.863 Y109.871 E48.9939
G1 X100.384 Y109.736 E49.01045
G1 X99.869 Y109.707 E49.0276
G1 X99.379 Y109.79 E49.04413
G1 X98.903 Y109.98 E49.06118
G1 X98.329 Y110.379 E49.08443
G1 X97.932 Y110.996 E49.10883
G1 X97.686 Y111.439 E49.12569
G1 X97.276 Y111.6 E49.14034
G1 X96.6 Y111.6 E49.16282
G1 X96.6 Y112.4 E49.18943
G1 X97.276 Y112.4 E49.21191
G1 X97.731 Y112.579 E49.22818
G1 X98.151 Y113.359 E49.25764
G1 X98.565 Y113.817 E49.27817
G1 X99.136 Y114.128 E49.2998
G1 X99.738 Y114.299 E49.32061
G1 X100.38 Y114.261 E49.34201
G1 X100.985 Y114.093 E49.36289
G1 X101.672 Y113.615 E49.39073
G1 X102.067 Y113.002 E49.41498
G1 X102.309 Y112.562 E49.43168
G1 X102.668 Y112.402 E49.44475
G1 X103.4 Y112.4 E49.4691
G1 X103.4 Y111.6 E49.49571
G1 X102.668 Y111.598 E49.52006
G1 X102.261 Y111.417 E49.53487
G1 X102.004 Y110.934 E49.55307
G0 F4800 X102.356 Y110.744
;TYPE:WALL-OUTER
G1 F2400 X102.175 Y110.405 E49.56582
G1 X101.678 Y109.86 E49.59035
G1 X101.015 Y109.499 E49.61546
G1 X100.45 Y109.339 E49.63499
G1 X99.847 Y109.305 E49.65508
G1 X99.271 Y109.402 E49.6745
G1 X98.712 Y109.626 E49.69453
G1 X98.037 Y110.093 E49.72183
G1 X97.578 Y110.807 E49.75007
G1 X97.387 Y111.2 E49.7646
G1 X96.283 Y111.2 E49.80132
G1 X96.2 Y111.283 E49.80522
G1 X96.2 Y112.714 E49.85282
G1 X96.285 Y112.8 E49.85684
G1 X97.276 Y112.8 E49.8898
G1 X97.428 Y112.859 E49.89522
G1 X97.821 Y113.591 E49.92286
G1 X98.314 Y114.136 E49.9473
G1 X98.984 Y114.501 E49.97268
G1 X99.694 Y114.702 E49.99722
G1 X100.446 Y114.657 E50.02227
G1 X101.157 Y114.46 E50.04681
G1 X101.966 Y113.897 E50.0796
G1 X102.422 Y113.19 E50.10758
G1 X102.609 Y112.8 E50.12196
G1 X103.713 Y112.8 E50.15868
G1 X103.8 Y112.713 E50.16277
G1 X103.8 Y111.285 E50.21027
G1 X103.714 Y111.2 E50.21429
G1 X102.702 Y111.2 E50.24795
G1 X102.566 Y111.138 E50.25292
G1 X102.356 Y110.744 E50.26773
G0 F4800 X102.262 Y110.568
G0 X101.637 Y110.901
G0 X101.205 Y111.092
;TYPE:SKIN
G1 F1800 X100.939 Y110.801 E50.28085
G1 X100.39 Y110.572 E50.30063
G1 X101.543 Y111.726 E50.35489
G1 X101.693 Y112.007 E50.36548
G1 X101.538 Y112.286 E50.3761
G1 X99.783 Y110.531 E50.45865
G1 X99.342 Y110.656 E50.47389
G1 X101.336 Y112.65 E50.56769
G1 X101.12 Y112.999 E50.58134
G1 X99.01 Y110.889 E50.68059
G1 X98.748 Y111.193 E50.69393
G1 X100.804 Y113.25 E50.79066
G1 X100.65 Y113.373 E50.79722
G1 X100.403 Y113.414 E50.80555
G1 X98.545 Y111.556 E50.89294
G1 X98.343 Y111.919 E50.90676
G1 X99.917 Y113.493 E50.9808
G1 X99.814 Y113.51 E50.98427
G1 X99.053 Y113.194 E51.01167
G1 X98.794 Y112.908 E51.02451
G1 X98.484 Y112.332 E51.04626
G1 X98.269 Y112.053 E51.05798
G1 F1500 E41.05798
;MESH:I2C_LED_BTN-Body002.stl
G0 F4800 X103.57 Y112
G0 X104.665 Y112
G0 X107.335 Y112
G0 X108.43 Y112
G0 X109 Y112
;TYPE:WALL-INNER
G1 F1500 E51.05798
G1 F2400 X109.276 Y112 E51.06716
G0 F4800 X112.301 Y110.177
G1 F2400 X111.891 Y110.109 E51.08098
G1 X111.093 Y110.335 E51.10857
G1 X110.545 Y110.782 E51.13209
G1 X110.029 Y111.704 E51.16723
G1 X109.276 Y112 E51.19414
G1 X110.036 Y112.299 E51.2213
G1 X110.48 Y113.127 E51.25255
G1 X110.816 Y113.498 E51.2692
G1 X111.288 Y113.756 E51.28709
G1 X111.782 Y113.895 E51.30416
G1 X112.314 Y113.864 E51.32188
G1 X112.812 Y113.726 E51.33907
G1 X113.397 Y113.319 E51.36278
G1 X113.963 Y112.303 E51.40146
G1 X114.633 Y112 E51.42616
G1 X113.956 Y111.694 E51.45112
G1 X113.516 Y110.87 E51.48219
G1 X113.178 Y110.498 E51.4989
G1 X112.711 Y110.244 E51.51658
G1 X112.301 Y110.177 E51.5304
G0 F4800 X114.216 Y111.844
G0 X114.633 Y112
G1 F2400 X115 Y112 E51.54273
G0 F4800 X114.216 Y111.844
G0 X113.732 Y111.079
G0 X114.004 Y110.934
G1 F2400 X113.846 Y110.637 E51.55392
G1 X113.428 Y110.179 E51.57454
G1 X112.863 Y109.871 E51.59595
G1 X112.384 Y109.736 E51.6125
G1 X111.869 Y109.707 E51.62965
G1 X111.379 Y109.79 E51.64618
G1 X110.903 Y109.98 E51.66323
G1 X110.329 Y110.379 E51.68648
G1 X109.932 Y110.996 E51.71088
G1 X109.686 Y111.439 E51.72774
G1 X109.276 Y111.6 E51.74239
G1 X108.6 Y111.6 E51.76487
G1 X108.6 Y112.4 E51.79148
G1 X109.276 Y112.4 E51.81396
G1 X109.731 Y112.579 E51.83023
G1 X110.151 Y113.359 E51.85969
G1 X110.565 Y113.817 E51.88022
G1 X111.136 Y114.128 E51.90185
G1 X111.738 Y114.299 E51.92266
G1 X112.38 Y114.261 E51.94406
G1 X112.985 Y114.093 E51.96494
G1 X113.672 Y113.615 E51.99278
G1 X114.067 Y113.002 E52.01703
G1 X114.309 Y112.562 E52.03373
G1 X114.668 Y112.402 E52.0468
G1 X115.4 Y112.4 E52.07115
G1 X115.4 Y111.6 E52.09776
G1 X114.668 Y111.598 E52.12211
G1 X114.261 Y111.417 E52.13692
G1 X114.004 Y110.934 E52.15512
G0 F4800 X114.356 Y110.744
;TYPE:WALL-OUTER
G1 F2400 X114.175 Y110.405 E52.16787
G1 X113.678 Y109.86 E52.1924
G1 X113.015 Y109.499 E52.21751
G1 X112.45 Y109.339 E52.23704
G1 X111.847 Y109.305 E52.25713
G1 X111.271 Y109.402 E52.27655
G1 X110.712 Y109.626 E52.29658
G1 X110.037 Y110.093 E52.32388
G1 X109.578 Y110.807 E52.35212
G1 X109.387 Y111.2 E52.36665
G1 X108.283 Y111.2 E52.40337
G1 X108.2 Y111.283 E52.40727
G1 X108.2 Y112.714 E52.45487
G1 X108.285 Y112.8 E52.45889
G1 X109.276 Y112.8 E52.49185
G1 X109.428 Y112.859 E52.49727
G1 X109.821 Y113.591 E52.52491
G1 X110.314 Y114.136 E52.54935
G1 X110.984 Y114.501 E52.57473
G1 X111.694 Y114.702 E52.59927
G1 X112.446 Y114.657 E52.62432
G1 X113.157 Y114.46 E52.64886
G1 X113.966 Y113.897 E52.68165
G1 X114.422 Y113.19 E52.70963
G1 X114.609 Y112.8 E52.72401
G1 X115.713 Y112.8 E52.76073
G1 X115.8 Y112.713 E52.76482
G1 X115.8 Y111.285 E52.81232
G1 X115.714 Y111.2 E52.81634
G1 X114.702 Y111.2 E52.85
G1 X114.566 Y111.138 E52.85497
G1 X114.356 Y110.744 E52.86978
G0 F4800 X114.262 Y110.568
G0 X113.637 Y110.901
G0 X113.205 Y111.092
;TYPE:SKIN
G1 F1800 X112.941 Y110.801 E52.88285
G1 X112.574 Y110.602 E52.89674
G1 X111.912 Y110.494 E52.91905
G1 X111.689 Y110.558 E52.92676
G1 X113.495 Y112.364 E53.01171
G1 X113.293 Y112.728 E53.02556
G1 X111.256 Y110.69 E53.1214
G1 X110.943 Y110.943 E53.13478
G1 X113.052 Y113.052 E53.23398
G1 X112.737 Y113.303 E53.24738
G1 X110.705 Y111.27 E53.34298
G1 X110.502 Y111.634 E53.35684
G1 X112.298 Y113.43 E53.44132
G1 X111.814 Y113.51 E53.45764
G1 X111.053 Y113.194 E53.48505
G1 X110.794 Y112.908 E53.49788
G1 X110.484 Y112.332 E53.51963
G1 X110.269 Y112.052 E53.53138
G1 X110.299 Y111.997 E53.53346
G1 X111.811 Y113.508 E53.60456
G0 F4800 X113.68 Y111.983
G1 F1800 X112.246 Y110.549 E53.67201
G1 F1500 E43.67201
;MESH:I2C_LED_BTN-Body002.stl(3)
G0 F4800 X114.466 Y111.427
G0 X115.116 Y110.341
G0 X115.978 Y110.339
G0 X119.335 Y111.427
G0 X120.43 Y111.427
G0 X121 Y112
;TYPE:WALL-INNER
G1 F1500 E53.67201
G1 F2400 X121.276 Y112 E53.68119
G0 F4800 X124.301 Y110.177
G1 F2400 X123.891 Y110.109 E53.69501
G1 X123.093 Y110.335 E53.7226
G1 X122.545 Y110.782 E53.74612
G1 X122.029 Y111.704 E53.78126
G1 X121.276 Y112 E53.80817
G1 X122.036 Y112.299 E53.83533
G1 X122.48 Y113.127 E53.86658
G1 X122.816 Y113.498 E53.88323
G1 X123.288 Y113.756 E53.90112
G1 X123.782 Y113.895 E53.91819
G1 X124.314 Y113.864 E53.93591
G1 X124.812 Y113.726 E53.9531
G1 X125.397 Y113.319 E53.9768
G1 X125.963 Y112.303 E54.01549
G1 X126.633 Y112 E54.04019
G1 X125.956 Y111.694 E54.06515
G1 X125.516 Y110.87 E54.09621
G1 X125.178 Y110.498 E54.11293
G1 X124.711 Y110.244 E54.13061
G1 X124.301 Y110.177 E54.14443
G0 F4800 X126.216 Y111.844
G0 X126.633 Y112
G1 F2400 X127 Y112 E54.15676
G0 F4800 X126.216 Y111.844
G0 X125.732 Y111.079
G0 X126.004 Y110.934
G1 F2400 X125.846 Y110.637 E54.16795
G1 X125.428 Y110.179 E54.18857
G1 X124.863 Y109.871 E54.20997
G1 X124.384 Y109.736 E54.22653
G1 X123.869 Y109.707 E54.24368
G1 X123.379 Y109.79 E54.26021
G1 X122.903 Y109.98 E54.27726
G1 X122.329 Y110.379 E54.30051
G1 X121.932 Y110.996 E54.32491
G1 X121.686 Y111.439 E54.34177
G1 X121.276 Y111.6 E54.35642
G1 X120.6 Y111.6 E54.3789
G1 X120.6 Y112.4 E54.40551
G1 X121.276 Y112.4 E54.42799
G1 X121.731 Y112.579 E54.44425
G1 X122.151 Y113.359 E54.47372
G1 X122.565 Y113.817 E54.49425
G1 X123.136 Y114.128 E54.51588
G1 X123.738 Y114.299 E54.53669
G1 X124.38 Y114.261 E54.55808
G1 X124.985 Y114.093 E54.57897
G1 X125.672 Y113.615 E54.6068
G1 X126.067 Y113.002 E54.63106
G1 X126.309 Y112.562 E54.64776
G1 X126.668 Y112.402 E54.66083
G1 X127.4 Y112.4 E54.68518
G1 X127.4 Y111.6 E54.71179
G1 X126.668 Y111.598 E54.73613
G1 X126.261 Y111.417 E54.75095
G1 X126.004 Y110.934 E54.76915
G0 F4800 X126.356 Y110.744
;TYPE:WALL-OUTER
G1 F2400 X126.175 Y110.405 E54.7819
G1 X125.678 Y109.86 E54.80643
G1 X125.015 Y109.499 E54.83154
G1 X124.45 Y109.339 E54.85107
G1 X123.847 Y109.305 E54.87116
G1 X123.271 Y109.402 E54.89058
G1 X122.712 Y109.626 E54.91061
G1 X122.037 Y110.093 E54.93791
G1 X121.578 Y110.807 E54.96614
G1 X121.387 Y111.2 E54.98068
G1 X120.283 Y111.2 E55.0174
G1 X120.2 Y111.283 E55.0213
G1 X120.2 Y112.714 E55.0689
G1 X120.285 Y112.8 E55.07292
G1 X121.276 Y112.8 E55.10588
G1 X121.428 Y112.859 E55.1113
G1 X121.821 Y113.591 E55.13893
G1 X122.314 Y114.136 E55.16338
G1 X122.984 Y114.501 E55.18875
G1 X123.694 Y114.702 E55.2133
G1 X124.446 Y114.657 E55.23835
G1 X125.157 Y114.46 E55.26289
G1 X125.966 Y113.897 E55.29567
G1 X126.422 Y113.19 E55.32366
G1 X126.609 Y112.8 E55.33804
G1 X127.713 Y112.8 E55.37476
G1 X127.8 Y112.713 E55.37885
G1 X127.8 Y111.285 E55.42635
G1 X127.714 Y111.2 E55.43037
G1 X126.702 Y111.2 E55.46403
G1 X126.566 Y111.138 E55.469
G1 X126.356 Y110.744 E55.48381
G0 F4800 X126.262 Y110.568
G0 X125.637 Y110.901
G0 X125.654 Y112.077
;TYPE:SKIN
G1 F1800 X124.101 Y110.525 E55.55684
G1 X124.575 Y110.602 E55.57281
G1 X124.94 Y110.801 E55.58664
G1 X125.205 Y111.092 E55.59973
G1 X125.692 Y112.007 E55.6342
G1 X125.452 Y112.441 E55.6507
G1 X123.595 Y110.584 E55.73805
G1 X123.189 Y110.744 E55.75256
G1 X125.25 Y112.805 E55.8495
G1 X124.985 Y113.106 E55.86284
G1 X122.876 Y110.997 E55.96204
G1 X122.661 Y111.347 E55.9757
G1 X124.67 Y113.356 E56.0702
G1 X124.195 Y113.447 E56.08629
G1 X122.459 Y111.711 E56.16794
G1 X122.257 Y112.075 E56.18179
G1 X123.606 Y113.423 E56.24522
G1 X123.053 Y113.194 E56.26513
G1 X122.793 Y112.908 E56.27798
G1 X122.484 Y112.332 E56.29972
G1 F1500 E46.29972
;MESH:NONMESH
G0 F1800 X122.484 Y112.332 Z0.8
G0 F4800 X120.43 Y112
G0 X119.335 Y112
G0 X113.35 Y108.696
G0 X112.59 Y108.481
G0 X111.807 Y108.437
G0 X111.03 Y108.567
G0 X104.665 Y112
G0 X103.57 Y112
G0 X97 Y112
;TIME_ELAPSED:117.319954
;LAYER:3
;TYPE:WALL-INNER
;MESH:I2C_LED_BTN-Body002.stl(4)
G1 F1500 E56.29972
G1 F2400 X97.276 Y112 E56.3089
G0 F4800 X100.224 Y110.565
G1 F2400 X99.833 Y110.504 E56.32206
G1 X99.362 Y110.637 E56.33834
G1 X99.031 Y110.867 E56.35175
G1 X98.736 Y111.206 E56.36669
G1 X98.512 Y111.66 E56.38353
G1 X98.25 Y112 E56.39781
G1 X98.512 Y112.34 E56.41209
G1 X98.806 Y112.892 E56.43289
G1 X99.066 Y113.178 E56.44574
G1 X99.51 Y113.419 E56.46255
G1 X99.906 Y113.488 E56.47591
G1 X100.559 Y113.381 E56.49792
G1 X101.157 Y112.993 E56.52163
G1 X101.484 Y112.34 E56.54592
G1 X101.745 Y112 E56.56018
G1 X101.484 Y111.66 E56.57443
G1 X101.187 Y111.102 E56.59546
G1 X100.927 Y110.817 E56.60829
G1 X100.559 Y110.617 E56.62222
G1 X100.224 Y110.565 E56.6335
G0 F4800 X100.297 Y113.823
G1 F2400 X100.71 Y113.755 E56.64742
G1 X101.087 Y113.548 E56.66172
G1 X101.59 Y113.021 E56.68595
G1 X101.947 Y112.31 E56.71241
G1 X102.633 Y112 E56.7377
G1 X101.956 Y111.694 E56.76266
G1 X101.516 Y110.87 E56.79373
G1 X101.178 Y110.498 E56.81045
G1 X100.528 Y110.144 E56.83506
G1 X99.789 Y110.101 E56.85968
G1 X99.189 Y110.27 E56.88042
G1 X98.762 Y110.567 E56.89772
G1 X98.4 Y110.983 E56.91606
G1 X98.049 Y111.695 E56.94246
G1 X97.276 Y112 E56.9701
G1 X98.038 Y112.301 E56.99735
G1 X98.477 Y113.124 E57.02837
G1 X98.815 Y113.498 E57.04514
G1 X99.377 Y113.802 E57.06639
G1 X99.884 Y113.89 E57.08351
G1 X100.297 Y113.823 E57.09742
G0 F4800 X102.199 Y112.156
G0 X102.633 Y112
G1 F2400 X103 Y112 E57.10975
G0 F4800 X102.216 Y111.844
G0 X101.732 Y111.079
G0 X102.004 Y110.934
G1 F2400 X101.846 Y110.637 E57.12094
G1 X101.428 Y110.179 E57.14156
G1 X100.863 Y109.871 E57.16297
G1 X100.383 Y109.736 E57.17955
G1 X99.746 Y109.698 E57.20078
G1 X99.016 Y109.903 E57.22599
G1 X98.492 Y110.267 E57.24722
G1 X98.064 Y110.759 E57.2689
G1 X97.74 Y111.417 E57.2933
G1 X97.276 Y111.6 E57.30989
G1 X96.6 Y111.6 E57.33237
G1 X96.6 Y112.4 E57.35898
G1 X97.276 Y112.4 E57.38146
G1 X97.733 Y112.581 E57.39781
G1 X98.147 Y113.356 E57.42704
G1 X98.564 Y113.817 E57.44771
G1 X99.244 Y114.185 E57.47343
G1 X99.862 Y114.292 E57.49429
G1 X100.38 Y114.261 E57.51155
G1 X100.861 Y114.128 E57.52815
G1 X101.48 Y113.79 E57.5516
G1 X101.928 Y113.24 E57.5752
G1 X102.256 Y112.586 E57.59953
G1 X102.668 Y112.402 E57.61454
G1 X103.4 Y112.4 E57.63889
G1 X103.4 Y111.6 E57.66549
G1 X102.668 Y111.598 E57.68984
G1 X102.261 Y111.417 E57.70466
G1 X102.004 Y110.934 E57.72285
G0 F4800 X102.356 Y110.744
;TYPE:WALL-OUTER
G1 F2400 X102.175 Y110.405 E57.7356
G1 X101.678 Y109.86 E57.76014
G1 X101.015 Y109.499 E57.78524
G1 X100.45 Y109.339 E57.80478
G1 X99.702 Y109.294 E57.8297
G1 X98.843 Y109.536 E57.85938
G1 X98.223 Y109.967 E57.8845
G1 X97.728 Y110.536 E57.90958
G1 X97.431 Y111.139 E57.93194
G1 X97.276 Y111.2 E57.93748
G1 X96.283 Y111.2 E57.9705
G1 X96.2 Y111.283 E57.97441
G1 X96.2 Y112.714 E58.022
G1 X96.285 Y112.8 E58.02602
G1 X97.276 Y112.8 E58.05899
G1 X97.429 Y112.86 E58.06445
G1 X97.817 Y113.588 E58.09189
G1 X98.314 Y114.136 E58.1165
G1 X99.111 Y114.568 E58.14665
G1 X99.84 Y114.694 E58.17125
G1 X100.446 Y114.657 E58.19145
G1 X101.012 Y114.501 E58.21097
G1 X101.743 Y114.101 E58.23869
G1 X102.266 Y113.458 E58.26626
G1 X102.564 Y112.862 E58.28842
G1 X102.702 Y112.8 E58.29345
G1 X103.713 Y112.8 E58.32708
G1 X103.8 Y112.713 E58.33117
G1 X103.8 Y111.285 E58.37866
G1 X103.714 Y111.2 E58.38269
G1 X102.702 Y111.2 E58.41635
G1 X102.566 Y111.138 E58.42132
G1 X102.356 Y110.744 E58.43613
G0 F4800 X102.262 Y110.568
G0 X101.637 Y110.901
G0 X101.196 Y112.067
;TYPE:SKIN
G1 F1800 X100.206 Y113.058 E58.48272
G1 X100.415 Y113.024 E58.48976
G1 X100.859 Y112.735 E58.50738
G1 X101.233 Y111.995 E58.53496
G1 X101.048 Y111.649 E58.54801
G1 X99.641 Y113.057 E58.61421
G1 X99.273 Y112.859 E58.62811
G1 X100.838 Y111.294 E58.70173
G1 X100.519 Y111.048 E58.71512
G1 X99.042 Y112.525 E58.7846
G1 X98.736 Y111.952 E58.8062
G1 X99.044 Y111.434 E58.82625
G1 X99.538 Y110.982 E58.84852
G1 X99.866 Y110.891 E58.85984
G1 X100.078 Y110.923 E58.86697
G1 X98.845 Y112.156 E58.92497
G1 F1500 E48.92497
;MESH:I2C_LED_BTN-Body002.stl
G0 F4800 X103.57 Y112
G0 X104.665 Y112
G0 X107.335 Y112
G0 X108.43 Y112
G0 X109 Y112
;TYPE:WALL-INNER
G1 F1500 E58.92497
G1 F2400 X109.276 Y112 E58.93415
G0 F4800 X112.224 Y110.565
G1 F2400 X111.833 Y110.504 E58.94731
G1 X111.362 Y110.637 E58.96359
G1 X111.031 Y110.867 E58.97699
G1 X110.736 Y111.206 E58.99194
G1 X110.512 Y111.66 E59.00878
G1 X110.25 Y112 E59.02305
G1 X110.512 Y112.34 E59.03733
G1 X110.806 Y112.892 E59.05813
G1 X111.066 Y113.178 E59.07099
G1 X111.51 Y113.419 E59.08779
G1 X111.906 Y113.488 E59.10116
G1 X112.559 Y113.381 E59.12317
G1 X113.157 Y112.993 E59.14688
G1 X113.484 Y112.34 E59.17117
G1 X113.745 Y112 E59.18542
G1 X113.484 Y111.66 E59.19968
G1 X113.187 Y111.102 E59.2207
G1 X112.927 Y110.817 E59.23353
G1 X112.559 Y110.617 E59.24747
G1 X112.224 Y110.565 E59.25874
G0 F4800 X112.297 Y113.823
G1 F2400 X112.71 Y113.755 E59.27266
G1 X113.087 Y113.548 E59.28697
G1 X113.59 Y113.021 E59.3112
G1 X113.947 Y112.31 E59.33766
G1 X114.633 Y112 E59.36295
G1 X113.956 Y111.694 E59.38791
G1 X113.516 Y110.87 E59.41897
G1 X113.178 Y110.498 E59.43569
G1 X112.528 Y110.144 E59.46031
G1 X111.789 Y110.101 E59.48493
G1 X111.189 Y110.27 E59.50566
G1 X110.762 Y110.567 E59.52296
G1 X110.4 Y110.983 E59.5413
G1 X110.049 Y111.695 E59.56771
G1 X109.276 Y112 E59.59534
G1 X110.038 Y112.301 E59.62259
G1 X110.477 Y113.124 E59.65362
G1 X110.815 Y113.498 E59.67039
G1 X111.377 Y113.802 E59.69164
G1 X111.884 Y113.89 E59.70875
G1 X112.297 Y113.823 E59.72267
G0 F4800 X114.199 Y112.156
G0 X114.633 Y112
G1 F2400 X115 Y112 E59.735
G0 F4800 X114.216 Y111.844
G0 X113.732 Y111.079
G0 X114.004 Y110.934
G1 F2400 X113.846 Y110.637 E59.74619
G1 X113.428 Y110.179 E59.76681
G1 X112.863 Y109.871 E59.78821
G1 X112.383 Y109.736 E59.8048
G1 X111.746 Y109.698 E59.82602
G1 X111.016 Y109.903 E59.85124
G1 X110.492 Y110.267 E59.87246
G1 X110.064 Y110.759 E59.89415
G1 X109.74 Y111.417 E59.91854
G1 X109.276 Y111.6 E59.93513
G1 X108.6 Y111.6 E59.95762
G1 X108.6 Y112.4 E59.98423
G1 X109.276 Y112.4 E60.00671
G1 X109.733 Y112.581 E60.02306
G1 X110.147 Y113.356 E60.05228
G1 X110.564 Y113.817 E60.07296
G1 X111.244 Y114.185 E60.09867
G1 X111.862 Y114.292 E60.11953
G1 X112.38 Y114.261 E60.13679
G1 X112.861 Y114.128 E60.15339
G1 X113.48 Y113.79 E60.17685
G1 X113.928 Y113.24 E60.20044
G1 X114.256 Y112.586 E60.22478
G1 X114.668 Y112.402 E60.23979
G1 X115.4 Y112.4 E60.26413
G1 X115.4 Y111.6 E60.29074
G1 X114.668 Y111.598 E60.31509
G1 X114.261 Y111.417 E60.3299
G1 X114.004 Y110.934 E60.3481
G0 F4800 X114.356 Y110.744
;TYPE:WALL-OUTER
G1 F2400 X114.175 Y110.405 E60.36085
G1 X113.678 Y109.86 E60.38538
G1 X113.015 Y109.499 E60.41049
G1 X112.45 Y109.339 E60.43002
G1 X111.702 Y109.294 E60.45494
G1 X110.843 Y109.536 E60.48463
G1 X110.223 Y109.967 E60.50974
G1 X109.728 Y110.536 E60.53482
G1 X109.431 Y111.139 E60.55718
G1 X109.276 Y111.2 E60.56272
G1 X108.283 Y111.2 E60.59575
G1 X108.2 Y111.283 E60.59965
G1 X108.2 Y112.714 E60.64725
G1 X108.285 Y112.8 E60.65127
G1 X109.276 Y112.8 E60.68423
G1 X109.429 Y112.86 E60.6897
G1 X109.817 Y113.588 E60.71713
G1 X110.314 Y114.136 E60.74174
G1 X111.111 Y114.568 E60.77189
G1 X111.84 Y114.694 E60.7965
G1 X112.446 Y114.657 E60.81669
G1 X113.012 Y114.501 E60.83622
G1 X113.743 Y114.101 E60.86393
G1 X114.266 Y113.458 E60.8915
G1 X114.564 Y112.862 E60.91366
G1 X114.702 Y112.8 E60.9187
G1 X115.713 Y112.8 E60.95232
G1 X115.8 Y112.713 E60.95641
G1 X115.8 Y111.285 E61.00391
G1 X115.714 Y111.2 E61.00793
G1 X114.702 Y111.2 E61.04159
G1 X114.566 Y111.138 E61.04656
G1 X114.356 Y110.744 E61.06137
G0 F4800 X114.262 Y110.568
G0 X113.637 Y110.901
G0 X112.414 Y113.024
;TYPE:SKIN
G1 F1800 X112.859 Y112.736 E61.079
G1 X113.233 Y111.995 E61.10661
G1 X113.203 Y111.94 E61.1087
G1 X112.062 Y113.081 E61.16236
G1 X111.561 Y113.016 E61.17917
G1 X113.006 Y111.571 E61.24714
G1 X112.769 Y111.242 E61.26062
G1 X111.196 Y112.815 E61.33461
G1 X111 Y112.446 E61.34851
G1 X112.45 Y110.995 E61.41674
G1 X111.972 Y110.908 E61.43289
G1 X110.803 Y112.077 E61.48788
G1 X110.736 Y111.952 E61.4926
G1 X111.044 Y111.434 E61.51264
G1 X111.538 Y110.982 E61.53491
G1 X111.866 Y110.891 E61.54623
G1 F1500 E51.54623
;MESH:I2C_LED_BTN-Body002.stl(3)
G0 F4800 X115.57 Y112
G0 X116.665 Y112
G0 X119.335 Y112
G0 X120.43 Y112
G0 X121 Y112
;TYPE:WALL-INNER
G1 F1500 E61.54623
G1 F2400 X121.276 Y112 E61.55541
G0 F4800 X124.224 Y110.565
G1 F2400 X123.833 Y110.504 E61.56858
G1 X123.362 Y110.637 E61.58485
G1 X123.031 Y110.867 E61.59826
G1 X122.736 Y111.206 E61.61321
G1 X122.512 Y111.66 E61.63004
G1 X122.25 Y112 E61.64432
G1 X122.512 Y112.34 E61.6586
G1 X122.806 Y112.892 E61.6794
G1 X123.066 Y113.178 E61.69225
G1 X123.51 Y113.419 E61.70906
G1 X123.906 Y113.488 E61.72243
G1 X124.559 Y113.381 E61.74444
G1 X125.157 Y112.993 E61.76814
G1 X125.484 Y112.34 E61.79243
G1 X125.745 Y112 E61.80669
G1 X125.484 Y111.66 E61.82095
G1 X125.187 Y111.102 E61.84197
G1 X124.927 Y110.817 E61.8548
G1 X124.559 Y110.617 E61.86873
G1 X124.224 Y110.565 E61.88001
G0 F4800 X124.297 Y113.823
G1 F2400 X124.71 Y113.755 E61.89393
G1 X125.087 Y113.548 E61.90823
G1 X125.59 Y113.021 E61.93247
G1 X125.947 Y112.31 E61.95893
G1 X126.633 Y112 E61.98421
G1 X125.956 Y111.694 E62.00917
G1 X125.516 Y110.87 E62.04024
G1 X125.178 Y110.498 E62.05696
G1 X124.528 Y110.144 E62.08158
G1 X123.789 Y110.101 E62.1062
G1 X123.189 Y110.27 E62.12693
G1 X122.762 Y110.567 E62.14423
G1 X122.4 Y110.983 E62.16257
G1 X122.049 Y111.695 E62.18897
G1 X121.276 Y112 E62.21661
G1 X122.038 Y112.301 E62.24386
G1 X122.477 Y113.124 E62.27489
G1 X122.815 Y113.498 E62.29165
G1 X123.377 Y113.802 E62.3129
G1 X123.884 Y113.89 E62.33002
G1 X124.297 Y113.823 E62.34393
G0 F4800 X126.199 Y112.156
G0 X126.633 Y112
G1 F2400 X127 Y112 E62.35626
G0 F4800 X126.216 Y111.844
G0 X125.732 Y111.079
G0 X126.004 Y110.934
G1 F2400 X125.846 Y110.637 E62.36745
G1 X125.428 Y110.179 E62.38808
G1 X124.863 Y109.871 E62.40948
G1 X124.383 Y109.736 E62.42606
G1 X123.746 Y109.698 E62.44729
G1 X123.016 Y109.903 E62.47251
G1 X122.492 Y110.267 E62.49373
G1 X122.064 Y110.759 E62.51542
G1 X121.74 Y111.417 E62.53981
G1 X121.276 Y111.6 E62.5564
G1 X120.6 Y111.6 E62.57888
G1 X120.6 Y112.4 E62.60549
G1 X121.276 Y112.4 E62.62798
G1 X121.733 Y112.581 E62.64433
G1 X122.147 Y113.356 E62.67355
G1 X122.564 Y113.817 E62.69422
G1 X123.244 Y114.185 E62.71994
G1 X123.862 Y114.292 E62.7408
G1 X124.38 Y114.261 E62.75806
G1 X124.861 Y114.128 E62.77466
G1 X125.48 Y113.79 E62.79812
G1 X125.928 Y113.24 E62.82171
G1 X126.256 Y112.586 E62.84604
G1 X126.668 Y112.402 E62.86105
G1 X127.4 Y112.4 E62.8854
G1 X127.4 Y111.6 E62.91201
G1 X126.668 Y111.598 E62.93635
G1 X126.261 Y111.417 E62.95117
G1 X126.004 Y110.934 E62.96937
G0 F4800 X126.356 Y110.744
;TYPE:WALL-OUTER
G1 F2400 X126.175 Y110.405 E62.98212
G1 X125.678 Y109.86 E63.00665
G1 X125.015 Y109.499 E63.03176
G1 X124.45 Y109.339 E63.05129
G1 X123.702 Y109.294 E63.07621
G1 X122.843 Y109.536 E63.10589
G1 X122.223 Y109.967 E63.13101
G1 X121.728 Y110.536 E63.15609
G1 X121.431 Y111.139 E63.17845
G1 X121.276 Y111.2 E63.18399
G1 X120.283 Y111.2 E63.21702
G1 X120.2 Y111.283 E63.22092
G1 X120.2 Y112.714 E63.26852
G1 X120.285 Y112.8 E63.27254
G1 X121.276 Y112.8 E63.3055
G1 X121.429 Y112.86 E63.31096
G1 X121.817 Y113.588 E63.3384
G1 X122.314 Y114.136 E63.36301
G1 X123.111 Y114.568 E63.39316
G1 X123.84 Y114.694 E63.41777
G1 X124.446 Y114.657 E63.43796
G1 X125.012 Y114.501 E63.45749
G1 X125.743 Y114.101 E63.4852
G1 X126.266 Y113.458 E63.51277
G1 X126.564 Y112.862 E63.53493
G1 X126.702 Y112.8 E63.53996
G1 X127.713 Y112.8 E63.57359
G1 X127.8 Y112.713 E63.57768
G1 X127.8 Y111.285 E63.62518
G1 X127.714 Y111.2 E63.6292
G1 X126.702 Y111.2 E63.66286
G1 X126.566 Y111.138 E63.66783
G1 X126.356 Y110.744 E63.68264
G0 F4800 X126.262 Y110.568
G0 X125.637 Y110.901
G0 X124.838 Y112.75
;TYPE:SKIN
G1 F1800 X124.415 Y113.024 E63.6994
G1 X123.918 Y113.105 E63.71615
G1 X125.161 Y111.861 E63.77464
G1 X124.965 Y111.492 E63.78854
G1 X123.483 Y112.974 E63.85825
G1 X123.155 Y112.736 E63.87173
G1 X124.702 Y111.189 E63.94449
G1 X124.359 Y110.966 E63.9581
G1 X122.958 Y112.367 E64.024
G1 X122.735 Y111.952 E64.03967
G1 X123.044 Y111.434 E64.05973
G1 X123.538 Y110.983 E64.08198
G1 X123.866 Y110.891 E64.09331
G1 X122.761 Y111.999 E64.14536
G1 F1500 E54.14536
;MESH:NONMESH
G0 F1800 X122.761 Y111.999 Z1
G0 F4800 X120.43 Y112
G0 X119.335 Y112
G0 X113.346 Y115.306
G0 X112.587 Y115.519
G0 X111.799 Y115.563
G0 X110.921 Y115.415
G0 X104.665 Y112
G0 X103.57 Y112
G0 X97 Y112
;TIME_ELAPSED:127.878732
;LAYER:4
;TYPE:WALL-INNER
;MESH:I2C_LED_BTN-Body002.stl(4)
G1 F1500 E64.14536
G1 F2400 X97.276 Y112 E64.15454
G0 F4800 X99.555 Y110.188
G1 F2400 X99.221 Y110.271 E64.16598
G1 X98.756 Y110.574 E64.18444
G1 X98.403 Y110.98 E64.20234
G1 X98.048 Y111.695 E64.22889
G1 X97.276 Y112 E64.25649
G1 X98.038 Y112.301 E64.28374
G1 X98.566 Y113.294 E64.32115
G1 X99.186 Y113.727 E64.3463
G1 X99.783 Y113.896 E64.36694
G1 X100.311 Y113.867 E64.38453
G1 X100.809 Y113.727 E64.40173
G1 X101.431 Y113.291 E64.427
G1 X101.956 Y112.306 E64.46412
G1 X102.633 Y112 E64.48908
G1 X101.956 Y111.694 E64.51404
G1 X101.517 Y110.87 E64.54509
G1 X101.261 Y110.591 E64.55768
G1 X100.797 Y110.284 E64.57619
G1 X100.422 Y110.154 E64.58939
G1 X99.883 Y110.108 E64.60738
G1 X99.555 Y110.188 E64.61861
G0 F4800 X101.95 Y111.678
G0 X102.633 Y112
G1 F2400 X103 Y112 E64.63094
G0 F4800 X102.217 Y112.156
G0 X101.732 Y112.924
G0 X102.002 Y113.069
G1 F2400 X102.261 Y112.583 E64.64926
G1 X102.668 Y112.402 E64.66407
G1 X103.4 Y112.4 E64.68842
G1 X103.4 Y111.6 E64.71503
G1 X102.668 Y111.598 E64.73937
G1 X102.261 Y111.417 E64.75419
G1 X101.846 Y110.638 E64.78354
G1 X101.523 Y110.284 E64.79948
G1 X100.976 Y109.923 E64.82128
G1 X100.506 Y109.76 E64.83783
G1 X99.866 Y109.705 E64.85919
G1 X99.176 Y109.822 E64.88247
G1 X98.491 Y110.27 E64.90969
G1 X98.068 Y110.756 E64.93112
G1 X97.739 Y111.417 E64.95568
G1 X97.276 Y111.6 E64.97224
G1 X96.6 Y111.6 E64.99472
G1 X96.6 Y112.4 E65.02133
G1 X97.276 Y112.4 E65.04381
G1 X97.733 Y112.581 E65.06016
G1 X98.147 Y113.356 E65.08939
G1 X98.475 Y113.718 E65.10563
G1 X99.013 Y114.094 E65.12746
G1 X99.739 Y114.299 E65.15256
G1 X100.377 Y114.264 E65.17381
G1 X100.983 Y114.093 E65.19475
G1 X101.514 Y113.721 E65.21631
G1 X101.846 Y113.361 E65.2326
G1 X102.002 Y113.069 E65.24361
G0 F4800 X101.732 Y112.924
G0 X101.731 Y111.078
G0 X102.356 Y110.744
;TYPE:WALL-OUTER
G1 F2400 X102.175 Y110.405 E65.25636
G1 X101.785 Y109.978 E65.2756
G1 X101.154 Y109.561 E65.30075
G1 X100.59 Y109.366 E65.3206
G1 X99.849 Y109.302 E65.34534
G1 X99.029 Y109.442 E65.37301
G1 X98.225 Y109.965 E65.40491
G1 X97.732 Y110.532 E65.4299
G1 X97.431 Y111.139 E65.45243
G1 X97.276 Y111.2 E65.45797
G1 X96.283 Y111.2 E65.491
G1 X96.2 Y111.283 E65.4949
G1 X96.2 Y112.714 E65.5425
G1 X96.285 Y112.8 E65.54652
G1 X97.276 Y112.8 E65.57948
G1 X97.429 Y112.86 E65.58495
G1 X97.817 Y113.588 E65.61239
G1 X98.209 Y114.02 E65.63179
G1 X98.839 Y114.46 E65.65735
G1 X99.695 Y114.702 E65.68693
G1 X100.443 Y114.661 E65.71185
G1 X101.157 Y114.46 E65.73652
G1 X101.779 Y114.024 E65.76178
G1 X102.175 Y113.595 E65.7812
G1 X102.566 Y112.862 E65.80883
G1 X102.702 Y112.8 E65.8138
G1 X103.713 Y112.8 E65.84743
G1 X103.8 Y112.713 E65.85152
G1 X103.8 Y111.285 E65.89902
G1 X103.714 Y111.2 E65.90304
G1 X102.702 Y111.2 E65.9367
G1 X102.566 Y111.138 E65.94167
G1 X102.356 Y110.744 E65.95648
G0 F4800 X102.262 Y110.568
G0 X101.637 Y110.902
G0 X101.135 Y110.963
;TYPE:SKIN
G1 F1800 X100.638 Y110.634 E65.97631
G1 X100.408 Y110.591 E65.98409
G1 X101.544 Y111.726 E66.0375
G1 X101.69 Y112 E66.04783
G1 X101.538 Y112.286 E66.0586
G1 X99.775 Y110.523 E66.14152
G1 X99.336 Y110.65 E66.15672
G1 X101.341 Y112.655 E66.25103
G1 X101.106 Y112.985 E66.26451
G1 X98.997 Y110.876 E66.36371
G1 X98.733 Y111.178 E66.37705
G1 X100.799 Y113.244 E66.47423
G1 X100.637 Y113.38 E66.48126
G1 X100.406 Y113.417 E66.48904
G1 X98.542 Y111.553 E66.57672
G1 X98.312 Y111.888 E66.59024
G1 X99.92 Y113.496 E66.66587
G1 X99.359 Y113.381 E66.68492
G1 X98.784 Y112.894 E66.70998
G1 X98.486 Y112.334 E66.73108
G1 X98.227 Y111.999 E66.74516
G1 F1500 E56.74516
;MESH:I2C_LED_BTN-Body002.stl
G0 F4800 X103.57 Y112
G0 X104.665 Y112
G0 X107.335 Y112
G0 X108.43 Y112
G0 X109 Y112
;TYPE:WALL-INNER
G1 F1500 E66.74516
G1 F2400 X109.276 Y112 E66.75434
G0 F4800 X111.555 Y110.188
G1 F2400 X111.221 Y110.271 E66.76579
G1 X110.756 Y110.574 E66.78425
G1 X110.403 Y110.98 E66.80214
G1 X110.048 Y111.695 E66.8287
G1 X109.276 Y112 E66.8563
G1 X110.038 Y112.301 E66.88355
G1 X110.566 Y113.294 E66.92096
G1 X111.186 Y113.727 E66.94611
G1 X111.783 Y113.896 E66.96675
G1 X112.311 Y113.867 E66.98434
G1 X112.809 Y113.727 E67.00154
G1 X113.431 Y113.291 E67.02681
G1 X113.956 Y112.306 E67.06393
G1 X114.633 Y112 E67.08889
G1 X113.956 Y111.694 E67.11384
G1 X113.517 Y110.87 E67.1449
G1 X113.261 Y110.591 E67.15749
G1 X112.797 Y110.284 E67.176
G1 X112.422 Y110.154 E67.1892
G1 X111.883 Y110.108 E67.20719
G1 X111.555 Y110.188 E67.21842
G0 F4800 X113.95 Y111.678
G0 X114.633 Y112
G1 F2400 X115 Y112 E67.23075
G0 F4800 X114.217 Y112.156
G0 X113.732 Y112.924
G0 X114.002 Y113.069
G1 F2400 X114.261 Y112.583 E67.24906
G1 X114.668 Y112.402 E67.26388
G1 X115.4 Y112.4 E67.28823
G1 X115.4 Y111.6 E67.31483
G1 X114.668 Y111.598 E67.33918
G1 X114.261 Y111.417 E67.354
G1 X113.846 Y110.638 E67.38335
G1 X113.523 Y110.284 E67.39929
G1 X112.976 Y109.923 E67.42109
G1 X112.506 Y109.76 E67.43764
G1 X111.866 Y109.705 E67.459
G1 X111.176 Y109.822 E67.48228
G1 X110.491 Y110.27 E67.5095
G1 X110.068 Y110.756 E67.53093
G1 X109.739 Y111.417 E67.55549
G1 X109.276 Y111.6 E67.57205
G1 X108.6 Y111.6 E67.59453
G1 X108.6 Y112.4 E67.62114
G1 X109.276 Y112.4 E67.64362
G1 X109.733 Y112.581 E67.65997
G1 X110.147 Y113.356 E67.68919
G1 X110.475 Y113.718 E67.70544
G1 X111.013 Y114.094 E67.72727
G1 X111.739 Y114.299 E67.75236
G1 X112.377 Y114.264 E67.77362
G1 X112.983 Y114.093 E67.79456
G1 X113.514 Y113.721 E67.81612
G1 X113.846 Y113.361 E67.83241
G1 X114.002 Y113.069 E67.84342
G0 F4800 X113.732 Y112.924
G0 X113.731 Y111.078
G0 X114.356 Y110.744
;TYPE:WALL-OUTER
G1 F2400 X114.175 Y110.405 E67.85617
G1 X113.785 Y109.978 E67.87541
G1 X113.154 Y109.561 E67.90056
G1 X112.59 Y109.366 E67.92041
G1 X111.849 Y109.302 E67.94515
G1 X111.029 Y109.442 E67.97282
G1 X110.225 Y109.965 E68.00472
G1 X109.732 Y110.532 E68.02971
G1 X109.431 Y111.139 E68.05224
G1 X109.276 Y111.2 E68.05778
G1 X108.283 Y111.2 E68.09081
G1 X108.2 Y111.283 E68.09471
G1 X108.2 Y112.714 E68.14231
G1 X108.285 Y112.8 E68.14633
G1 X109.276 Y112.8 E68.17929
G1 X109.429 Y112.86 E68.18476
G1 X109.817 Y113.588 E68.21219
G1 X110.209 Y114.02 E68.2316
G1 X110.839 Y114.46 E68.25716
G1 X111.695 Y114.702 E68.28674
G1 X112.443 Y114.661 E68.31166
G1 X113.157 Y114.46 E68.33633
G1 X113.779 Y114.024 E68.36159
G1 X114.175 Y113.595 E68.38101
G1 X114.566 Y112.862 E68.40864
G1 X114.702 Y112.8 E68.41361
G1 X115.713 Y112.8 E68.44724
G1 X115.8 Y112.713 E68.45133
G1 X115.8 Y111.285 E68.49883
G1 X115.714 Y111.2 E68.50285
G1 X114.702 Y111.2 E68.53651
G1 X114.566 Y111.138 E68.54148
G1 X114.356 Y110.744 E68.55629
G0 F4800 X114.262 Y110.568
G0 X113.637 Y110.902
G0 X113.135 Y110.963
;TYPE:SKIN
G1 F1800 X112.638 Y110.634 E68.57612
G1 X111.895 Y110.493 E68.60127
G1 X111.678 Y110.546 E68.6087
G1 X113.496 Y112.365 E68.69424
G1 X113.299 Y112.733 E68.70812
G1 X111.263 Y110.698 E68.80386
G1 X110.941 Y110.941 E68.81728
G1 X113.04 Y113.04 E68.91601
G1 X112.733 Y113.298 E68.92935
G1 X110.69 Y111.256 E69.02542
G1 X110.502 Y111.633 E69.03943
G1 X112.303 Y113.434 E69.12415
G1 X111.828 Y113.512 E69.14016
G1 X111.359 Y113.381 E69.15635
G1 X110.784 Y112.894 E69.18141
G1 X110.312 Y112.009 E69.21477
G1 X111.81 Y113.507 E69.28524
G0 F4800 X113.682 Y111.985
G1 F1800 X112.26 Y110.563 E69.35212
G1 F1500 E59.35212
;MESH:I2C_LED_BTN-Body002.stl(3)
G0 F4800 X114.466 Y111.427
G0 X115.117 Y110.341
G0 X115.978 Y110.339
G0 X119.335 Y111.427
G0 X120.43 Y111.427
G0 X121 Y112
;TYPE:WALL-INNER
G1 F1500 E69.35212
G1 F2400 X121.276 Y112 E69.3613
G0 F4800 X123.555 Y110.188
G1 F2400 X123.221 Y110.271 E69.37275
G1 X122.756 Y110.574 E69.39121
G1 X122.403 Y110.98 E69.4091
G1 X122.048 Y111.695 E69.43565
G1 X121.276 Y112 E69.46326
G1 X122.038 Y112.301 E69.49051
G1 X122.566 Y113.294 E69.52792
G1 X123.186 Y113.727 E69.55307
G1 X123.783 Y113.896 E69.57371
G1 X124.311 Y113.867 E69.59129
G1 X124.809 Y113.727 E69.6085
G1 X125.431 Y113.291 E69.63376
G1 X125.956 Y112.306 E69.67089
G1 X126.633 Y112 E69.69585
G1 X125.956 Y111.694 E69.7208
G1 X125.517 Y110.87 E69.75186
G1 X125.261 Y110.591 E69.76445
G1 X124.797 Y110.284 E69.78296
G1 X124.422 Y110.154 E69.79616
G1 X123.883 Y110.108 E69.81415
G1 X123.555 Y110.188 E69.82538
G0 F4800 X125.95 Y111.678
G0 X126.633 Y112
G1 F2400 X127 Y112 E69.83771
G0 F4800 X126.217 Y112.156
G0 X125.732 Y112.924
G0 X126.002 Y113.069
G1 F2400 X126.261 Y112.583 E69.85602
G1 X126.668 Y112.402 E69.87084
G1 X127.4 Y112.4 E69.89518
G1 X127.4 Y111.6 E69.92179
G1 X126.668 Y111.598 E69.94614
G1 X126.261 Y111.417 E69.96095
G1 X125.846 Y110.638 E69.99031
G1 X125.523 Y110.284 E70.00625
G1 X124.976 Y109.923 E70.02805
G1 X124.506 Y109.76 E70.04459
G1 X123.866 Y109.705 E70.06596
G1 X123.176 Y109.822 E70.08924
G1 X122.491 Y110.27 E70.11646
G1 X122.068 Y110.756 E70.13789
G1 X121.739 Y111.417 E70.16245
G1 X121.276 Y111.6 E70.179
G1 X120.6 Y111.6 E70.20149
G1 X120.6 Y112.4 E70.2281
G1 X121.276 Y112.4 E70.25058
G1 X121.733 Y112.581 E70.26693
G1 X122.147 Y113.356 E70.29615
G1 X122.475 Y113.718 E70.3124
G1 X123.013 Y114.094 E70.33423
G1 X123.739 Y114.299 E70.35932
G1 X124.377 Y114.264 E70.38057
G1 X124.983 Y114.093 E70.40152
G1 X125.514 Y113.721 E70.42308
G1 X125.846 Y113.361 E70.43937
G1 X126.002 Y113.069 E70.45038
G0 F4800 X125.732 Y112.924
G0 X125.731 Y111.078
G0 X126.356 Y110.744
;TYPE:WALL-OUTER
G1 F2400 X126.175 Y110.405 E70.46313
G1 X125.785 Y109.978 E70.48236
G1 X125.154 Y109.561 E70.50752
G1 X124.59 Y109.366 E70.52737
G1 X123.849 Y109.302 E70.55211
G1 X123.029 Y109.442 E70.57977
G1 X122.225 Y109.965 E70.61167
G1 X121.732 Y110.532 E70.63666
G1 X121.431 Y111.139 E70.6592
G1 X121.276 Y111.2 E70.66474
G1 X120.283 Y111.2 E70.69777
G1 X120.2 Y111.283 E70.70167
G1 X120.2 Y112.714 E70.74927
G1 X120.285 Y112.8 E70.75329
G1 X121.276 Y112.8 E70.78625
G1 X121.429 Y112.86 E70.79172
G1 X121.817 Y113.588 E70.81915
G1 X122.209 Y114.02 E70.83855
G1 X122.839 Y114.46 E70.86411
G1 X123.695 Y114.702 E70.8937
G1 X124.443 Y114.661 E70.91862
G1 X125.157 Y114.46 E70.94329
G1 X125.779 Y114.024 E70.96855
G1 X126.175 Y113.595 E70.98797
G1 X126.566 Y112.862 E71.0156
G1 X126.702 Y112.8 E71.02057
G1 X127.713 Y112.8 E71.0542
G1 X127.8 Y112.713 E71.05829
G1 X127.8 Y111.285 E71.10579
G1 X127.714 Y111.2 E71.10981
G1 X126.702 Y111.2 E71.14347
G1 X126.566 Y111.138 E71.14844
G1 X126.356 Y110.744 E71.16325
G0 F4800 X126.262 Y110.568
G0 X125.637 Y110.902
G0 X125.169 Y111.027
;TYPE:SKIN
G1 F1800 X124.637 Y110.634 E71.18525
G1 X124.11 Y110.534 E71.20309
G1 X125.651 Y112.074 E71.27555
G1 X125.453 Y112.443 E71.28948
G1 X123.58 Y110.57 E71.37758
G1 X123.19 Y110.745 E71.3918
G1 X125.257 Y112.812 E71.48902
G1 X124.974 Y113.095 E71.50233
G1 X122.885 Y111.005 E71.60062
G1 X122.65 Y111.336 E71.61412
G1 X124.667 Y113.353 E71.70899
G1 X124.199 Y113.451 E71.72489
G1 X122.454 Y111.706 E71.80697
G1 X122.207 Y112.025 E71.82039
G1 X123.642 Y113.46 E71.88789
G1 X123.359 Y113.38 E71.89767
G1 X122.784 Y112.895 E71.92269
G1 X122.486 Y112.334 E71.94382
G1 F1500 E61.94382
;MESH:NONMESH
G0 F1800 X122.486 Y112.334 Z1.2
G0 F4800 X120.43 Y112
G0 X119.335 Y112
G0 X113.539 Y108.78
G0 X112.775 Y108.516
G0 X111.823 Y108.436
G0 X111.034 Y108.566
G0 X104.665 Y112
G0 X103.57 Y112
G0 X97 Y112
;TIME_ELAPSED:138.652542
;LAYER:5
;TYPE:WALL-INNER
;MESH:I2C_LED_BTN-Body002.stl(4)
G1 F1500 E71.94382
G1 F2400 X97.276 Y112 E71.953
G0 F4800 X100.638 Y113.293
G1 F2400 X100.966 Y113.131 E71.96517
G1 X101.263 Y112.785 E71.98033
G1 X101.745 Y112 E72.01097
G1 X101.484 Y111.66 E72.02523
G1 X101.187 Y111.102 E72.04625
G1 X100.927 Y110.817 E72.05908
G1 X100.239 Y110.527 E72.08392
G1 X99.702 Y110.538 E72.10178
G1 X99.036 Y110.862 E72.12641
G1 X98.739 Y111.207 E72.14155
G1 X98.441 Y111.777 E72.16295
G1 X98.253 Y112 E72.17265
G1 X98.441 Y112.223 E72.18235
G1 X98.734 Y112.785 E72.20343
G1 X99.267 Y113.295 E72.22797
G1 X99.875 Y113.484 E72.24914
G1 X100.324 Y113.448 E72.26412
G1 X100.638 Y113.293 E72.27577
G0 F4800 X99.95 Y110.138
G1 F2400 X99.603 Y110.148 E72.28732
G1 X99.09 Y110.338 E72.30551
G1 X98.766 Y110.562 E72.31861
G1 X98.403 Y110.983 E72.3371
G1 X98.073 Y111.644 E72.36167
G1 X97.724 Y111.895 E72.37597
G1 X97.276 Y112 E72.39128
G1 X97.724 Y112.105 E72.40658
G1 X98.133 Y112.476 E72.42495
G1 X98.399 Y113.009 E72.44476
G1 X98.764 Y113.432 E72.46334
G1 X99.079 Y113.652 E72.47612
G1 X99.729 Y113.897 E72.49923
G1 X100.412 Y113.842 E72.52202
G1 X100.913 Y113.655 E72.5398
G1 X101.236 Y113.431 E72.55288
G1 X101.599 Y113.007 E72.57144
G1 X101.946 Y112.311 E72.59731
G1 X102.633 Y112 E72.62264
G1 X101.956 Y111.694 E72.6476
G1 X101.516 Y110.87 E72.67867
G1 X101.178 Y110.498 E72.69538
G1 X100.711 Y110.245 E72.71305
G1 X100.304 Y110.129 E72.72712
G1 X99.95 Y110.138 E72.7389
G0 F4800 X102.216 Y111.844
G0 X102.633 Y112
G1 F2400 X103 Y112 E72.75123
G0 F4800 X102.198 Y112.157
G0 X100.157 Y113.956
G0 X100.182 Y114.262
G1 F2400 X100.5 Y114.236 E72.76184
G1 X101.099 Y114.012 E72.78311
G1 X101.506 Y113.73 E72.79958
G1 X101.935 Y113.23 E72.82149
G1 X102.255 Y112.586 E72.84541
G1 X102.668 Y112.402 E72.86045
G1 X103.4 Y112.4 E72.8848
G1 X103.4 Y111.6 E72.9114
G1 X102.668 Y111.598 E72.93575
G1 X102.261 Y111.417 E72.95057
G1 X101.846 Y110.637 E72.97995
G1 X101.428 Y110.179 E73.00058
G1 X100.863 Y109.872 E73.02196
G1 X100.37 Y109.732 E73.03901
G1 X99.669 Y109.697 E73.06235
G1 X98.904 Y109.981 E73.08949
G1 X98.497 Y110.262 E73.10594
G1 X98.068 Y110.76 E73.12781
G1 X97.776 Y111.333 E73.1492
G1 X97.474 Y111.6 E73.1626
G1 X96.6 Y111.6 E73.19167
G1 X96.6 Y112.4 E73.21828
G1 X97.474 Y112.4 E73.24735
G1 X97.776 Y112.667 E73.26076
G1 X98.064 Y113.232 E73.28185
G1 X98.494 Y113.731 E73.30376
G1 X98.891 Y114.008 E73.31986
G1 X99.67 Y114.303 E73.34756
G1 X100.182 Y114.262 E73.36465
G0 F4800 X100.157 Y113.956
G0 X101.493 Y113.275
G0 X102.027 Y113.737
;TYPE:WALL-OUTER
G1 F2400 X102.271 Y113.452 E73.37713
G1 X102.564 Y112.863 E73.39901
G1 X102.702 Y112.8 E73.40405
G1 X103.713 Y112.8 E73.43768
G1 X103.8 Y112.713 E73.44177
G1 X103.8 Y111.285 E73.48927
G1 X103.714 Y111.2 E73.49329
G1 X102.702 Y111.2 E73.52695
G1 X102.566 Y111.138 E73.53192
G1 X102.175 Y110.405 E73.55955
G1 X101.678 Y109.86 E73.58408
G1 X101.015 Y109.499 E73.60919
G1 X100.435 Y109.335 E73.62924
G1 X99.609 Y109.293 E73.65675
G1 X98.718 Y109.623 E73.68835
G1 X98.227 Y109.962 E73.70819
G1 X97.732 Y110.536 E73.7334
G1 X97.398 Y111.2 E73.75812
G1 X96.283 Y111.2 E73.79521
G1 X96.2 Y111.283 E73.79911
G1 X96.2 Y112.714 E73.84671
G1 X96.285 Y112.8 E73.85073
G1 X97.398 Y112.8 E73.88775
G1 X97.728 Y113.456 E73.91217
G1 X98.224 Y114.03 E73.9374
G1 X98.703 Y114.365 E73.95685
G1 X99.402 Y114.629 E73.9817
G1 X99.839 Y114.69 E73.99637
G1 X100.588 Y114.63 E74.02136
G1 X101.286 Y114.369 E74.04615
G1 X101.776 Y114.03 E74.06597
G1 X102.027 Y113.737 E74.0788
G0 F4800 X102.157 Y113.585
G0 X101.623 Y113.123
G0 X101.244 Y112.02
;TYPE:SKIN
G1 F1800 X100.184 Y113.079 E74.12864
G1 X100.23 Y113.075 E74.13017
G1 X100.817 Y112.788 E74.1519
G1 X101.259 Y112.048 E74.18057
G1 X101.048 Y111.65 E74.19555
G1 X99.671 Y113.027 E74.26032
G1 X99.312 Y112.82 E74.27411
G1 X100.851 Y111.281 E74.3465
G1 X100.791 Y111.166 E74.35081
G1 X100.517 Y111.05 E74.36071
G1 X99.032 Y112.534 E74.43053
G1 X98.752 Y112 E74.45059
G1 X99.056 Y111.421 E74.47234
G1 X99.283 Y111.158 E74.48389
G1 X99.794 Y110.913 E74.50274
G1 X100.094 Y110.907 E74.51272
G1 X98.838 Y112.163 E74.5718
G1 F1500 E64.5718
;MESH:I2C_LED_BTN-Body002.stl
G0 F4800 X103.57 Y112
G0 X104.665 Y112
G0 X107.335 Y112
G0 X108.43 Y112
G0 X109 Y112
;TYPE:WALL-INNER
G1 F1500 E74.5718
G1 F2400 X109.276 Y112 E74.58098
G0 F4800 X112.638 Y113.293
G1 F2400 X112.966 Y113.131 E74.59315
G1 X113.263 Y112.785 E74.60831
G1 X113.745 Y112 E74.63895
G1 X113.484 Y111.66 E74.65321
G1 X113.187 Y111.102 E74.67423
G1 X112.927 Y110.817 E74.68706
G1 X112.239 Y110.527 E74.7119
G1 X111.702 Y110.538 E74.72976
G1 X111.036 Y110.862 E74.7544
G1 X110.739 Y111.207 E74.76954
G1 X110.441 Y111.777 E74.79093
G1 X110.253 Y112 E74.80063
G1 X110.441 Y112.223 E74.81033
G1 X110.734 Y112.785 E74.83141
G1 X111.267 Y113.295 E74.85595
G1 X111.875 Y113.484 E74.87712
G1 X112.324 Y113.448 E74.89211
G1 X112.638 Y113.293 E74.90375
G0 F4800 X111.95 Y110.138
G1 F2400 X111.603 Y110.148 E74.9153
G1 X111.09 Y110.338 E74.93349
G1 X110.766 Y110.562 E74.94659
G1 X110.403 Y110.983 E74.96508
G1 X110.073 Y111.644 E74.98966
G1 X109.724 Y111.895 E75.00395
G1 X109.276 Y112 E75.01926
G1 X109.724 Y112.105 E75.03456
G1 X110.133 Y112.476 E75.05293
G1 X110.399 Y113.009 E75.07274
G1 X110.764 Y113.432 E75.09132
G1 X111.079 Y113.652 E75.1041
G1 X111.729 Y113.897 E75.12721
G1 X112.412 Y113.842 E75.15
G1 X112.913 Y113.655 E75.16778
G1 X113.236 Y113.431 E75.18086
G1 X113.599 Y113.007 E75.19942
G1 X113.946 Y112.311 E75.22529
G1 X114.633 Y112 E75.25062
G1 X113.956 Y111.694 E75.27558
G1 X113.516 Y110.87 E75.30665
G1 X113.178 Y110.498 E75.32336
G1 X112.711 Y110.245 E75.34103
G1 X112.304 Y110.129 E75.35511
G1 X111.95 Y110.138 E75.36688
G0 F4800 X114.216 Y111.844
G0 X114.633 Y112
G1 F2400 X115 Y112 E75.37921
G0 F4800 X114.198 Y112.157
G0 X112.157 Y113.956
G0 X112.182 Y114.262
G1 F2400 X112.5 Y114.236 E75.38982
G1 X113.099 Y114.012 E75.41109
G1 X113.506 Y113.73 E75.42756
G1 X113.935 Y113.23 E75.44948
G1 X114.255 Y112.586 E75.47339
G1 X114.668 Y112.402 E75.48843
G1 X115.4 Y112.4 E75.51278
G1 X115.4 Y111.6 E75.53939
G1 X114.668 Y111.598 E75.56373
G1 X114.261 Y111.417 E75.57855
G1 X113.846 Y110.637 E75.60793
G1 X113.428 Y110.179 E75.62856
G1 X112.863 Y109.872 E75.64995
G1 X112.37 Y109.732 E75.66699
G1 X111.669 Y109.697 E75.69034
G1 X110.904 Y109.981 E75.71748
G1 X110.497 Y110.262 E75.73393
G1 X110.068 Y110.76 E75.75579
G1 X109.776 Y111.333 E75.77718
G1 X109.474 Y111.6 E75.79058
G1 X108.6 Y111.6 E75.81965
G1 X108.6 Y112.4 E75.84626
G1 X109.474 Y112.4 E75.87533
G1 X109.776 Y112.667 E75.88874
G1 X110.064 Y113.232 E75.90983
G1 X110.494 Y113.731 E75.93174
G1 X110.891 Y114.008 E75.94784
G1 X111.67 Y114.303 E75.97555
G1 X112.182 Y114.262 E75.99263
G0 F4800 X112.157 Y113.956
G0 X113.493 Y113.275
G0 X114.027 Y113.737
;TYPE:WALL-OUTER
G1 F2400 X114.271 Y113.452 E76.00511
G1 X114.564 Y112.863 E76.02699
G1 X114.702 Y112.8 E76.03203
G1 X115.713 Y112.8 E76.06566
G1 X115.8 Y112.713 E76.06975
G1 X115.8 Y111.285 E76.11725
G1 X115.714 Y111.2 E76.12127
G1 X114.702 Y111.2 E76.15493
G1 X114.566 Y111.138 E76.1599
G1 X114.175 Y110.405 E76.18753
G1 X113.678 Y109.86 E76.21206
G1 X113.015 Y109.499 E76.23717
G1 X112.435 Y109.335 E76.25722
G1 X111.609 Y109.293 E76.28473
G1 X110.718 Y109.623 E76.31633
G1 X110.227 Y109.962 E76.33617
G1 X109.732 Y110.536 E76.36138
G1 X109.398 Y111.2 E76.38611
G1 X108.283 Y111.2 E76.42319
G1 X108.2 Y111.283 E76.4271
G1 X108.2 Y112.714 E76.47469
G1 X108.285 Y112.8 E76.47871
G1 X109.398 Y112.8 E76.51573
G1 X109.728 Y113.456 E76.54015
G1 X110.224 Y114.03 E76.56539
G1 X110.703 Y114.365 E76.58483
G1 X111.402 Y114.629 E76.60968
G1 X111.839 Y114.69 E76.62435
G1 X112.588 Y114.63 E76.64935
G1 X113.286 Y114.369 E76.67413
G1 X113.776 Y114.03 E76.69395
G1 X114.027 Y113.737 E76.70678
G0 F4800 X114.157 Y113.585
G0 X113.623 Y113.123
G0 X112.229 Y113.075
;TYPE:SKIN
G1 F1800 X112.817 Y112.788 E76.72854
G1 X113.259 Y112.048 E76.75721
G1 X113.201 Y111.941 E76.76126
G1 X112.054 Y113.089 E76.81524
G1 X111.579 Y112.998 E76.83132
G1 X113.006 Y111.572 E76.89842
G1 X112.81 Y111.202 E76.91235
G1 X111.251 Y112.761 E76.98568
G1 X110.992 Y112.454 E76.99904
G1 X112.431 Y111.014 E77.06675
G1 X111.971 Y110.909 E77.08244
G1 X110.797 Y112.083 E77.13766
G1 X110.752 Y111.999 E77.14083
G1 X111.056 Y111.421 E77.16255
G1 X111.283 Y111.159 E77.17408
G1 X111.794 Y110.912 E77.19296
G1 F1500 E67.19296
;MESH:I2C_LED_BTN-Body002.stl(3)
G0 F4800 X115.57 Y112
G0 X116.665 Y112
G0 X119.335 Y112
G0 X120.43 Y112
G0 X121 Y112
;TYPE:WALL-INNER
G1 F1500 E77.19296
G1 F2400 X121.276 Y112 E77.20214
G0 F4800 X124.638 Y113.293
G1 F2400 X124.966 Y113.131 E77.2143
G1 X125.263 Y112.785 E77.22947
G1 X125.745 Y112 E77.26011
G1 X125.484 Y111.66 E77.27437
G1 X125.187 Y111.102 E77.29539
G1 X124.927 Y110.817 E77.30822
G1 X124.239 Y110.527 E77.33305
G1 X123.702 Y110.538 E77.35092
G1 X123.036 Y110.862 E77.37555
G1 X122.739 Y111.207 E77.39069
G1 X122.441 Y111.777 E77.41209
G1 X122.253 Y112 E77.42179
G1 X122.441 Y112.223 E77.43149
G1 X122.734 Y112.785 E77.45257
G1 X123.267 Y113.295 E77.4771
G1 X123.875 Y113.484 E77.49828
G1 X124.324 Y113.448 E77.51326
G1 X124.638 Y113.293 E77.52491
G0 F4800 X123.95 Y110.138
G1 F2400 X123.603 Y110.148 E77.53645
G1 X123.09 Y110.338 E77.55465
G1 X122.766 Y110.562 E77.56775
G1 X122.403 Y110.983 E77.58624
G1 X122.073 Y111.644 E77.61081
G1 X121.724 Y111.895 E77.62511
G1 X121.276 Y112 E77.64041
G1 X121.724 Y112.105 E77.65572
G1 X122.133 Y112.476 E77.67408
G1 X122.399 Y113.009 E77.6939
G1 X122.764 Y113.432 E77.71248
G1 X123.079 Y113.652 E77.72526
G1 X123.729 Y113.897 E77.74836
G1 X124.412 Y113.842 E77.77115
G1 X124.913 Y113.655 E77.78894
G1 X125.236 Y113.431 E77.80201
G1 X125.599 Y113.007 E77.82058
G1 X125.946 Y112.311 E77.84644
G1 X126.633 Y112 E77.87178
G1 X125.956 Y111.694 E77.89673
G1 X125.516 Y110.87 E77.9278
G1 X125.178 Y110.498 E77.94452
G1 X124.711 Y110.245 E77.96219
G1 X124.304 Y110.129 E77.97626
G1 X123.95 Y110.138 E77.98804
G0 F4800 X126.216 Y111.844
G0 X126.633 Y112
G1 F2400 X127 Y112 E78.00037
G0 F4800 X126.198 Y112.157
G0 X124.157 Y113.956
G0 X124.182 Y114.262
G1 F2400 X124.5 Y114.236 E78.01098
G1 X125.099 Y114.012 E78.03225
G1 X125.506 Y113.73 E78.04872
G1 X125.935 Y113.23 E78.07063
G1 X126.255 Y112.586 E78.09455
G1 X126.668 Y112.402 E78.10959
G1 X127.4 Y112.4 E78.13393
G1 X127.4 Y111.6 E78.16054
G1 X126.668 Y111.598 E78.18489
G1 X126.261 Y111.417 E78.1997
G1 X125.846 Y110.637 E78.22909
G1 X125.428 Y110.179 E78.24971
G1 X124.863 Y109.872 E78.2711
G1 X124.37 Y109.732 E78.28815
G1 X123.669 Y109.697 E78.31149
G1 X122.904 Y109.981 E78.33863
G1 X122.497 Y110.262 E78.35508
G1 X122.068 Y110.76 E78.37694
G1 X121.776 Y111.333 E78.39833
G1 X121.474 Y111.6 E78.41174
G1 X120.6 Y111.6 E78.44081
G1 X120.6 Y112.4 E78.46742
G1 X121.474 Y112.4 E78.49649
G1 X121.776 Y112.667 E78.5099
G1 X122.064 Y113.232 E78.53099
G1 X122.494 Y113.731 E78.5529
G1 X122.891 Y114.008 E78.569
G1 X123.67 Y114.303 E78.5967
G1 X124.182 Y114.262 E78.61379
G0 F4800 X124.157 Y113.956
G0 X125.493 Y113.275
G0 X126.027 Y113.737
;TYPE:WALL-OUTER
G1 F2400 X126.271 Y113.452 E78.62626
G1 X126.564 Y112.863 E78.64814
G1 X126.702 Y112.8 E78.65319
G1 X127.713 Y112.8 E78.68682
G1 X127.8 Y112.713 E78.69091
G1 X127.8 Y111.285 E78.7384
G1 X127.714 Y111.2 E78.74243
G1 X126.702 Y111.2 E78.77609
G1 X126.566 Y111.138 E78.78106
G1 X126.175 Y110.405 E78.80869
G1 X125.678 Y109.86 E78.83322
G1 X125.015 Y109.499 E78.85833
G1 X124.435 Y109.335 E78.87838
G1 X123.609 Y109.293 E78.90588
G1 X122.718 Y109.623 E78.93749
G1 X122.227 Y109.962 E78.95733
G1 X121.732 Y110.536 E78.98254
G1 X121.398 Y111.2 E79.00726
G1 X120.283 Y111.2 E79.04435
G1 X120.2 Y111.283 E79.04825
G1 X120.2 Y112.714 E79.09585
G1 X120.285 Y112.8 E79.09987
G1 X121.398 Y112.8 E79.13689
G1 X121.728 Y113.456 E79.16131
G1 X122.224 Y114.03 E79.18654
G1 X122.703 Y114.365 E79.20598
G1 X123.402 Y114.629 E79.23084
G1 X123.839 Y114.69 E79.24551
G1 X124.588 Y114.63 E79.2705
G1 X125.286 Y114.369 E79.29529
G1 X125.776 Y114.03 E79.31511
G1 X126.027 Y113.737 E79.32794
G0 F4800 X126.157 Y113.585
G0 X125.623 Y113.123
G0 X124.842 Y112.746
;TYPE:SKIN
G1 F1800 X124.784 Y112.804 E79.33067
G1 X124.229 Y113.075 E79.35121
G1 X123.922 Y113.1 E79.36145
G1 X125.16 Y111.862 E79.41968
G1 X124.963 Y111.493 E79.4336
G1 X123.488 Y112.969 E79.503
G1 X123.189 Y112.702 E79.51633
G1 X124.744 Y111.147 E79.58948
G1 X124.346 Y110.979 E79.60384
G1 X122.95 Y112.376 E79.66953
G1 X122.752 Y112 E79.68366
G1 X123.056 Y111.421 E79.70542
G1 X123.283 Y111.158 E79.71697
G1 X123.794 Y110.912 E79.73583
G1 X123.849 Y110.91 E79.73766
G1 X122.755 Y112.004 E79.78912
G1 F1500 E69.78912
;MESH:NONMESH
G0 F1800 X122.755 Y112.004 Z1.4
G0 F4800 X120.43 Y112
G0 X119.335 Y112
G0 X113.692 Y115.143
G0 X112.776 Y115.485
G0 X111.813 Y115.564
G0 X111.191 Y115.475
G0 X110.466 Y115.201
G0 X104.665 Y112
G0 X103.57 Y112
G0 X97 Y112
;TIME_ELAPSED:149.401453
;LAYER:6
;TYPE:WALL-INNER
;MESH:I2C_LED_BTN-Body002.stl(4)
G1 F1500 E79.78912
G1 F2400 X97.276 Y112 E79.7983
G0 F4800 X99.305 Y110.285
G1 F2400 X98.92 Y110.441 E79.81212
G1 X98.418 Y110.957 E79.83606
G1 X98.053 Y111.681 E79.86303
G1 X97.276 Y112 E79.89097
G1 X98.056 Y112.321 E79.91902
G1 X98.396 Y113.006 E79.94446
G1 X98.754 Y113.422 E79.96271
G1 X99.186 Y113.728 E79.98032
G1 X99.78 Y113.896 E80.00085
G1 X100.31 Y113.867 E80.0185
G1 X100.806 Y113.727 E80.03564
G1 X101.233 Y113.43 E80.05294
G1 X101.6 Y113.005 E80.07162
G1 X101.937 Y112.348 E80.09618
G1 X102.27 Y112.106 E80.10987
G1 X102.633 Y112 E80.12257
G1 X102.27 Y111.894 E80.13528
G1 X101.886 Y111.553 E80.15236
G1 X101.712 Y111.189 E80.16578
G1 X101.279 Y110.556 E80.19129
G1 X100.616 Y110.195 E80.21639
G1 X100.107 Y110.109 E80.23356
G1 X99.679 Y110.133 E80.24782
G1 X99.305 Y110.285 E80.26125
G0 F4800 X101.883 Y111.687
G0 X102.633 Y112
G1 F2400 X103 Y112 E80.27358
G0 F4800 X102.198 Y112.157
G0 X101.485 Y113.283
G0 X101.716 Y113.484
G1 F2400 X101.936 Y113.229 E80.28478
G1 X102.219 Y112.668 E80.30568
G1 X102.518 Y112.402 E80.31899
G1 X103.4 Y112.4 E80.34832
G1 X103.4 Y111.6 E80.37493
G1 X102.518 Y111.598 E80.40427
G1 X102.219 Y111.332 E80.41758
G1 X102.064 Y110.995 E80.42992
G1 X101.691 Y110.45 E80.45188
G1 X101.314 Y110.12 E80.46855
G1 X100.749 Y109.811 E80.48996
G1 X100.13 Y109.707 E80.51084
G1 X99.612 Y109.736 E80.5281
G1 X99.146 Y109.868 E80.54421
G1 X98.691 Y110.11 E80.56135
G1 X98.165 Y110.57 E80.58459
G1 X97.742 Y111.408 E80.61581
G1 X97.276 Y111.6 E80.63257
G1 X96.6 Y111.6 E80.65506
G1 X96.6 Y112.4 E80.68166
G1 X97.276 Y112.4 E80.70415
G1 X97.744 Y112.593 E80.72099
G1 X98.06 Y113.229 E80.74461
G1 X98.483 Y113.72 E80.76616
G1 X99.011 Y114.094 E80.78768
G1 X99.736 Y114.299 E80.81274
G1 X100.376 Y114.264 E80.83406
G1 X100.98 Y114.093 E80.85494
G1 X101.503 Y113.73 E80.87611
G1 X101.716 Y113.484 E80.88693
G0 F4800 X102.019 Y113.744
;TYPE:WALL-OUTER
G1 F2400 X102.272 Y113.452 E80.89979
G1 X102.553 Y112.889 E80.92071
G1 X102.702 Y112.8 E80.92649
G1 X103.713 Y112.8 E80.96011
G1 X103.8 Y112.713 E80.9642
G1 X103.8 Y111.285 E81.0117
G1 X103.714 Y111.2 E81.01572
G1 X102.689 Y111.2 E81.04981
G1 X101.993 Y110.182 E81.09083
G1 X101.544 Y109.79 E81.11065
G1 X100.881 Y109.428 E81.13578
G1 X100.152 Y109.305 E81.16037
G1 X99.546 Y109.339 E81.18055
G1 X98.996 Y109.495 E81.19957
G1 X98.463 Y109.778 E81.21964
G1 X97.843 Y110.32 E81.24703
G1 X97.432 Y111.136 E81.27742
G1 X97.276 Y111.2 E81.28303
G1 X96.283 Y111.2 E81.31605
G1 X96.2 Y111.283 E81.31996
G1 X96.2 Y112.714 E81.36755
G1 X96.285 Y112.8 E81.37158
G1 X97.276 Y112.8 E81.40454
G1 X97.433 Y112.865 E81.41019
G1 X97.724 Y113.452 E81.43198
G1 X98.212 Y114.018 E81.45684
G1 X98.836 Y114.46 E81.48227
G1 X99.691 Y114.702 E81.51182
G1 X100.442 Y114.661 E81.53684
G1 X101.153 Y114.46 E81.56141
G1 X101.773 Y114.03 E81.58651
G1 X102.019 Y113.744 E81.59906
G0 F4800 X102.15 Y113.593
G0 X101.617 Y113.131
G0 X101.108 Y110.981
;TYPE:SKIN
G1 F1800 X100.49 Y110.562 E81.62389
G1 X100.372 Y110.555 E81.62782
G1 X101.816 Y112 E81.69577
G1 X101.542 Y112.29 E81.70904
G1 X99.768 Y110.516 E81.79248
G1 X99.357 Y110.671 E81.80709
G1 X101.349 Y112.663 E81.90079
G1 X101.111 Y112.991 E81.91427
G1 X99.01 Y110.889 E82.01311
G1 X98.731 Y111.176 E82.02643
G1 X100.814 Y113.259 E82.1244
G1 X100.406 Y113.417 E82.13896
G1 X98.542 Y111.552 E82.22666
G1 X98.352 Y111.929 E82.2407
G1 X99.921 Y113.497 E82.31448
G1 X99.352 Y113.38 E82.3338
G1 X99.013 Y113.141 E82.34759
G1 X98.711 Y112.79 E82.36299
G1 X98.241 Y111.997 E82.39365
G1 X98.338 Y111.958 E82.39713
G1 F1500 E72.39713
;MESH:I2C_LED_BTN-Body002.stl
G0 F4800 X103.57 Y112
G0 X104.665 Y112
G0 X107.335 Y112
G0 X108.43 Y112
G0 X109 Y112
;TYPE:WALL-INNER
G1 F1500 E82.39713
G1 F2400 X109.276 Y112 E82.40631
G0 F4800 X111.305 Y110.285
G1 F2400 X110.92 Y110.441 E82.42013
G1 X110.418 Y110.957 E82.44407
G1 X110.053 Y111.681 E82.47104
G1 X109.276 Y112 E82.49897
G1 X110.056 Y112.321 E82.52703
G1 X110.396 Y113.006 E82.55246
G1 X110.754 Y113.422 E82.57072
G1 X111.186 Y113.728 E82.58833
G1 X111.78 Y113.896 E82.60886
G1 X112.31 Y113.867 E82.62651
G1 X112.806 Y113.727 E82.64365
G1 X113.233 Y113.43 E82.66095
G1 X113.6 Y113.005 E82.67963
G1 X113.937 Y112.348 E82.70419
G1 X114.27 Y112.106 E82.71788
G1 X114.633 Y112 E82.73058
G1 X114.27 Y111.894 E82.74329
G1 X113.886 Y111.553 E82.76037
G1 X113.712 Y111.189 E82.77379
G1 X113.279 Y110.556 E82.79929
G1 X112.616 Y110.195 E82.8244
G1 X112.107 Y110.109 E82.84157
G1 X111.679 Y110.133 E82.85583
G1 X111.305 Y110.285 E82.86926
G0 F4800 X113.883 Y111.687
G0 X114.633 Y112
G1 F2400 X115 Y112 E82.88159
G0 F4800 X114.198 Y112.157
G0 X113.485 Y113.283
G0 X113.716 Y113.484
G1 F2400 X113.936 Y113.229 E82.89279
G1 X114.219 Y112.668 E82.91369
G1 X114.518 Y112.402 E82.927
G1 X115.4 Y112.4 E82.95633
G1 X115.4 Y111.6 E82.98294
G1 X114.518 Y111.598 E83.01228
G1 X114.219 Y111.332 E83.02559
G1 X114.064 Y110.995 E83.03792
G1 X113.691 Y110.45 E83.05989
G1 X113.314 Y110.12 E83.07655
G1 X112.749 Y109.811 E83.09797
G1 X112.13 Y109.707 E83.11885
G1 X111.612 Y109.736 E83.1361
G1 X111.146 Y109.868 E83.15221
G1 X110.691 Y110.11 E83.16935
G1 X110.165 Y110.57 E83.1926
G1 X109.742 Y111.408 E83.22382
G1 X109.276 Y111.6 E83.24058
G1 X108.6 Y111.6 E83.26306
G1 X108.6 Y112.4 E83.28967
G1 X109.276 Y112.4 E83.31216
G1 X109.744 Y112.593 E83.32899
G1 X110.06 Y113.229 E83.35261
G1 X110.483 Y113.72 E83.37417
G1 X111.011 Y114.094 E83.39569
G1 X111.736 Y114.299 E83.42075
G1 X112.376 Y114.264 E83.44207
G1 X112.98 Y114.093 E83.46295
G1 X113.503 Y113.73 E83.48412
G1 X113.716 Y113.484 E83.49494
G0 F4800 X114.019 Y113.744
;TYPE:WALL-OUTER
G1 F2400 X114.272 Y113.452 E83.50779
G1 X114.553 Y112.889 E83.52872
G1 X114.702 Y112.8 E83.53449
G1 X115.713 Y112.8 E83.56812
G1 X115.8 Y112.713 E83.57221
G1 X115.8 Y111.285 E83.61971
G1 X115.714 Y111.2 E83.62373
G1 X114.689 Y111.2 E83.65782
G1 X113.993 Y110.182 E83.69884
G1 X113.544 Y109.79 E83.71866
G1 X112.881 Y109.428 E83.74379
G1 X112.152 Y109.305 E83.76838
G1 X111.546 Y109.339 E83.78856
G1 X110.996 Y109.495 E83.80758
G1 X110.463 Y109.778 E83.82765
G1 X109.843 Y110.32 E83.85504
G1 X109.432 Y111.136 E83.88543
G1 X109.276 Y111.2 E83.89104
G1 X108.283 Y111.2 E83.92406
G1 X108.2 Y111.283 E83.92797
G1 X108.2 Y112.714 E83.97556
G1 X108.285 Y112.8 E83.97958
G1 X109.276 Y112.8 E84.01254
G1 X109.433 Y112.865 E84.0182
G1 X109.724 Y113.452 E84.03999
G1 X110.212 Y114.018 E84.06484
G1 X110.836 Y114.46 E84.09028
G1 X111.691 Y114.702 E84.11983
G1 X112.442 Y114.661 E84.14485
G1 X113.153 Y114.46 E84.16942
G1 X113.773 Y114.03 E84.19452
G1 X114.019 Y113.744 E84.20706
G0 F4800 X114.15 Y113.593
G0 X113.617 Y113.131
G0 X112.244 Y110.547
G0 X113.108 Y110.981
;TYPE:SKIN
G1 F1800 X113.571 Y111.771 E84.23752
G1 X113.816 Y112 E84.24867
G1 X113.754 Y112.057 E84.25148
G1 X112.244 Y110.547 E84.3225
G1 X112.49 Y110.563 E84.3307
G1 X113.108 Y110.981 E84.35552
G0 F4800 X112.244 Y110.547
G1 F1800 X111.639 Y110.507 E84.37568
G1 X113.501 Y112.369 E84.46326
G1 X113.308 Y112.743 E84.47726
G1 X111.271 Y110.705 E84.5731
G1 X110.95 Y110.95 E84.58653
G1 X113.055 Y113.055 E84.68554
G1 X112.742 Y113.307 E84.69891
G1 X110.691 Y111.257 E84.79536
G1 X110.502 Y111.633 E84.80936
G1 X112.303 Y113.434 E84.89407
G1 X111.822 Y113.513 E84.91028
G1 X111.352 Y113.38 E84.92653
G1 X111.013 Y113.141 E84.94032
G1 X110.711 Y112.79 E84.95572
G1 X110.241 Y111.997 E84.98638
G1 X110.283 Y111.98 E84.98789
G1 X111.813 Y113.51 E85.05986
G1 F1500 E75.05986
;MESH:I2C_LED_BTN-Body002.stl(3)
G0 F4800 X114.457 Y112.574
G0 X115.131 Y113.658
G0 X115.98 Y113.661
G0 X119.335 Y112.574
G0 X120.43 Y112.574
G0 X121 Y112
;TYPE:WALL-INNER
G1 F1500 E85.05986
G1 F2400 X121.276 Y112 E85.06904
G0 F4800 X123.305 Y110.285
G1 F2400 X122.92 Y110.441 E85.08285
G1 X122.418 Y110.957 E85.1068
G1 X122.053 Y111.681 E85.13376
G1 X121.276 Y112 E85.1617
G1 X122.056 Y112.321 E85.18975
G1 X122.396 Y113.006 E85.21519
G1 X122.754 Y113.422 E85.23344
G1 X123.186 Y113.728 E85.25105
G1 X123.78 Y113.896 E85.27158
G1 X124.31 Y113.867 E85.28924
G1 X124.806 Y113.727 E85.30638
G1 X125.233 Y113.43 E85.32368
G1 X125.6 Y113.005 E85.34236
G1 X125.937 Y112.348 E85.36691
G1 X126.27 Y112.106 E85.38061
G1 X126.633 Y112 E85.39331
G1 X126.27 Y111.894 E85.40601
G1 X125.886 Y111.553 E85.42309
G1 X125.712 Y111.189 E85.43651
G1 X125.279 Y110.556 E85.46202
G1 X124.616 Y110.195 E85.48713
G1 X124.107 Y110.109 E85.5043
G1 X123.679 Y110.133 E85.51856
G1 X123.305 Y110.285 E85.53198
G0 F4800 X125.883 Y111.687
G0 X126.633 Y112
G1 F2400 X127 Y112 E85.54431
G0 F4800 X126.198 Y112.157
G0 X125.485 Y113.283
G0 X125.716 Y113.484
G1 F2400 X125.936 Y113.229 E85.55551
G1 X126.219 Y112.668 E85.57641
G1 X126.518 Y112.402 E85.58972
G1 X127.4 Y112.4 E85.61906
G1 X127.4 Y111.6 E85.64567
G1 X126.518 Y111.598 E85.675
G1 X126.219 Y111.332 E85.68831
G1 X126.064 Y110.995 E85.70065
G1 X125.691 Y110.45 E85.72262
G1 X125.314 Y110.12 E85.73928
G1 X124.749 Y109.811 E85.7607
G1 X124.13 Y109.707 E85.78158
G1 X123.612 Y109.736 E85.79883
G1 X123.146 Y109.868 E85.81494
G1 X122.691 Y110.11 E85.83208
G1 X122.165 Y110.57 E85.85532
G1 X121.742 Y111.408 E85.88654
G1 X121.276 Y111.6 E85.90331
G1 X120.6 Y111.6 E85.92579
G1 X120.6 Y112.4 E85.9524
G1 X121.276 Y112.4 E85.97488
G1 X121.744 Y112.593 E85.99172
G1 X122.06 Y113.229 E86.01534
G1 X122.483 Y113.72 E86.0369
G1 X123.011 Y114.094 E86.05842
G1 X123.736 Y114.299 E86.08348
G1 X124.376 Y114.264 E86.10479
G1 X124.98 Y114.093 E86.12567
G1 X125.503 Y113.73 E86.14685
G1 X125.716 Y113.484 E86.15767
G0 F4800 X126.019 Y113.744
;TYPE:WALL-OUTER
G1 F2400 X126.272 Y113.452 E86.17052
G1 X126.553 Y112.889 E86.19145
G1 X126.702 Y112.8 E86.19722
G1 X127.713 Y112.8 E86.23085
G1 X127.8 Y112.713 E86.23494
G1 X127.8 Y111.285 E86.28243
G1 X127.714 Y111.2 E86.28646
G1 X126.689 Y111.2 E86.32055
G1 X125.993 Y110.182 E86.36156
G1 X125.544 Y109.79 E86.38139
G1 X124.881 Y109.428 E86.40651
G1 X124.152 Y109.305 E86.4311
G1 X123.546 Y109.339 E86.45129
G1 X122.996 Y109.495 E86.4703
G1 X122.463 Y109.778 E86.49038
G1 X121.843 Y110.32 E86.51777
G1 X121.432 Y111.136 E86.54815
G1 X121.276 Y111.2 E86.55376
G1 X120.283 Y111.2 E86.58679
G1 X120.2 Y111.283 E86.59069
G1 X120.2 Y112.714 E86.63829
G1 X120.285 Y112.8 E86.64231
G1 X121.276 Y112.8 E86.67527
G1 X121.433 Y112.865 E86.68092
G1 X121.724 Y113.452 E86.70271
G1 X122.212 Y114.018 E86.72757
G1 X122.836 Y114.46 E86.753
G1 X123.691 Y114.702 E86.78256
G1 X124.442 Y114.661 E86.80757
G1 X125.153 Y114.46 E86.83215
G1 X125.773 Y114.03 E86.85724
G1 X126.019 Y113.744 E86.86979
G0 F4800 X126.15 Y113.593
G0 X125.617 Y113.131
G0 X125.692 Y112.115
;TYPE:SKIN
G1 F1800 X124.115 Y110.538 E86.94397
G1 X124.49 Y110.562 E86.95647
G1 X125.108 Y110.981 E86.9813
G1 X125.571 Y111.771 E87.01176
G1 X125.816 Y112 E87.02291
G1 X125.46 Y112.449 E87.04197
G1 X123.587 Y110.577 E87.13004
G1 X123.185 Y110.74 E87.14447
G1 X125.262 Y112.817 E87.24217
G1 X125 Y113.12 E87.25549
G1 X122.891 Y111.012 E87.35467
G1 X122.651 Y111.337 E87.36811
G1 X124.671 Y113.358 E87.46314
G1 X124.199 Y113.451 E87.47914
G1 X122.461 Y111.713 E87.5609
G1 X122.338 Y111.958 E87.57001
G1 X122.197 Y112.015 E87.57507
G1 X123.645 Y113.462 E87.64316
G1 X123.352 Y113.38 E87.65328
G1 X123.013 Y113.141 E87.66707
G1 X122.711 Y112.79 E87.68247
G1 F1500 E77.68247
;MESH:NONMESH
G0 F1800 X122.711 Y112.79 Z1.6
G0 F4800 X120.43 Y112
G0 X119.335 Y112
G0 X113.177 Y108.603
G0 X112.198 Y108.437
G0 X111.409 Y108.481
G0 X110.807 Y108.65
G0 X104.665 Y112
G0 X103.57 Y112
G0 X97 Y112
;TIME_ELAPSED:160.236814
;LAYER:7
;TYPE:WALL-INNER
;MESH:I2C_LED_BTN-Body002.stl(4)
G1 F1500 E87.68247
G1 F2400 X97.276 Y112 E87.69165
G0 F4800 X100.519 Y113.339
G1 F2400 X100.914 Y113.185 E87.70575
G1 X101.259 Y112.79 E87.7232
G1 X101.484 Y112.34 E87.73993
G1 X101.745 Y112 E87.75419
G1 X101.484 Y111.66 E87.76844
G1 X101.187 Y111.102 E87.78947
G1 X100.931 Y110.821 E87.80211
G1 X100.484 Y110.578 E87.81903
G1 X99.996 Y110.496 E87.83549
G1 X99.298 Y110.683 E87.85953
G1 X98.818 Y111.091 E87.88048
G1 X98.509 Y111.664 E87.90213
G1 X98.249 Y112 E87.91626
G1 X98.509 Y112.336 E87.93039
G1 X98.802 Y112.885 E87.95109
G1 X99.473 Y113.43 E87.97984
G1 X100.172 Y113.473 E88.00313
G1 X100.519 Y113.339 E88.01551
G0 F4800 X98.798 Y110.593
G1 F2400 X98.489 Y110.857 E88.02899
G1 X98.035 Y111.703 E88.06092
G1 X97.276 Y112 E88.08803
G1 X98.037 Y112.298 E88.11521
G1 X98.472 Y113.118 E88.14609
G1 X98.732 Y113.402 E88.15889
G1 X99.19 Y113.707 E88.1772
G1 X99.572 Y113.837 E88.19062
G1 X100.211 Y113.876 E88.21191
G1 X100.72 Y113.745 E88.22939
G1 X101.168 Y113.502 E88.24634
G1 X101.594 Y113.014 E88.26789
G1 X101.946 Y112.31 E88.29407
G1 X102.633 Y112 E88.31939
G1 X101.956 Y111.694 E88.34434
G1 X101.516 Y110.869 E88.37544
G1 X101.182 Y110.502 E88.39195
G1 X100.617 Y110.195 E88.41333
G1 X99.996 Y110.091 E88.43428
G1 X99.486 Y110.177 E88.45148
G1 X99.107 Y110.329 E88.46506
G1 X98.798 Y110.593 E88.47854
G0 F4800 X102.633 Y112
G1 F2400 X103 Y112 E88.49087
G0 F4800 X102.28 Y112.14
G0 X99.879 Y113.949
G0 X99.862 Y114.255
G1 F2400 X100.25 Y114.279 E88.5038
G1 X100.867 Y114.121 E88.52498
G1 X101.422 Y113.82 E88.54598
G1 X101.929 Y113.239 E88.57163
G1 X102.256 Y112.586 E88.59592
G1 X102.668 Y112.402 E88.61093
G1 X103.4 Y112.4 E88.63528
G1 X103.4 Y111.6 E88.66188
G1 X102.668 Y111.598 E88.68623
G1 X102.261 Y111.417 E88.70104
G1 X101.846 Y110.637 E88.73043
G1 X101.432 Y110.183 E88.75087
G1 X100.749 Y109.811 E88.77673
G1 X99.996 Y109.685 E88.80213
G1 X99.377 Y109.789 E88.823
G1 X98.915 Y109.975 E88.83957
G1 X98.477 Y110.28 E88.85732
G1 X98.161 Y110.623 E88.87283
G1 X97.731 Y111.422 E88.90301
G1 X97.276 Y111.6 E88.91926
G1 X96.6 Y111.6 E88.94175
G1 X96.6 Y112.4 E88.96835
G1 X97.276 Y112.4 E88.99084
G1 X97.733 Y112.579 E89.00716
G1 X98.143 Y113.351 E89.03623
G1 X98.47 Y113.708 E89.05234
G1 X99.012 Y114.069 E89.074
G1 X99.494 Y114.233 E89.09093
G1 X99.862 Y114.255 E89.10319
G0 F4800 X99.838 Y114.654
;TYPE:WALL-OUTER
G1 F2400 X100.288 Y114.682 E89.11819
G1 X101.014 Y114.496 E89.14311
G1 X101.676 Y114.137 E89.16816
G1 X102.264 Y113.463 E89.19791
G1 X102.564 Y112.863 E89.22022
G1 X102.702 Y112.8 E89.22527
G1 X103.713 Y112.8 E89.25889
G1 X103.8 Y112.713 E89.26299
G1 X103.8 Y111.285 E89.31048
G1 X103.714 Y111.2 E89.3145
G1 X102.702 Y111.2 E89.34816
G1 X102.566 Y111.138 E89.35313
G1 X102.175 Y110.405 E89.38077
G1 X101.682 Y109.864 E89.40511
G1 X100.881 Y109.428 E89.43544
G1 X99.996 Y109.279 E89.46529
G1 X99.267 Y109.402 E89.48988
G1 X98.724 Y109.621 E89.50936
G1 X98.213 Y109.976 E89.53005
G1 X97.833 Y110.389 E89.54872
G1 X97.428 Y111.141 E89.57712
G1 X97.276 Y111.2 E89.58255
G1 X96.283 Y111.2 E89.61557
G1 X96.2 Y111.283 E89.61948
G1 X96.2 Y112.714 E89.66707
G1 X96.285 Y112.8 E89.6711
G1 X97.276 Y112.8 E89.70406
G1 X97.428 Y112.859 E89.70948
G1 X97.813 Y113.583 E89.73675
G1 X98.208 Y114.014 E89.7562
G1 X98.834 Y114.431 E89.78122
G1 X99.416 Y114.629 E89.80166
G1 X99.838 Y114.654 E89.81572
G0 F4800 X100.037 Y114.666
G0 X100.075 Y113.96
G0 X100.682 Y112.873
;TYPE:SKIN
G1 F1800 X100.943 Y112.575 E89.8289
G1 X101.258 Y112.046 E89.84938
G1 X101.047 Y111.651 E89.86427
G1 X99.681 Y113.017 E89.92852
G1 X99.314 Y112.818 E89.94241
G1 X100.851 Y111.281 E90.0147
G1 X100.531 Y111.036 E90.02811
G1 X99.041 Y112.525 E90.09817
G1 X98.761 Y111.998 E90.11802
G1 X99.124 Y111.324 E90.14348
G1 X99.479 Y111.023 E90.15896
G1 X100.004 Y110.884 E90.17702
G1 X100.102 Y110.899 E90.18032
G1 X98.845 Y112.156 E90.23945
G0 F4800 X100.205 Y113.059
G1 F1800 X101.244 Y112.02 E90.28832
G1 F1500 E80.28832
;MESH:I2C_LED_BTN-Body002.stl
G0 F4800 X103.57 Y112
G0 X104.665 Y112
G0 X107.335 Y112
G0 X108.43 Y112
G0 X109 Y112
;TYPE:WALL-INNER
G1 F1500 E90.28832
G1 F2400 X109.276 Y112 E90.2975
G0 F4800 X112.519 Y113.339
G1 F2400 X112.914 Y113.185 E90.3116
G1 X113.259 Y112.79 E90.32904
G1 X113.484 Y112.34 E90.34578
G1 X113.745 Y112 E90.36003
G1 X113.484 Y111.66 E90.37429
G1 X113.187 Y111.102 E90.39531
G1 X112.931 Y110.821 E90.40796
G1 X112.484 Y110.578 E90.42488
G1 X111.996 Y110.496 E90.44134
G1 X111.298 Y110.683 E90.46537
G1 X110.818 Y111.091 E90.48632
G1 X110.509 Y111.664 E90.50798
G1 X110.249 Y112 E90.52211
G1 X110.509 Y112.336 E90.53624
G1 X110.802 Y112.885 E90.55693
G1 X111.473 Y113.43 E90.58569
G1 X112.172 Y113.473 E90.60898
G1 X112.519 Y113.339 E90.62135
G0 F4800 X110.798 Y110.593
G1 F2400 X110.489 Y110.857 E90.63483
G1 X110.035 Y111.703 E90.66677
G1 X109.276 Y112 E90.69388
G1 X110.037 Y112.298 E90.72106
G1 X110.472 Y113.118 E90.75193
G1 X110.732 Y113.402 E90.76474
G1 X111.19 Y113.707 E90.78304
G1 X111.572 Y113.837 E90.79646
G1 X112.211 Y113.876 E90.81775
G1 X112.72 Y113.745 E90.83524
G1 X113.168 Y113.502 E90.85219
G1 X113.594 Y113.014 E90.87373
G1 X113.946 Y112.31 E90.89991
G1 X114.633 Y112 E90.92523
G1 X113.956 Y111.694 E90.95019
G1 X113.516 Y110.869 E90.98129
G1 X113.182 Y110.502 E90.99779
G1 X112.617 Y110.195 E91.01918
G1 X111.996 Y110.091 E91.04012
G1 X111.486 Y110.177 E91.05732
G1 X111.107 Y110.329 E91.0709
G1 X110.798 Y110.593 E91.08439
G0 F4800 X114.633 Y112
G1 F2400 X115 Y112 E91.09672
G0 F4800 X114.28 Y112.14
G0 X111.879 Y113.949
G0 X111.862 Y114.255
G1 F2400 X112.25 Y114.279 E91.10965
G1 X112.867 Y114.121 E91.13083
G1 X113.422 Y113.82 E91.15183
G1 X113.929 Y113.239 E91.17748
G1 X114.256 Y112.586 E91.20177
G1 X114.668 Y112.402 E91.21677
G1 X115.4 Y112.4 E91.24112
G1 X115.4 Y111.6 E91.26773
G1 X114.668 Y111.598 E91.29207
G1 X114.261 Y111.417 E91.30689
G1 X113.846 Y110.637 E91.33628
G1 X113.432 Y110.183 E91.35671
G1 X112.749 Y109.811 E91.38258
G1 X111.996 Y109.685 E91.40797
G1 X111.377 Y109.789 E91.42885
G1 X110.915 Y109.975 E91.44541
G1 X110.477 Y110.28 E91.46317
G1 X110.161 Y110.623 E91.47868
G1 X109.731 Y111.422 E91.50886
G1 X109.276 Y111.6 E91.52511
G1 X108.6 Y111.6 E91.54759
G1 X108.6 Y112.4 E91.5742
G1 X109.276 Y112.4 E91.59668
G1 X109.733 Y112.579 E91.61301
G1 X110.143 Y113.351 E91.64208
G1 X110.47 Y113.708 E91.65818
G1 X111.012 Y114.069 E91.67984
G1 X111.494 Y114.233 E91.69678
G1 X111.862 Y114.255 E91.70904
G0 F4800 X111.838 Y114.654
;TYPE:WALL-OUTER
G1 F2400 X112.288 Y114.682 E91.72403
G1 X113.014 Y114.496 E91.74896
G1 X113.676 Y114.137 E91.77401
G1 X114.264 Y113.463 E91.80376
G1 X114.564 Y112.863 E91.82607
G1 X114.702 Y112.8 E91.83111
G1 X115.713 Y112.8 E91.86474
G1 X115.8 Y112.713 E91.86883
G1 X115.8 Y111.285 E91.91633
G1 X115.714 Y111.2 E91.92035
G1 X114.702 Y111.2 E91.95401
G1 X114.566 Y111.138 E91.95898
G1 X114.175 Y110.405 E91.98661
G1 X113.682 Y109.864 E92.01096
G1 X112.881 Y109.428 E92.04129
G1 X111.996 Y109.279 E92.07114
G1 X111.267 Y109.402 E92.09573
G1 X110.724 Y109.621 E92.1152
G1 X110.213 Y109.976 E92.13589
G1 X109.833 Y110.389 E92.15456
G1 X109.428 Y111.141 E92.18297
G1 X109.276 Y111.2 E92.18839
G1 X108.283 Y111.2 E92.22142
G1 X108.2 Y111.283 E92.22532
G1 X108.2 Y112.714 E92.27292
G1 X108.285 Y112.8 E92.27694
G1 X109.276 Y112.8 E92.3099
G1 X109.428 Y112.859 E92.31532
G1 X109.813 Y113.583 E92.3426
G1 X110.208 Y114.014 E92.36204
G1 X110.834 Y114.431 E92.38706
G1 X111.416 Y114.629 E92.40751
G1 X111.838 Y114.654 E92.42157
G0 F4800 X112.037 Y114.666
G0 X112.075 Y113.96
G0 X112.133 Y113.086
;TYPE:SKIN
G1 F1800 X112.682 Y112.873 E92.44115
G1 X112.943 Y112.575 E92.45433
G1 X113.259 Y112.046 E92.47482
G1 X113.202 Y111.941 E92.4788
G1 X112.067 Y113.076 E92.53218
G1 X111.577 Y113 E92.54868
G1 X113.006 Y111.572 E92.61587
G1 X112.809 Y111.202 E92.62981
G1 X111.247 Y112.764 E92.70328
G1 X111 Y112.446 E92.71667
G1 X112.453 Y110.993 E92.78502
G1 X111.995 Y110.885 E92.80067
G1 X110.803 Y112.077 E92.85674
G1 X110.76 Y111.998 E92.85973
G1 X111.124 Y111.323 E92.88524
G1 X111.479 Y111.024 E92.90067
G1 F1500 E82.90067
;MESH:I2C_LED_BTN-Body002.stl(3)
G0 F4800 X115.57 Y112
G0 X116.665 Y112
G0 X119.335 Y112
G0 X120.43 Y112
G0 X121 Y112
;TYPE:WALL-INNER
G1 F1500 E92.90067
G1 F2400 X121.276 Y112 E92.90985
G0 F4800 X124.519 Y113.339
G1 F2400 X124.914 Y113.185 E92.92396
G1 X125.259 Y112.79 E92.9414
G1 X125.484 Y112.34 E92.95813
G1 X125.745 Y112 E92.97239
G1 X125.484 Y111.66 E92.98664
G1 X125.187 Y111.102 E93.00767
G1 X124.931 Y110.821 E93.02031
G1 X124.484 Y110.578 E93.03723
G1 X123.996 Y110.496 E93.05369
G1 X123.298 Y110.683 E93.07773
G1 X122.818 Y111.091 E93.09868
G1 X122.509 Y111.664 E93.12033
G1 X122.249 Y112 E93.13446
G1 X122.509 Y112.336 E93.14859
G1 X122.802 Y112.885 E93.16929
G1 X123.473 Y113.43 E93.19804
G1 X124.172 Y113.473 E93.22134
G1 X124.519 Y113.339 E93.23371
G0 F4800 X122.798 Y110.593
G1 F2400 X122.489 Y110.857 E93.24719
G1 X122.035 Y111.703 E93.27912
G1 X121.276 Y112 E93.30623
G1 X122.037 Y112.298 E93.33342
G1 X122.472 Y113.118 E93.36429
G1 X122.732 Y113.402 E93.3771
G1 X123.19 Y113.707 E93.3954
G1 X123.572 Y113.837 E93.40882
G1 X124.211 Y113.876 E93.43011
G1 X124.72 Y113.745 E93.44759
G1 X125.168 Y113.502 E93.46454
G1 X125.594 Y113.014 E93.48609
G1 X125.946 Y112.31 E93.51227
G1 X126.633 Y112 E93.53759
G1 X125.956 Y111.694 E93.56254
G1 X125.516 Y110.869 E93.59364
G1 X125.182 Y110.502 E93.61015
G1 X124.617 Y110.195 E93.63153
G1 X123.996 Y110.091 E93.65248
G1 X123.486 Y110.177 E93.66968
G1 X123.107 Y110.329 E93.68326
G1 X122.798 Y110.593 E93.69674
G0 F4800 X126.633 Y112
G1 F2400 X127 Y112 E93.70907
G0 F4800 X126.28 Y112.14
G0 X123.879 Y113.949
G0 X123.862 Y114.255
G1 F2400 X124.25 Y114.279 E93.722
G1 X124.867 Y114.121 E93.74319
G1 X125.422 Y113.82 E93.76418
G1 X125.929 Y113.239 E93.78983
G1 X126.256 Y112.586 E93.81412
G1 X126.668 Y112.402 E93.82913
G1 X127.4 Y112.4 E93.85348
G1 X127.4 Y111.6 E93.88008
G1 X126.668 Y111.598 E93.90443
G1 X126.261 Y111.417 E93.91925
G1 X125.846 Y110.637 E93.94863
G1 X125.432 Y110.183 E93.96907
G1 X124.749 Y109.811 E93.99494
G1 X123.996 Y109.685 E94.02033
G1 X123.377 Y109.789 E94.0412
G1 X122.915 Y109.975 E94.05777
G1 X122.477 Y110.28 E94.07552
G1 X122.161 Y110.623 E94.09103
G1 X121.731 Y111.422 E94.12121
G1 X121.276 Y111.6 E94.13746
G1 X120.6 Y111.6 E94.15995
G1 X120.6 Y112.4 E94.18655
G1 X121.276 Y112.4 E94.20904
G1 X121.733 Y112.579 E94.22536
G1 X122.143 Y113.351 E94.25444
G1 X122.47 Y113.708 E94.27054
G1 X123.012 Y114.069 E94.2922
G1 X123.494 Y114.233 E94.30913
G1 X123.862 Y114.255 E94.32139
G0 F4800 X123.838 Y114.654
;TYPE:WALL-OUTER
G1 F2400 X124.288 Y114.682 E94.33639
G1 X125.014 Y114.496 E94.36132
G1 X125.676 Y114.137 E94.38636
G1 X126.264 Y113.463 E94.41611
G1 X126.564 Y112.863 E94.43842
G1 X126.702 Y112.8 E94.44347
G1 X127.713 Y112.8 E94.4771
G1 X127.8 Y112.713 E94.48119
G1 X127.8 Y111.285 E94.52868
G1 X127.714 Y111.2 E94.5327
G1 X126.702 Y111.2 E94.56636
G1 X126.566 Y111.138 E94.57134
G1 X126.175 Y110.405 E94.59897
G1 X125.682 Y109.864 E94.62331
G1 X124.881 Y109.428 E94.65364
G1 X123.996 Y109.279 E94.68349
G1 X123.267 Y109.402 E94.70808
G1 X122.724 Y109.621 E94.72756
G1 X122.213 Y109.976 E94.74825
G1 X121.833 Y110.389 E94.76692
G1 X121.428 Y111.141 E94.79533
G1 X121.276 Y111.2 E94.80075
G1 X120.283 Y111.2 E94.83378
G1 X120.2 Y111.283 E94.83768
G1 X120.2 Y112.714 E94.88528
G1 X120.285 Y112.8 E94.8893
G1 X121.276 Y112.8 E94.92226
G1 X121.428 Y112.859 E94.92768
G1 X121.813 Y113.583 E94.95495
G1 X122.208 Y114.014 E94.9744
G1 X122.834 Y114.431 E94.99942
G1 X123.416 Y114.629 E95.01986
G1 X123.838 Y114.654 E95.03392
G0 F4800 X124.037 Y114.666
G0 X124.075 Y113.96
G0 X125.16 Y111.862
;TYPE:SKIN
G1 F1800 X123.962 Y113.06 E95.09027
G1 X124.133 Y113.086 E95.09603
G1 X124.682 Y112.873 E95.11561
G1 X124.943 Y112.576 E95.12876
G1 X125.259 Y112.046 E95.14929
G1 X124.963 Y111.493 E95.17015
G1 X123.494 Y112.962 E95.23925
G1 X123.18 Y112.711 E95.25262
G1 X124.741 Y111.149 E95.32606
G1 X124.375 Y110.95 E95.33992
G1 X122.957 Y112.368 E95.40662
G1 X122.762 Y111.998 E95.42053
G1 X123.124 Y111.324 E95.44598
G1 X123.479 Y111.023 E95.46146
G1 X123.831 Y110.929 E95.47357
G1 X122.762 Y111.998 E95.52386
G1 F1500 E85.52386
;MESH:NONMESH
G0 F1800 X122.762 Y111.998 Z1.8
G0 F4800 X120.43 Y112
G0 X119.335 Y112
G0 X113.331 Y115.312
G0 X112.375 Y115.551
G0 X111.245 Y115.49
G0 X110.601 Y115.268
G0 X104.665 Y112
G0 X103.57 Y112
G0 X97 Y112
;TIME_ELAPSED:170.879331
;LAYER:8
;TYPE:WALL-INNER
;MESH:I2C_LED_BTN-Body002.stl(4)
G1 F1500 E95.52386
G1 F2400 X97.276 Y112 E95.53304
G0 F4800 X99.901 Y113.845
G1 F2400 X100.307 Y113.867 E95.54656
G1 X100.814 Y113.726 E95.56406
G1 X101.229 Y113.435 E95.58092
G1 X101.593 Y113.015 E95.59941
G1 X101.863 Y112.475 E95.61949
G1 X102.272 Y112.105 E95.63783
G1 X102.633 Y112 E95.65046
G1 X102.272 Y111.895 E95.66309
G1 X101.861 Y111.522 E95.68155
G1 X101.546 Y110.88 E95.70533
G1 X101.011 Y110.356 E95.73024
G1 X100.305 Y110.114 E95.75506
G1 X99.666 Y110.136 E95.77633
G1 X98.914 Y110.447 E95.8034
G1 X98.499 Y110.81 E95.82173
G1 X97.962 Y111.729 E95.85714
G1 X97.276 Y112 E95.88167
G1 X98.039 Y112.301 E95.90895
G1 X98.473 Y113.12 E95.93978
G1 X99.085 Y113.655 E95.96681
G1 X99.499 Y113.824 E95.98169
G1 X99.901 Y113.845 E95.99508
G0 F4800 X102.2 Y112.156
G0 X102.633 Y112
G1 F2400 X103 Y112 E96.0074
G0 F4800 X102.2 Y112.156
G0 X101.483 Y113.288
G0 X101.712 Y113.488
G1 F2400 X101.929 Y113.239 E96.01839
G1 X102.22 Y112.667 E96.03974
G1 X102.52 Y112.402 E96.05305
G1 X103.4 Y112.4 E96.08232
G1 X103.4 Y111.6 E96.10893
G1 X102.52 Y111.598 E96.13819
G1 X102.22 Y111.333 E96.15151
G1 X101.875 Y110.642 E96.1772
G1 X101.415 Y110.191 E96.19862
G1 X100.988 Y109.926 E96.21534
G1 X100.365 Y109.712 E96.23725
G1 X99.605 Y109.738 E96.26254
G1 X99.151 Y109.864 E96.27821
G1 X98.685 Y110.117 E96.29585
G1 X98.313 Y110.441 E96.31225
G1 X98 Y110.868 E96.32986
G1 X97.688 Y111.437 E96.35145
G1 X97.276 Y111.6 E96.36618
G1 X96.6 Y111.6 E96.38867
G1 X96.6 Y112.4 E96.41527
G1 X97.276 Y112.4 E96.43776
G1 X97.733 Y112.581 E96.45411
G1 X98.143 Y113.352 E96.48315
G1 X98.472 Y113.714 E96.49942
G1 X98.893 Y114.009 E96.51652
G1 X99.389 Y114.211 E96.53433
G1 X99.877 Y114.293 E96.55079
G1 X100.373 Y114.264 E96.56732
G1 X100.987 Y114.093 E96.58851
G1 X101.499 Y113.734 E96.60931
G1 X101.712 Y113.488 E96.62014
G0 F4800 X102.016 Y113.749
;TYPE:WALL-OUTER
G1 F2400 X102.264 Y113.463 E96.63273
G1 X102.553 Y112.889 E96.6541
G1 X102.702 Y112.8 E96.65987
G1 X103.713 Y112.8 E96.6935
G1 X103.8 Y112.713 E96.69759
G1 X103.8 Y111.285 E96.74509
G1 X103.714 Y111.2 E96.74911
G1 X102.702 Y111.2 E96.78277
G1 X102.553 Y111.111 E96.78854
G1 X102.203 Y110.404 E96.81478
G1 X101.663 Y109.875 E96.83992
G1 X101.161 Y109.562 E96.8596
G1 X100.425 Y109.31 E96.88547
G1 X99.543 Y109.34 E96.91482
G1 X99 Y109.491 E96.93357
G1 X98.455 Y109.786 E96.95418
G1 X98.017 Y110.169 E96.97353
G1 X97.654 Y110.663 E96.99392
G1 X97.387 Y111.2 E97.01387
G1 X96.283 Y111.2 E97.05059
G1 X96.2 Y111.283 E97.05449
G1 X96.2 Y112.714 E97.10209
G1 X96.285 Y112.8 E97.10611
G1 X97.276 Y112.8 E97.13907
G1 X97.428 Y112.86 E97.14451
G1 X97.813 Y113.584 E97.17178
G1 X98.206 Y114.016 E97.1912
G1 X98.701 Y114.363 E97.21131
G1 X99.279 Y114.598 E97.23206
G1 X99.855 Y114.695 E97.25149
G1 X100.439 Y114.661 E97.27095
G1 X101.161 Y114.46 E97.29587
G1 X101.769 Y114.034 E97.32057
G1 X102.016 Y113.749 E97.33311
G0 F4800 X102.146 Y113.599
G0 X101.614 Y113.136
G0 X101.239 Y111.114
;TYPE:SKIN
G1 F1800 X100.639 Y110.63 E97.35875
G1 X100.348 Y110.531 E97.36897
G1 X101.816 Y111.999 E97.43802
G1 X101.542 Y112.29 E97.45132
G1 X99.765 Y110.513 E97.5349
G1 X99.358 Y110.672 E97.54943
G1 X101.348 Y112.662 E97.64304
G1 X101.111 Y112.991 E97.65652
G1 X98.999 Y110.879 E97.75587
G1 X98.757 Y111.202 E97.76929
G1 X100.814 Y113.259 E97.86605
G1 X100.428 Y113.438 E97.8802
G1 X98.548 Y111.559 E97.9686
G1 X98.339 Y111.915 E97.98233
G1 X99.891 Y113.467 E98.05533
G1 X99.592 Y113.452 E98.06529
G1 X99.279 Y113.325 E98.07653
G1 X98.781 Y112.89 E98.09852
G1 X98.487 Y112.336 E98.11938
G1 X98.263 Y112.045 E98.13159
G1 F1500 E88.13159
;MESH:I2C_LED_BTN-Body002.stl
G0 F4800 X103.57 Y112
G0 X104.665 Y112
G0 X107.335 Y112
G0 X108.43 Y112
G0 X109 Y112
;TYPE:WALL-INNER
G1 F1500 E98.13159
G1 F2400 X109.276 Y112 E98.14077
G0 F4800 X111.901 Y113.845
G1 F2400 X112.307 Y113.867 E98.1543
G1 X112.814 Y113.726 E98.1718
G1 X113.229 Y113.435 E98.18866
G1 X113.593 Y113.015 E98.20714
G1 X113.863 Y112.475 E98.22722
G1 X114.272 Y112.105 E98.24557
G1 X114.633 Y112 E98.2582
G1 X114.272 Y111.895 E98.27083
G1 X113.861 Y111.522 E98.28929
G1 X113.546 Y110.88 E98.31307
G1 X113.011 Y110.356 E98.33798
G1 X112.305 Y110.114 E98.3628
G1 X111.666 Y110.136 E98.38407
G1 X110.914 Y110.447 E98.41113
G1 X110.499 Y110.81 E98.42947
G1 X109.962 Y111.729 E98.46487
G1 X109.276 Y112 E98.48941
G1 X110.039 Y112.301 E98.51669
G1 X110.473 Y113.12 E98.54751
G1 X111.085 Y113.655 E98.57455
G1 X111.499 Y113.824 E98.58942
G1 X111.901 Y113.845 E98.60281
G0 F4800 X114.2 Y112.156
G0 X114.633 Y112
G1 F2400 X115 Y112 E98.61514
G0 F4800 X114.2 Y112.156
G0 X113.483 Y113.288
G0 X113.712 Y113.488
G1 F2400 X113.929 Y113.239 E98.62613
G1 X114.22 Y112.667 E98.64747
G1 X114.52 Y112.402 E98.66079
G1 X115.4 Y112.4 E98.69005
G1 X115.4 Y111.6 E98.71666
G1 X114.52 Y111.598 E98.74593
G1 X114.22 Y111.333 E98.75924
G1 X113.875 Y110.642 E98.78493
G1 X113.415 Y110.191 E98.80636
G1 X112.988 Y109.926 E98.82307
G1 X112.365 Y109.712 E98.84498
G1 X111.605 Y109.738 E98.87028
G1 X111.151 Y109.864 E98.88595
G1 X110.685 Y110.117 E98.90358
G1 X110.313 Y110.441 E98.91999
G1 X110 Y110.868 E98.9376
G1 X109.688 Y111.437 E98.95918
G1 X109.276 Y111.6 E98.97392
G1 X108.6 Y111.6 E98.9964
G1 X108.6 Y112.4 E99.02301
G1 X109.276 Y112.4 E99.0455
G1 X109.733 Y112.581 E99.06184
G1 X110.143 Y113.352 E99.09089
G1 X110.472 Y113.714 E99.10716
G1 X110.893 Y114.009 E99.12426
G1 X111.389 Y114.211 E99.14207
G1 X111.877 Y114.293 E99.15853
G1 X112.373 Y114.264 E99.17505
G1 X112.987 Y114.093 E99.19625
G1 X113.499 Y113.734 E99.21705
G1 X113.712 Y113.488 E99.22787
G0 F4800 X114.016 Y113.749
;TYPE:WALL-OUTER
G1 F2400 X114.264 Y113.463 E99.24046
G1 X114.553 Y112.889 E99.26184
G1 X114.702 Y112.8 E99.26761
G1 X115.713 Y112.8 E99.30124
G1 X115.8 Y112.713 E99.30533
G1 X115.8 Y111.285 E99.35282
G1 X115.714 Y111.2 E99.35685
G1 X114.702 Y111.2 E99.3905
G1 X114.553 Y111.111 E99.39628
G1 X114.203 Y110.404 E99.42252
G1 X113.663 Y109.875 E99.44766
G1 X113.161 Y109.562 E99.46733
G1 X112.425 Y109.31 E99.49321
G1 X111.543 Y109.34 E99.52256
G1 X111 Y109.491 E99.54131
G1 X110.455 Y109.786 E99.56192
G1 X110.017 Y110.169 E99.58127
G1 X109.654 Y110.663 E99.60166
G1 X109.387 Y111.2 E99.62161
G1 X108.283 Y111.2 E99.65833
G1 X108.2 Y111.283 E99.66223
G1 X108.2 Y112.714 E99.70983
G1 X108.285 Y112.8 E99.71385
G1 X109.276 Y112.8 E99.74681
G1 X109.428 Y112.86 E99.75224
G1 X109.813 Y113.584 E99.77952
G1 X110.206 Y114.016 E99.79894
G1 X110.701 Y114.363 E99.81905
G1 X111.279 Y114.598 E99.8398
G1 X111.855 Y114.695 E99.85923
G1 X112.439 Y114.661 E99.87868
G1 X113.161 Y114.46 E99.90361
G1 X113.769 Y114.034 E99.9283
G1 X114.016 Y113.749 E99.94085
G0 F4800 X114.146 Y113.599
G0 X113.614 Y113.136
G0 X112.195 Y110.497
;TYPE:SKIN
G1 F1800 X113.754 Y112.057 E100.0142
G1 X113.818 Y111.999 E100.01707
G1 X113.545 Y111.739 E100.02961
G1 X113.238 Y111.114 E100.05277
G1 X112.639 Y110.63 E100.07839
G1 X112.249 Y110.495 E100.09211
G1 X111.649 Y110.517 E100.11208
G1 X113.501 Y112.369 E100.19919
G1 X113.307 Y112.742 E100.21318
G1 X111.273 Y110.707 E100.30888
G1 X110.934 Y110.934 E100.32244
G1 X113.055 Y113.055 E100.42221
G1 X112.744 Y113.31 E100.43559
G1 X110.712 Y111.278 E100.53117
G1 X110.503 Y111.634 E100.5449
G1 X112.362 Y113.493 E100.63234
G1 X111.592 Y113.452 E100.65798
G1 X111.279 Y113.325 E100.66922
G1 X110.781 Y112.89 E100.69121
G1 X110.488 Y112.336 E100.71206
G1 X110.263 Y112.045 E100.72429
G1 X110.294 Y111.991 E100.72636
G1 X111.763 Y113.46 E100.79546
G1 F1500 E90.79546
;MESH:I2C_LED_BTN-Body002.stl(3)
G0 F4800 X115.57 Y112
G0 X116.665 Y112
G0 X119.335 Y112
G0 X120.43 Y112
G0 X121 Y112
;TYPE:WALL-INNER
G1 F1500 E100.79546
G1 F2400 X121.276 Y112 E100.80464
G0 F4800 X123.901 Y113.845
G1 F2400 X124.307 Y113.867 E100.81816
G1 X124.814 Y113.726 E100.83566
G1 X125.229 Y113.435 E100.85252
G1 X125.593 Y113.015 E100.87101
G1 X125.863 Y112.475 E100.89109
G1 X126.272 Y112.105 E100.90943
G1 X126.633 Y112 E100.92206
G1 X126.272 Y111.895 E100.93469
G1 X125.861 Y111.522 E100.95315
G1 X125.546 Y110.88 E100.97694
G1 X125.011 Y110.356 E101.00184
G1 X124.305 Y110.114 E101.02667
G1 X123.666 Y110.136 E101.04793
G1 X122.914 Y110.447 E101.075
G1 X122.499 Y110.81 E101.09334
G1 X121.962 Y111.729 E101.12874
G1 X121.276 Y112 E101.15327
G1 X122.039 Y112.301 E101.18055
G1 X122.473 Y113.12 E101.21138
G1 X123.085 Y113.655 E101.23842
G1 X123.499 Y113.824 E101.25329
G1 X123.901 Y113.845 E101.26668
G0 F4800 X126.2 Y112.156
G0 X126.633 Y112
G1 F2400 X127 Y112 E101.27901
G0 F4800 X126.2 Y112.156
G0 X125.483 Y113.288
G0 X125.712 Y113.488
G1 F2400 X125.929 Y113.239 E101.28999
G1 X126.22 Y112.667 E101.31134
G1 X126.52 Y112.402 E101.32465
G1 X127.4 Y112.4 E101.35392
G1 X127.4 Y111.6 E101.38053
G1 X126.52 Y111.598 E101.4098
G1 X126.22 Y111.333 E101.42311
G1 X125.875 Y110.642 E101.4488
G1 X125.415 Y110.191 E101.47022
G1 X124.988 Y109.926 E101.48694
G1 X124.365 Y109.712 E101.50885
G1 X123.605 Y109.738 E101.53414
G1 X123.151 Y109.864 E101.54981
G1 X122.685 Y110.117 E101.56745
G1 X122.313 Y110.441 E101.58386
G1 X122 Y110.868 E101.60147
G1 X121.688 Y111.437 E101.62305
G1 X121.276 Y111.6 E101.63779
G1 X120.6 Y111.6 E101.66027
G1 X120.6 Y112.4 E101.68688
G1 X121.276 Y112.4 E101.70936
G1 X121.733 Y112.581 E101.72571
G1 X122.143 Y113.352 E101.75475
G1 X122.472 Y113.714 E101.77102
G1 X122.893 Y114.009 E101.78812
G1 X123.389 Y114.211 E101.80593
G1 X123.877 Y114.293 E101.82239
G1 X124.373 Y114.264 E101.83892
G1 X124.987 Y114.093 E101.86012
G1 X125.499 Y113.734 E101.88091
G1 X125.712 Y113.488 E101.89174
G0 F4800 X126.016 Y113.749
;TYPE:WALL-OUTER
G1 F2400 X126.264 Y113.463 E101.90433
G1 X126.553 Y112.889 E101.9257
G1 X126.702 Y112.8 E101.93148
G1 X127.713 Y112.8 E101.9651
G1 X127.8 Y112.713 E101.96919
G1 X127.8 Y111.285 E102.01669
G1 X127.714 Y111.2 E102.02071
G1 X126.702 Y111.2 E102.05437
G1 X126.553 Y111.111 E102.06014
G1 X126.203 Y110.404 E102.08638
G1 X125.663 Y109.875 E102.11152
G1 X125.161 Y109.562 E102.1312
G1 X124.425 Y109.31 E102.15707
G1 X123.543 Y109.34 E102.18643
G1 X123 Y109.491 E102.20517
G1 X122.455 Y109.786 E102.22578
G1 X122.017 Y110.169 E102.24514
G1 X121.654 Y110.663 E102.26553
G1 X121.387 Y111.2 E102.28547
G1 X120.283 Y111.2 E102.32219
G1 X120.2 Y111.283 E102.3261
G1 X120.2 Y112.714 E102.37369
G1 X120.285 Y112.8 E102.37771
G1 X121.276 Y112.8 E102.41067
G1 X121.428 Y112.86 E102.41611
G1 X121.813 Y113.584 E102.44338
G1 X122.206 Y114.016 E102.46281
G1 X122.701 Y114.363 E102.48291
G1 X123.279 Y114.598 E102.50367
G1 X123.855 Y114.695 E102.52309
G1 X124.439 Y114.661 E102.54255
G1 X125.161 Y114.46 E102.56748
G1 X125.769 Y114.034 E102.59217
G1 X126.016 Y113.749 E102.60471
G0 F4800 X126.146 Y113.599
G0 X125.614 Y113.136
G0 X125.818 Y111.999
;TYPE:SKIN
G1 F1800 X125.545 Y111.739 E102.61725
G1 X125.238 Y111.114 E102.64041
G1 X124.639 Y110.63 E102.66602
G1 X124.079 Y110.502 E102.68513
G1 X125.692 Y112.115 E102.761
G1 X125.459 Y112.448 E102.77452
G1 X123.587 Y110.577 E102.86255
G1 X123.188 Y110.743 E102.87692
G1 X125.263 Y112.817 E102.9745
G1 X125 Y113.12 E102.98785
G1 X122.877 Y110.998 E103.08768
G1 X122.668 Y111.354 E103.10141
G1 X124.674 Y113.36 E103.19577
G1 X124.234 Y113.486 E103.21099
G1 X122.459 Y111.711 E103.29448
G1 X122.25 Y112.067 E103.30821
G1 X123.636 Y113.454 E103.37343
G1 X123.279 Y113.324 E103.38606
G1 X122.781 Y112.89 E103.40804
G1 X122.487 Y112.336 E103.4289
G1 F1500 E93.4289
;MESH:NONMESH
G0 F1800 X122.487 Y112.336 Z2
G0 F4800 X120.43 Y112
G0 X119.335 Y112
G0 X113.53 Y108.776
G0 X112.559 Y108.443
G0 X111.417 Y108.479
G0 X110.814 Y108.648
G0 X104.665 Y112
G0 X103.57 Y112
G0 X97 Y112
;TIME_ELAPSED:181.603392
;LAYER:9
;TYPE:WALL-INNER
;MESH:I2C_LED_BTN-Body002.stl(4)
G1 F1500 E103.4289
G1 F2400 X97.276 Y112 E103.43807
G0 F4800 X99.578 Y110.624
G1 F2400 X99.195 Y110.742 E103.4514
G1 X98.745 Y111.192 E103.47257
G1 X98.511 Y111.661 E103.49
G1 X98.25 Y112 E103.50423
G1 X98.511 Y112.339 E103.51846
G1 X98.802 Y112.884 E103.53901
G1 X99.066 Y113.176 E103.55211
G1 X99.837 Y113.493 E103.57983
G1 X100.631 Y113.36 E103.60661
G1 X101.051 Y113.072 E103.62355
G1 X101.301 Y112.732 E103.63758
G1 X101.53 Y112.263 E103.65494
G1 X101.755 Y112 E103.66645
G1 X101.53 Y111.737 E103.67797
G1 X101.303 Y111.269 E103.69527
G1 X100.851 Y110.775 E103.71754
G1 X100.49 Y110.579 E103.7312
G1 X99.996 Y110.496 E103.74786
G1 X99.578 Y110.624 E103.7624
G0 F4800 X101.364 Y110.753
G1 F2400 X101.082 Y110.445 E103.77629
G1 X100.622 Y110.195 E103.7937
G1 X99.996 Y110.09 E103.81481
G1 X99.496 Y110.174 E103.83168
G1 X98.988 Y110.396 E103.85012
G1 X98.406 Y110.974 E103.8774
G1 X98.048 Y111.695 E103.90417
G1 X97.276 Y112 E103.93178
G1 X98.038 Y112.301 E103.95903
G1 X98.472 Y113.116 E103.98974
G1 X98.814 Y113.493 E104.00667
G1 X99.276 Y113.749 E104.02424
G1 X99.792 Y113.896 E104.04208
G1 X100.306 Y113.867 E104.05921
G1 X100.804 Y113.727 E104.07641
G1 X101.333 Y113.364 E104.09775
G1 X101.647 Y112.937 E104.11538
G1 X101.919 Y112.372 E104.13623
G1 X102.246 Y112.119 E104.14999
G1 X102.633 Y112 E104.16359
G1 X102.246 Y111.881 E104.17719
G1 X101.918 Y111.628 E104.19097
G1 X101.649 Y111.065 E104.21172
G1 X101.364 Y110.753 E104.22577
G0 F4800 X102.184 Y111.843
G0 X102.633 Y112
G1 F2400 X103 Y112 E104.2381
G0 F4800 X98.269 Y112.927
G0 X97.995 Y113.071
G1 F2400 X98.143 Y113.348 E104.24855
G1 X98.562 Y113.811 E104.26932
G1 X99.123 Y114.121 E104.29063
G1 X99.748 Y114.299 E104.31225
G1 X100.372 Y114.264 E104.33304
G1 X100.977 Y114.093 E104.35395
G1 X101.616 Y113.655 E104.37971
G1 X101.993 Y113.141 E104.40091
G1 X102.239 Y112.623 E104.41999
G1 X102.668 Y112.402 E104.43604
G1 X103.4 Y112.4 E104.46038
G1 X103.4 Y111.6 E104.48699
G1 X102.668 Y111.598 E104.51134
G1 X102.435 Y111.529 E104.51942
G1 X102.21 Y111.316 E104.52973
G1 X101.996 Y110.862 E104.54642
G1 X101.701 Y110.459 E104.56303
G1 X101.313 Y110.115 E104.58028
G1 X100.754 Y109.812 E104.60143
G1 X99.996 Y109.685 E104.62699
G1 X99.381 Y109.788 E104.64773
G1 X98.78 Y110.051 E104.66955
G1 X98.392 Y110.358 E104.686
G1 X98.068 Y110.756 E104.70307
G1 X97.739 Y111.417 E104.72763
G1 X97.276 Y111.6 E104.74419
G1 X96.6 Y111.6 E104.76667
G1 X96.6 Y112.4 E104.79328
G1 X97.276 Y112.4 E104.81577
G1 X97.733 Y112.581 E104.83211
G1 X97.995 Y113.071 E104.85059
G0 F4800 X97.641 Y113.257
;TYPE:WALL-OUTER
G1 F2400 X97.813 Y113.58 E104.86277
G1 X98.31 Y114.129 E104.8874
G1 X98.969 Y114.493 E104.91244
G1 X99.703 Y114.702 E104.93782
G1 X100.438 Y114.661 E104.9623
G1 X101.149 Y114.46 E104.98688
G1 X101.898 Y113.946 E105.01709
G1 X102.339 Y113.345 E105.04189
G1 X102.55 Y112.894 E105.05845
G1 X102.702 Y112.8 E105.06439
G1 X103.713 Y112.8 E105.09802
G1 X103.8 Y112.713 E105.10211
G1 X103.8 Y111.285 E105.1496
G1 X103.714 Y111.2 E105.15363
G1 X102.702 Y111.2 E105.18729
G1 X102.55 Y111.106 E105.19323
G1 X102.342 Y110.658 E105.20966
G1 X101.999 Y110.188 E105.22901
G1 X101.544 Y109.785 E105.24923
G1 X100.886 Y109.428 E105.27413
G1 X99.996 Y109.279 E105.30414
G1 X99.266 Y109.402 E105.32876
G1 X98.572 Y109.705 E105.35395
G1 X98.11 Y110.072 E105.37357
G1 X97.73 Y110.538 E105.39357
G1 X97.431 Y111.139 E105.4159
G1 X97.276 Y111.2 E105.42144
G1 X96.283 Y111.2 E105.45446
G1 X96.2 Y111.283 E105.45837
G1 X96.2 Y112.714 E105.50596
G1 X96.285 Y112.8 E105.50999
G1 X97.276 Y112.8 E105.54295
G1 X97.429 Y112.86 E105.54841
G1 X97.641 Y113.257 E105.56338
G0 F4800 X97.734 Y113.433
G0 X98.361 Y113.101
G0 X98.846 Y112.155
;TYPE:SKIN
G1 F1800 X100.102 Y110.898 E105.62248
G1 X100.008 Y110.883 E105.62565
G1 X99.394 Y111.073 E105.64703
G1 X99.063 Y111.408 E105.66269
G1 X98.748 Y111.972 E105.68418
G1 X99.042 Y112.524 E105.70498
G1 X100.534 Y111.033 E105.77513
G1 X100.826 Y111.306 E105.78843
G1 X99.275 Y112.857 E105.86138
G1 X99.676 Y113.022 E105.87581
G1 X101.059 Y111.639 E105.94086
G1 X101.236 Y112 E105.95423
G1 X100.878 Y112.732 E105.98133
G1 X100.476 Y113.005 E105.99749
G1 X100.213 Y113.05 E106.00637
G1 X101.21 Y112.053 E106.05326
G1 F1500 E96.05326
;MESH:I2C_LED_BTN-Body002.stl
G0 F4800 X103.57 Y112
G0 X104.665 Y112
G0 X107.335 Y112
G0 X108.43 Y112
G0 X109 Y112
;TYPE:WALL-INNER
G1 F1500 E106.05326
G1 F2400 X109.276 Y112 E106.06244
G0 F4800 X111.578 Y110.624
G1 F2400 X111.195 Y110.742 E106.07577
G1 X110.745 Y111.192 E106.09694
G1 X110.511 Y111.661 E106.11437
G1 X110.25 Y112 E106.1286
G1 X110.511 Y112.339 E106.14283
G1 X110.802 Y112.884 E106.16338
G1 X111.066 Y113.176 E106.17647
G1 X111.837 Y113.493 E106.2042
G1 X112.631 Y113.36 E106.23098
G1 X113.051 Y113.072 E106.24792
G1 X113.301 Y112.732 E106.26195
G1 X113.53 Y112.263 E106.27931
G1 X113.755 Y112 E106.29082
G1 X113.53 Y111.737 E106.30234
G1 X113.303 Y111.269 E106.31964
G1 X112.851 Y110.775 E106.34191
G1 X112.49 Y110.579 E106.35557
G1 X111.996 Y110.496 E106.37223
G1 X111.578 Y110.624 E106.38677
G0 F4800 X113.364 Y110.753
G1 F2400 X113.082 Y110.445 E106.40066
G1 X112.622 Y110.195 E106.41807
G1 X111.996 Y110.09 E106.43918
G1 X111.496 Y110.174 E106.45605
G1 X110.988 Y110.396 E106.47449
G1 X110.406 Y110.974 E106.50177
G1 X110.048 Y111.695 E106.52854
G1 X109.276 Y112 E106.55615
G1 X110.038 Y112.301 E106.5834
G1 X110.472 Y113.116 E106.61411
G1 X110.814 Y113.493 E106.63104
G1 X111.276 Y113.749 E106.64861
G1 X111.792 Y113.896 E106.66645
G1 X112.306 Y113.867 E106.68357
G1 X112.804 Y113.727 E106.70078
G1 X113.333 Y113.364 E106.72212
G1 X113.647 Y112.937 E106.73975
G1 X113.919 Y112.372 E106.7606
G1 X114.246 Y112.119 E106.77436
G1 X114.633 Y112 E106.78796
G1 X114.246 Y111.881 E106.80156
G1 X113.918 Y111.628 E106.81534
G1 X113.649 Y111.065 E106.83609
G1 X113.364 Y110.753 E106.85014
G0 F4800 X114.184 Y111.843
G0 X114.633 Y112
G1 F2400 X115 Y112 E106.86247
G0 F4800 X110.269 Y112.927
G0 X109.995 Y113.071
G1 F2400 X110.143 Y113.348 E106.87292
G1 X110.562 Y113.811 E106.89369
G1 X111.123 Y114.121 E106.915
G1 X111.748 Y114.299 E106.93662
G1 X112.372 Y114.264 E106.95741
G1 X112.977 Y114.093 E106.97832
G1 X113.616 Y113.655 E107.00408
G1 X113.993 Y113.141 E107.02528
G1 X114.239 Y112.623 E107.04436
G1 X114.668 Y112.402 E107.06041
G1 X115.4 Y112.4 E107.08475
G1 X115.4 Y111.6 E107.11136
G1 X114.668 Y111.598 E107.13571
G1 X114.435 Y111.529 E107.14379
G1 X114.21 Y111.316 E107.1541
G1 X113.996 Y110.862 E107.17079
G1 X113.701 Y110.459 E107.1874
G1 X113.313 Y110.115 E107.20465
G1 X112.754 Y109.812 E107.2258
G1 X111.996 Y109.685 E107.25136
G1 X111.381 Y109.788 E107.2721
G1 X110.78 Y110.051 E107.29392
G1 X110.392 Y110.358 E107.31037
G1 X110.068 Y110.756 E107.32744
G1 X109.739 Y111.417 E107.352
G1 X109.276 Y111.6 E107.36856
G1 X108.6 Y111.6 E107.39104
G1 X108.6 Y112.4 E107.41765
G1 X109.276 Y112.4 E107.44014
G1 X109.733 Y112.581 E107.45648
G1 X109.995 Y113.071 E107.47496
G0 F4800 X109.641 Y113.257
;TYPE:WALL-OUTER
G1 F2400 X109.813 Y113.58 E107.48714
G1 X110.31 Y114.129 E107.51177
G1 X110.969 Y114.493 E107.53681
G1 X111.703 Y114.702 E107.56219
G1 X112.438 Y114.661 E107.58667
G1 X113.149 Y114.46 E107.61125
G1 X113.898 Y113.946 E107.64146
G1 X114.339 Y113.345 E107.66626
G1 X114.55 Y112.894 E107.68282
G1 X114.702 Y112.8 E107.68876
G1 X115.713 Y112.8 E107.72239
G1 X115.8 Y112.713 E107.72648
G1 X115.8 Y111.285 E107.77397
G1 X115.714 Y111.2 E107.778
G1 X114.702 Y111.2 E107.81166
G1 X114.55 Y111.106 E107.8176
G1 X114.342 Y110.658 E107.83403
G1 X113.999 Y110.188 E107.85338
G1 X113.544 Y109.785 E107.8736
G1 X112.886 Y109.428 E107.89849
G1 X111.996 Y109.279 E107.92851
G1 X111.266 Y109.402 E107.95313
G1 X110.572 Y109.705 E107.97832
G1 X110.11 Y110.072 E107.99794
G1 X109.73 Y110.538 E108.01794
G1 X109.431 Y111.139 E108.04027
G1 X109.276 Y111.2 E108.04581
G1 X108.283 Y111.2 E108.07883
G1 X108.2 Y111.283 E108.08274
G1 X108.2 Y112.714 E108.13033
G1 X108.285 Y112.8 E108.13436
G1 X109.276 Y112.8 E108.16732
G1 X109.429 Y112.86 E108.17278
G1 X109.641 Y113.257 E108.18775
G0 F4800 X109.734 Y113.433
G0 X110.361 Y113.101
G0 X111.395 Y111.073
;TYPE:SKIN
G1 F1800 X111.063 Y111.407 E108.20341
G1 X110.748 Y111.973 E108.22496
G1 X110.804 Y112.076 E108.22886
G1 X111.992 Y110.888 E108.28474
G1 X112.455 Y110.991 E108.30051
G1 X111 Y112.446 E108.36895
G1 X111.197 Y112.815 E108.38287
G1 X112.769 Y111.243 E108.45681
G1 X113.019 Y111.558 E108.47018
G1 X111.591 Y112.986 E108.53735
G1 X111.883 Y113.106 E108.54785
G1 X112.068 Y113.075 E108.55409
G1 X113.205 Y111.938 E108.60757
G1 X113.236 Y112 E108.60988
G1 X112.878 Y112.732 E108.63698
G1 X112.476 Y113.005 E108.65314
G1 F1500 E98.65314
;MESH:I2C_LED_BTN-Body002.stl(3)
G0 F4800 X115.57 Y112
G0 X116.665 Y112
G0 X119.335 Y112
G0 X120.43 Y112
G0 X121 Y112
;TYPE:WALL-INNER
G1 F1500 E108.65314
G1 F2400 X121.276 Y112 E108.66232
G0 F4800 X123.578 Y110.624
G1 F2400 X123.195 Y110.742 E108.67565
G1 X122.745 Y111.192 E108.69682
G1 X122.511 Y111.661 E108.71425
G1 X122.25 Y112 E108.72848
G1 X122.511 Y112.339 E108.74271
G1 X122.802 Y112.884 E108.76326
G1 X123.066 Y113.176 E108.77635
G1 X123.837 Y113.493 E108.80408
G1 X124.631 Y113.36 E108.83086
G1 X125.051 Y113.072 E108.84779
G1 X125.301 Y112.732 E108.86183
G1 X125.53 Y112.263 E108.87919
G1 X125.755 Y112 E108.8907
G1 X125.53 Y111.737 E108.90221
G1 X125.303 Y111.269 E108.91951
G1 X124.851 Y110.775 E108.94178
G1 X124.49 Y110.579 E108.95545
G1 X123.996 Y110.496 E108.97211
G1 X123.578 Y110.624 E108.98665
G0 F4800 X125.364 Y110.753
G1 F2400 X125.082 Y110.445 E109.00054
G1 X124.622 Y110.195 E109.01795
G1 X123.996 Y110.09 E109.03906
G1 X123.496 Y110.174 E109.05592
G1 X122.988 Y110.396 E109.07436
G1 X122.406 Y110.974 E109.10164
G1 X122.048 Y111.695 E109.12842
G1 X121.276 Y112 E109.15603
G1 X122.038 Y112.301 E109.18328
G1 X122.472 Y113.116 E109.21399
G1 X122.814 Y113.493 E109.23092
G1 X123.276 Y113.749 E109.24848
G1 X123.792 Y113.896 E109.26633
G1 X124.306 Y113.867 E109.28345
G1 X124.804 Y113.727 E109.30066
G1 X125.333 Y113.364 E109.322
G1 X125.647 Y112.937 E109.33963
G1 X125.919 Y112.372 E109.36048
G1 X126.246 Y112.119 E109.37423
G1 X126.633 Y112 E109.38783
G1 X126.246 Y111.881 E109.40143
G1 X125.918 Y111.628 E109.41521
G1 X125.649 Y111.065 E109.43597
G1 X125.364 Y110.753 E109.45002
G0 F4800 X126.184 Y111.843
G0 X126.633 Y112
G1 F2400 X127 Y112 E109.46235
G0 F4800 X122.269 Y112.927
G0 X121.995 Y113.071
G1 F2400 X122.143 Y113.348 E109.47279
G1 X122.562 Y113.811 E109.49356
G1 X123.123 Y114.121 E109.51488
G1 X123.748 Y114.299 E109.5365
G1 X124.372 Y114.264 E109.55728
G1 X124.977 Y114.093 E109.57819
G1 X125.616 Y113.655 E109.60396
G1 X125.993 Y113.141 E109.62516
G1 X126.239 Y112.623 E109.64423
G1 X126.668 Y112.402 E109.66029
G1 X127.4 Y112.4 E109.68463
G1 X127.4 Y111.6 E109.71124
G1 X126.668 Y111.598 E109.73559
G1 X126.435 Y111.529 E109.74367
G1 X126.21 Y111.316 E109.75397
G1 X125.996 Y110.862 E109.77067
G1 X125.701 Y110.459 E109.78728
G1 X125.313 Y110.115 E109.80452
G1 X124.754 Y109.812 E109.82567
G1 X123.996 Y109.685 E109.85124
G1 X123.381 Y109.788 E109.87198
G1 X122.78 Y110.051 E109.89379
G1 X122.392 Y110.358 E109.91025
G1 X122.068 Y110.756 E109.92732
G1 X121.739 Y111.417 E109.95188
G1 X121.276 Y111.6 E109.96844
G1 X120.6 Y111.6 E109.99092
G1 X120.6 Y112.4 E110.01753
G1 X121.276 Y112.4 E110.04001
G1 X121.733 Y112.581 E110.05636
G1 X121.995 Y113.071 E110.07484
G0 F4800 X121.641 Y113.257
;TYPE:WALL-OUTER
G1 F2400 X121.813 Y113.58 E110.08701
G1 X122.31 Y114.129 E110.11164
G1 X122.969 Y114.493 E110.13668
G1 X123.703 Y114.702 E110.16207
G1 X124.438 Y114.661 E110.18655
G1 X125.149 Y114.46 E110.21113
G1 X125.898 Y113.946 E110.24134
G1 X126.339 Y113.345 E110.26613
G1 X126.55 Y112.894 E110.28269
G1 X126.702 Y112.8 E110.28864
G1 X127.713 Y112.8 E110.32226
G1 X127.8 Y112.713 E110.32636
G1 X127.8 Y111.285 E110.37385
G1 X127.714 Y111.2 E110.37787
G1 X126.702 Y111.2 E110.41153
G1 X126.55 Y111.106 E110.41748
G1 X126.342 Y110.658 E110.4339
G1 X125.999 Y110.188 E110.45326
G1 X125.544 Y109.785 E110.47347
G1 X124.886 Y109.428 E110.49837
G1 X123.996 Y109.279 E110.52839
G1 X123.266 Y109.402 E110.55301
G1 X122.572 Y109.705 E110.57819
G1 X122.11 Y110.072 E110.59782
G1 X121.73 Y110.538 E110.61782
G1 X121.431 Y111.139 E110.64014
G1 X121.276 Y111.2 E110.64568
G1 X120.283 Y111.2 E110.67871
G1 X120.2 Y111.283 E110.68262
G1 X120.2 Y112.714 E110.73021
G1 X120.285 Y112.8 E110.73423
G1 X121.276 Y112.8 E110.76719
G1 X121.429 Y112.86 E110.77266
G1 X121.641 Y113.257 E110.78763
G0 F4800 X121.734 Y113.433
G0 X122.361 Y113.101
G0 X123.395 Y111.073
;TYPE:SKIN
G1 F1800 X123.063 Y111.407 E110.80329
G1 X122.748 Y111.973 E110.82484
G1 X122.958 Y112.367 E110.83969
G1 X124.377 Y110.949 E110.90641
G1 X124.712 Y111.179 E110.91992
G1 X123.155 Y112.736 E110.99316
G1 X123.203 Y112.827 E110.99658
G1 X123.505 Y112.951 E111.00744
G1 X124.979 Y111.478 E111.07675
G1 X125.165 Y111.857 E111.09079
G1 X123.923 Y113.1 E111.14923
G1 X124.476 Y113.005 E111.1679
G1 X124.9 Y112.688 E111.1855
G0 F4800 X123.818 Y110.942
G1 F1800 X122.762 Y111.998 E111.23518
G1 F1500 E101.23518
;MESH:NONMESH
G0 F1800 X122.762 Y111.998 Z2.2
G0 F4800 X120.43 Y112
G0 X119.335 Y112
G0 X113.177 Y108.603
G0 X112 Y108.403
G0 X111.014 Y108.57
G0 X110.512 Y108.792
G0 X104.665 Y112
G0 X103.57 Y112
G0 X97 Y112
;TIME_ELAPSED:192.101851
;LAYER:10
;TYPE:WALL-INNER
;MESH:I2C_LED_BTN-Body002.stl(4)
G1 F1500 E111.23518
G1 F2400 X97.276 Y112 E111.24436
G0 F4800 X99.315 Y110.289
G1 F2400 X98.901 Y110.455 E111.25919
G1 X98.407 Y110.973 E111.283
G1 X98.048 Y111.695 E111.30982
G1 X97.276 Y112 E111.33742
G1 X98.038 Y112.301 E111.36467
G1 X98.472 Y113.115 E111.39536
G1 X98.757 Y113.428 E111.40944
G1 X99.18 Y113.724 E111.42661
G1 X99.778 Y113.877 E111.44714
G1 X100.32 Y113.863 E111.46517
G1 X100.806 Y113.729 E111.48194
G1 X101.228 Y113.436 E111.49903
G1 X101.594 Y113.019 E111.51748
G1 X101.864 Y112.473 E111.53774
G1 X102.27 Y112.106 E111.55594
G1 X102.633 Y112 E111.56864
G1 X102.27 Y111.894 E111.58135
G1 X101.886 Y111.553 E111.59843
G1 X101.547 Y110.855 E111.62424
G1 X101.081 Y110.448 E111.64482
G1 X100.528 Y110.142 E111.66584
G1 X99.785 Y110.101 E111.69059
G1 X99.315 Y110.289 E111.70742
G0 F4800 X101.897 Y111.688
G0 X102.633 Y112
G1 F2400 X103 Y112 E111.71975
G0 F4800 X102.2 Y112.156
G0 X101.478 Y113.293
G0 X101.709 Y113.495
G1 F2400 X101.929 Y113.243 E111.73088
G1 X102.219 Y112.668 E111.7523
G1 X102.518 Y112.402 E111.76561
G1 X103.4 Y112.4 E111.79494
G1 X103.4 Y111.6 E111.82155
G1 X102.518 Y111.598 E111.85089
G1 X102.219 Y111.332 E111.8642
G1 X101.995 Y110.862 E111.88151
G1 X101.702 Y110.46 E111.89806
G1 X101.313 Y110.118 E111.91529
G1 X100.86 Y109.868 E111.9325
G1 X100.359 Y109.732 E111.94976
G1 X99.74 Y109.697 E111.97038
G1 X99.159 Y109.864 E111.99049
G1 X98.512 Y110.209 E112.01488
G1 X98.068 Y110.755 E112.03828
G1 X97.74 Y111.417 E112.06286
G1 X97.276 Y111.6 E112.07945
G1 X96.6 Y111.6 E112.10193
G1 X96.6 Y112.4 E112.12854
G1 X97.276 Y112.4 E112.15102
G1 X97.733 Y112.581 E112.16737
G1 X98.143 Y113.347 E112.19627
G1 X98.491 Y113.73 E112.21348
G1 X99.011 Y114.093 E112.23457
G1 X99.733 Y114.278 E112.25936
G1 X100.379 Y114.261 E112.28086
G1 X100.978 Y114.096 E112.30152
G1 X101.497 Y113.737 E112.32251
G1 X101.709 Y113.495 E112.33321
G0 F4800 X102.008 Y113.759
;TYPE:WALL-OUTER
G1 F2400 X102.264 Y113.467 E112.34609
G1 X102.553 Y112.889 E112.36759
G1 X102.702 Y112.8 E112.37336
G1 X103.713 Y112.8 E112.40699
G1 X103.8 Y112.713 E112.41108
G1 X103.8 Y111.285 E112.45857
G1 X103.714 Y111.2 E112.4626
G1 X102.702 Y111.2 E112.49625
G1 X102.553 Y111.111 E112.50203
G1 X102.342 Y110.658 E112.51865
G1 X101.999 Y110.188 E112.538
G1 X101.544 Y109.789 E112.55813
G1 X101.012 Y109.495 E112.57834
G1 X100.423 Y109.335 E112.59864
G1 X99.695 Y109.294 E112.6229
G1 X99.008 Y109.491 E112.64667
G1 X98.253 Y109.894 E112.67513
G1 X97.73 Y110.537 E112.7027
G1 X97.431 Y111.139 E112.72506
G1 X97.276 Y111.2 E112.7306
G1 X96.283 Y111.2 E112.76362
G1 X96.2 Y111.283 E112.76753
G1 X96.2 Y112.714 E112.81512
G1 X96.285 Y112.8 E112.81914
G1 X97.276 Y112.8 E112.85211
G1 X97.429 Y112.86 E112.85757
G1 X97.813 Y113.579 E112.88468
G1 X98.225 Y114.032 E112.90505
G1 X98.841 Y114.463 E112.93005
G1 X99.687 Y114.679 E112.95909
G1 X100.438 Y114.66 E112.98408
G1 X101.15 Y114.464 E113.00864
G1 X101.765 Y114.037 E113.03354
G1 X102.008 Y113.759 E113.04579
G0 F4800 X102.139 Y113.609
G0 X101.607 Y113.145
G0 X101.236 Y111.088
;TYPE:SKIN
G1 F1800 X100.575 Y110.602 E113.07308
G1 X100.392 Y110.575 E113.07924
G1 X101.816 Y112 E113.14624
G1 X101.542 Y112.29 E113.15951
G1 X99.766 Y110.514 E113.24305
G1 X99.362 Y110.676 E113.25752
G1 X101.349 Y112.663 E113.35099
G1 X101.112 Y112.991 E113.36445
G1 X99.008 Y110.887 E113.46341
G1 X98.732 Y111.177 E113.47673
G1 X100.815 Y113.26 E113.5747
G1 X100.644 Y113.379 E113.58163
G1 X100.402 Y113.413 E113.58976
G1 X98.542 Y111.552 E113.67727
G1 X98.312 Y111.888 E113.69082
G1 X99.907 Y113.484 E113.76586
G1 X99.351 Y113.374 E113.78472
G1 X98.78 Y112.884 E113.80974
G1 X98.485 Y112.335 E113.83047
G1 X98.227 Y111.999 E113.84456
G1 F1500 E103.84456
;MESH:I2C_LED_BTN-Body002.stl
G0 F4800 X103.57 Y112
G0 X104.665 Y112
G0 X107.335 Y112
G0 X108.43 Y112
G0 X109 Y112
;TYPE:WALL-INNER
G1 F1500 E113.84456
G1 F2400 X109.276 Y112 E113.85374
G0 F4800 X111.315 Y110.289
G1 F2400 X110.901 Y110.455 E113.86858
G1 X110.407 Y110.973 E113.89238
G1 X110.048 Y111.695 E113.9192
G1 X109.276 Y112 E113.94681
G1 X110.038 Y112.301 E113.97406
G1 X110.472 Y113.115 E114.00474
G1 X110.757 Y113.428 E114.01882
G1 X111.18 Y113.724 E114.03599
G1 X111.778 Y113.877 E114.05652
G1 X112.32 Y113.863 E114.07455
G1 X112.806 Y113.729 E114.09132
G1 X113.228 Y113.436 E114.10841
G1 X113.594 Y113.019 E114.12686
G1 X113.864 Y112.473 E114.14712
G1 X114.27 Y112.106 E114.16533
G1 X114.633 Y112 E114.17803
G1 X114.27 Y111.894 E114.19073
G1 X113.886 Y111.553 E114.20781
G1 X113.547 Y110.855 E114.23362
G1 X113.081 Y110.448 E114.2542
G1 X112.528 Y110.142 E114.27522
G1 X111.785 Y110.101 E114.29997
G1 X111.315 Y110.289 E114.31681
G0 F4800 X113.897 Y111.688
G0 X114.633 Y112
G1 F2400 X115 Y112 E114.32914
G0 F4800 X114.2 Y112.156
G0 X113.478 Y113.293
G0 X113.709 Y113.495
G1 F2400 X113.929 Y113.243 E114.34026
G1 X114.219 Y112.668 E114.36168
G1 X114.518 Y112.402 E114.37499
G1 X115.4 Y112.4 E114.40433
G1 X115.4 Y111.6 E114.43094
G1 X114.518 Y111.598 E114.46027
G1 X114.219 Y111.332 E114.47358
G1 X113.995 Y110.862 E114.4909
G1 X113.702 Y110.46 E114.50744
G1 X113.313 Y110.118 E114.52467
G1 X112.86 Y109.868 E114.54188
G1 X112.359 Y109.732 E114.55915
G1 X111.74 Y109.697 E114.57977
G1 X111.159 Y109.864 E114.59987
G1 X110.512 Y110.209 E114.62426
G1 X110.068 Y110.755 E114.64767
G1 X109.74 Y111.417 E114.67224
G1 X109.276 Y111.6 E114.68883
G1 X108.6 Y111.6 E114.71131
G1 X108.6 Y112.4 E114.73792
G1 X109.276 Y112.4 E114.76041
G1 X109.733 Y112.581 E114.77676
G1 X110.143 Y113.347 E114.80565
G1 X110.491 Y113.73 E114.82286
G1 X111.011 Y114.093 E114.84396
G1 X111.733 Y114.278 E114.86875
G1 X112.379 Y114.261 E114.89024
G1 X112.978 Y114.096 E114.9109
G1 X113.497 Y113.737 E114.93189
G1 X113.709 Y113.495 E114.94259
G0 F4800 X114.008 Y113.759
;TYPE:WALL-OUTER
G1 F2400 X114.264 Y113.467 E114.95548
G1 X114.553 Y112.889 E114.97697
G1 X114.702 Y112.8 E114.98274
G1 X115.713 Y112.8 E115.01637
G1 X115.8 Y112.713 E115.02046
G1 X115.8 Y111.285 E115.06796
G1 X115.714 Y111.2 E115.07198
G1 X114.702 Y111.2 E115.10564
G1 X114.553 Y111.111 E115.11141
G1 X114.342 Y110.658 E115.12803
G1 X113.999 Y110.188 E115.14738
G1 X113.544 Y109.789 E115.16751
G1 X113.012 Y109.495 E115.18773
G1 X112.423 Y109.335 E115.20803
G1 X111.695 Y109.294 E115.23228
G1 X111.008 Y109.491 E115.25605
G1 X110.253 Y109.894 E115.28452
G1 X109.73 Y110.537 E115.31208
G1 X109.431 Y111.139 E115.33444
G1 X109.276 Y111.2 E115.33998
G1 X108.283 Y111.2 E115.37301
G1 X108.2 Y111.283 E115.37691
G1 X108.2 Y112.714 E115.42451
G1 X108.285 Y112.8 E115.42853
G1 X109.276 Y112.8 E115.46149
G1 X109.429 Y112.86 E115.46696
G1 X109.813 Y113.579 E115.49407
G1 X110.225 Y114.032 E115.51443
G1 X110.841 Y114.463 E115.53944
G1 X111.687 Y114.679 E115.56848
G1 X112.438 Y114.66 E115.59347
G1 X113.15 Y114.464 E115.61803
G1 X113.765 Y114.037 E115.64293
G1 X114.008 Y113.759 E115.65518
G0 F4800 X114.139 Y113.609
G0 X113.607 Y113.145
G0 X112.249 Y110.552
G0 X112.575 Y110.602
;TYPE:SKIN
G1 F1800 X113.236 Y111.088 E115.68247
G1 X113.572 Y111.772 E115.70781
G1 X113.816 Y112 E115.71892
G1 X113.754 Y112.057 E115.72172
G1 X112.249 Y110.552 E115.79251
G1 X112.575 Y110.602 E115.80348
G0 F4800 X112.249 Y110.552
G1 F1800 X111.83 Y110.487 E115.81758
G1 X111.68 Y110.548 E115.82297
G1 X113.501 Y112.369 E115.90862
G1 X113.307 Y112.742 E115.92261
G1 X111.276 Y110.71 E116.01816
G1 X110.949 Y110.949 E116.03164
G1 X113.056 Y113.056 E116.13074
G1 X112.743 Y113.309 E116.14413
G1 X110.69 Y111.255 E116.24072
G1 X110.502 Y111.633 E116.25476
G1 X112.296 Y113.428 E116.33917
G1 X111.823 Y113.495 E116.35506
G1 X111.35 Y113.374 E116.3713
G1 X110.78 Y112.884 E116.3963
G1 X110.309 Y112.006 E116.42944
G1 X111.789 Y113.486 E116.49905
G1 F1500 E106.49905
;MESH:I2C_LED_BTN-Body002.stl(3)
G0 F4800 X114.459 Y112.573
G0 X115.129 Y113.659
G0 X115.979 Y113.661
G0 X119.335 Y112.573
G0 X120.43 Y112.573
G0 X121 Y112
;TYPE:WALL-INNER
G1 F1500 E116.49905
G1 F2400 X121.276 Y112 E116.50823
G0 F4800 X123.315 Y110.289
G1 F2400 X122.901 Y110.455 E116.52306
G1 X122.407 Y110.973 E116.54687
G1 X122.048 Y111.695 E116.57369
G1 X121.276 Y112 E116.6013
G1 X122.038 Y112.301 E116.62855
G1 X122.472 Y113.115 E116.65923
G1 X122.757 Y113.428 E116.67331
G1 X123.18 Y113.724 E116.69048
G1 X123.778 Y113.877 E116.71101
G1 X124.32 Y113.863 E116.72904
G1 X124.806 Y113.729 E116.74581
G1 X125.228 Y113.436 E116.7629
G1 X125.594 Y113.019 E116.78135
G1 X125.864 Y112.473 E116.80161
G1 X126.27 Y112.106 E116.81982
G1 X126.633 Y112 E116.83252
G1 X126.27 Y111.894 E116.84522
G1 X125.886 Y111.553 E116.8623
G1 X125.547 Y110.855 E116.88811
G1 X125.081 Y110.448 E116.90869
G1 X124.528 Y110.142 E116.92971
G1 X123.785 Y110.101 E116.95446
G1 X123.315 Y110.289 E116.9713
G0 F4800 X125.897 Y111.688
G0 X126.633 Y112
G1 F2400 X127 Y112 E116.98363
G0 F4800 X126.2 Y112.156
G0 X125.478 Y113.293
G0 X125.709 Y113.495
G1 F2400 X125.929 Y113.243 E116.99475
G1 X126.219 Y112.668 E117.01617
G1 X126.518 Y112.402 E117.02948
G1 X127.4 Y112.4 E117.05882
G1 X127.4 Y111.6 E117.08543
G1 X126.518 Y111.598 E117.11476
G1 X126.219 Y111.332 E117.12807
G1 X125.995 Y110.862 E117.14539
G1 X125.702 Y110.46 E117.16193
G1 X125.313 Y110.118 E117.17916
G1 X124.86 Y109.868 E117.19637
G1 X124.359 Y109.732 E117.21364
G1 X123.74 Y109.697 E117.23426
G1 X123.159 Y109.864 E117.25436
G1 X122.512 Y110.209 E117.27875
G1 X122.068 Y110.755 E117.30216
G1 X121.74 Y111.417 E117.32673
G1 X121.276 Y111.6 E117.34332
G1 X120.6 Y111.6 E117.3658
G1 X120.6 Y112.4 E117.39241
G1 X121.276 Y112.4 E117.4149
G1 X121.733 Y112.581 E117.43124
G1 X122.143 Y113.347 E117.46014
G1 X122.491 Y113.73 E117.47735
G1 X123.011 Y114.093 E117.49845
G1 X123.733 Y114.278 E117.52324
G1 X124.379 Y114.261 E117.54473
G1 X124.978 Y114.096 E117.56539
G1 X125.497 Y113.737 E117.58638
G1 X125.709 Y113.495 E117.59708
G0 F4800 X126.008 Y113.759
;TYPE:WALL-OUTER
G1 F2400 X126.264 Y113.467 E117.60997
G1 X126.553 Y112.889 E117.63146
G1 X126.702 Y112.8 E117.63723
G1 X127.713 Y112.8 E117.67086
G1 X127.8 Y112.713 E117.67495
G1 X127.8 Y111.285 E117.72245
G1 X127.714 Y111.2 E117.72647
G1 X126.702 Y111.2 E117.76013
G1 X126.553 Y111.111 E117.7659
G1 X126.342 Y110.658 E117.78252
G1 X125.999 Y110.188 E117.80187
G1 X125.544 Y109.789 E117.822
G1 X125.012 Y109.495 E117.84222
G1 X124.423 Y109.335 E117.86252
G1 X123.695 Y109.294 E117.88677
G1 X123.008 Y109.491 E117.91054
G1 X122.253 Y109.894 E117.93901
G1 X121.73 Y110.537 E117.96657
G1 X121.431 Y111.139 E117.98893
G1 X121.276 Y111.2 E117.99447
G1 X120.283 Y111.2 E118.0275
G1 X120.2 Y111.283 E118.0314
G1 X120.2 Y112.714 E118.079
G1 X120.285 Y112.8 E118.08302
G1 X121.276 Y112.8 E118.11598
G1 X121.429 Y112.86 E118.12145
G1 X121.813 Y113.579 E118.14856
G1 X122.225 Y114.032 E118.16892
G1 X122.841 Y114.463 E118.19393
G1 X123.687 Y114.679 E118.22297
G1 X124.438 Y114.66 E118.24796
G1 X125.15 Y114.464 E118.27252
G1 X125.765 Y114.037 E118.29742
G1 X126.008 Y113.759 E118.30967
G0 F4800 X126.139 Y113.609
G0 X125.607 Y113.145
G0 X125.214 Y111.072
;TYPE:SKIN
G1 F1800 X124.575 Y110.602 E118.33605
G1 X124.106 Y110.53 E118.35183
G1 X125.692 Y112.115 E118.42641
G1 X125.46 Y112.449 E118.43994
G1 X123.593 Y110.582 E118.52775
G1 X123.19 Y110.745 E118.54221
G1 X125.263 Y112.818 E118.63972
G1 X125 Y113.12 E118.65304
G1 X122.891 Y111.012 E118.75222
G1 X122.65 Y111.336 E118.76565
G1 X124.673 Y113.359 E118.8608
G1 X124.191 Y113.443 E118.87708
G1 X122.454 Y111.706 E118.95878
G1 X122.207 Y112.024 E118.97217
G1 X123.627 Y113.445 E119.03899
G1 X123.35 Y113.374 E119.0485
G1 X122.781 Y112.884 E119.07348
G1 X122.485 Y112.334 E119.09425
G1 F1500 E109.09425
;MESH:NONMESH
G0 F1800 X122.485 Y112.334 Z2.4
G0 F4800 X120.43 Y112
G0 X119.335 Y112
G0 X113.348 Y108.695
G0 X112.559 Y108.475
G0 X111.601 Y108.428
G0 X110.771 Y108.66
G0 X104.665 Y112
G0 X103.57 Y112
G0 X97 Y112
;TIME_ELAPSED:202.874595
;LAYER:11
;TYPE:WALL-INNER
;MESH:I2C_LED_BTN-Body002.stl(4)
G1 F1500 E119.09425
G1 F2400 X97.276 Y112 E119.10343
G0 F4800 X100.415 Y110.622
G1 F2400 X100.041 Y110.509 E119.11642
G1 X99.671 Y110.532 E119.12875
G1 X99.299 Y110.683 E119.14211
G1 X98.829 Y111.029 E119.16152
G1 X98.444 Y111.773 E119.18938
G1 X98.252 Y112 E119.19927
G1 X98.444 Y112.227 E119.20916
G1 X98.783 Y112.899 E119.23419
G1 X99.126 Y113.199 E119.24935
G1 X99.644 Y113.442 E119.26838
G1 X100.239 Y113.471 E119.28819
G1 X100.552 Y113.385 E119.29899
G1 X101.101 Y113.003 E119.32123
G1 X101.482 Y112.346 E119.34649
G1 X101.744 Y112 E119.36093
G1 X101.482 Y111.654 E119.37536
G1 X101.191 Y111.103 E119.39609
G1 X100.8 Y110.737 E119.4139
G1 X100.415 Y110.622 E119.42727
G0 F4800 X100.693 Y113.711
G1 F2400 X101.071 Y113.557 E119.44084
G1 X101.502 Y113.185 E119.45978
G1 X102.032 Y112.273 E119.49486
G1 X102.633 Y112 E119.51704
G1 X101.954 Y111.691 E119.5421
G1 X101.52 Y110.871 E119.57295
G1 X101.008 Y110.393 E119.59625
G1 X100.631 Y110.214 E119.61013
G1 X100.067 Y110.107 E119.62922
G1 X99.581 Y110.137 E119.64542
G1 X99.102 Y110.332 E119.66262
G1 X98.662 Y110.656 E119.68079
G1 X98.407 Y110.971 E119.69427
G1 X98.133 Y111.524 E119.7148
G1 X97.726 Y111.893 E119.73307
G1 X97.276 Y112 E119.74846
G1 X97.726 Y112.107 E119.76384
G1 X98.061 Y112.349 E119.77759
G1 X98.458 Y113.146 E119.8072
G1 X98.905 Y113.538 E119.82698
G1 X99.524 Y113.828 E119.84971
G1 X100.304 Y113.868 E119.87569
G1 X100.693 Y113.711 E119.88964
G0 F4800 X102.185 Y112.157
G0 X102.633 Y112
G1 F2400 X103 Y112 E119.90197
G0 F4800 X102.266 Y112.141
G0 X99.173 Y113.767
G0 X99.043 Y114.044
G1 F2400 X99.404 Y114.213 E119.91523
G1 X99.881 Y114.293 E119.93131
G1 X100.37 Y114.264 E119.94761
G1 X100.853 Y114.131 E119.96427
G1 X101.3 Y113.888 E119.98119
G1 X101.692 Y113.549 E119.99843
G1 X101.993 Y113.141 E120.01529
G1 X102.307 Y112.564 E120.03714
G1 X102.668 Y112.402 E120.0503
G1 X103.4 Y112.4 E120.07465
G1 X103.4 Y111.6 E120.10126
G1 X102.668 Y111.598 E120.1256
G1 X102.259 Y111.415 E120.14051
G1 X101.85 Y110.638 E120.16971
G1 X101.216 Y110.049 E120.19849
G1 X100.756 Y109.831 E120.21542
G1 X100.093 Y109.704 E120.23788
G1 X99.491 Y109.742 E120.25794
G1 X98.904 Y109.98 E120.27901
G1 X98.383 Y110.365 E120.30055
G1 X98.068 Y110.754 E120.3172
G1 X97.777 Y111.332 E120.33872
G1 X97.474 Y111.6 E120.35218
G1 X96.6 Y111.6 E120.38125
G1 X96.6 Y112.4 E120.40786
G1 X97.474 Y112.4 E120.43692
G1 X97.777 Y112.668 E120.45038
G1 X98.129 Y113.389 E120.47707
G1 X98.684 Y113.876 E120.50162
G1 X99.043 Y114.044 E120.51481
G0 F4800 X98.871 Y114.405
;TYPE:WALL-OUTER
G1 F2400 X99.284 Y114.599 E120.52998
G1 X99.859 Y114.695 E120.54937
G1 X100.435 Y114.661 E120.56856
G1 X101.004 Y114.505 E120.58819
G1 X101.529 Y114.218 E120.60809
G1 X101.988 Y113.823 E120.62823
G1 X102.339 Y113.345 E120.64795
G1 X102.609 Y112.8 E120.66818
G1 X103.713 Y112.8 E120.7049
G1 X103.8 Y112.713 E120.70899
G1 X103.8 Y111.285 E120.75649
G1 X103.714 Y111.2 E120.76051
G1 X102.702 Y111.2 E120.79417
G1 X102.567 Y111.139 E120.7991
G1 X102.179 Y110.405 E120.82671
G1 X101.619 Y109.797 E120.8542
G1 X100.881 Y109.448 E120.88136
G1 X100.119 Y109.302 E120.90716
G1 X99.401 Y109.346 E120.93109
G1 X98.707 Y109.628 E120.956
G1 X98.104 Y110.074 E120.98095
G1 X97.73 Y110.537 E121.00074
G1 X97.398 Y111.2 E121.02541
G1 X96.283 Y111.2 E121.06249
G1 X96.2 Y111.283 E121.06639
G1 X96.2 Y112.714 E121.11399
G1 X96.285 Y112.8 E121.11801
G1 X97.4 Y112.8 E121.1551
G1 X97.665 Y113.353 E121.17549
G1 X97.989 Y113.8 E121.19385
G1 X98.463 Y114.214 E121.21479
G1 X98.871 Y114.405 E121.22977
G0 F4800 X99.052 Y114.49
G0 X99.351 Y113.85
G0 X101.216 Y112.047
;TYPE:SKIN
G1 F1800 X100.22 Y113.043 E121.27662
G1 X100.4 Y113.032 E121.28262
G1 X100.816 Y112.743 E121.29946
G1 X101.239 Y112.007 E121.3277
G1 X101.049 Y111.649 E121.34118
G1 X99.665 Y113.032 E121.40625
G1 X99.3 Y112.832 E121.4201
G1 X100.84 Y111.292 E121.49253
G1 X100.521 Y111.045 E121.50595
G1 X99.029 Y112.537 E121.57613
G1 X98.837 Y112.163 E121.59011
G1 X100.085 Y110.916 E121.64879
G1 X99.624 Y110.916 E121.66413
G1 X99.095 Y111.34 E121.68667
G1 F1500 E111.68667
;MESH:I2C_LED_BTN-Body002.stl
G0 F4800 X103.57 Y112
G0 X104.665 Y112
G0 X107.335 Y112
G0 X108.43 Y112
G0 X109 Y112
;TYPE:WALL-INNER
G1 F1500 E121.68667
G1 F2400 X109.276 Y112 E121.69585
G0 F4800 X112.415 Y110.622
G1 F2400 X112.041 Y110.509 E121.70885
G1 X111.671 Y110.532 E121.72118
G1 X111.299 Y110.683 E121.73453
G1 X110.829 Y111.029 E121.75394
G1 X110.444 Y111.773 E121.78181
G1 X110.252 Y112 E121.79169
G1 X110.444 Y112.227 E121.80158
G1 X110.783 Y112.899 E121.82662
G1 X111.126 Y113.199 E121.84177
G1 X111.644 Y113.442 E121.8608
G1 X112.239 Y113.471 E121.88062
G1 X112.552 Y113.385 E121.89141
G1 X113.101 Y113.003 E121.91366
G1 X113.482 Y112.346 E121.93892
G1 X113.744 Y112 E121.95335
G1 X113.482 Y111.654 E121.96779
G1 X113.191 Y111.103 E121.98851
G1 X112.8 Y110.737 E122.00633
G1 X112.415 Y110.622 E122.01969
G0 F4800 X112.693 Y113.711
G1 F2400 X113.071 Y113.557 E122.03327
G1 X113.502 Y113.185 E122.0522
G1 X114.032 Y112.273 E122.08729
G1 X114.633 Y112 E122.10946
G1 X113.954 Y111.691 E122.13452
G1 X113.52 Y110.871 E122.16538
G1 X113.008 Y110.393 E122.18868
G1 X112.631 Y110.214 E122.20256
G1 X112.067 Y110.107 E122.22165
G1 X111.581 Y110.137 E122.23785
G1 X111.102 Y110.332 E122.25505
G1 X110.662 Y110.656 E122.27322
G1 X110.407 Y110.971 E122.2867
G1 X110.133 Y111.524 E122.30723
G1 X109.726 Y111.893 E122.3255
G1 X109.276 Y112 E122.34088
G1 X109.726 Y112.107 E122.35627
G1 X110.061 Y112.349 E122.37001
G1 X110.458 Y113.146 E122.39963
G1 X110.905 Y113.538 E122.4194
G1 X111.524 Y113.828 E122.44214
G1 X112.304 Y113.868 E122.46811
G1 X112.693 Y113.711 E122.48207
G0 F4800 X114.185 Y112.157
G0 X114.633 Y112
G1 F2400 X115 Y112 E122.4944
G0 F4800 X114.266 Y112.141
G0 X111.173 Y113.767
G0 X111.043 Y114.044
G1 F2400 X111.404 Y114.213 E122.50765
G1 X111.881 Y114.293 E122.52374
G1 X112.37 Y114.264 E122.54003
G1 X112.853 Y114.131 E122.5567
G1 X113.3 Y113.888 E122.57362
G1 X113.692 Y113.549 E122.59085
G1 X113.993 Y113.141 E122.60772
G1 X114.307 Y112.564 E122.62957
G1 X114.668 Y112.402 E122.64273
G1 X115.4 Y112.4 E122.66707
G1 X115.4 Y111.6 E122.69368
G1 X114.668 Y111.598 E122.71803
G1 X114.259 Y111.415 E122.73293
G1 X113.85 Y110.638 E122.76214
G1 X113.216 Y110.049 E122.79092
G1 X112.756 Y109.831 E122.80785
G1 X112.093 Y109.704 E122.8303
G1 X111.491 Y109.742 E122.85036
G1 X110.904 Y109.98 E122.87143
G1 X110.383 Y110.365 E122.89298
G1 X110.068 Y110.754 E122.90963
G1 X109.777 Y111.332 E122.93115
G1 X109.474 Y111.6 E122.9446
G1 X108.6 Y111.6 E122.97367
G1 X108.6 Y112.4 E123.00028
G1 X109.474 Y112.4 E123.02935
G1 X109.777 Y112.668 E123.0428
G1 X110.129 Y113.389 E123.06949
G1 X110.684 Y113.876 E123.09405
G1 X111.043 Y114.044 E123.10723
G0 F4800 X110.871 Y114.405
;TYPE:WALL-OUTER
G1 F2400 X111.284 Y114.599 E123.12241
G1 X111.859 Y114.695 E123.1418
G1 X112.435 Y114.661 E123.16099
G1 X113.004 Y114.505 E123.18061
G1 X113.529 Y114.218 E123.20051
G1 X113.988 Y113.823 E123.22065
G1 X114.339 Y113.345 E123.24038
G1 X114.609 Y112.8 E123.26061
G1 X115.713 Y112.8 E123.29733
G1 X115.8 Y112.713 E123.30142
G1 X115.8 Y111.285 E123.34891
G1 X115.714 Y111.2 E123.35294
G1 X114.702 Y111.2 E123.3866
G1 X114.567 Y111.139 E123.39152
G1 X114.179 Y110.405 E123.41914
G1 X113.619 Y109.797 E123.44663
G1 X112.881 Y109.448 E123.47378
G1 X112.119 Y109.302 E123.49959
G1 X111.401 Y109.346 E123.52351
G1 X110.707 Y109.628 E123.54843
G1 X110.104 Y110.074 E123.57337
G1 X109.73 Y110.537 E123.59317
G1 X109.398 Y111.2 E123.61783
G1 X108.283 Y111.2 E123.65492
G1 X108.2 Y111.283 E123.65882
G1 X108.2 Y112.714 E123.70642
G1 X108.285 Y112.8 E123.71044
G1 X109.4 Y112.8 E123.74752
G1 X109.665 Y113.353 E123.76792
G1 X109.989 Y113.8 E123.78628
G1 X110.463 Y114.214 E123.80721
G1 X110.871 Y114.405 E123.8222
G0 F4800 X111.052 Y114.49
G0 X111.351 Y113.85
G0 X112.4 Y113.032
;TYPE:SKIN
G1 F1800 X112.816 Y112.743 E123.83904
G1 X113.239 Y112.007 E123.86728
G1 X113.203 Y111.94 E123.86981
G1 X112.093 Y113.05 E123.92202
G1 X111.747 Y113.071 E123.93355
G1 X111.583 Y112.994 E123.93957
G1 X113.007 Y111.57 E124.00655
G1 X112.778 Y111.234 E124.02008
G1 X111.242 Y112.769 E124.0923
G1 X110.987 Y112.458 E124.10568
G1 X112.428 Y111.018 E124.17344
G1 X111.987 Y110.893 E124.18868
G1 X110.797 Y112.083 E124.24466
G1 X110.754 Y111.999 E124.24779
G1 X111.125 Y111.282 E124.27465
G1 X111.625 Y110.916 E124.29525
G1 F1500 E114.29525
;MESH:I2C_LED_BTN-Body002.stl(3)
G0 F4800 X115.57 Y112
G0 X116.665 Y112
G0 X119.335 Y112
G0 X120.43 Y112
G0 X121 Y112
;TYPE:WALL-INNER
G1 F1500 E124.29525
G1 F2400 X121.276 Y112 E124.30443
G0 F4800 X124.415 Y110.622
G1 F2400 X124.041 Y110.509 E124.31743
G1 X123.671 Y110.532 E124.32976
G1 X123.299 Y110.683 E124.34311
G1 X122.829 Y111.029 E124.36252
G1 X122.444 Y111.773 E124.39039
G1 X122.252 Y112 E124.40027
G1 X122.444 Y112.227 E124.41016
G1 X122.783 Y112.899 E124.4352
G1 X123.126 Y113.199 E124.45035
G1 X123.644 Y113.442 E124.46938
G1 X124.239 Y113.471 E124.4892
G1 X124.552 Y113.385 E124.49999
G1 X125.101 Y113.003 E124.52224
G1 X125.482 Y112.346 E124.5475
G1 X125.744 Y112 E124.56193
G1 X125.482 Y111.654 E124.57637
G1 X125.191 Y111.103 E124.59709
G1 X124.8 Y110.737 E124.61491
G1 X124.415 Y110.622 E124.62827
G0 F4800 X124.693 Y113.711
G1 F2400 X125.071 Y113.557 E124.64185
G1 X125.502 Y113.185 E124.66078
G1 X126.032 Y112.273 E124.69587
G1 X126.633 Y112 E124.71804
G1 X125.954 Y111.691 E124.7431
G1 X125.52 Y110.871 E124.77396
G1 X125.008 Y110.393 E124.79726
G1 X124.631 Y110.214 E124.81114
G1 X124.067 Y110.107 E124.83023
G1 X123.581 Y110.137 E124.84643
G1 X123.102 Y110.332 E124.86363
G1 X122.662 Y110.656 E124.8818
G1 X122.407 Y110.971 E124.89528
G1 X122.133 Y111.524 E124.91581
G1 X121.726 Y111.893 E124.93408
G1 X121.276 Y112 E124.94946
G1 X121.726 Y112.107 E124.96485
G1 X122.061 Y112.349 E124.97859
G1 X122.458 Y113.146 E125.00821
G1 X122.905 Y113.538 E125.02798
G1 X123.524 Y113.828 E125.05072
G1 X124.304 Y113.868 E125.07669
G1 X124.693 Y113.711 E125.09065
G0 F4800 X126.185 Y112.157
G0 X126.633 Y112
G1 F2400 X127 Y112 E125.10298
G0 F4800 X126.266 Y112.141
G0 X123.173 Y113.767
G0 X123.043 Y114.044
G1 F2400 X123.404 Y114.213 E125.11623
G1 X123.881 Y114.293 E125.13232
G1 X124.37 Y114.264 E125.14861
G1 X124.853 Y114.131 E125.16528
G1 X125.3 Y113.888 E125.1822
G1 X125.692 Y113.549 E125.19943
G1 X125.993 Y113.141 E125.2163
G1 X126.307 Y112.564 E125.23815
G1 X126.668 Y112.402 E125.25131
G1 X127.4 Y112.4 E125.27565
G1 X127.4 Y111.6 E125.30226
G1 X126.668 Y111.598 E125.32661
G1 X126.259 Y111.415 E125.34151
G1 X125.85 Y110.638 E125.37072
G1 X125.216 Y110.049 E125.3995
G1 X124.756 Y109.831 E125.41643
G1 X124.093 Y109.704 E125.43888
G1 X123.491 Y109.742 E125.45894
G1 X122.904 Y109.98 E125.48001
G1 X122.383 Y110.365 E125.50156
G1 X122.068 Y110.754 E125.51821
G1 X121.777 Y111.332 E125.53973
G1 X121.474 Y111.6 E125.55318
G1 X120.6 Y111.6 E125.58225
G1 X120.6 Y112.4 E125.60886
G1 X121.474 Y112.4 E125.63793
G1 X121.777 Y112.668 E125.65138
G1 X122.129 Y113.389 E125.67807
G1 X122.684 Y113.876 E125.70263
G1 X123.043 Y114.044 E125.71581
G0 F4800 X122.871 Y114.405
;TYPE:WALL-OUTER
G1 F2400 X123.284 Y114.599 E125.73099
G1 X123.859 Y114.695 E125.75038
G1 X124.435 Y114.661 E125.76957
G1 X125.004 Y114.505 E125.78919
G1 X125.529 Y114.218 E125.80909
G1 X125.988 Y113.823 E125.82923
G1 X126.339 Y113.345 E125.84896
G1 X126.609 Y112.8 E125.86919
G1 X127.713 Y112.8 E125.90591
G1 X127.8 Y112.713 E125.91
G1 X127.8 Y111.285 E125.95749
G1 X127.714 Y111.2 E125.96152
G1 X126.702 Y111.2 E125.99518
G1 X126.567 Y111.139 E126.0001
G1 X126.179 Y110.405 E126.02772
G1 X125.619 Y109.797 E126.05521
G1 X124.881 Y109.448 E126.08236
G1 X124.119 Y109.302 E126.10817
G1 X123.401 Y109.346 E126.13209
G1 X122.707 Y109.628 E126.15701
G1 X122.104 Y110.074 E126.18195
G1 X121.73 Y110.537 E126.20175
G1 X121.398 Y111.2 E126.22641
G1 X120.283 Y111.2 E126.2635
G1 X120.2 Y111.283 E126.2674
G1 X120.2 Y112.714 E126.315
G1 X120.285 Y112.8 E126.31902
G1 X121.4 Y112.8 E126.3561
G1 X121.665 Y113.353 E126.3765
G1 X121.989 Y113.8 E126.39486
G1 X122.463 Y114.214 E126.41579
G1 X122.871 Y114.405 E126.43078
G0 F4800 X123.052 Y114.49
G0 X123.351 Y113.85
G0 X124.4 Y113.032
;TYPE:SKIN
G1 F1800 X124.816 Y112.743 E126.44762
G1 X125.239 Y112.007 E126.47586
G1 X124.966 Y111.491 E126.49527
G1 X123.5 Y112.956 E126.56421
G1 X123.184 Y112.706 E126.57761
G1 X124.715 Y111.176 E126.6496
G1 X124.335 Y110.99 E126.66367
G1 X122.947 Y112.378 E126.72896
G1 X122.754 Y111.999 E126.7431
G1 X123.125 Y111.282 E126.76995
G1 X123.624 Y110.916 E126.79054
G1 X123.858 Y110.901 E126.79833
G1 X122.757 Y112.003 E126.85015
G0 F4800 X123.964 Y113.059
G1 F1800 X125.161 Y111.861 E126.90647
G1 F1500 E116.90647
;MESH:NONMESH
G0 F1800 X125.161 Y111.861 Z2.6
G0 F4800 X120.43 Y112
G0 X119.335 Y112
G0 X113.333 Y115.31
G0 X112.574 Y115.521
G0 X111.82 Y115.564
G0 X111.025 Y115.435
G0 X110.436 Y115.159
G0 X104.665 Y112
G0 X103.57 Y112
G0 X97 Y112
;TIME_ELAPSED:213.508005
;LAYER:12
;TYPE:WALL-INNER
;MESH:I2C_LED_BTN-Body002.stl(4)
G1 F1500 E126.90647
G1 F2400 X97.276 Y112 E126.91565
G0 F4800 X97.763 Y112.141
G0 X99.878 Y113.837
G1 F2400 X100.308 Y113.866 E126.92999
G1 X100.802 Y113.729 E126.94704
G1 X101.241 Y113.427 E126.96476
G1 X101.514 Y113.131 E126.97815
G1 X101.957 Y112.304 E127.00936
G1 X102.633 Y112 E127.03426
G1 X101.955 Y111.695 E127.05923
G1 X101.434 Y110.708 E127.09635
G1 X100.815 Y110.272 E127.12153
G1 X100.199 Y110.097 E127.14283
G1 X99.582 Y110.136 E127.1634
G1 X99.089 Y110.336 E127.18109
G1 X98.452 Y110.879 E127.20893
G1 X98.007 Y111.683 E127.23949
G1 X97.748 Y111.882 E127.25036
G1 X97.276 Y112 E127.26654
G1 X97.748 Y112.118 E127.28272
G1 X98.007 Y112.317 E127.29358
G1 X98.489 Y113.181 E127.32649
G1 X98.904 Y113.542 E127.34479
G1 X99.384 Y113.805 E127.36299
G1 X99.878 Y113.837 E127.37945
G0 F4800 X102.217 Y112.156
G0 X102.633 Y112
G1 F2400 X103 Y112 E127.39178
G0 F4800 X102.217 Y112.156
G0 X101.729 Y112.928
G0 X101.999 Y113.073
G1 F2400 X102.263 Y112.582 E127.41028
G1 X102.668 Y112.402 E127.42502
G1 X103.4 Y112.4 E127.44937
G1 X103.4 Y111.6 E127.47597
G1 X102.668 Y111.598 E127.50032
G1 X102.261 Y111.417 E127.51514
G1 X101.849 Y110.638 E127.54445
G1 X101.518 Y110.278 E127.56071
G1 X100.989 Y109.906 E127.58222
G1 X100.243 Y109.694 E127.60801
G1 X99.492 Y109.741 E127.63304
G1 X98.897 Y109.983 E127.65441
G1 X98.327 Y110.381 E127.67753
G1 X97.929 Y110.994 E127.70184
G1 X97.786 Y111.318 E127.71362
G1 X97.56 Y111.53 E127.72392
G1 X97.276 Y111.6 E127.73365
G1 X96.6 Y111.6 E127.75614
G1 X96.6 Y112.4 E127.78274
G1 X97.485 Y112.4 E127.81218
G1 X97.786 Y112.682 E127.8259
G1 X97.996 Y113.122 E127.84211
G1 X98.307 Y113.552 E127.85976
G1 X98.674 Y113.872 E127.87596
G1 X99.252 Y114.189 E127.89788
G1 X99.852 Y114.289 E127.91812
G1 X100.372 Y114.263 E127.93543
G1 X100.974 Y114.096 E127.95621
G1 X101.504 Y113.731 E127.97762
G1 X101.843 Y113.365 E127.99421
G1 X101.999 Y113.073 E128.00519
G0 F4800 X102.352 Y113.261
;TYPE:WALL-OUTER
G1 F2400 X102.567 Y112.86 E128.02032
G1 X102.702 Y112.8 E128.02524
G1 X103.713 Y112.8 E128.05886
G1 X103.8 Y112.713 E128.06296
G1 X103.8 Y111.285 E128.11045
G1 X103.714 Y111.2 E128.11447
G1 X102.702 Y111.2 E128.14813
G1 X102.567 Y111.14 E128.15305
G1 X102.179 Y110.405 E128.18069
G1 X101.783 Y109.976 E128.20011
G1 X101.164 Y109.54 E128.22529
G1 X100.286 Y109.29 E128.25565
G1 X99.402 Y109.346 E128.28511
G1 X98.705 Y109.629 E128.31014
G1 X98.034 Y110.098 E128.33736
G1 X97.574 Y110.806 E128.36545
G1 X97.423 Y111.137 E128.37755
G1 X97.276 Y111.2 E128.38287
G1 X96.283 Y111.2 E128.41589
G1 X96.2 Y111.283 E128.4198
G1 X96.2 Y112.714 E128.46739
G1 X96.285 Y112.8 E128.47141
G1 X97.276 Y112.8 E128.50437
G1 X97.423 Y112.863 E128.50969
G1 X97.65 Y113.326 E128.52684
G1 X98.009 Y113.824 E128.54726
G1 X98.444 Y114.202 E128.56643
G1 X99.119 Y114.572 E128.59203
G1 X99.828 Y114.691 E128.61594
G1 X100.436 Y114.661 E128.63619
G1 X101.146 Y114.464 E128.6607
G1 X101.768 Y114.035 E128.68583
G1 X102.171 Y113.599 E128.70558
G1 X102.352 Y113.261 E128.71833
G0 F4800 X102.446 Y113.085
G0 X101.823 Y112.751
G0 X101.212 Y111.102
;TYPE:SKIN
G1 F1800 X100.64 Y110.617 E128.74327
G1 X100.354 Y110.536 E128.75316
G1 X101.791 Y111.973 E128.82075
G1 X101.676 Y112.024 E128.82493
G1 X101.537 Y112.285 E128.83477
G1 X99.758 Y110.506 E128.91845
G1 X99.363 Y110.677 E128.93276
G1 X101.34 Y112.654 E129.02576
G1 X101.106 Y112.985 E129.03924
G1 X98.994 Y110.873 E129.13858
G1 X98.747 Y111.193 E129.15203
G1 X100.797 Y113.242 E129.24843
G1 X100.428 Y113.438 E129.26233
G1 X98.523 Y111.533 E129.35193
G1 X98.317 Y111.893 E129.36573
G1 X99.884 Y113.461 E129.43946
G1 X99.5 Y113.437 E129.45225
G1 X98.795 Y112.937 E129.481
G1 F1500 E119.481
;MESH:I2C_LED_BTN-Body002.stl
G0 F4800 X103.57 Y112
G0 X104.665 Y112
G0 X107.335 Y112
G0 X108.43 Y112
G0 X109 Y112
;TYPE:WALL-INNER
G1 F1500 E129.481
G1 F2400 X109.276 Y112 E129.49018
G0 F4800 X109.763 Y112.141
G0 X111.878 Y113.837
G1 F2400 X112.308 Y113.866 E129.50451
G1 X112.802 Y113.729 E129.52156
G1 X113.241 Y113.427 E129.53929
G1 X113.514 Y113.131 E129.55268
G1 X113.957 Y112.304 E129.58388
G1 X114.633 Y112 E129.60878
G1 X113.955 Y111.695 E129.63376
G1 X113.434 Y110.708 E129.67088
G1 X112.815 Y110.272 E129.69606
G1 X112.199 Y110.097 E129.71736
G1 X111.582 Y110.136 E129.73792
G1 X111.089 Y110.336 E129.75562
G1 X110.452 Y110.879 E129.78346
G1 X110.007 Y111.683 E129.81402
G1 X109.748 Y111.882 E129.82488
G1 X109.276 Y112 E129.84107
G1 X109.748 Y112.118 E129.85725
G1 X110.007 Y112.317 E129.86811
G1 X110.489 Y113.181 E129.90102
G1 X110.904 Y113.542 E129.91931
G1 X111.384 Y113.805 E129.93752
G1 X111.878 Y113.837 E129.95398
G0 F4800 X114.217 Y112.156
G0 X114.633 Y112
G1 F2400 X115 Y112 E129.96631
G0 F4800 X114.217 Y112.156
G0 X113.729 Y112.928
G0 X113.999 Y113.073
G1 F2400 X114.263 Y112.582 E129.98481
G1 X114.668 Y112.402 E129.99955
G1 X115.4 Y112.4 E130.02389
G1 X115.4 Y111.6 E130.0505
G1 X114.668 Y111.598 E130.07485
G1 X114.261 Y111.417 E130.08966
G1 X113.849 Y110.638 E130.11897
G1 X113.518 Y110.278 E130.13524
G1 X112.989 Y109.906 E130.15675
G1 X112.243 Y109.694 E130.18254
G1 X111.492 Y109.741 E130.20757
G1 X110.897 Y109.983 E130.22893
G1 X110.327 Y110.381 E130.25206
G1 X109.929 Y110.994 E130.27636
G1 X109.786 Y111.318 E130.28814
G1 X109.56 Y111.53 E130.29845
G1 X109.276 Y111.6 E130.30818
G1 X108.6 Y111.6 E130.33066
G1 X108.6 Y112.4 E130.35727
G1 X109.485 Y112.4 E130.38671
G1 X109.786 Y112.682 E130.40042
G1 X109.996 Y113.122 E130.41664
G1 X110.307 Y113.552 E130.43429
G1 X110.674 Y113.872 E130.45049
G1 X111.252 Y114.189 E130.47241
G1 X111.852 Y114.289 E130.49264
G1 X112.372 Y114.263 E130.50996
G1 X112.974 Y114.096 E130.53074
G1 X113.504 Y113.731 E130.55214
G1 X113.843 Y113.365 E130.56874
G1 X113.999 Y113.073 E130.57972
G0 F4800 X114.352 Y113.261
;TYPE:WALL-OUTER
G1 F2400 X114.567 Y112.86 E130.59485
G1 X114.702 Y112.8 E130.59977
G1 X115.713 Y112.8 E130.63339
G1 X115.8 Y112.713 E130.63748
G1 X115.8 Y111.285 E130.68498
G1 X115.714 Y111.2 E130.689
G1 X114.702 Y111.2 E130.72266
G1 X114.567 Y111.14 E130.72757
G1 X114.179 Y110.405 E130.75522
G1 X113.783 Y109.976 E130.77464
G1 X113.164 Y109.54 E130.79982
G1 X112.286 Y109.29 E130.83018
G1 X111.402 Y109.346 E130.85964
G1 X110.705 Y109.629 E130.88466
G1 X110.034 Y110.098 E130.91189
G1 X109.574 Y110.806 E130.93997
G1 X109.423 Y111.137 E130.95207
G1 X109.276 Y111.2 E130.95739
G1 X108.283 Y111.2 E130.99042
G1 X108.2 Y111.283 E130.99432
G1 X108.2 Y112.714 E131.04192
G1 X108.285 Y112.8 E131.04594
G1 X109.276 Y112.8 E131.0789
G1 X109.423 Y112.863 E131.08422
G1 X109.65 Y113.326 E131.10137
G1 X110.009 Y113.824 E131.12179
G1 X110.444 Y114.202 E131.14096
G1 X111.119 Y114.572 E131.16656
G1 X111.828 Y114.691 E131.19047
G1 X112.436 Y114.661 E131.21072
G1 X113.146 Y114.464 E131.23523
G1 X113.768 Y114.035 E131.26036
G1 X114.171 Y113.599 E131.2801
G1 X114.352 Y113.261 E131.29286
G0 F4800 X114.446 Y113.085
G0 X113.823 Y112.751
G0 X112.186 Y110.489
G0 X112.64 Y110.618
;TYPE:SKIN
G1 F1800 X113.212 Y111.102 E131.31778
G1 X113.594 Y111.826 E131.345
G1 X113.759 Y111.987 E131.35267
G1 X113.707 Y112.01 E131.35456
G1 X112.186 Y110.489 E131.42611
G1 X112.64 Y110.618 E131.4418
G0 F4800 X112.186 Y110.489
G1 F1800 X111.644 Y110.513 E131.45985
G1 X113.495 Y112.364 E131.54691
G1 X113.298 Y112.733 E131.56083
G1 X111.285 Y110.719 E131.65554
G1 X110.937 Y110.937 E131.66919
G1 X113.04 Y113.04 E131.76811
G1 X112.732 Y113.298 E131.78148
G1 X110.696 Y111.262 E131.87724
G1 X110.478 Y111.61 E131.8909
G1 X112.359 Y113.491 E131.97938
G1 X111.499 Y113.437 E132.00804
G1 X110.766 Y112.916 E132.03795
G1 X110.378 Y112.126 E132.06722
G1 X110.244 Y112.023 E132.07284
G1 X110.274 Y111.971 E132.07484
G1 X111.756 Y113.453 E132.14455
G1 F1500 E122.14455
;MESH:I2C_LED_BTN-Body002.stl(3)
G0 F4800 X115.57 Y112
G0 X116.665 Y112
G0 X119.335 Y112
G0 X120.43 Y112
G0 X121 Y112
;TYPE:WALL-INNER
G1 F1500 E132.14455
G1 F2400 X121.276 Y112 E132.15373
G0 F4800 X121.763 Y112.141
G0 X123.878 Y113.837
G1 F2400 X124.308 Y113.866 E132.16806
G1 X124.802 Y113.729 E132.18511
G1 X125.241 Y113.427 E132.20284
G1 X125.514 Y113.131 E132.21623
G1 X125.957 Y112.304 E132.24743
G1 X126.633 Y112 E132.27233
G1 X125.955 Y111.695 E132.29731
G1 X125.434 Y110.708 E132.33443
G1 X124.815 Y110.272 E132.35961
G1 X124.199 Y110.097 E132.38091
G1 X123.582 Y110.136 E132.40147
G1 X123.089 Y110.336 E132.41917
G1 X122.452 Y110.879 E132.44701
G1 X122.007 Y111.683 E132.47757
G1 X121.748 Y111.882 E132.48843
G1 X121.276 Y112 E132.50462
G1 X121.748 Y112.118 E132.5208
G1 X122.007 Y112.317 E132.53166
G1 X122.489 Y113.181 E132.56457
G1 X122.904 Y113.542 E132.58286
G1 X123.384 Y113.805 E132.60107
G1 X123.878 Y113.837 E132.61753
G0 F4800 X126.217 Y112.156
G0 X126.633 Y112
G1 F2400 X127 Y112 E132.62986
G0 F4800 X126.217 Y112.156
G0 X125.729 Y112.928
G0 X125.999 Y113.073
G1 F2400 X126.263 Y112.582 E132.64835
G1 X126.668 Y112.402 E132.66309
G1 X127.4 Y112.4 E132.68744
G1 X127.4 Y111.6 E132.71405
G1 X126.668 Y111.598 E132.7384
G1 X126.261 Y111.417 E132.75321
G1 X125.849 Y110.638 E132.78252
G1 X125.518 Y110.278 E132.79879
G1 X124.989 Y109.906 E132.8203
G1 X124.243 Y109.694 E132.84609
G1 X123.492 Y109.741 E132.87112
G1 X122.897 Y109.983 E132.89248
G1 X122.327 Y110.381 E132.9156
G1 X121.929 Y110.994 E132.93991
G1 X121.786 Y111.318 E132.95169
G1 X121.56 Y111.53 E132.962
G1 X121.276 Y111.6 E132.97173
G1 X120.6 Y111.6 E132.99421
G1 X120.6 Y112.4 E133.02082
G1 X121.485 Y112.4 E133.05025
G1 X121.786 Y112.682 E133.06397
G1 X121.996 Y113.122 E133.08019
G1 X122.307 Y113.552 E133.09784
G1 X122.674 Y113.872 E133.11403
G1 X123.252 Y114.189 E133.13596
G1 X123.852 Y114.289 E133.15619
G1 X124.372 Y114.263 E133.17351
G1 X124.974 Y114.096 E133.19429
G1 X125.504 Y113.731 E133.21569
G1 X125.843 Y113.365 E133.23228
G1 X125.999 Y113.073 E133.24327
G0 F4800 X126.352 Y113.261
;TYPE:WALL-OUTER
G1 F2400 X126.567 Y112.86 E133.2584
G1 X126.702 Y112.8 E133.26331
G1 X127.713 Y112.8 E133.29694
G1 X127.8 Y112.713 E133.30103
G1 X127.8 Y111.285 E133.34853
G1 X127.714 Y111.2 E133.35255
G1 X126.702 Y111.2 E133.38621
G1 X126.567 Y111.14 E133.39112
G1 X126.179 Y110.405 E133.41877
G1 X125.783 Y109.976 E133.43818
G1 X125.164 Y109.54 E133.46337
G1 X124.286 Y109.29 E133.49373
G1 X123.402 Y109.346 E133.52319
G1 X122.705 Y109.629 E133.54821
G1 X122.034 Y110.098 E133.57544
G1 X121.574 Y110.806 E133.60352
G1 X121.423 Y111.137 E133.61562
G1 X121.276 Y111.2 E133.62094
G1 X120.283 Y111.2 E133.65397
G1 X120.2 Y111.283 E133.65787
G1 X120.2 Y112.714 E133.70547
G1 X120.285 Y112.8 E133.70949
G1 X121.276 Y112.8 E133.74245
G1 X121.423 Y112.863 E133.74777
G1 X121.65 Y113.326 E133.76492
G1 X122.009 Y113.824 E133.78534
G1 X122.444 Y114.202 E133.80451
G1 X123.119 Y114.572 E133.83011
G1 X123.828 Y114.691 E133.85402
G1 X124.436 Y114.661 E133.87427
G1 X125.146 Y114.464 E133.89877
G1 X125.768 Y114.035 E133.92391
G1 X126.171 Y113.599 E133.94365
G1 X126.352 Y113.261 E133.9564
G0 F4800 X126.446 Y113.085
G0 X125.823 Y112.751
G0 X125.676 Y112.024
;TYPE:SKIN
G1 F1800 X125.759 Y111.987 E133.95943
G1 X125.593 Y111.826 E133.96712
G1 X125.212 Y111.102 E133.99433
G1 X124.64 Y110.617 E134.01927
G1 X124.063 Y110.487 E134.03895
G1 X125.65 Y112.074 E134.11359
G1 X125.453 Y112.442 E134.12748
G1 X123.576 Y110.565 E134.21576
G1 X123.206 Y110.761 E134.22969
G1 X125.256 Y112.811 E134.32612
G1 X124.974 Y113.095 E134.33943
G1 X122.886 Y111.007 E134.43764
G1 X122.644 Y111.33 E134.45106
G1 X124.666 Y113.352 E134.54617
G1 X124.231 Y113.483 E134.56128
G1 X122.435 Y111.687 E134.64576
G1 X122.23 Y112.048 E134.65957
G1 X123.627 Y113.445 E134.72528
G1 X123.5 Y113.437 E134.72951
G1 X122.766 Y112.916 E134.75945
G1 F1500 E124.75945
;MESH:NONMESH
G0 F1800 X122.766 Y112.916 Z2.8
G0 F4800 X121.55 Y112.574
G0 X120.857 Y113.658
G0 X112.571 Y115.522
G0 X111.784 Y115.562
G0 X110.927 Y115.417
G0 X104.665 Y112.574
G0 X103.57 Y112.574
G0 X97 Y112
;TIME_ELAPSED:224.191758
;LAYER:13
;TYPE:WALL-INNER
;MESH:I2C_LED_BTN-Body002.stl(4)
G1 F1500 E134.75945
G1 F2400 X97.276 Y112 E134.76863
G0 F4800 X100.206 Y113.423
G1 F2400 X100.63 Y113.361 E134.78288
G1 X101.052 Y113.07 E134.79993
G1 X101.527 Y112.266 E134.83099
G1 X101.756 Y112 E134.84267
G1 X101.527 Y111.734 E134.85434
G1 X101.222 Y111.103 E134.87765
G1 X100.766 Y110.723 E134.89739
G1 X100.141 Y110.503 E134.91943
G1 X99.671 Y110.532 E134.93509
G1 X99.282 Y110.69 E134.94906
G1 X98.855 Y111.036 E134.96734
G1 X98.507 Y111.667 E134.9913
G1 X98.248 Y112 E135.00533
G1 X98.507 Y112.333 E135.01937
G1 X98.812 Y112.894 E135.0406
G1 X99.299 Y113.317 E135.06206
G1 X99.812 Y113.48 E135.07996
G1 X100.206 Y113.423 E135.0932
G0 F4800 X98.789 Y113.394
G1 F2400 X99.108 Y113.671 E135.10725
G1 X99.779 Y113.881 E135.13064
G1 X100.313 Y113.864 E135.14841
G1 X100.802 Y113.729 E135.16528
G1 X101.336 Y113.359 E135.18689
G1 X101.659 Y112.91 E135.20529
G1 X101.985 Y112.321 E135.22768
G1 X102.244 Y112.12 E135.23858
G1 X102.633 Y112 E135.25226
G1 X102.244 Y111.88 E135.26593
G1 X101.916 Y111.625 E135.27975
G1 X101.549 Y110.855 E135.30812
G1 X100.982 Y110.383 E135.33266
G1 X100.179 Y110.1 E135.36098
G1 X99.581 Y110.137 E135.3809
G1 X99.09 Y110.336 E135.39852
G1 X98.54 Y110.787 E135.42218
G1 X98.027 Y111.707 E135.45722
G1 X97.276 Y112 E135.48403
G1 X98.031 Y112.295 E135.51099
G1 X98.484 Y113.129 E135.54256
G1 X98.789 Y113.394 E135.55599
G0 F4800 X102.633 Y112
G1 F2400 X103 Y112 E135.56832
G0 F4800 X102.264 Y112.141
G0 X99.436 Y113.903
G0 X99.333 Y114.154
G1 F2400 X99.746 Y114.282 E135.58267
G1 X100.373 Y114.262 E135.60353
G1 X100.974 Y114.096 E135.62427
G1 X101.621 Y113.649 E135.65043
G1 X102.007 Y113.112 E135.67242
G1 X102.208 Y112.685 E135.68812
G1 X102.434 Y112.472 E135.69845
G1 X102.668 Y112.402 E135.70657
G1 X103.4 Y112.4 E135.73092
G1 X103.4 Y111.6 E135.75753
G1 X102.668 Y111.598 E135.78187
G1 X102.434 Y111.528 E135.79
G1 X102.208 Y111.315 E135.80033
G1 X101.995 Y110.862 E135.81697
G1 X101.707 Y110.466 E135.83326
G1 X101.199 Y110.043 E135.85525
G1 X100.741 Y109.828 E135.87208
G1 X100.216 Y109.697 E135.89007
G1 X99.491 Y109.741 E135.91423
G1 X98.897 Y109.983 E135.93556
G1 X98.327 Y110.381 E135.95869
G1 X97.929 Y110.994 E135.98299
G1 X97.683 Y111.441 E135.99996
G1 X97.276 Y111.6 E136.0145
G1 X96.6 Y111.6 E136.03698
G1 X96.6 Y112.4 E136.06359
G1 X97.276 Y112.4 E136.08607
G1 X97.73 Y112.577 E136.10228
G1 X98.156 Y113.364 E136.13205
G1 X98.497 Y113.732 E136.14873
G1 X98.916 Y114.025 E136.16574
G1 X99.333 Y114.154 E136.18022
G0 F4800 X99.436 Y113.903
G0 X98.276 Y112.936
G0 X97.651 Y113.271
;TYPE:WALL-OUTER
G1 F2400 X97.828 Y113.598 E136.19259
G1 X98.233 Y114.036 E136.21243
G1 X98.724 Y114.379 E136.23235
G1 X99.496 Y114.69 E136.26003
G1 X100.433 Y114.66 E136.29121
G1 X101.146 Y114.464 E136.31581
G1 X101.905 Y113.939 E136.3465
G1 X102.354 Y113.314 E136.3721
G1 X102.549 Y112.895 E136.38747
G1 X102.702 Y112.8 E136.39346
G1 X103.713 Y112.8 E136.42708
G1 X103.8 Y112.713 E136.43118
G1 X103.8 Y111.285 E136.47867
G1 X103.714 Y111.2 E136.48269
G1 X102.702 Y111.2 E136.51635
G1 X102.549 Y111.105 E136.52234
G1 X102.342 Y110.658 E136.53873
G1 X102.001 Y110.19 E136.55799
G1 X101.415 Y109.703 E136.58333
G1 X100.876 Y109.45 E136.60313
G1 X100.253 Y109.294 E136.62449
G1 X99.401 Y109.346 E136.65288
G1 X98.705 Y109.629 E136.67787
G1 X98.034 Y110.098 E136.7051
G1 X97.574 Y110.806 E136.73318
G1 X97.387 Y111.2 E136.74769
G1 X96.283 Y111.2 E136.78441
G1 X96.2 Y111.283 E136.78831
G1 X96.2 Y112.714 E136.83591
G1 X96.285 Y112.8 E136.83993
G1 X97.276 Y112.8 E136.87289
G1 X97.428 Y112.859 E136.87831
G1 X97.651 Y113.271 E136.89389
G0 F4800 X97.746 Y113.446
G0 X98.371 Y113.111
G0 X99.259 Y111.176
;TYPE:SKIN
G1 F1800 X99.766 Y110.906 E136.913
G1 X100.11 Y110.891 E136.92445
G1 X98.844 Y112.156 E136.98398
G1 X99.043 Y112.523 E136.99786
G1 X100.529 Y111.038 E137.06774
G1 X100.848 Y111.284 E137.08113
G1 X99.307 Y112.825 E137.15362
G1 X99.662 Y113.036 E137.16735
G1 X101.059 Y111.639 E137.23306
G1 X101.253 Y112.037 E137.24779
G1 X100.853 Y112.746 E137.27487
G1 X100.477 Y113.006 E137.29007
G1 X100.222 Y113.042 E137.29864
G1 X101.244 Y112.019 E137.34673
G1 F1500 E127.34673
;MESH:I2C_LED_BTN-Body002.stl
G0 F4800 X103.57 Y112
G0 X104.665 Y112
G0 X107.335 Y112
G0 X108.43 Y112
G0 X109 Y112
;TYPE:WALL-INNER
G1 F1500 E137.34673
G1 F2400 X109.276 Y112 E137.35591
G0 F4800 X112.206 Y113.423
G1 F2400 X112.63 Y113.361 E137.37016
G1 X113.052 Y113.07 E137.38721
G1 X113.527 Y112.266 E137.41827
G1 X113.756 Y112 E137.42995
G1 X113.527 Y111.734 E137.44162
G1 X113.222 Y111.103 E137.46493
G1 X112.766 Y110.723 E137.48467
G1 X112.141 Y110.503 E137.50671
G1 X111.671 Y110.532 E137.52237
G1 X111.282 Y110.69 E137.53634
G1 X110.855 Y111.036 E137.55462
G1 X110.507 Y111.667 E137.57858
G1 X110.248 Y112 E137.59262
G1 X110.507 Y112.333 E137.60665
G1 X110.812 Y112.894 E137.62788
G1 X111.299 Y113.317 E137.64934
G1 X111.812 Y113.48 E137.66724
G1 X112.206 Y113.423 E137.68048
G0 F4800 X110.789 Y113.394
G1 F2400 X111.108 Y113.671 E137.69454
G1 X111.779 Y113.881 E137.71792
G1 X112.313 Y113.864 E137.73569
G1 X112.802 Y113.729 E137.75256
G1 X113.336 Y113.359 E137.77417
G1 X113.659 Y112.91 E137.79257
G1 X113.985 Y112.321 E137.81496
G1 X114.244 Y112.12 E137.82586
G1 X114.633 Y112 E137.83954
G1 X114.244 Y111.88 E137.85321
G1 X113.916 Y111.625 E137.86703
G1 X113.549 Y110.855 E137.8954
G1 X112.982 Y110.383 E137.91994
G1 X112.179 Y110.1 E137.94826
G1 X111.581 Y110.137 E137.96818
G1 X111.09 Y110.336 E137.98581
G1 X110.54 Y110.787 E138.00946
G1 X110.027 Y111.707 E138.0445
G1 X109.276 Y112 E138.07131
G1 X110.031 Y112.295 E138.09827
G1 X110.484 Y113.129 E138.12984
G1 X110.789 Y113.394 E138.14327
G0 F4800 X114.633 Y112
G1 F2400 X115 Y112 E138.1556
G0 F4800 X114.264 Y112.141
G0 X111.436 Y113.903
G0 X111.333 Y114.154
G1 F2400 X111.746 Y114.282 E138.16995
G1 X112.373 Y114.262 E138.19081
G1 X112.974 Y114.096 E138.21155
G1 X113.621 Y113.649 E138.23771
G1 X114.007 Y113.112 E138.2597
G1 X114.208 Y112.685 E138.2754
G1 X114.434 Y112.472 E138.28573
G1 X114.668 Y112.402 E138.29385
G1 X115.4 Y112.4 E138.3182
G1 X115.4 Y111.6 E138.34481
G1 X114.668 Y111.598 E138.36915
G1 X114.434 Y111.528 E138.37728
G1 X114.208 Y111.315 E138.38761
G1 X113.995 Y110.862 E138.40426
G1 X113.707 Y110.466 E138.42054
G1 X113.199 Y110.043 E138.44253
G1 X112.741 Y109.828 E138.45936
G1 X112.216 Y109.697 E138.47735
G1 X111.491 Y109.741 E138.50151
G1 X110.897 Y109.983 E138.52284
G1 X110.327 Y110.381 E138.54597
G1 X109.929 Y110.994 E138.57028
G1 X109.683 Y111.441 E138.58725
G1 X109.276 Y111.6 E138.60178
G1 X108.6 Y111.6 E138.62426
G1 X108.6 Y112.4 E138.65087
G1 X109.276 Y112.4 E138.67335
G1 X109.73 Y112.577 E138.68956
G1 X110.156 Y113.364 E138.71933
G1 X110.497 Y113.732 E138.73601
G1 X110.916 Y114.025 E138.75302
G1 X111.333 Y114.154 E138.7675
G0 F4800 X111.436 Y113.903
G0 X110.276 Y112.936
G0 X109.651 Y113.271
;TYPE:WALL-OUTER
G1 F2400 X109.828 Y113.598 E138.77987
G1 X110.233 Y114.036 E138.79971
G1 X110.724 Y114.379 E138.81963
G1 X111.496 Y114.69 E138.84731
G1 X112.433 Y114.66 E138.87849
G1 X113.146 Y114.464 E138.90309
G1 X113.905 Y113.939 E138.93378
G1 X114.354 Y113.314 E138.95938
G1 X114.549 Y112.895 E138.97475
G1 X114.702 Y112.8 E138.98074
G1 X115.713 Y112.8 E139.01436
G1 X115.8 Y112.713 E139.01846
G1 X115.8 Y111.285 E139.06595
G1 X115.714 Y111.2 E139.06997
G1 X114.702 Y111.2 E139.10363
G1 X114.549 Y111.105 E139.10962
G1 X114.342 Y110.658 E139.12601
G1 X114.001 Y110.19 E139.14527
G1 X113.415 Y109.703 E139.17061
G1 X112.876 Y109.45 E139.19041
G1 X112.253 Y109.294 E139.21177
G1 X111.401 Y109.346 E139.24016
G1 X110.705 Y109.629 E139.26515
G1 X110.034 Y110.098 E139.29238
G1 X109.574 Y110.806 E139.32046
G1 X109.387 Y111.2 E139.33497
G1 X108.283 Y111.2 E139.37169
G1 X108.2 Y111.283 E139.37559
G1 X108.2 Y112.714 E139.42319
G1 X108.285 Y112.8 E139.42721
G1 X109.276 Y112.8 E139.46017
G1 X109.428 Y112.859 E139.46559
G1 X109.651 Y113.271 E139.48118
G0 F4800 X109.746 Y113.446
G0 X110.371 Y113.111
G0 X111.766 Y110.906
;TYPE:SKIN
G1 F1800 X111.243 Y111.184 E139.50088
G1 X110.734 Y111.955 E139.5316
G1 X110.802 Y112.078 E139.53628
G1 X111.987 Y110.893 E139.59202
G1 X112.439 Y111.007 E139.60752
G1 X111.001 Y112.445 E139.67516
G1 X111.241 Y112.77 E139.6886
G1 X112.782 Y111.229 E139.76108
G1 X113.02 Y111.557 E139.77456
G1 X111.57 Y113.007 E139.84276
G1 X111.847 Y113.094 E139.85242
G1 X112.082 Y113.061 E139.86031
G1 X113.204 Y111.939 E139.91309
G1 X113.253 Y112.037 E139.91673
G1 X112.854 Y112.746 E139.94379
G1 X112.477 Y113.005 E139.959
G1 F1500 E129.959
;MESH:I2C_LED_BTN-Body002.stl(3)
G0 F4800 X115.57 Y112
G0 X116.665 Y112
G0 X119.335 Y112
G0 X120.43 Y112
G0 X121 Y112
;TYPE:WALL-INNER
G1 F1500 E139.959
G1 F2400 X121.276 Y112 E139.96818
G0 F4800 X124.206 Y113.423
G1 F2400 X124.63 Y113.361 E139.98244
G1 X125.052 Y113.07 E139.99949
G1 X125.527 Y112.266 E140.03055
G1 X125.756 Y112 E140.04222
G1 X125.527 Y111.734 E140.05389
G1 X125.222 Y111.103 E140.0772
G1 X124.766 Y110.723 E140.09695
G1 X124.141 Y110.503 E140.11898
G1 X123.671 Y110.532 E140.13465
G1 X123.282 Y110.69 E140.14861
G1 X122.855 Y111.036 E140.16689
G1 X122.507 Y111.667 E140.19086
G1 X122.248 Y112 E140.20489
G1 X122.507 Y112.333 E140.21892
G1 X122.812 Y112.894 E140.24016
G1 X123.299 Y113.317 E140.26161
G1 X123.812 Y113.48 E140.27952
G1 X124.206 Y113.423 E140.29276
G0 F4800 X122.789 Y113.394
G1 F2400 X123.108 Y113.671 E140.30681
G1 X123.779 Y113.881 E140.33019
G1 X124.313 Y113.864 E140.34796
G1 X124.802 Y113.729 E140.36484
G1 X125.336 Y113.359 E140.38644
G1 X125.659 Y112.91 E140.40484
G1 X125.985 Y112.321 E140.42723
G1 X126.244 Y112.12 E140.43814
G1 X126.633 Y112 E140.45181
G1 X126.244 Y111.88 E140.46549
G1 X125.916 Y111.625 E140.4793
G1 X125.549 Y110.855 E140.50767
G1 X124.982 Y110.383 E140.53221
G1 X124.179 Y110.1 E140.56053
G1 X123.581 Y110.137 E140.58046
G1 X123.09 Y110.336 E140.59808
G1 X122.54 Y110.787 E140.62174
G1 X122.027 Y111.707 E140.65677
G1 X121.276 Y112 E140.68358
G1 X122.031 Y112.295 E140.71054
G1 X122.484 Y113.129 E140.74211
G1 X122.789 Y113.394 E140.75555
G0 F4800 X126.633 Y112
G1 F2400 X127 Y112 E140.76788
G0 F4800 X126.264 Y112.141
G0 X123.436 Y113.903
G0 X123.333 Y114.154
G1 F2400 X123.746 Y114.282 E140.78222
G1 X124.373 Y114.262 E140.80309
G1 X124.974 Y114.096 E140.82382
G1 X125.621 Y113.649 E140.84998
G1 X126.007 Y113.112 E140.87198
G1 X126.208 Y112.685 E140.88767
G1 X126.434 Y112.472 E140.898
G1 X126.668 Y112.402 E140.90613
G1 X127.4 Y112.4 E140.93047
G1 X127.4 Y111.6 E140.95708
G1 X126.668 Y111.598 E140.98143
G1 X126.434 Y111.528 E140.98955
G1 X126.208 Y111.315 E140.99988
G1 X125.995 Y110.862 E141.01653
G1 X125.707 Y110.466 E141.03282
G1 X125.199 Y110.043 E141.0548
G1 X124.741 Y109.828 E141.07163
G1 X124.216 Y109.697 E141.08963
G1 X123.491 Y109.741 E141.11378
G1 X122.897 Y109.983 E141.13512
G1 X122.327 Y110.381 E141.15824
G1 X121.929 Y110.994 E141.18255
G1 X121.683 Y111.441 E141.19952
G1 X121.276 Y111.6 E141.21405
G1 X120.6 Y111.6 E141.23654
G1 X120.6 Y112.4 E141.26314
G1 X121.276 Y112.4 E141.28563
G1 X121.73 Y112.577 E141.30184
G1 X122.156 Y113.364 E141.3316
G1 X122.497 Y113.732 E141.34829
G1 X122.916 Y114.025 E141.36529
G1 X123.333 Y114.154 E141.37977
G0 F4800 X123.436 Y113.903
G0 X122.276 Y112.936
G0 X121.651 Y113.271
;TYPE:WALL-OUTER
G1 F2400 X121.828 Y113.598 E141.39214
G1 X122.233 Y114.036 E141.41198
G1 X122.724 Y114.379 E141.4319
G1 X123.496 Y114.69 E141.45958
G1 X124.433 Y114.66 E141.49077
G1 X125.146 Y114.464 E141.51536
G1 X125.905 Y113.939 E141.54605
G1 X126.354 Y113.314 E141.57165
G1 X126.549 Y112.895 E141.58702
G1 X126.702 Y112.8 E141.59301
G1 X127.713 Y112.8 E141.62664
G1 X127.8 Y112.713 E141.63073
G1 X127.8 Y111.285 E141.67823
G1 X127.714 Y111.2 E141.68225
G1 X126.702 Y111.2 E141.71591
G1 X126.549 Y111.105 E141.7219
G1 X126.342 Y110.658 E141.73828
G1 X126.001 Y110.19 E141.75754
G1 X125.415 Y109.703 E141.78288
G1 X124.876 Y109.45 E141.80269
G1 X124.253 Y109.294 E141.82405
G1 X123.401 Y109.346 E141.85244
G1 X122.705 Y109.629 E141.87743
G1 X122.034 Y110.098 E141.90466
G1 X121.574 Y110.806 E141.93274
G1 X121.387 Y111.2 E141.94724
G1 X120.283 Y111.2 E141.98396
G1 X120.2 Y111.283 E141.98787
G1 X120.2 Y112.714 E142.03546
G1 X120.285 Y112.8 E142.03948
G1 X121.276 Y112.8 E142.07244
G1 X121.428 Y112.859 E142.07787
G1 X121.651 Y113.271 E142.09345
G0 F4800 X121.746 Y113.446
G0 X122.371 Y113.111
G0 X122.759 Y112
;TYPE:SKIN
G1 F1800 X123.859 Y110.901 E142.14517
G1 X123.766 Y110.906 E142.14826
G1 X123.244 Y111.184 E142.16793
G1 X122.734 Y111.955 E142.19868
G1 X122.959 Y112.366 E142.21426
G1 X124.35 Y110.975 E142.27969
G1 X124.716 Y111.175 E142.29357
G1 X123.177 Y112.714 E142.36596
G1 X123.48 Y112.977 E142.3793
G1 X124.98 Y111.477 E142.44986
G1 X125.165 Y111.857 E142.46391
G1 X123.942 Y113.081 E142.52146
G1 X124.477 Y113.005 E142.53943
G1 X124.816 Y112.772 E142.55312
G1 F1500 E132.55312
;MESH:NONMESH
G0 F1800 X124.816 Y112.772 Z3
G0 F4800 X120.43 Y112
G0 X119.335 Y112
G0 X113.887 Y108.97
G0 X113.172 Y108.631
G0 X112.337 Y108.423
G0 X111.204 Y108.495
G0 X110.464 Y108.797
G0 X104.665 Y112
G0 X103.57 Y112
G0 X97 Y112
;TIME_ELAPSED:234.856241
;LAYER:14
;TYPE:WALL-INNER
;MESH:I2C_LED_BTN-Body002.stl(4)
G1 F1500 E142.55312
G1 F2400 X97.276 Y112 E142.5623
G0 F4800 X97.778 Y111.859
G0 X98.793 Y110.588
G1 F2400 X98.451 Y110.881 E142.57727
G1 X98.006 Y111.684 E142.60781
G1 X97.747 Y111.883 E142.61867
G1 X97.276 Y112 E142.63481
G1 X97.747 Y112.117 E142.65096
G1 X98.076 Y112.369 E142.66474
G1 X98.346 Y112.925 E142.6853
G1 X98.694 Y113.371 E142.70411
G1 X99.27 Y113.748 E142.72701
G1 X99.806 Y113.88 E142.74537
G1 X100.311 Y113.864 E142.76217
G1 X100.851 Y113.714 E142.78082
G1 X101.248 Y113.421 E142.79723
G1 X101.585 Y113.028 E142.81445
G1 X101.941 Y112.325 E142.84065
G1 X102.633 Y112 E142.86634
G1 X102.015 Y111.71 E142.88927
G1 X101.649 Y111.066 E142.91391
G1 X101.338 Y110.64 E142.93145
G1 X100.731 Y110.214 E142.95611
G1 X99.999 Y110.091 E142.9808
G1 X99.487 Y110.178 E142.99807
G1 X99.087 Y110.337 E143.01239
G1 X98.793 Y110.588 E143.02525
G0 F4800 X102.633 Y112
G1 F2400 X103 Y112 E143.03758
G0 F4800 X102.353 Y112.126
G0 X98.936 Y113.676
G0 X98.767 Y113.89
G1 F2400 X99.129 Y114.126 E143.05195
G1 X99.764 Y114.281 E143.07369
G1 X100.372 Y114.262 E143.09392
G1 X101.029 Y114.079 E143.11661
G1 X101.521 Y113.717 E143.13692
G1 X101.921 Y113.252 E143.15732
G1 X102.252 Y112.595 E143.18179
G1 X102.668 Y112.402 E143.19704
G1 X103.4 Y112.4 E143.22139
G1 X103.4 Y111.6 E143.248
G1 X102.668 Y111.598 E143.27235
G1 X102.297 Y111.426 E143.28595
G1 X101.996 Y110.862 E143.30721
G1 X101.622 Y110.35 E143.3283
G1 X101.099 Y109.983 E143.34955
G1 X100.619 Y109.789 E143.36677
G1 X99.999 Y109.685 E143.38768
G1 X99.377 Y109.79 E143.40866
G1 X98.896 Y109.983 E143.4259
G1 X98.223 Y110.541 E143.45497
G1 X97.929 Y110.994 E143.47293
G1 X97.785 Y111.319 E143.48476
G1 X97.559 Y111.53 E143.49504
G1 X97.276 Y111.6 E143.50474
G1 X96.6 Y111.6 E143.52722
G1 X96.6 Y112.4 E143.55383
G1 X97.484 Y112.4 E143.58323
G1 X97.785 Y112.681 E143.59693
G1 X98.003 Y113.136 E143.61371
G1 X98.408 Y113.656 E143.63563
G1 X98.767 Y113.89 E143.64988
G0 F4800 X99.364 Y114.595
;TYPE:WALL-OUTER
G1 F2400 X99.722 Y114.683 E143.66214
G1 X100.433 Y114.66 E143.68581
G1 X101.207 Y114.445 E143.71252
G1 X101.795 Y114.012 E143.73681
G1 X102.256 Y113.476 E143.76032
G1 X102.564 Y112.865 E143.78308
G1 X102.702 Y112.8 E143.78816
G1 X103.713 Y112.8 E143.82178
G1 X103.8 Y112.713 E143.82587
G1 X103.8 Y111.285 E143.87337
G1 X103.714 Y111.2 E143.87739
G1 X102.702 Y111.2 E143.91105
G1 X102.579 Y111.142 E143.91557
G1 X102.342 Y110.658 E143.9335
G1 X101.906 Y110.061 E143.95809
G1 X101.291 Y109.629 E143.98308
G1 X100.729 Y109.402 E144.00324
G1 X99.999 Y109.279 E144.02786
G1 X99.267 Y109.402 E144.05255
G1 X98.704 Y109.629 E144.07274
G1 X98.035 Y110.095 E144.09986
G1 X97.319 Y111.2 E144.14365
G1 X96.283 Y111.2 E144.17811
G1 X96.2 Y111.283 E144.18201
G1 X96.2 Y112.714 E144.22961
G1 X96.285 Y112.8 E144.23363
G1 X97.402 Y112.8 E144.27078
G1 X97.66 Y113.346 E144.29087
G1 X98.123 Y113.941 E144.31594
G1 X98.561 Y114.282 E144.33441
G1 X98.987 Y114.503 E144.35037
G1 X99.364 Y114.595 E144.36328
G0 F4800 X99.558 Y114.642
G0 X99.727 Y113.956
G0 X98.213 Y111.999
;TYPE:SKIN
G1 F1800 X98.379 Y112.127 E144.37025
G1 X98.672 Y112.725 E144.3924
G1 X98.96 Y113.095 E144.40799
G1 X99.415 Y113.393 E144.42608
G1 X99.919 Y113.496 E144.44319
G1 X98.332 Y111.908 E144.51786
G1 X98.545 Y111.555 E144.53157
G1 X100.426 Y113.437 E144.62007
G1 X100.805 Y113.25 E144.63413
G1 X98.747 Y111.192 E144.73093
G1 X99.011 Y110.89 E144.74427
G1 X101.096 Y112.976 E144.84237
G1 X101.346 Y112.66 E144.85577
G1 X99.344 Y110.658 E144.94994
G1 X99.789 Y110.537 E144.96528
G1 X101.536 Y112.284 E145.04745
G1 X101.784 Y111.966 E145.06086
G1 X100.408 Y110.591 E145.12556
G1 X100.732 Y110.678 E145.13672
G1 X101.158 Y110.977 E145.15403
G1 F1500 E135.15403
;MESH:I2C_LED_BTN-Body002.stl
G0 F4800 X103.57 Y112
G0 X104.665 Y112
G0 X107.335 Y112
G0 X108.43 Y112
G0 X109 Y112
;TYPE:WALL-INNER
G1 F1500 E145.15403
G1 F2400 X109.276 Y112 E145.16321
G0 F4800 X109.778 Y111.859
G0 X110.793 Y110.588
G1 F2400 X110.451 Y110.881 E145.17819
G1 X110.006 Y111.684 E145.20873
G1 X109.747 Y111.883 E145.21959
G1 X109.276 Y112 E145.23573
G1 X109.747 Y112.117 E145.25187
G1 X110.076 Y112.369 E145.26566
G1 X110.346 Y112.925 E145.28621
G1 X110.694 Y113.371 E145.30503
G1 X111.27 Y113.748 E145.32793
G1 X111.806 Y113.88 E145.34629
G1 X112.311 Y113.864 E145.36309
G1 X112.851 Y113.714 E145.38173
G1 X113.248 Y113.421 E145.39814
G1 X113.585 Y113.028 E145.41536
G1 X113.941 Y112.325 E145.44157
G1 X114.633 Y112 E145.46725
G1 X114.015 Y111.71 E145.49018
G1 X113.649 Y111.066 E145.51482
G1 X113.338 Y110.64 E145.53236
G1 X112.731 Y110.214 E145.55703
G1 X111.999 Y110.091 E145.58172
G1 X111.487 Y110.178 E145.59899
G1 X111.087 Y110.337 E145.61331
G1 X110.793 Y110.588 E145.62616
G0 F4800 X114.633 Y112
G1 F2400 X115 Y112 E145.63849
G0 F4800 X114.353 Y112.126
G0 X110.936 Y113.676
G0 X110.767 Y113.89
G1 F2400 X111.129 Y114.126 E145.65287
G1 X111.764 Y114.281 E145.67461
G1 X112.372 Y114.262 E145.69484
G1 X113.029 Y114.079 E145.71752
G1 X113.521 Y113.717 E145.73784
G1 X113.921 Y113.252 E145.75824
G1 X114.252 Y112.595 E145.78271
G1 X114.668 Y112.402 E145.79796
G1 X115.4 Y112.4 E145.82231
G1 X115.4 Y111.6 E145.84891
G1 X114.668 Y111.598 E145.87326
G1 X114.297 Y111.426 E145.88686
G1 X113.996 Y110.862 E145.90812
G1 X113.622 Y110.35 E145.92921
G1 X113.099 Y109.983 E145.95046
G1 X112.619 Y109.789 E145.96768
G1 X111.999 Y109.685 E145.98859
G1 X111.377 Y109.79 E146.00957
G1 X110.896 Y109.983 E146.02681
G1 X110.223 Y110.541 E146.05589
G1 X109.929 Y110.994 E146.07385
G1 X109.785 Y111.319 E146.08567
G1 X109.559 Y111.53 E146.09596
G1 X109.276 Y111.6 E146.10565
G1 X108.6 Y111.6 E146.12814
G1 X108.6 Y112.4 E146.15475
G1 X109.484 Y112.4 E146.18415
G1 X109.785 Y112.681 E146.19784
G1 X110.003 Y113.136 E146.21462
G1 X110.408 Y113.656 E146.23655
G1 X110.767 Y113.89 E146.2508
G0 F4800 X111.364 Y114.595
;TYPE:WALL-OUTER
G1 F2400 X111.722 Y114.683 E146.26306
G1 X112.433 Y114.66 E146.28672
G1 X113.207 Y114.445 E146.31344
G1 X113.795 Y114.012 E146.33773
G1 X114.256 Y113.476 E146.36124
G1 X114.564 Y112.865 E146.384
G1 X114.702 Y112.8 E146.38907
G1 X115.713 Y112.8 E146.4227
G1 X115.8 Y112.713 E146.42679
G1 X115.8 Y111.285 E146.47429
G1 X115.714 Y111.2 E146.47831
G1 X114.702 Y111.2 E146.51197
G1 X114.579 Y111.142 E146.51649
G1 X114.342 Y110.658 E146.53441
G1 X113.906 Y110.061 E146.559
G1 X113.291 Y109.629 E146.584
G1 X112.729 Y109.402 E146.60416
G1 X111.999 Y109.279 E146.62878
G1 X111.267 Y109.402 E146.65347
G1 X110.704 Y109.629 E146.67366
G1 X110.035 Y110.095 E146.70078
G1 X109.319 Y111.2 E146.74457
G1 X108.283 Y111.2 E146.77903
G1 X108.2 Y111.283 E146.78293
G1 X108.2 Y112.714 E146.83053
G1 X108.285 Y112.8 E146.83455
G1 X109.402 Y112.8 E146.8717
G1 X109.66 Y113.346 E146.89178
G1 X110.123 Y113.941 E146.91686
G1 X110.561 Y114.282 E146.93532
G1 X110.987 Y114.503 E146.95128
G1 X111.364 Y114.595 E146.96419
G0 F4800 X111.558 Y114.642
G0 X111.727 Y113.956
G0 X112.244 Y110.547
G0 X113.158 Y110.977
;TYPE:SKIN
G1 F1800 X113.754 Y112.005 E147.00371
G1 X113.718 Y112.021 E147.00502
G1 X112.244 Y110.547 E147.07436
G1 X112.732 Y110.678 E147.09116
G1 X113.158 Y110.977 E147.10847
G0 F4800 X112.244 Y110.547
G1 F1800 X111.998 Y110.48 E147.11695
G1 X111.695 Y110.563 E147.1274
G1 X113.496 Y112.364 E147.21212
G1 X113.305 Y112.74 E147.22614
G1 X111.255 Y110.689 E147.32259
G1 X110.944 Y110.944 E147.33597
G1 X113.034 Y113.034 E147.43427
G1 X112.743 Y113.309 E147.44759
G1 X110.703 Y111.269 E147.54355
G1 X110.501 Y111.632 E147.55736
G1 X112.332 Y113.464 E147.64351
G1 X111.844 Y113.498 E147.65978
G1 X111.415 Y113.393 E147.67447
G1 X110.96 Y113.095 E147.69256
G1 X110.672 Y112.726 E147.70813
G1 X110.379 Y112.127 E147.73031
G1 X110.213 Y111.999 E147.73728
G1 X110.264 Y111.961 E147.7394
G1 X111.787 Y113.484 E147.81103
G1 F1500 E137.81103
;MESH:I2C_LED_BTN-Body002.stl(3)
G0 F4800 X114.459 Y112.573
G0 X115.128 Y113.659
G0 X115.979 Y113.661
G0 X119.335 Y112.573
G0 X120.43 Y112.573
G0 X121 Y112
;TYPE:WALL-INNER
G1 F1500 E147.81103
G1 F2400 X121.276 Y112 E147.82021
G0 F4800 X121.778 Y111.859
G0 X122.793 Y110.588
G1 F2400 X122.451 Y110.881 E147.83519
G1 X122.006 Y111.684 E147.86573
G1 X121.747 Y111.883 E147.87659
G1 X121.276 Y112 E147.89273
G1 X121.747 Y112.117 E147.90887
G1 X122.076 Y112.369 E147.92266
G1 X122.346 Y112.925 E147.94322
G1 X122.694 Y113.371 E147.96203
G1 X123.27 Y113.748 E147.98493
G1 X123.806 Y113.88 E148.00329
G1 X124.311 Y113.864 E148.02009
G1 X124.851 Y113.714 E148.03873
G1 X125.248 Y113.421 E148.05514
G1 X125.585 Y113.028 E148.07236
G1 X125.941 Y112.325 E148.09857
G1 X126.633 Y112 E148.12425
G1 X126.015 Y111.71 E148.14719
G1 X125.649 Y111.066 E148.17182
G1 X125.338 Y110.64 E148.18937
G1 X124.731 Y110.214 E148.21403
G1 X123.999 Y110.091 E148.23872
G1 X123.487 Y110.178 E148.25599
G1 X123.087 Y110.337 E148.27031
G1 X122.793 Y110.588 E148.28317
G0 F4800 X126.633 Y112
G1 F2400 X127 Y112 E148.29549
G0 F4800 X126.353 Y112.126
G0 X122.936 Y113.676
G0 X122.767 Y113.89
G1 F2400 X123.129 Y114.126 E148.30987
G1 X123.764 Y114.281 E148.33161
G1 X124.372 Y114.262 E148.35184
G1 X125.029 Y114.079 E148.37452
G1 X125.521 Y113.717 E148.39484
G1 X125.921 Y113.252 E148.41524
G1 X126.252 Y112.595 E148.43971
G1 X126.668 Y112.402 E148.45496
G1 X127.4 Y112.4 E148.47931
G1 X127.4 Y111.6 E148.50592
G1 X126.668 Y111.598 E148.53026
G1 X126.297 Y111.426 E148.54386
G1 X125.996 Y110.862 E148.56513
G1 X125.622 Y110.35 E148.58622
G1 X125.099 Y109.983 E148.60747
G1 X124.619 Y109.789 E148.62469
G1 X123.999 Y109.685 E148.64559
G1 X123.377 Y109.79 E148.66658
G1 X122.896 Y109.983 E148.68381
G1 X122.223 Y110.541 E148.71289
G1 X121.929 Y110.994 E148.73085
G1 X121.785 Y111.319 E148.74268
G1 X121.559 Y111.53 E148.75296
G1 X121.276 Y111.6 E148.76266
G1 X120.6 Y111.6 E148.78514
G1 X120.6 Y112.4 E148.81175
G1 X121.484 Y112.4 E148.84115
G1 X121.785 Y112.681 E148.85485
G1 X122.003 Y113.136 E148.87163
G1 X122.408 Y113.656 E148.89355
G1 X122.767 Y113.89 E148.9078
G0 F4800 X123.364 Y114.595
;TYPE:WALL-OUTER
G1 F2400 X123.722 Y114.683 E148.92006
G1 X124.433 Y114.66 E148.94372
G1 X125.207 Y114.445 E148.97044
G1 X125.795 Y114.012 E148.99473
G1 X126.256 Y113.476 E149.01824
G1 X126.564 Y112.865 E149.041
G1 X126.702 Y112.8 E149.04607
G1 X127.713 Y112.8 E149.0797
G1 X127.8 Y112.713 E149.08379
G1 X127.8 Y111.285 E149.13129
G1 X127.714 Y111.2 E149.13531
G1 X126.702 Y111.2 E149.16897
G1 X126.579 Y111.142 E149.17349
G1 X126.342 Y110.658 E149.19142
G1 X125.906 Y110.061 E149.216
G1 X125.291 Y109.629 E149.241
G1 X124.729 Y109.402 E149.26116
G1 X123.999 Y109.279 E149.28578
G1 X123.267 Y109.402 E149.31047
G1 X122.704 Y109.629 E149.33066
G1 X122.035 Y110.095 E149.35778
G1 X121.319 Y111.2 E149.40157
G1 X120.283 Y111.2 E149.43603
G1 X120.2 Y111.283 E149.43993
G1 X120.2 Y112.714 E149.48753
G1 X120.285 Y112.8 E149.49155
G1 X121.402 Y112.8 E149.5287
G1 X121.66 Y113.346 E149.54879
G1 X122.123 Y113.941 E149.57386
G1 X122.561 Y114.282 E149.59232
G1 X122.987 Y114.503 E149.60829
G1 X123.364 Y114.595 E149.62119
G0 F4800 X123.558 Y114.642
G0 X123.727 Y113.956
G0 X122.672 Y112.725
;TYPE:SKIN
G1 F1800 X122.96 Y113.095 E149.63679
G1 X123.416 Y113.393 E149.65491
G1 X123.627 Y113.445 E149.66213
G1 X122.198 Y112.016 E149.72935
G1 X122.459 Y111.711 E149.7427
G1 X124.234 Y113.486 E149.82619
G1 X124.679 Y113.365 E149.84153
G1 X122.66 Y111.347 E149.93647
G1 X122.878 Y110.999 E149.95013
G1 X124.972 Y113.093 E150.04863
G1 X125.263 Y112.817 E150.06197
G1 X123.189 Y110.744 E150.1595
G1 X123.599 Y110.588 E150.17409
G1 X125.455 Y112.444 E150.26139
G1 X125.645 Y112.069 E150.27537
G1 X124.078 Y110.502 E150.34908
G1 X124.732 Y110.678 E150.3716
G1 X125.211 Y111.069 E150.39217
G1 F1500 E140.39217
;MESH:NONMESH
G0 F1800 X125.211 Y111.069 Z3.2
G0 F4800 X120.43 Y112
G0 X119.335 Y112
G0 X113.708 Y108.866
G0 X112.975 Y108.568
G0 X112 Y108.403
G0 X111.024 Y108.568
G0 X104.665 Y112
G0 X103.57 Y112
G0 X97 Y112
;TIME_ELAPSED:245.711474
;LAYER:15
;TYPE:WALL-INNER
;MESH:I2C_LED_BTN-Body002.stl(4)
G1 F1500 E150.39217
G1 F2400 X97.276 Y112 E150.40135
G0 F4800 X99.95 Y113.437
G1 F2400 X100.329 Y113.451 E150.41396
G1 X100.704 Y113.324 E150.42713
G1 X101.141 Y112.984 E150.44555
G1 X101.745 Y112 E150.48395
G1 X101.483 Y111.657 E150.49831
G1 X101.19 Y111.105 E150.51909
G1 X100.927 Y110.816 E150.53209
G1 X100.491 Y110.578 E150.54861
G1 X100.086 Y110.51 E150.56227
G1 X99.358 Y110.639 E150.58686
G1 X99.027 Y110.871 E150.6003
G1 X98.736 Y111.209 E150.61514
G1 X98.444 Y111.773 E150.63626
G1 X98.252 Y112 E150.64615
G1 X98.444 Y112.227 E150.65604
G1 X98.778 Y112.891 E150.68076
G1 X99.162 Y113.231 E150.69782
G1 X99.52 Y113.423 E150.71133
G1 X99.95 Y113.437 E150.72564
G0 F4800 X101.47 Y113.154
G1 F2400 X101.65 Y112.925 E150.73533
G1 X102.034 Y112.271 E150.76055
G1 X102.633 Y112 E150.78264
G1 X101.954 Y111.693 E150.80767
G1 X101.52 Y110.873 E150.83853
G1 X101.177 Y110.498 E150.85543
G1 X100.624 Y110.195 E150.8764
G1 X100.108 Y110.109 E150.8938
G1 X99.678 Y110.133 E150.90813
G1 X99.184 Y110.273 E150.9252
G1 X98.757 Y110.572 E150.94254
G1 X98.4 Y110.986 E150.96072
G1 X98.133 Y111.524 E150.9807
G1 X97.726 Y111.893 E150.99897
G1 X97.276 Y112 E151.01436
G1 X97.726 Y112.107 E151.02974
G1 X98.11 Y112.448 E151.04682
G1 X98.449 Y113.133 E151.07224
G1 X98.932 Y113.562 E151.09373
G1 X99.39 Y113.807 E151.111
G1 X99.895 Y113.889 E151.12802
G1 X100.411 Y113.845 E151.14524
G1 X100.896 Y113.682 E151.16226
G1 X101.308 Y113.361 E151.17963
G1 X101.47 Y113.154 E151.18838
G0 F4800 X102.186 Y112.157
G0 X102.633 Y112
G1 F2400 X103 Y112 E151.20071
G0 F4800 X102.186 Y112.157
G0 X101.547 Y113.209
G0 X101.788 Y113.398
G1 F2400 X101.993 Y113.135 E151.21177
G1 X102.308 Y112.563 E151.23349
G1 X102.668 Y112.402 E151.2466
G1 X103.4 Y112.4 E151.27095
G1 X103.4 Y111.6 E151.29756
G1 X102.668 Y111.598 E151.3219
G1 X102.261 Y111.416 E151.33673
G1 X101.849 Y110.641 E151.36593
G1 X101.428 Y110.179 E151.38672
G1 X100.757 Y109.812 E151.41215
G1 X100.13 Y109.707 E151.4333
G1 X99.612 Y109.736 E151.45055
G1 X99.01 Y109.906 E151.47136
G1 X98.486 Y110.273 E151.49264
G1 X98.064 Y110.763 E151.51414
G1 X97.777 Y111.332 E151.53534
G1 X97.474 Y111.6 E151.5488
G1 X96.6 Y111.6 E151.57786
G1 X96.6 Y112.4 E151.60447
G1 X97.474 Y112.4 E151.63354
G1 X97.777 Y112.668 E151.647
G1 X98.12 Y113.377 E151.67319
G1 X98.702 Y113.892 E151.69904
G1 X99.26 Y114.191 E151.7201
G1 X99.88 Y114.292 E151.74099
G1 X100.493 Y114.24 E151.76145
G1 X101.088 Y114.039 E151.78234
G1 X101.593 Y113.647 E151.8036
G1 X101.788 Y113.398 E151.81409
G0 F4800 X102.102 Y113.645
;TYPE:WALL-OUTER
G1 F2400 X102.336 Y113.346 E151.82672
G1 X102.609 Y112.8 E151.84703
G1 X103.713 Y112.8 E151.88375
G1 X103.8 Y112.713 E151.88784
G1 X103.8 Y111.285 E151.93533
G1 X103.714 Y111.2 E151.93936
G1 X102.702 Y111.2 E151.97301
G1 X102.567 Y111.139 E151.97794
G1 X102.179 Y110.409 E152.00544
G1 X101.678 Y109.86 E152.03016
G1 X100.889 Y109.428 E152.06008
G1 X100.152 Y109.305 E152.08493
G1 X99.546 Y109.339 E152.10512
G1 X98.836 Y109.54 E152.12966
G1 X98.216 Y109.974 E152.15483
G1 X97.728 Y110.54 E152.17969
G1 X97.399 Y111.2 E152.20421
G1 X96.283 Y111.2 E152.24133
G1 X96.2 Y111.283 E152.24524
G1 X96.2 Y112.714 E152.29283
G1 X96.285 Y112.8 E152.29685
G1 X97.345 Y112.8 E152.33211
G1 X97.665 Y113.357 E152.35347
G1 X97.985 Y113.792 E152.37144
G1 X98.472 Y114.222 E152.39304
G1 X99.13 Y114.575 E152.41788
G1 X99.864 Y114.694 E152.44261
G1 X100.575 Y114.634 E152.46634
G1 X101.28 Y114.397 E152.49108
G1 X101.877 Y113.933 E152.51623
G1 X102.102 Y113.645 E152.52839
G0 F4800 X102.225 Y113.488
G0 X101.668 Y113.053
G0 X101.244 Y112.02
;TYPE:SKIN
G1 F1800 X100.224 Y113.04 E152.57636
G1 X100.518 Y112.98 E152.58634
G1 X100.993 Y112.497 E152.60887
G1 X101.259 Y112.048 E152.62623
G1 X101.048 Y111.65 E152.64121
G1 X99.677 Y113.021 E152.7057
G1 X99.303 Y112.829 E152.71969
G1 X100.843 Y111.289 E152.79212
G1 X100.533 Y111.033 E152.80549
G1 X99.027 Y112.539 E152.87633
G1 X98.755 Y112 E152.89641
G1 X99.05 Y111.432 E152.9177
G1 X99.529 Y110.99 E152.93938
G1 X100.112 Y110.888 E152.95906
G1 X98.837 Y112.163 E153.01904
G1 F1500 E143.01904
;MESH:I2C_LED_BTN-Body002.stl
G0 F4800 X103.57 Y112
G0 X104.665 Y112
G0 X107.335 Y112
G0 X108.43 Y112
G0 X109 Y112
;TYPE:WALL-INNER
G1 F1500 E153.01904
G1 F2400 X109.276 Y112 E153.02821
G0 F4800 X111.95 Y113.437
G1 F2400 X112.329 Y113.451 E153.04083
G1 X112.704 Y113.324 E153.054
G1 X113.141 Y112.984 E153.07241
G1 X113.745 Y112 E153.11082
G1 X113.483 Y111.657 E153.12517
G1 X113.19 Y111.105 E153.14596
G1 X112.927 Y110.816 E153.15895
G1 X112.491 Y110.578 E153.17547
G1 X112.086 Y110.51 E153.18913
G1 X111.358 Y110.639 E153.21372
G1 X111.027 Y110.871 E153.22717
G1 X110.736 Y111.209 E153.242
G1 X110.444 Y111.773 E153.26313
G1 X110.252 Y112 E153.27301
G1 X110.444 Y112.227 E153.2829
G1 X110.778 Y112.891 E153.30762
G1 X111.162 Y113.231 E153.32468
G1 X111.52 Y113.423 E153.33819
G1 X111.95 Y113.437 E153.3525
G0 F4800 X113.47 Y113.154
G1 F2400 X113.65 Y112.925 E153.36219
G1 X114.034 Y112.271 E153.38742
G1 X114.633 Y112 E153.4095
G1 X113.954 Y111.693 E153.43453
G1 X113.52 Y110.873 E153.46539
G1 X113.177 Y110.498 E153.4823
G1 X112.624 Y110.195 E153.50327
G1 X112.108 Y110.109 E153.52067
G1 X111.678 Y110.133 E153.53499
G1 X111.184 Y110.273 E153.55207
G1 X110.757 Y110.572 E153.56941
G1 X110.4 Y110.986 E153.58759
G1 X110.133 Y111.524 E153.60757
G1 X109.726 Y111.893 E153.62584
G1 X109.276 Y112 E153.64122
G1 X109.726 Y112.107 E153.65661
G1 X110.11 Y112.448 E153.67369
G1 X110.449 Y113.133 E153.69911
G1 X110.932 Y113.562 E153.72059
G1 X111.39 Y113.807 E153.73787
G1 X111.895 Y113.889 E153.75489
G1 X112.411 Y113.845 E153.77211
G1 X112.896 Y113.682 E153.78913
G1 X113.308 Y113.361 E153.8065
G1 X113.47 Y113.154 E153.81524
G0 F4800 X114.186 Y112.157
G0 X114.633 Y112
G1 F2400 X115 Y112 E153.82757
G0 F4800 X114.186 Y112.157
G0 X113.547 Y113.209
G0 X113.788 Y113.398
G1 F2400 X113.993 Y113.135 E153.83863
G1 X114.308 Y112.563 E153.86035
G1 X114.668 Y112.402 E153.87347
G1 X115.4 Y112.4 E153.89782
G1 X115.4 Y111.6 E153.92442
G1 X114.668 Y111.598 E153.94877
G1 X114.261 Y111.416 E153.9636
G1 X113.849 Y110.641 E153.99279
G1 X113.428 Y110.179 E154.01358
G1 X112.757 Y109.812 E154.03902
G1 X112.13 Y109.707 E154.06016
G1 X111.612 Y109.736 E154.07742
G1 X111.01 Y109.906 E154.09822
G1 X110.486 Y110.273 E154.1195
G1 X110.064 Y110.763 E154.14101
G1 X109.777 Y111.332 E154.16221
G1 X109.474 Y111.6 E154.17566
G1 X108.6 Y111.6 E154.20473
G1 X108.6 Y112.4 E154.23134
G1 X109.474 Y112.4 E154.26041
G1 X109.777 Y112.668 E154.27386
G1 X110.12 Y113.377 E154.30006
G1 X110.702 Y113.892 E154.32591
G1 X111.26 Y114.191 E154.34696
G1 X111.88 Y114.292 E154.36785
G1 X112.493 Y114.24 E154.38832
G1 X113.088 Y114.039 E154.4092
G1 X113.593 Y113.647 E154.43047
G1 X113.788 Y113.398 E154.44096
G0 F4800 X114.102 Y113.645
;TYPE:WALL-OUTER
G1 F2400 X114.336 Y113.346 E154.45359
G1 X114.609 Y112.8 E154.47389
G1 X115.713 Y112.8 E154.51061
G1 X115.8 Y112.713 E154.5147
G1 X115.8 Y111.285 E154.5622
G1 X115.714 Y111.2 E154.56622
G1 X114.702 Y111.2 E154.59988
G1 X114.567 Y111.139 E154.60481
G1 X114.179 Y110.409 E154.6323
G1 X113.678 Y109.86 E154.65702
G1 X112.889 Y109.428 E154.68694
G1 X112.152 Y109.305 E154.71179
G1 X111.546 Y109.339 E154.73198
G1 X110.836 Y109.54 E154.75652
G1 X110.216 Y109.974 E154.7817
G1 X109.728 Y110.54 E154.80655
G1 X109.399 Y111.2 E154.83108
G1 X108.283 Y111.2 E154.8682
G1 X108.2 Y111.283 E154.8721
G1 X108.2 Y112.714 E154.9197
G1 X108.285 Y112.8 E154.92372
G1 X109.345 Y112.8 E154.95897
G1 X109.665 Y113.357 E154.98034
G1 X109.985 Y113.792 E154.9983
G1 X110.472 Y114.222 E155.01991
G1 X111.13 Y114.575 E155.04475
G1 X111.864 Y114.694 E155.06948
G1 X112.575 Y114.634 E155.09321
G1 X113.28 Y114.397 E155.11795
G1 X113.877 Y113.933 E155.1431
G1 X114.102 Y113.645 E155.15525
G0 F4800 X114.225 Y113.488
G0 X113.668 Y113.053
G0 X112.518 Y112.98
;TYPE:SKIN
G1 F1800 X112.994 Y112.497 E155.17781
G1 X113.259 Y112.048 E155.19515
G1 X113.201 Y111.941 E155.19919
G1 X112.072 Y113.071 E155.25232
G1 X111.913 Y113.102 E155.25771
G1 X111.587 Y112.99 E155.26918
G1 X113.006 Y111.572 E155.3359
G1 X112.786 Y111.226 E155.34953
G1 X111.243 Y112.768 E155.42209
G1 X110.986 Y112.46 E155.43543
G1 X112.455 Y110.991 E155.50453
G1 X111.968 Y110.913 E155.52093
G1 X110.797 Y112.083 E155.57599
G1 X110.756 Y112 E155.57907
G1 X111.05 Y111.431 E155.60037
G1 X111.529 Y110.99 E155.62203
G1 F1500 E145.62203
;MESH:I2C_LED_BTN-Body002.stl(3)
G0 F4800 X115.57 Y112
G0 X116.665 Y112
G0 X119.335 Y112
G0 X120.43 Y112
G0 X121 Y112
;TYPE:WALL-INNER
G1 F1500 E155.62203
G1 F2400 X121.276 Y112 E155.63121
G0 F4800 X123.95 Y113.437
G1 F2400 X124.329 Y113.451 E155.64382
G1 X124.704 Y113.324 E155.65699
G1 X125.141 Y112.984 E155.6754
G1 X125.745 Y112 E155.71381
G1 X125.483 Y111.657 E155.72816
G1 X125.19 Y111.105 E155.74895
G1 X124.927 Y110.816 E155.76194
G1 X124.491 Y110.578 E155.77846
G1 X124.086 Y110.51 E155.79212
G1 X123.358 Y110.639 E155.81671
G1 X123.027 Y110.871 E155.83016
G1 X122.736 Y111.209 E155.84499
G1 X122.444 Y111.773 E155.86612
G1 X122.252 Y112 E155.876
G1 X122.444 Y112.227 E155.88589
G1 X122.778 Y112.891 E155.91061
G1 X123.162 Y113.231 E155.92767
G1 X123.52 Y113.423 E155.94118
G1 X123.95 Y113.437 E155.95549
G0 F4800 X125.47 Y113.154
G1 F2400 X125.65 Y112.925 E155.96518
G1 X126.034 Y112.271 E155.99041
G1 X126.633 Y112 E156.01249
G1 X125.954 Y111.693 E156.03752
G1 X125.52 Y110.873 E156.06838
G1 X125.177 Y110.498 E156.08529
G1 X124.624 Y110.195 E156.10626
G1 X124.108 Y110.109 E156.12366
G1 X123.678 Y110.133 E156.13798
G1 X123.184 Y110.273 E156.15506
G1 X122.757 Y110.572 E156.1724
G1 X122.4 Y110.986 E156.19058
G1 X122.133 Y111.524 E156.21056
G1 X121.726 Y111.893 E156.22883
G1 X121.276 Y112 E156.24421
G1 X121.726 Y112.107 E156.2596
G1 X122.11 Y112.448 E156.27668
G1 X122.449 Y113.133 E156.3021
G1 X122.932 Y113.562 E156.32358
G1 X123.39 Y113.807 E156.34086
G1 X123.895 Y113.889 E156.35788
G1 X124.411 Y113.845 E156.3751
G1 X124.896 Y113.682 E156.39212
G1 X125.308 Y113.361 E156.40949
G1 X125.47 Y113.154 E156.41823
G0 F4800 X126.186 Y112.157
G0 X126.633 Y112
G1 F2400 X127 Y112 E156.43056
G0 F4800 X126.186 Y112.157
G0 X125.547 Y113.209
G0 X125.788 Y113.398
G1 F2400 X125.993 Y113.135 E156.44162
G1 X126.308 Y112.563 E156.46334
G1 X126.668 Y112.402 E156.47646
G1 X127.4 Y112.4 E156.50081
G1 X127.4 Y111.6 E156.52741
G1 X126.668 Y111.598 E156.55176
G1 X126.261 Y111.416 E156.56659
G1 X125.849 Y110.641 E156.59578
G1 X125.428 Y110.179 E156.61657
G1 X124.757 Y109.812 E156.64201
G1 X124.13 Y109.707 E156.66315
G1 X123.612 Y109.736 E156.68041
G1 X123.01 Y109.906 E156.70121
G1 X122.486 Y110.273 E156.72249
G1 X122.064 Y110.763 E156.744
G1 X121.777 Y111.332 E156.7652
G1 X121.474 Y111.6 E156.77865
G1 X120.6 Y111.6 E156.80772
G1 X120.6 Y112.4 E156.83433
G1 X121.474 Y112.4 E156.8634
G1 X121.777 Y112.668 E156.87685
G1 X122.12 Y113.377 E156.90305
G1 X122.702 Y113.892 E156.9289
G1 X123.26 Y114.191 E156.94995
G1 X123.88 Y114.292 E156.97084
G1 X124.493 Y114.24 E156.99131
G1 X125.088 Y114.039 E157.01219
G1 X125.593 Y113.647 E157.03346
G1 X125.788 Y113.398 E157.04395
G0 F4800 X126.102 Y113.645
;TYPE:WALL-OUTER
G1 F2400 X126.336 Y113.346 E157.05658
G1 X126.609 Y112.8 E157.07688
G1 X127.713 Y112.8 E157.1136
G1 X127.8 Y112.713 E157.11769
G1 X127.8 Y111.285 E157.16519
G1 X127.714 Y111.2 E157.16921
G1 X126.702 Y111.2 E157.20287
G1 X126.567 Y111.139 E157.2078
G1 X126.179 Y110.409 E157.23529
G1 X125.678 Y109.86 E157.26001
G1 X124.889 Y109.428 E157.28993
G1 X124.152 Y109.305 E157.31478
G1 X123.546 Y109.339 E157.33497
G1 X122.836 Y109.54 E157.35951
G1 X122.216 Y109.974 E157.38469
G1 X121.728 Y110.54 E157.40954
G1 X121.399 Y111.2 E157.43407
G1 X120.283 Y111.2 E157.47119
G1 X120.2 Y111.283 E157.47509
G1 X120.2 Y112.714 E157.52269
G1 X120.285 Y112.8 E157.52671
G1 X121.345 Y112.8 E157.56196
G1 X121.665 Y113.357 E157.58333
G1 X121.985 Y113.792 E157.60129
G1 X122.472 Y114.222 E157.6229
G1 X123.13 Y114.575 E157.64774
G1 X123.864 Y114.694 E157.67247
G1 X124.575 Y114.634 E157.6962
G1 X125.28 Y114.397 E157.72094
G1 X125.877 Y113.933 E157.74609
G1 X126.102 Y113.645 E157.75824
G0 F4800 X126.225 Y113.488
G0 X125.668 Y113.053
G0 X124.518 Y112.979
;TYPE:SKIN
G1 F1800 X124.993 Y112.497 E157.78075
G1 X125.259 Y112.047 E157.79814
G1 X124.965 Y111.492 E157.81902
G1 X123.497 Y112.96 E157.88807
G1 X123.185 Y112.706 E157.90146
G1 X124.728 Y111.163 E157.97403
G1 X124.377 Y110.948 E157.98772
G1 X122.945 Y112.38 E158.05508
G1 X122.755 Y112 E158.06921
G1 X123.05 Y111.431 E158.09053
G1 X123.529 Y110.99 E158.11218
G1 X123.821 Y110.939 E158.12204
G1 X122.757 Y112.002 E158.17207
G0 F4800 X123.922 Y113.1
G1 F1800 X125.16 Y111.862 E158.2303
G1 F1500 E148.2303
;MESH:NONMESH
G0 F1800 X125.16 Y111.862 Z3.4
G0 F4800 X120.43 Y112
G0 X119.335 Y112
G0 X113.698 Y115.17
G0 X112.753 Y115.488
G0 X111.836 Y115.566
G0 X110.849 Y115.406
G0 X104.665 Y112
G0 X103.57 Y112
G0 X97 Y112
;TIME_ELAPSED:256.177612
;LAYER:16
;TYPE:WALL-INNER
;MESH:I2C_LED_BTN-Body002.stl(4)
G1 F1500 E158.2303
G1 F2400 X97.276 Y112 E158.23948
G0 F4800 X98.791 Y113.397
G1 F2400 X99.105 Y113.669 E158.2533
G1 X99.906 Y113.891 E158.28094
G1 X100.676 Y113.764 E158.3069
G1 X101.253 Y113.414 E158.32934
G1 X101.537 Y113.106 E158.34328
G1 X102.046 Y112.268 E158.37589
G1 X102.66 Y112.002 E158.39837
G1 X102.12 Y111.8 E158.41773
G1 X101.893 Y111.563 E158.42865
G1 X101.52 Y110.874 E158.45471
G1 X100.987 Y110.382 E158.47883
G1 X100.359 Y110.11 E158.5016
G1 X99.67 Y110.135 E158.52453
G1 X99.143 Y110.286 E158.54276
G1 X98.766 Y110.558 E158.55822
G1 X98.401 Y110.984 E158.57688
G1 X98.045 Y111.699 E158.60345
G1 X97.276 Y112 E158.63091
G1 X98.034 Y112.296 E158.65798
G1 X98.484 Y113.132 E158.68956
G1 X98.791 Y113.397 E158.70305
G0 F4800 X102.66 Y112.002
G1 F2400 X103 Y112 E158.71447
G0 F4800 X102.366 Y112.14
G0 X100.311 Y113.961
G0 X100.368 Y114.213
G1 F2400 X100.836 Y114.135 E158.73025
G1 X101.508 Y113.726 E158.75641
G1 X101.858 Y113.348 E158.77355
G1 X102.337 Y112.56 E158.80422
G1 X102.705 Y112.403 E158.81753
G1 X103.4 Y112.4 E158.84064
G1 X103.4 Y111.6 E158.86725
G1 X102.684 Y111.599 E158.89106
G1 X102.286 Y111.453 E158.90516
G1 X101.849 Y110.641 E158.93583
G1 X101.361 Y110.107 E158.95989
G1 X100.616 Y109.786 E158.98688
G1 X100.231 Y109.715 E158.9999
G1 X99.607 Y109.737 E159.02066
G1 X98.966 Y109.921 E159.04284
G1 X98.494 Y110.261 E159.06219
G1 X98.065 Y110.762 E159.08413
G1 X97.738 Y111.419 E159.10854
G1 X97.276 Y111.6 E159.12504
G1 X96.6 Y111.6 E159.14753
G1 X96.6 Y112.4 E159.17413
G1 X97.276 Y112.4 E159.19662
G1 X97.731 Y112.578 E159.21287
G1 X98.156 Y113.367 E159.24268
G1 X98.5 Y113.736 E159.25945
G1 X98.914 Y114.023 E159.27621
G1 X99.393 Y114.213 E159.29335
G1 X99.886 Y114.293 E159.30996
G1 X100.368 Y114.213 E159.32621
G0 F4800 X100.311 Y113.961
G0 X101.013 Y113.667
G0 X101.381 Y114.272
;TYPE:WALL-OUTER
G1 F2400 X101.764 Y114.039 E159.34112
G1 X102.179 Y113.59 E159.36146
G1 X102.659 Y112.801 E159.39217
G1 X103.713 Y112.8 E159.42723
G1 X103.8 Y112.713 E159.43132
G1 X103.8 Y111.285 E159.47882
G1 X103.714 Y111.2 E159.48284
G1 X102.601 Y111.2 E159.51986
G1 X102.179 Y110.409 E159.54968
G1 X101.777 Y109.97 E159.56947
G1 X101.387 Y109.683 E159.58558
G1 X100.733 Y109.401 E159.60927
G1 X100.261 Y109.313 E159.62524
G1 X99.544 Y109.339 E159.6491
G1 X98.789 Y109.555 E159.67522
G1 X98.221 Y109.965 E159.69852
G1 X97.729 Y110.54 E159.72369
G1 X97.431 Y111.14 E159.74597
G1 X97.276 Y111.2 E159.7515
G1 X96.283 Y111.2 E159.78453
G1 X96.2 Y111.283 E159.78843
G1 X96.2 Y112.714 E159.83603
G1 X96.285 Y112.8 E159.84005
G1 X97.276 Y112.8 E159.87301
G1 X97.428 Y112.859 E159.87843
G1 X97.828 Y113.602 E159.9065
G1 X98.236 Y114.04 E159.92641
G1 X98.724 Y114.378 E159.94615
G1 X99.286 Y114.601 E159.96626
G1 X99.866 Y114.695 E159.9858
G1 X100.427 Y114.661 E160.0045
G1 X100.996 Y114.506 E160.02411
G1 X101.381 Y114.272 E160.0391
G0 F4800 X101.551 Y114.168
G0 X101.183 Y113.563
G0 X98.227 Y112
;TYPE:SKIN
G1 F1800 X98.483 Y112.33 E160.05299
G1 X98.79 Y112.899 E160.07449
G1 X99.286 Y113.328 E160.0963
G1 X99.929 Y113.505 E160.11848
G1 X98.313 Y111.889 E160.1945
G1 X98.542 Y111.553 E160.20802
G1 X100.413 Y113.424 E160.29603
G1 X100.799 Y113.244 E160.31019
G1 X98.736 Y111.181 E160.40723
G1 X99.026 Y110.905 E160.42054
G1 X101.144 Y113.023 E160.52017
G1 X101.357 Y112.671 E160.53385
G1 X99.318 Y110.632 E160.62976
G1 X99.769 Y110.517 E160.64524
G1 X101.572 Y112.32 E160.73005
G1 X101.785 Y111.968 E160.74373
G1 X100.358 Y110.541 E160.81085
G1 X100.787 Y110.709 E160.82618
G1 X101.212 Y111.103 E160.84545
G1 F1500 E150.84545
;MESH:I2C_LED_BTN-Body002.stl
G0 F4800 X103.57 Y112
G0 X104.665 Y112
G0 X107.335 Y112
G0 X108.43 Y112
G0 X109 Y112
;TYPE:WALL-INNER
G1 F1500 E160.84545
G1 F2400 X109.276 Y112 E160.85463
G0 F4800 X110.791 Y113.397
G1 F2400 X111.105 Y113.669 E160.86845
G1 X111.906 Y113.891 E160.8961
G1 X112.676 Y113.764 E160.92205
G1 X113.253 Y113.414 E160.9445
G1 X113.537 Y113.106 E160.95843
G1 X114.046 Y112.268 E160.99104
G1 X114.66 Y112.002 E161.01352
G1 X114.12 Y111.8 E161.03289
G1 X113.893 Y111.563 E161.0438
G1 X113.52 Y110.874 E161.06986
G1 X112.987 Y110.382 E161.09399
G1 X112.359 Y110.11 E161.11675
G1 X111.67 Y110.135 E161.13968
G1 X111.143 Y110.286 E161.15792
G1 X110.766 Y110.558 E161.17338
G1 X110.401 Y110.984 E161.19204
G1 X110.045 Y111.699 E161.2186
G1 X109.276 Y112 E161.24607
G1 X110.034 Y112.296 E161.27313
G1 X110.484 Y113.132 E161.30471
G1 X110.791 Y113.397 E161.3182
G0 F4800 X114.66 Y112.002
G1 F2400 X115 Y112 E161.32962
G0 F4800 X114.366 Y112.14
G0 X112.311 Y113.961
G0 X112.368 Y114.213
G1 F2400 X112.836 Y114.135 E161.3454
G1 X113.508 Y113.726 E161.37157
G1 X113.858 Y113.348 E161.3887
G1 X114.337 Y112.56 E161.41937
G1 X114.705 Y112.403 E161.43268
G1 X115.4 Y112.4 E161.4558
G1 X115.4 Y111.6 E161.4824
G1 X114.684 Y111.599 E161.50622
G1 X114.286 Y111.453 E161.52032
G1 X113.849 Y110.641 E161.55099
G1 X113.361 Y110.107 E161.57505
G1 X112.616 Y109.786 E161.60203
G1 X112.231 Y109.715 E161.61505
G1 X111.607 Y109.737 E161.63582
G1 X110.966 Y109.921 E161.658
G1 X110.494 Y110.261 E161.67735
G1 X110.065 Y110.762 E161.69928
G1 X109.738 Y111.419 E161.72369
G1 X109.276 Y111.6 E161.7402
G1 X108.6 Y111.6 E161.76268
G1 X108.6 Y112.4 E161.78929
G1 X109.276 Y112.4 E161.81177
G1 X109.731 Y112.578 E161.82802
G1 X110.156 Y113.367 E161.85783
G1 X110.5 Y113.736 E161.87461
G1 X110.914 Y114.023 E161.89136
G1 X111.393 Y114.213 E161.9085
G1 X111.886 Y114.293 E161.92511
G1 X112.368 Y114.213 E161.94137
G0 F4800 X112.311 Y113.961
G0 X113.013 Y113.667
G0 X113.381 Y114.272
;TYPE:WALL-OUTER
G1 F2400 X113.764 Y114.039 E161.95628
G1 X114.179 Y113.59 E161.97661
G1 X114.659 Y112.801 E162.00733
G1 X115.713 Y112.8 E162.04238
G1 X115.8 Y112.713 E162.04648
G1 X115.8 Y111.285 E162.09397
G1 X115.714 Y111.2 E162.09799
G1 X114.601 Y111.2 E162.13501
G1 X114.179 Y110.409 E162.16483
G1 X113.777 Y109.97 E162.18463
G1 X113.387 Y109.683 E162.20073
G1 X112.733 Y109.401 E162.22442
G1 X112.261 Y109.313 E162.24039
G1 X111.544 Y109.339 E162.26426
G1 X110.789 Y109.555 E162.29037
G1 X110.221 Y109.965 E162.31367
G1 X109.729 Y110.54 E162.33884
G1 X109.431 Y111.14 E162.36113
G1 X109.276 Y111.2 E162.36665
G1 X108.283 Y111.2 E162.39968
G1 X108.2 Y111.283 E162.40358
G1 X108.2 Y112.714 E162.45118
G1 X108.285 Y112.8 E162.4552
G1 X109.276 Y112.8 E162.48816
G1 X109.428 Y112.859 E162.49359
G1 X109.828 Y113.602 E162.52165
G1 X110.236 Y114.04 E162.54156
G1 X110.724 Y114.378 E162.5613
G1 X111.286 Y114.601 E162.58141
G1 X111.866 Y114.695 E162.60096
G1 X112.427 Y114.661 E162.61965
G1 X112.996 Y114.506 E162.63926
G1 X113.381 Y114.272 E162.65425
G0 F4800 X113.551 Y114.168
G0 X113.183 Y113.563
G0 X112.233 Y110.536
G0 X112.787 Y110.71
;TYPE:SKIN
G1 F1800 X113.212 Y111.103 E162.6735
G1 X113.562 Y111.762 E162.69832
G1 X113.775 Y111.985 E162.70858
G1 X113.74 Y112.043 E162.71083
G1 X112.233 Y110.536 E162.78172
G1 X112.4 Y110.542 E162.78727
G1 X112.787 Y110.71 E162.80131
G0 F4800 X112.233 Y110.536
G1 F1800 X111.643 Y110.512 E162.82095
G1 X113.526 Y112.395 E162.90952
G1 X113.312 Y112.746 E162.92319
G1 X111.254 Y110.688 E163.01999
G1 X110.964 Y110.964 E163.03331
G1 X113.076 Y113.076 E163.13265
G1 X112.724 Y113.29 E163.14635
G1 X110.69 Y111.255 E163.24205
G1 X110.502 Y111.634 E163.25612
G1 X112.31 Y113.442 E163.34116
G1 X111.926 Y113.505 E163.3541
G1 X111.286 Y113.328 E163.37619
G1 X110.79 Y112.9 E163.39798
G1 X110.308 Y112.005 E163.43179
G1 X111.763 Y113.46 E163.50023
G1 F1500 E153.50023
;MESH:I2C_LED_BTN-Body002.stl(3)
G0 F4800 X115.57 Y112
G0 X116.665 Y112
G0 X119.335 Y112
G0 X120.43 Y112
G0 X121 Y112
;TYPE:WALL-INNER
G1 F1500 E163.50023
G1 F2400 X121.276 Y112 E163.50941
G0 F4800 X122.791 Y113.397
G1 F2400 X123.105 Y113.669 E163.52322
G1 X123.906 Y113.891 E163.55087
G1 X124.676 Y113.764 E163.57683
G1 X125.253 Y113.414 E163.59927
G1 X125.537 Y113.106 E163.61321
G1 X126.046 Y112.268 E163.64582
G1 X126.66 Y112.002 E163.6683
G1 X126.12 Y111.8 E163.68766
G1 X125.893 Y111.563 E163.69858
G1 X125.52 Y110.874 E163.72464
G1 X124.987 Y110.382 E163.74876
G1 X124.359 Y110.11 E163.77152
G1 X123.67 Y110.135 E163.79446
G1 X123.143 Y110.286 E163.81269
G1 X122.766 Y110.558 E163.82815
G1 X122.401 Y110.984 E163.84681
G1 X122.045 Y111.699 E163.87338
G1 X121.276 Y112 E163.90084
G1 X122.034 Y112.296 E163.92791
G1 X122.484 Y113.132 E163.95949
G1 X122.791 Y113.397 E163.97297
G0 F4800 X126.66 Y112.002
G1 F2400 X127 Y112 E163.9844
G0 F4800 X126.366 Y112.14
G0 X124.311 Y113.961
G0 X124.368 Y114.213
G1 F2400 X124.836 Y114.135 E164.00018
G1 X125.508 Y113.726 E164.02634
G1 X125.858 Y113.348 E164.04348
G1 X126.337 Y112.56 E164.07415
G1 X126.705 Y112.403 E164.08745
G1 X127.4 Y112.4 E164.11057
G1 X127.4 Y111.6 E164.13718
G1 X126.684 Y111.599 E164.16099
G1 X126.286 Y111.453 E164.17509
G1 X125.849 Y110.641 E164.20576
G1 X125.361 Y110.107 E164.22982
G1 X124.616 Y109.786 E164.2568
G1 X124.231 Y109.715 E164.26982
G1 X123.607 Y109.737 E164.29059
G1 X122.966 Y109.921 E164.31277
G1 X122.494 Y110.261 E164.33212
G1 X122.065 Y110.762 E164.35406
G1 X121.738 Y111.419 E164.37847
G1 X121.276 Y111.6 E164.39497
G1 X120.6 Y111.6 E164.41745
G1 X120.6 Y112.4 E164.44406
G1 X121.276 Y112.4 E164.46655
G1 X121.731 Y112.578 E164.4828
G1 X122.156 Y113.367 E164.5126
G1 X122.5 Y113.736 E164.52938
G1 X122.914 Y114.023 E164.54614
G1 X123.393 Y114.213 E164.56328
G1 X123.886 Y114.293 E164.57989
G1 X124.368 Y114.213 E164.59614
G0 F4800 X124.311 Y113.961
G0 X125.013 Y113.667
G0 X125.381 Y114.272
;TYPE:WALL-OUTER
G1 F2400 X125.764 Y114.039 E164.61105
G1 X126.179 Y113.59 E164.63139
G1 X126.659 Y112.801 E164.6621
G1 X127.713 Y112.8 E164.69716
G1 X127.8 Y112.713 E164.70125
G1 X127.8 Y111.285 E164.74875
G1 X127.714 Y111.2 E164.75277
G1 X126.601 Y111.2 E164.78979
G1 X126.179 Y110.409 E164.8196
G1 X125.777 Y109.97 E164.8394
G1 X125.387 Y109.683 E164.85551
G1 X124.733 Y109.401 E164.8792
G1 X124.261 Y109.313 E164.89517
G1 X123.544 Y109.339 E164.91903
G1 X122.789 Y109.555 E164.94515
G1 X122.221 Y109.965 E164.96845
G1 X121.729 Y110.54 E164.99362
G1 X121.431 Y111.14 E165.0159
G1 X121.276 Y111.2 E165.02143
G1 X120.283 Y111.2 E165.05445
G1 X120.2 Y111.283 E165.05836
G1 X120.2 Y112.714 E165.10595
G1 X120.285 Y112.8 E165.10998
G1 X121.276 Y112.8 E165.14294
G1 X121.428 Y112.859 E165.14836
G1 X121.828 Y113.602 E165.17643
G1 X122.236 Y114.04 E165.19633
G1 X122.724 Y114.378 E165.21608
G1 X123.286 Y114.601 E165.23619
G1 X123.866 Y114.695 E165.25573
G1 X124.427 Y114.661 E165.27442
G1 X124.996 Y114.506 E165.29404
G1 X125.381 Y114.272 E165.30902
G0 F4800 X125.551 Y114.168
G0 X125.183 Y113.563
G0 X122.483 Y112.33
;TYPE:SKIN
G1 F1800 X122.79 Y112.9 E165.33056
G1 X123.285 Y113.328 E165.35232
G1 X123.597 Y113.414 E165.36309
G1 X122.208 Y112.026 E165.4284
G1 X122.455 Y111.707 E165.44181
G1 X124.207 Y113.459 E165.52422
G1 X124.649 Y113.335 E165.53949
G1 X122.65 Y111.337 E165.6335
G1 X122.903 Y111.024 E165.64688
G1 X125.001 Y113.122 E165.74556
G1 X125.266 Y112.821 E165.7589
G1 X123.192 Y110.747 E165.85646
G1 X123.57 Y110.56 E165.87048
G1 X125.48 Y112.47 E165.96033
G1 X125.775 Y111.985 E165.97921
G1 X125.562 Y111.762 E165.98946
G1 X125.212 Y111.103 E166.01428
G1 X124.787 Y110.709 E166.03356
G1 X124.4 Y110.542 E166.04758
G1 X124.107 Y110.531 E166.05733
G1 X125.695 Y112.118 E166.132
G1 F1500 E156.132
;MESH:NONMESH
G0 F1800 X125.695 Y112.118 Z3.6
G0 F4800 X120.43 Y112
G0 X119.335 Y112
G0 X113.342 Y115.308
G0 X112.566 Y115.522
G0 X111.828 Y115.565
G0 X111.052 Y115.44
G0 X110.456 Y115.203
G0 X104.665 Y112
G0 X103.57 Y112
G0 X97 Y112
;TIME_ELAPSED:267.117177
;LAYER:17
;TYPE:WALL-INNER
;MESH:I2C_LED_BTN-Body002.stl(4)
G1 F1500 E166.132
G1 F2400 X97.276 Y112 E166.14118
G0 F4800 X100.27 Y113.421
G1 F2400 X100.609 Y113.356 E166.15266
G1 X100.969 Y113.122 E166.16694
G1 X101.257 Y112.798 E166.18136
G1 X101.483 Y112.343 E166.19825
G1 X101.745 Y112 E166.21261
G1 X101.483 Y111.657 E166.22697
G1 X101.19 Y111.105 E166.24775
G1 X100.927 Y110.816 E166.26075
G1 X100.491 Y110.578 E166.27727
G1 X99.997 Y110.496 E166.29393
G1 X99.574 Y110.566 E166.30819
G1 X99.005 Y110.871 E166.32966
G1 X98.744 Y111.191 E166.34339
G1 X98.444 Y111.773 E166.36517
G1 X98.252 Y112 E166.37506
G1 X98.444 Y112.227 E166.38495
G1 X98.738 Y112.818 E166.4069
G1 X99.03 Y113.131 E166.42114
G1 X99.493 Y113.401 E166.43897
G1 X99.932 Y113.485 E166.45383
G1 X100.27 Y113.421 E166.46527
G0 F4800 X99.068 Y113.609
G1 F2400 X99.374 Y113.786 E166.47703
G1 X99.912 Y113.888 E166.49524
G1 X100.408 Y113.845 E166.5118
G1 X100.785 Y113.719 E166.52502
G1 X101.233 Y113.428 E166.54279
G1 X101.591 Y113.023 E166.56077
G1 X101.945 Y112.311 E166.58722
G1 X102.633 Y112 E166.61258
G1 X101.954 Y111.693 E166.63761
G1 X101.52 Y110.873 E166.66847
G1 X101.177 Y110.498 E166.68537
G1 X100.624 Y110.195 E166.70635
G1 X99.997 Y110.09 E166.72749
G1 X99.325 Y110.202 E166.75015
G1 X98.737 Y110.566 E166.77315
G1 X98.406 Y110.973 E166.7906
G1 X98.133 Y111.524 E166.81105
G1 X97.726 Y111.893 E166.82932
G1 X97.276 Y112 E166.84471
G1 X97.726 Y112.107 E166.86009
G1 X98.137 Y112.482 E166.8786
G1 X98.403 Y113.044 E166.89928
G1 X98.766 Y113.434 E166.917
G1 X99.068 Y113.609 E166.92861
G0 F4800 X102.633 Y112
G1 F2400 X103 Y112 E166.94094
G0 F4800 X102.283 Y112.14
G0 X99.032 Y113.734
G0 X98.878 Y113.953
G1 F2400 X99.255 Y114.17 E166.9554
G1 X99.891 Y114.291 E166.97694
G1 X100.489 Y114.24 E166.9969
G1 X100.96 Y114.083 E167.01341
G1 X101.496 Y113.733 E167.0347
G1 X101.926 Y113.249 E167.05624
G1 X102.255 Y112.587 E167.08082
G1 X102.668 Y112.402 E167.09588
G1 X103.4 Y112.4 E167.12022
G1 X103.4 Y111.6 E167.14683
G1 X102.668 Y111.598 E167.17118
G1 X102.261 Y111.416 E167.18601
G1 X101.849 Y110.641 E167.2152
G1 X101.428 Y110.179 E167.23599
G1 X100.757 Y109.812 E167.26142
G1 X99.997 Y109.685 E167.28705
G1 X99.181 Y109.821 E167.31457
G1 X98.47 Y110.262 E167.3424
G1 X98.068 Y110.755 E167.36355
G1 X97.777 Y111.332 E167.38505
G1 X97.474 Y111.6 E167.3985
G1 X96.6 Y111.6 E167.42757
G1 X96.6 Y112.4 E167.45418
G1 X97.474 Y112.4 E167.48325
G1 X97.777 Y112.668 E167.4967
G1 X98.067 Y113.271 E167.51896
G1 X98.501 Y113.737 E167.54014
G1 X98.878 Y113.953 E167.55459
G0 F4800 X99.032 Y113.734
G0 X101.075 Y113.643
G0 X101.458 Y114.236
;TYPE:WALL-OUTER
G1 F2400 X101.76 Y114.039 E167.56658
G1 X102.26 Y113.475 E167.59165
G1 X102.565 Y112.862 E167.61442
G1 X102.702 Y112.8 E167.61942
G1 X103.713 Y112.8 E167.65305
G1 X103.8 Y112.713 E167.65714
G1 X103.8 Y111.285 E167.70464
G1 X103.714 Y111.2 E167.70866
G1 X102.702 Y111.2 E167.74232
G1 X102.567 Y111.139 E167.74725
G1 X102.179 Y110.409 E167.77474
G1 X101.678 Y109.86 E167.79946
G1 X100.889 Y109.428 E167.82938
G1 X99.997 Y109.279 E167.85946
G1 X99.261 Y109.402 E167.88428
G1 X98.841 Y109.561 E167.89922
G1 X98.202 Y109.957 E167.92422
G1 X97.73 Y110.537 E167.94909
G1 X97.398 Y111.2 E167.97375
G1 X96.283 Y111.2 E168.01084
G1 X96.2 Y111.283 E168.01474
G1 X96.2 Y112.714 E168.06234
G1 X96.285 Y112.8 E168.06636
G1 X97.401 Y112.8 E168.10348
G1 X97.732 Y113.498 E168.12917
G1 X98.237 Y114.04 E168.15381
G1 X98.691 Y114.36 E168.17228
G1 X99.136 Y114.555 E168.18844
G1 X99.871 Y114.694 E168.21332
G1 X100.571 Y114.634 E168.23669
G1 X101.136 Y114.446 E168.25649
G1 X101.458 Y114.236 E168.26928
G0 F4800 X101.625 Y114.127
G0 X101.242 Y113.534
G0 X101.244 Y112.02
;TYPE:SKIN
G1 F1800 X100.214 Y113.049 E168.31771
G1 X100.442 Y113.007 E168.32542
G1 X100.947 Y112.571 E168.34761
G1 X101.259 Y112.048 E168.36786
G1 X101.048 Y111.649 E168.38287
G1 X99.653 Y113.044 E168.44849
G1 X99.287 Y112.845 E168.46235
G1 X100.843 Y111.289 E168.53554
G1 X100.533 Y111.033 E168.54891
G1 X99.025 Y112.541 E168.61984
G1 X98.837 Y112.164 E168.63385
G1 X100.102 Y110.898 E168.69338
G1 X99.533 Y110.99 E168.71255
G1 X99.098 Y111.337 E168.73105
G1 F1500 E158.73105
;MESH:I2C_LED_BTN-Body002.stl
G0 F4800 X103.57 Y112
G0 X104.665 Y112
G0 X107.335 Y112
G0 X108.43 Y112
G0 X109 Y112
;TYPE:WALL-INNER
G1 F1500 E168.73105
G1 F2400 X109.276 Y112 E168.74023
G0 F4800 X112.27 Y113.421
G1 F2400 X112.609 Y113.356 E168.75172
G1 X112.969 Y113.122 E168.766
G1 X113.257 Y112.798 E168.78041
G1 X113.483 Y112.343 E168.79731
G1 X113.745 Y112 E168.81167
G1 X113.483 Y111.657 E168.82602
G1 X113.19 Y111.105 E168.84681
G1 X112.927 Y110.816 E168.85981
G1 X112.491 Y110.578 E168.87633
G1 X111.997 Y110.496 E168.89298
G1 X111.574 Y110.566 E168.90724
G1 X111.005 Y110.871 E168.92871
G1 X110.744 Y111.191 E168.94245
G1 X110.444 Y111.773 E168.96423
G1 X110.252 Y112 E168.97412
G1 X110.444 Y112.227 E168.984
G1 X110.738 Y112.818 E169.00596
G1 X111.03 Y113.131 E169.0202
G1 X111.493 Y113.401 E169.03802
G1 X111.932 Y113.485 E169.05289
G1 X112.27 Y113.421 E169.06433
G0 F4800 X111.068 Y113.609
G1 F2400 X111.374 Y113.786 E169.07609
G1 X111.912 Y113.888 E169.0943
G1 X112.408 Y113.845 E169.11086
G1 X112.785 Y113.719 E169.12408
G1 X113.233 Y113.428 E169.14185
G1 X113.591 Y113.023 E169.15983
G1 X113.945 Y112.311 E169.18627
G1 X114.633 Y112 E169.21164
G1 X113.954 Y111.693 E169.23667
G1 X113.52 Y110.873 E169.26753
G1 X113.177 Y110.498 E169.28443
G1 X112.624 Y110.195 E169.3054
G1 X111.997 Y110.09 E169.32655
G1 X111.325 Y110.202 E169.34921
G1 X110.737 Y110.566 E169.37221
G1 X110.406 Y110.973 E169.38966
G1 X110.133 Y111.524 E169.41011
G1 X109.726 Y111.893 E169.42838
G1 X109.276 Y112 E169.44377
G1 X109.726 Y112.107 E169.45915
G1 X110.137 Y112.482 E169.47765
G1 X110.403 Y113.044 E169.49833
G1 X110.766 Y113.434 E169.51606
G1 X111.068 Y113.609 E169.52766
G0 F4800 X114.633 Y112
G1 F2400 X115 Y112 E169.53999
G0 F4800 X114.283 Y112.14
G0 X111.032 Y113.734
G0 X110.878 Y113.953
G1 F2400 X111.255 Y114.17 E169.55446
G1 X111.891 Y114.291 E169.57599
G1 X112.489 Y114.24 E169.59596
G1 X112.96 Y114.083 E169.61247
G1 X113.496 Y113.733 E169.63376
G1 X113.926 Y113.249 E169.65529
G1 X114.255 Y112.587 E169.67988
G1 X114.668 Y112.402 E169.69493
G1 X115.4 Y112.4 E169.71928
G1 X115.4 Y111.6 E169.74589
G1 X114.668 Y111.598 E169.77023
G1 X114.261 Y111.416 E169.78506
G1 X113.849 Y110.641 E169.81425
G1 X113.428 Y110.179 E169.83504
G1 X112.757 Y109.812 E169.86048
G1 X111.997 Y109.685 E169.88611
G1 X111.181 Y109.821 E169.91362
G1 X110.47 Y110.262 E169.94145
G1 X110.068 Y110.755 E169.96261
G1 X109.777 Y111.332 E169.9841
G1 X109.474 Y111.6 E169.99756
G1 X108.6 Y111.6 E170.02663
G1 X108.6 Y112.4 E170.05323
G1 X109.474 Y112.4 E170.0823
G1 X109.777 Y112.668 E170.09576
G1 X110.067 Y113.271 E170.11801
G1 X110.501 Y113.737 E170.13919
G1 X110.878 Y113.953 E170.15364
G0 F4800 X111.032 Y113.734
G0 X113.075 Y113.643
G0 X113.458 Y114.236
;TYPE:WALL-OUTER
G1 F2400 X113.76 Y114.039 E170.16564
G1 X114.26 Y113.475 E170.19071
G1 X114.565 Y112.862 E170.21348
G1 X114.702 Y112.8 E170.21848
G1 X115.713 Y112.8 E170.25211
G1 X115.8 Y112.713 E170.2562
G1 X115.8 Y111.285 E170.30369
G1 X115.714 Y111.2 E170.30772
G1 X114.702 Y111.2 E170.34137
G1 X114.567 Y111.139 E170.3463
G1 X114.179 Y110.409 E170.3738
G1 X113.678 Y109.86 E170.39852
G1 X112.889 Y109.428 E170.42844
G1 X111.997 Y109.279 E170.45852
G1 X111.261 Y109.402 E170.48334
G1 X110.841 Y109.561 E170.49827
G1 X110.202 Y109.957 E170.52328
G1 X109.73 Y110.537 E170.54815
G1 X109.398 Y111.2 E170.57281
G1 X108.283 Y111.2 E170.60989
G1 X108.2 Y111.283 E170.6138
G1 X108.2 Y112.714 E170.66139
G1 X108.285 Y112.8 E170.66541
G1 X109.401 Y112.8 E170.70253
G1 X109.732 Y113.498 E170.72823
G1 X110.237 Y114.04 E170.75287
G1 X110.691 Y114.36 E170.77134
G1 X111.136 Y114.555 E170.7875
G1 X111.871 Y114.694 E170.81238
G1 X112.571 Y114.634 E170.83575
G1 X113.136 Y114.446 E170.85555
G1 X113.458 Y114.236 E170.86834
G0 F4800 X113.625 Y114.127
G0 X113.242 Y113.534
G0 X112.442 Y113.008
;TYPE:SKIN
G1 F1800 X112.947 Y112.571 E170.89055
G1 X113.259 Y112.048 E170.9108
G1 X113.201 Y111.941 E170.91485
G1 X112.066 Y113.077 E170.96826
G1 X111.567 Y113.01 E170.98501
G1 X113.006 Y111.571 E171.0527
G1 X112.786 Y111.226 E171.0663
G1 X111.226 Y112.785 E171.13966
G1 X110.985 Y112.46 E171.15312
G1 X112.455 Y110.991 E171.22224
G1 X111.998 Y110.882 E171.23786
G1 X110.797 Y112.083 E171.29435
G1 X110.756 Y112 E171.29743
G1 X111.155 Y111.226 E171.3264
G1 X111.533 Y110.99 E171.34122
G1 F1500 E161.34122
;MESH:I2C_LED_BTN-Body002.stl(3)
G0 F4800 X115.57 Y112
G0 X116.665 Y112
G0 X119.335 Y112
G0 X120.43 Y112
G0 X121 Y112
;TYPE:WALL-INNER
G1 F1500 E171.34122
G1 F2400 X121.276 Y112 E171.3504
G0 F4800 X124.27 Y113.421
G1 F2400 X124.609 Y113.356 E171.36188
G1 X124.969 Y113.122 E171.37616
G1 X125.257 Y112.798 E171.39058
G1 X125.483 Y112.343 E171.40747
G1 X125.745 Y112 E171.42183
G1 X125.483 Y111.657 E171.43619
G1 X125.19 Y111.105 E171.45697
G1 X124.927 Y110.816 E171.46997
G1 X124.491 Y110.578 E171.48649
G1 X123.997 Y110.496 E171.50314
G1 X123.574 Y110.566 E171.5174
G1 X123.005 Y110.871 E171.53888
G1 X122.744 Y111.191 E171.55261
G1 X122.444 Y111.773 E171.57439
G1 X122.252 Y112 E171.58428
G1 X122.444 Y112.227 E171.59417
G1 X122.738 Y112.818 E171.61612
G1 X123.03 Y113.131 E171.63036
G1 X123.493 Y113.401 E171.64818
G1 X123.932 Y113.485 E171.66305
G1 X124.27 Y113.421 E171.67449
G0 F4800 X123.068 Y113.609
G1 F2400 X123.374 Y113.786 E171.68625
G1 X123.912 Y113.888 E171.70446
G1 X124.408 Y113.845 E171.72102
G1 X124.785 Y113.719 E171.73424
G1 X125.233 Y113.428 E171.75201
G1 X125.591 Y113.023 E171.76999
G1 X125.945 Y112.311 E171.79644
G1 X126.633 Y112 E171.8218
G1 X125.954 Y111.693 E171.84683
G1 X125.52 Y110.873 E171.87769
G1 X125.177 Y110.498 E171.89459
G1 X124.624 Y110.195 E171.91557
G1 X123.997 Y110.09 E171.93671
G1 X123.325 Y110.202 E171.95937
G1 X122.737 Y110.566 E171.98237
G1 X122.406 Y110.973 E171.99982
G1 X122.133 Y111.524 E172.02027
G1 X121.726 Y111.893 E172.03854
G1 X121.276 Y112 E172.05393
G1 X121.726 Y112.107 E172.06931
G1 X122.137 Y112.482 E172.08782
G1 X122.403 Y113.044 E172.1085
G1 X122.766 Y113.434 E172.12622
G1 X123.068 Y113.609 E172.13783
G0 F4800 X126.633 Y112
G1 F2400 X127 Y112 E172.15016
G0 F4800 X126.283 Y112.14
G0 X123.032 Y113.734
G0 X122.878 Y113.953
G1 F2400 X123.255 Y114.17 E172.16462
G1 X123.891 Y114.291 E172.18616
G1 X124.489 Y114.24 E172.20612
G1 X124.96 Y114.083 E172.22263
G1 X125.496 Y113.733 E172.24392
G1 X125.926 Y113.249 E172.26546
G1 X126.255 Y112.587 E172.29004
G1 X126.668 Y112.402 E172.30509
G1 X127.4 Y112.4 E172.32944
G1 X127.4 Y111.6 E172.35605
G1 X126.668 Y111.598 E172.3804
G1 X126.261 Y111.416 E172.39522
G1 X125.849 Y110.641 E172.42442
G1 X125.428 Y110.179 E172.44521
G1 X124.757 Y109.812 E172.47064
G1 X123.997 Y109.685 E172.49627
G1 X123.181 Y109.821 E172.52379
G1 X122.47 Y110.262 E172.55161
G1 X122.068 Y110.755 E172.57277
G1 X121.777 Y111.332 E172.59427
G1 X121.474 Y111.6 E172.60772
G1 X120.6 Y111.6 E172.63679
G1 X120.6 Y112.4 E172.6634
G1 X121.474 Y112.4 E172.69247
G1 X121.777 Y112.668 E172.70592
G1 X122.067 Y113.271 E172.72818
G1 X122.501 Y113.737 E172.74936
G1 X122.878 Y113.953 E172.76381
G0 F4800 X123.032 Y113.734
G0 X125.075 Y113.643
G0 X125.458 Y114.236
;TYPE:WALL-OUTER
G1 F2400 X125.76 Y114.039 E172.7758
G1 X126.26 Y113.475 E172.80087
G1 X126.565 Y112.862 E172.82364
G1 X126.702 Y112.8 E172.82864
G1 X127.713 Y112.8 E172.86227
G1 X127.8 Y112.713 E172.86636
G1 X127.8 Y111.285 E172.91386
G1 X127.714 Y111.2 E172.91788
G1 X126.702 Y111.2 E172.95154
G1 X126.567 Y111.139 E172.95646
G1 X126.179 Y110.409 E172.98396
G1 X125.678 Y109.86 E173.00868
G1 X124.889 Y109.428 E173.0386
G1 X123.997 Y109.279 E173.06868
G1 X123.261 Y109.402 E173.0935
G1 X122.841 Y109.561 E173.10843
G1 X122.202 Y109.957 E173.13344
G1 X121.73 Y110.537 E173.15831
G1 X121.398 Y111.2 E173.18297
G1 X120.283 Y111.2 E173.22006
G1 X120.2 Y111.283 E173.22396
G1 X120.2 Y112.714 E173.27156
G1 X120.285 Y112.8 E173.27558
G1 X121.401 Y112.8 E173.3127
G1 X121.732 Y113.498 E173.33839
G1 X122.237 Y114.04 E173.36303
G1 X122.691 Y114.36 E173.3815
G1 X123.136 Y114.555 E173.39766
G1 X123.871 Y114.694 E173.42254
G1 X124.571 Y114.634 E173.44591
G1 X125.136 Y114.446 E173.46571
G1 X125.458 Y114.236 E173.4785
G0 F4800 X125.625 Y114.127
G0 X125.242 Y113.534
G0 X125.161 Y111.861
;TYPE:SKIN
G1 F1800 X123.926 Y113.096 E173.53659
G1 X124.442 Y113.007 E173.55401
G1 X124.947 Y112.571 E173.5762
G1 X125.259 Y112.047 E173.59648
G1 X124.965 Y111.492 E173.61737
G1 X123.491 Y112.965 E173.68668
G1 X123.168 Y112.723 E173.7001
G1 X124.728 Y111.163 E173.77348
G1 X124.377 Y110.948 E173.78717
G1 X122.945 Y112.38 E173.85453
G1 X122.755 Y112 E173.86866
G1 X123.155 Y111.226 E173.89764
G1 X123.533 Y110.99 E173.91246
G1 X123.84 Y110.92 E173.92293
G1 X122.757 Y112.003 E173.97387
G1 F1500 E163.97387
;MESH:NONMESH
G0 F1800 X122.757 Y112.003 Z3.8
G0 F4800 X120.43 Y112
G0 X119.335 Y112
G0 X113.515 Y115.232
G0 X112.751 Y115.489
G0 X111.83 Y115.567
G0 X110.878 Y115.388
G0 X104.665 Y112
G0 X103.57 Y112
G0 X97 Y112
;TIME_ELAPSED:277.824368
;LAYER:18
;TYPE:WALL-INNER
;MESH:I2C_LED_BTN-Body002.stl(4)
G1 F1500 E173.97387
G1 F2400 X97.276 Y112 E173.98305
G0 F4800 X99.705 Y110.174
G1 F2400 X99.299 Y110.24 E173.99673
G1 X98.737 Y110.569 E174.01839
G1 X98.406 Y110.974 E174.03579
G1 X98.133 Y111.524 E174.05621
G1 X97.726 Y111.893 E174.07448
G1 X97.276 Y112 E174.08987
G1 X97.726 Y112.107 E174.10525
G1 X98.135 Y112.479 E174.12364
G1 X98.452 Y113.121 E174.14745
G1 X98.835 Y113.49 E174.16514
G1 X99.312 Y113.765 E174.18346
G1 X99.8 Y113.899 E174.20029
G1 X100.296 Y113.868 E174.21682
G1 X100.802 Y113.731 E174.23425
G1 X101.319 Y113.377 E174.25509
G1 X101.598 Y113.013 E174.27035
G1 X101.943 Y112.312 E174.29633
G1 X102.633 Y112 E174.32177
G1 X101.954 Y111.693 E174.3468
G1 X101.52 Y110.873 E174.37766
G1 X101.177 Y110.498 E174.39456
G1 X100.624 Y110.195 E174.41554
G1 X100.108 Y110.109 E174.43294
G1 X99.705 Y110.174 E174.44651
G0 F4800 X102.216 Y111.844
G0 X102.633 Y112
G1 F2400 X103 Y112 E174.45884
G0 F4800 X102.216 Y111.844
G0 X101.733 Y111.079
G0 X102.005 Y110.935
G1 F2400 X101.849 Y110.641 E174.46991
G1 X101.428 Y110.179 E174.4907
G1 X100.757 Y109.812 E174.51614
G1 X100.13 Y109.707 E174.53728
G1 X99.612 Y109.736 E174.55454
G1 X99.141 Y109.869 E174.57082
G1 X98.473 Y110.26 E174.59656
G1 X98.068 Y110.756 E174.61786
G1 X97.777 Y111.332 E174.63932
G1 X97.474 Y111.6 E174.65278
G1 X96.6 Y111.6 E174.68185
G1 X96.6 Y112.4 E174.70845
G1 X97.474 Y112.4 E174.73752
G1 X97.777 Y112.668 E174.75098
G1 X98.124 Y113.36 E174.77673
G1 X98.592 Y113.812 E174.79837
G1 X99.157 Y114.137 E174.82004
G1 X99.759 Y114.302 E174.84081
G1 X100.361 Y114.265 E174.86087
G1 X100.972 Y114.099 E174.88193
G1 X101.598 Y113.671 E174.90715
G1 X101.94 Y113.225 E174.92584
G1 X102.255 Y112.587 E174.94951
G1 X102.668 Y112.402 E174.96456
G1 X103.4 Y112.4 E174.9889
G1 X103.4 Y111.6 E175.01551
G1 X102.668 Y111.598 E175.03986
G1 X102.261 Y111.416 E175.05469
G1 X102.005 Y110.935 E175.07281
G0 F4800 X102.359 Y110.747
;TYPE:WALL-OUTER
G1 F2400 X102.179 Y110.409 E175.08555
G1 X101.678 Y109.86 E175.11027
G1 X100.889 Y109.428 E175.14019
G1 X100.152 Y109.305 E175.16504
G1 X99.546 Y109.339 E175.18522
G1 X98.983 Y109.498 E175.20468
G1 X98.209 Y109.951 E175.23451
G1 X97.73 Y110.538 E175.25971
G1 X97.398 Y111.2 E175.28434
G1 X96.283 Y111.2 E175.32143
G1 X96.2 Y111.283 E175.32533
G1 X96.2 Y112.714 E175.37293
G1 X96.285 Y112.8 E175.37695
G1 X97.399 Y112.8 E175.414
G1 X97.796 Y113.6 E175.4437
G1 X98.35 Y114.134 E175.4693
G1 X99.002 Y114.509 E175.49431
G1 X99.717 Y114.706 E175.51898
G1 X100.427 Y114.661 E175.54264
G1 X101.142 Y114.467 E175.56728
G1 X101.876 Y113.965 E175.59686
G1 X102.281 Y113.437 E175.61899
G1 X102.565 Y112.862 E175.64032
G1 X102.702 Y112.8 E175.64532
G1 X103.713 Y112.8 E175.67895
G1 X103.8 Y112.713 E175.68304
G1 X103.8 Y111.285 E175.73054
G1 X103.714 Y111.2 E175.73456
G1 X102.702 Y111.2 E175.76822
G1 X102.567 Y111.139 E175.77315
G1 X102.359 Y110.747 E175.78791
G0 F4800 X102.266 Y110.571
G0 X101.64 Y110.904
G0 X101.206 Y111.093
;TYPE:SKIN
G1 F1800 X100.939 Y110.801 E175.80107
G1 X100.497 Y110.559 E175.81783
G1 X100.353 Y110.535 E175.82268
G1 X101.789 Y111.971 E175.89023
G1 X101.544 Y112.292 E175.90366
G1 X99.793 Y110.541 E175.98602
G1 X99.342 Y110.656 E176.0015
G1 X101.35 Y112.663 E176.09593
G1 X101.153 Y113.032 E176.10984
G1 X98.985 Y110.864 E176.21181
G1 X98.73 Y111.176 E176.22522
G1 X100.816 Y113.261 E176.32331
G1 X100.405 Y113.416 E176.33792
G1 X98.542 Y111.553 E176.42555
G1 X98.304 Y111.881 E176.43903
G1 X99.921 Y113.498 E176.51509
G1 X99.458 Y113.412 E176.53075
G1 X99.066 Y113.185 E176.54582
G1 X98.763 Y112.892 E176.55984
G1 X98.449 Y112.259 E176.58334
G1 X98.178 Y112 E176.59581
G1 F1500 E166.59581
;MESH:I2C_LED_BTN-Body002.stl
G0 F4800 X103.57 Y112
G0 X104.665 Y112
G0 X107.335 Y112
G0 X108.43 Y112
G0 X109 Y112
;TYPE:WALL-INNER
G1 F1500 E176.59581
G1 F2400 X109.276 Y112 E176.60499
G0 F4800 X111.705 Y110.174
G1 F2400 X111.299 Y110.24 E176.61867
G1 X110.737 Y110.569 E176.64033
G1 X110.406 Y110.974 E176.65772
G1 X110.133 Y111.524 E176.67815
G1 X109.726 Y111.893 E176.69642
G1 X109.276 Y112 E176.7118
G1 X109.726 Y112.107 E176.72719
G1 X110.135 Y112.479 E176.74558
G1 X110.452 Y113.121 E176.76939
G1 X110.835 Y113.49 E176.78708
G1 X111.312 Y113.765 E176.80539
G1 X111.8 Y113.899 E176.82222
G1 X112.296 Y113.868 E176.83875
G1 X112.802 Y113.731 E176.85619
G1 X113.319 Y113.377 E176.87703
G1 X113.598 Y113.013 E176.89228
G1 X113.943 Y112.312 E176.91827
G1 X114.633 Y112 E176.94371
G1 X113.954 Y111.693 E176.96874
G1 X113.52 Y110.873 E176.9996
G1 X113.177 Y110.498 E177.0165
G1 X112.624 Y110.195 E177.03747
G1 X112.108 Y110.109 E177.05487
G1 X111.705 Y110.174 E177.06845
G0 F4800 X114.216 Y111.844
G0 X114.633 Y112
G1 F2400 X115 Y112 E177.08078
G0 F4800 X114.216 Y111.844
G0 X113.733 Y111.079
G0 X114.005 Y110.935
G1 F2400 X113.849 Y110.641 E177.09185
G1 X113.428 Y110.179 E177.11264
G1 X112.757 Y109.812 E177.13807
G1 X112.13 Y109.707 E177.15922
G1 X111.612 Y109.736 E177.17647
G1 X111.141 Y109.869 E177.19275
G1 X110.473 Y110.26 E177.2185
G1 X110.068 Y110.756 E177.23979
G1 X109.777 Y111.332 E177.26126
G1 X109.474 Y111.6 E177.27471
G1 X108.6 Y111.6 E177.30378
G1 X108.6 Y112.4 E177.33039
G1 X109.474 Y112.4 E177.35946
G1 X109.777 Y112.668 E177.37291
G1 X110.124 Y113.36 E177.39866
G1 X110.592 Y113.812 E177.4203
G1 X111.157 Y114.137 E177.44198
G1 X111.759 Y114.302 E177.46274
G1 X112.361 Y114.265 E177.4828
G1 X112.972 Y114.099 E177.50386
G1 X113.598 Y113.671 E177.52908
G1 X113.94 Y113.225 E177.54778
G1 X114.255 Y112.587 E177.57144
G1 X114.668 Y112.402 E177.58649
G1 X115.4 Y112.4 E177.61084
G1 X115.4 Y111.6 E177.63745
G1 X114.668 Y111.598 E177.66179
G1 X114.261 Y111.416 E177.67662
G1 X114.005 Y110.935 E177.69475
G0 F4800 X114.359 Y110.747
;TYPE:WALL-OUTER
G1 F2400 X114.179 Y110.409 E177.70748
G1 X113.678 Y109.86 E177.7322
G1 X112.889 Y109.428 E177.76212
G1 X112.152 Y109.305 E177.78697
G1 X111.546 Y109.339 E177.80716
G1 X110.983 Y109.498 E177.82662
G1 X110.209 Y109.951 E177.85645
G1 X109.73 Y110.538 E177.88164
G1 X109.398 Y111.2 E177.90628
G1 X108.283 Y111.2 E177.94336
G1 X108.2 Y111.283 E177.94727
G1 X108.2 Y112.714 E177.99486
G1 X108.285 Y112.8 E177.99888
G1 X109.399 Y112.8 E178.03593
G1 X109.796 Y113.6 E178.06564
G1 X110.35 Y114.134 E178.09123
G1 X111.002 Y114.509 E178.11625
G1 X111.717 Y114.706 E178.14092
G1 X112.427 Y114.661 E178.16458
G1 X113.142 Y114.467 E178.18922
G1 X113.876 Y113.965 E178.21879
G1 X114.281 Y113.437 E178.24093
G1 X114.565 Y112.862 E178.26226
G1 X114.702 Y112.8 E178.26726
G1 X115.713 Y112.8 E178.30088
G1 X115.8 Y112.713 E178.30498
G1 X115.8 Y111.285 E178.35247
G1 X115.714 Y111.2 E178.35649
G1 X114.702 Y111.2 E178.39015
G1 X114.567 Y111.139 E178.39508
G1 X114.359 Y110.747 E178.40984
G0 F4800 X114.266 Y110.571
G0 X113.64 Y110.904
G0 X112.208 Y110.511
G0 X112.941 Y110.801
;TYPE:SKIN
G1 F1800 X113.206 Y111.093 E178.42296
G1 X113.674 Y111.972 E178.45608
G1 X113.759 Y112.01 E178.45917
G1 X113.737 Y112.04 E178.46041
G1 X112.208 Y110.511 E178.53233
G1 X112.496 Y110.559 E178.54204
G1 X112.941 Y110.801 E178.55889
G0 F4800 X112.208 Y110.511
G1 F1800 X111.689 Y110.558 E178.57622
G1 X113.496 Y112.364 E178.66119
G1 X113.31 Y112.744 E178.67527
G1 X111.266 Y110.7 E178.77141
G1 X110.931 Y110.931 E178.78494
G1 X113.081 Y113.081 E178.88607
G1 X112.744 Y113.31 E178.89962
G1 X110.69 Y111.255 E178.99626
G1 X110.502 Y111.634 E179.01033
G1 X112.301 Y113.433 E179.09495
G1 X111.831 Y113.513 E179.11081
G1 X111.458 Y113.412 E179.12366
G1 X111.066 Y113.184 E179.13875
G1 X110.763 Y112.893 E179.15272
G1 X110.449 Y112.259 E179.17625
G1 X110.177 Y112 E179.18874
G1 X110.242 Y111.939 E179.19171
G1 X111.809 Y113.506 E179.26541
G1 F1500 E169.26541
;MESH:I2C_LED_BTN-Body002.stl(3)
G0 F4800 X114.457 Y112.574
G0 X115.132 Y113.658
G0 X115.98 Y113.661
G0 X119.335 Y112.574
G0 X120.43 Y112.574
G0 X121 Y112
;TYPE:WALL-INNER
G1 F1500 E179.26541
G1 F2400 X121.276 Y112 E179.27459
G0 F4800 X123.705 Y110.174
G1 F2400 X123.299 Y110.24 E179.28827
G1 X122.737 Y110.569 E179.30993
G1 X122.406 Y110.974 E179.32733
G1 X122.133 Y111.524 E179.34775
G1 X121.726 Y111.893 E179.36603
G1 X121.276 Y112 E179.38141
G1 X121.726 Y112.107 E179.39679
G1 X122.135 Y112.479 E179.41518
G1 X122.452 Y113.121 E179.439
G1 X122.835 Y113.49 E179.45669
G1 X123.312 Y113.765 E179.475
G1 X123.8 Y113.899 E179.49183
G1 X124.296 Y113.868 E179.50836
G1 X124.802 Y113.731 E179.5258
G1 X125.319 Y113.377 E179.54664
G1 X125.598 Y113.013 E179.56189
G1 X125.943 Y112.312 E179.58788
G1 X126.633 Y112 E179.61331
G1 X125.954 Y111.693 E179.63835
G1 X125.52 Y110.873 E179.6692
G1 X125.177 Y110.498 E179.68611
G1 X124.624 Y110.195 E179.70708
G1 X124.108 Y110.109 E179.72448
G1 X123.705 Y110.174 E179.73806
G0 F4800 X126.216 Y111.844
G0 X126.633 Y112
G1 F2400 X127 Y112 E179.75038
G0 F4800 X126.216 Y111.844
G0 X125.733 Y111.079
G0 X126.005 Y110.935
G1 F2400 X125.849 Y110.641 E179.76145
G1 X125.428 Y110.179 E179.78224
G1 X124.757 Y109.812 E179.80768
G1 X124.13 Y109.707 E179.82883
G1 X123.612 Y109.736 E179.84608
G1 X123.141 Y109.869 E179.86236
G1 X122.473 Y110.26 E179.8881
G1 X122.068 Y110.756 E179.9094
G1 X121.777 Y111.332 E179.93087
G1 X121.474 Y111.6 E179.94432
G1 X120.6 Y111.6 E179.97339
G1 X120.6 Y112.4 E180
G1 X121.474 Y112.4 E180.02907
G1 X121.777 Y112.668 E180.04252
G1 X122.124 Y113.36 E180.06827
G1 X122.592 Y113.812 E180.08991
G1 X123.157 Y114.137 E180.11159
G1 X123.759 Y114.302 E180.13235
G1 X124.361 Y114.265 E180.15241
G1 X124.972 Y114.099 E180.17347
G1 X125.598 Y113.671 E180.19869
G1 X125.94 Y113.225 E180.21738
G1 X126.255 Y112.587 E180.24105
G1 X126.668 Y112.402 E180.2561
G1 X127.4 Y112.4 E180.28045
G1 X127.4 Y111.6 E180.30705
G1 X126.668 Y111.598 E180.3314
G1 X126.261 Y111.416 E180.34623
G1 X126.005 Y110.935 E180.36435
G0 F4800 X126.359 Y110.747
;TYPE:WALL-OUTER
G1 F2400 X126.179 Y110.409 E180.37709
G1 X125.678 Y109.86 E180.40181
G1 X124.889 Y109.428 E180.43173
G1 X124.152 Y109.305 E180.45658
G1 X123.546 Y109.339 E180.47677
G1 X122.983 Y109.498 E180.49622
G1 X122.209 Y109.951 E180.52605
G1 X121.73 Y110.538 E180.55125
G1 X121.398 Y111.2 E180.57588
G1 X120.283 Y111.2 E180.61297
G1 X120.2 Y111.283 E180.61687
G1 X120.2 Y112.714 E180.66447
G1 X120.285 Y112.8 E180.66849
G1 X121.399 Y112.8 E180.70554
G1 X121.796 Y113.6 E180.73525
G1 X122.35 Y114.134 E180.76084
G1 X123.002 Y114.509 E180.78586
G1 X123.717 Y114.706 E180.81052
G1 X124.427 Y114.661 E180.83418
G1 X125.142 Y114.467 E180.85883
G1 X125.876 Y113.965 E180.8884
G1 X126.281 Y113.437 E180.91053
G1 X126.565 Y112.862 E180.93186
G1 X126.702 Y112.8 E180.93687
G1 X127.713 Y112.8 E180.97049
G1 X127.8 Y112.713 E180.97458
G1 X127.8 Y111.285 E181.02208
G1 X127.714 Y111.2 E181.0261
G1 X126.702 Y111.2 E181.05976
G1 X126.567 Y111.139 E181.06469
G1 X126.359 Y110.747 E181.07945
G0 F4800 X126.266 Y110.571
G0 X125.64 Y110.904
G0 X125.759 Y112.01
;TYPE:SKIN
G1 F1800 X125.674 Y111.972 E181.08254
G1 X125.206 Y111.094 E181.11564
G1 X124.94 Y110.801 E181.1288
G1 X124.497 Y110.559 E181.14559
G1 X124.073 Y110.497 E181.15984
G1 X125.685 Y112.108 E181.23564
G1 X125.456 Y112.445 E181.24919
G1 X123.585 Y110.575 E181.33717
G1 X123.19 Y110.745 E181.35148
G1 X125.27 Y112.825 E181.44931
G1 X125.174 Y113.018 E181.45648
G1 X125.009 Y113.129 E181.4631
G1 X122.877 Y110.997 E181.56338
G1 X122.65 Y111.336 E181.57695
G1 X124.672 Y113.358 E181.67206
G1 X124.198 Y113.45 E181.68812
G1 X122.462 Y111.714 E181.76977
G1 X122.18 Y111.998 E181.78309
G1 X123.645 Y113.462 E181.85197
G1 X123.066 Y113.185 E181.87332
G1 X122.763 Y112.893 E181.88732
G1 F1500 E171.88732
;MESH:NONMESH
G0 F1800 X122.763 Y112.893 Z4
G0 F4800 X120.43 Y112
G0 X119.335 Y112
G0 X113.18 Y108.603
G0 X112.198 Y108.437
G0 X111.409 Y108.481
G0 X110.785 Y108.658
G0 X104.665 Y112
G0 X103.57 Y112
G0 X97 Y112
;TIME_ELAPSED:288.626601
;LAYER:19
;TYPE:WALL-INNER
;MESH:I2C_LED_BTN-Body002.stl(4)
G1 F1500 E181.88732
G1 F2400 X97.276 Y112 E181.8965
G0 F4800 X100.673 Y113.28
G1 F2400 X100.961 Y113.128 E181.90733
G1 X101.275 Y112.764 E181.92332
G1 X101.745 Y112 E181.95315
G1 X101.483 Y111.657 E181.9675
G1 X101.19 Y111.105 E181.98829
G1 X100.927 Y110.816 E182.00129
G1 X100.491 Y110.578 E182.01781
G1 X99.997 Y110.496 E182.03446
G1 X99.574 Y110.566 E182.04872
G1 X99.006 Y110.87 E182.07015
G1 X98.745 Y111.19 E182.08389
G1 X98.513 Y111.657 E182.10123
G1 X98.252 Y112 E182.11557
G1 X98.513 Y112.343 E182.1299
G1 X98.833 Y112.946 E182.15261
G1 X99.231 Y113.27 E182.16967
G1 X99.624 Y113.441 E182.18393
G1 X100.319 Y113.466 E182.20706
G1 X100.673 Y113.28 E182.22036
G0 F4800 X99.929 Y113.843
G1 F2400 X100.402 Y113.862 E182.23611
G1 X100.805 Y113.711 E182.25042
G1 X101.228 Y113.43 E182.26731
G1 X101.611 Y112.987 E182.28679
G1 X101.943 Y112.312 E182.31181
G1 X102.633 Y112 E182.33725
G1 X101.954 Y111.693 E182.36228
G1 X101.52 Y110.873 E182.39314
G1 X101.177 Y110.498 E182.41004
G1 X100.624 Y110.195 E182.43101
G1 X99.997 Y110.09 E182.45216
G1 X99.325 Y110.202 E182.47481
G1 X98.738 Y110.566 E182.49779
G1 X98.407 Y110.973 E182.51524
G1 X98.048 Y111.694 E182.54202
G1 X97.276 Y112 E182.56965
G1 X98.038 Y112.302 E182.59691
G1 X98.518 Y113.205 E182.63092
G1 X99.021 Y113.616 E182.65253
G1 X99.512 Y113.828 E182.67031
G1 X99.929 Y113.843 E182.68419
G0 F4800 X102.197 Y112.157
G0 X102.633 Y112
G1 F2400 X103 Y112 E182.69652
G0 F4800 X102.197 Y112.157
G0 X101.482 Y113.281
G0 X101.713 Y113.481
G1 F2400 X101.947 Y113.21 E182.70843
G1 X102.255 Y112.587 E182.73154
G1 X102.668 Y112.402 E182.7466
G1 X103.4 Y112.4 E182.77094
G1 X103.4 Y111.6 E182.79755
G1 X102.668 Y111.598 E182.8219
G1 X102.261 Y111.416 E182.83673
G1 X101.849 Y110.641 E182.86592
G1 X101.428 Y110.179 E182.88671
G1 X100.757 Y109.812 E182.91214
G1 X99.997 Y109.685 E182.93777
G1 X99.181 Y109.821 E182.96529
G1 X98.47 Y110.261 E182.9931
G1 X98.068 Y110.755 E183.01428
G1 X97.739 Y111.417 E183.03887
G1 X97.276 Y111.6 E183.05543
G1 X96.6 Y111.6 E183.07791
G1 X96.6 Y112.4 E183.10452
G1 X97.276 Y112.4 E183.127
G1 X97.733 Y112.581 E183.14335
G1 X98.202 Y113.463 E183.17658
G1 X98.811 Y113.961 E183.20274
G1 X99.4 Y114.215 E183.22408
G1 X99.89 Y114.293 E183.24058
G1 X100.486 Y114.258 E183.26044
G1 X100.989 Y114.07 E183.2783
G1 X101.495 Y113.733 E183.29852
G1 X101.713 Y113.481 E183.3096
G0 F4800 X102.017 Y113.741
;TYPE:WALL-OUTER
G1 F2400 X102.283 Y113.432 E183.32316
G1 X102.565 Y112.862 E183.34431
G1 X102.702 Y112.8 E183.34931
G1 X103.713 Y112.8 E183.38294
G1 X103.8 Y112.713 E183.38703
G1 X103.8 Y111.285 E183.43453
G1 X103.714 Y111.2 E183.43855
G1 X102.702 Y111.2 E183.47221
G1 X102.567 Y111.139 E183.47713
G1 X102.179 Y110.409 E183.50463
G1 X101.678 Y109.86 E183.52935
G1 X100.889 Y109.428 E183.55927
G1 X99.997 Y109.279 E183.58935
G1 X99.261 Y109.402 E183.61417
G1 X98.841 Y109.561 E183.6291
G1 X98.202 Y109.957 E183.65411
G1 X97.73 Y110.537 E183.67898
G1 X97.43 Y111.14 E183.70138
G1 X97.276 Y111.2 E183.70688
G1 X96.283 Y111.2 E183.7399
G1 X96.2 Y111.283 E183.74381
G1 X96.2 Y112.714 E183.7914
G1 X96.285 Y112.8 E183.79543
G1 X97.276 Y112.8 E183.82839
G1 X97.428 Y112.86 E183.83382
G1 X97.886 Y113.722 E183.86629
G1 X98.601 Y114.307 E183.89701
G1 X99.288 Y114.602 E183.92188
G1 X99.87 Y114.695 E183.94148
G1 X100.57 Y114.654 E183.96481
G1 X101.172 Y114.428 E183.98619
G1 X101.762 Y114.036 E184.00975
G1 X102.017 Y113.741 E184.02272
G0 F4800 X102.147 Y113.59
G0 X101.613 Y113.128
G0 X101.243 Y112.021
;TYPE:SKIN
G1 F1800 X100.179 Y113.085 E184.07277
G1 X100.235 Y113.086 E184.07463
G1 X100.824 Y112.774 E184.0968
G1 X101.259 Y112.05 E184.12489
G1 X101.048 Y111.65 E184.13994
G1 X99.665 Y113.033 E184.20499
G1 X99.316 Y112.816 E184.21866
G1 X100.843 Y111.289 E184.29048
G1 X100.533 Y111.033 E184.30385
G1 X99.04 Y112.526 E184.37408
G1 X98.844 Y112.156 E184.38801
G1 X100.102 Y110.898 E184.44718
G1 X99.533 Y110.99 E184.46635
G1 X99.095 Y111.34 E184.485
G1 F1500 E174.485
;MESH:I2C_LED_BTN-Body002.stl
G0 F4800 X103.57 Y112
G0 X104.665 Y112
G0 X107.335 Y112
G0 X108.43 Y112
G0 X109 Y112
;TYPE:WALL-INNER
G1 F1500 E184.485
G1 F2400 X109.276 Y112 E184.49418
G0 F4800 X112.673 Y113.28
G1 F2400 X112.961 Y113.128 E184.50501
G1 X113.275 Y112.764 E184.521
G1 X113.745 Y112 E184.55083
G1 X113.483 Y111.657 E184.56519
G1 X113.19 Y111.105 E184.58597
G1 X112.927 Y110.816 E184.59897
G1 X112.491 Y110.578 E184.61549
G1 X111.997 Y110.496 E184.63215
G1 X111.574 Y110.566 E184.64641
G1 X111.006 Y110.87 E184.66783
G1 X110.745 Y111.19 E184.68157
G1 X110.513 Y111.657 E184.69891
G1 X110.252 Y112 E184.71325
G1 X110.513 Y112.343 E184.72758
G1 X110.833 Y112.946 E184.75029
G1 X111.231 Y113.27 E184.76736
G1 X111.624 Y113.441 E184.78161
G1 X112.319 Y113.466 E184.80474
G1 X112.673 Y113.28 E184.81804
G0 F4800 X111.929 Y113.843
G1 F2400 X112.402 Y113.862 E184.83379
G1 X112.805 Y113.711 E184.8481
G1 X113.228 Y113.43 E184.86499
G1 X113.611 Y112.987 E184.88447
G1 X113.943 Y112.312 E184.90949
G1 X114.633 Y112 E184.93493
G1 X113.954 Y111.693 E184.95996
G1 X113.52 Y110.873 E184.99082
G1 X113.177 Y110.498 E185.00772
G1 X112.624 Y110.195 E185.02869
G1 X111.997 Y110.09 E185.04984
G1 X111.325 Y110.202 E185.0725
G1 X110.738 Y110.566 E185.09547
G1 X110.407 Y110.973 E185.11292
G1 X110.048 Y111.694 E185.13971
G1 X109.276 Y112 E185.16733
G1 X110.038 Y112.302 E185.19459
G1 X110.518 Y113.205 E185.2286
G1 X111.021 Y113.616 E185.25021
G1 X111.512 Y113.828 E185.268
G1 X111.929 Y113.843 E185.28187
G0 F4800 X114.197 Y112.157
G0 X114.633 Y112
G1 F2400 X115 Y112 E185.2942
G0 F4800 X114.197 Y112.157
G0 X113.482 Y113.281
G0 X113.713 Y113.481
G1 F2400 X113.947 Y113.21 E185.30611
G1 X114.255 Y112.587 E185.32923
G1 X114.668 Y112.402 E185.34428
G1 X115.4 Y112.4 E185.36862
G1 X115.4 Y111.6 E185.39523
G1 X114.668 Y111.598 E185.41958
G1 X114.261 Y111.416 E185.43441
G1 X113.849 Y110.641 E185.4636
G1 X113.428 Y110.179 E185.48439
G1 X112.757 Y109.812 E185.50983
G1 X111.997 Y109.685 E185.53545
G1 X111.181 Y109.821 E185.56297
G1 X110.47 Y110.261 E185.59078
G1 X110.068 Y110.755 E185.61196
G1 X109.739 Y111.417 E185.63655
G1 X109.276 Y111.6 E185.65311
G1 X108.6 Y111.6 E185.67559
G1 X108.6 Y112.4 E185.7022
G1 X109.276 Y112.4 E185.72468
G1 X109.733 Y112.581 E185.74103
G1 X110.202 Y113.463 E185.77426
G1 X110.811 Y113.961 E185.80042
G1 X111.4 Y114.215 E185.82176
G1 X111.89 Y114.293 E185.83826
G1 X112.486 Y114.258 E185.85812
G1 X112.989 Y114.07 E185.87598
G1 X113.495 Y113.733 E185.8962
G1 X113.713 Y113.481 E185.90728
G0 F4800 X114.017 Y113.741
;TYPE:WALL-OUTER
G1 F2400 X114.283 Y113.432 E185.92084
G1 X114.565 Y112.862 E185.94199
G1 X114.702 Y112.8 E185.947
G1 X115.713 Y112.8 E185.98062
G1 X115.8 Y112.713 E185.98471
G1 X115.8 Y111.285 E186.03221
G1 X115.714 Y111.2 E186.03623
G1 X114.702 Y111.2 E186.06989
G1 X114.567 Y111.139 E186.07482
G1 X114.179 Y110.409 E186.10231
G1 X113.678 Y109.86 E186.12703
G1 X112.889 Y109.428 E186.15695
G1 X111.997 Y109.279 E186.18703
G1 X111.261 Y109.402 E186.21185
G1 X110.841 Y109.561 E186.22679
G1 X110.202 Y109.957 E186.25179
G1 X109.73 Y110.537 E186.27666
G1 X109.43 Y111.14 E186.29906
G1 X109.276 Y111.2 E186.30456
G1 X108.283 Y111.2 E186.33759
G1 X108.2 Y111.283 E186.34149
G1 X108.2 Y112.714 E186.38909
G1 X108.285 Y112.8 E186.39311
G1 X109.276 Y112.8 E186.42607
G1 X109.428 Y112.86 E186.4315
G1 X109.886 Y113.722 E186.46397
G1 X110.601 Y114.307 E186.4947
G1 X111.288 Y114.602 E186.51956
G1 X111.87 Y114.695 E186.53917
G1 X112.57 Y114.654 E186.56249
G1 X113.172 Y114.428 E186.58388
G1 X113.762 Y114.036 E186.60744
G1 X114.017 Y113.741 E186.6204
G0 F4800 X114.147 Y113.59
G0 X113.613 Y113.128
G0 X112.235 Y113.086
;TYPE:SKIN
G1 F1800 X112.824 Y112.774 E186.64257
G1 X113.259 Y112.049 E186.67069
G1 X113.202 Y111.941 E186.67476
G1 X112.062 Y113.081 E186.72838
G1 X111.721 Y113.068 E186.73973
G1 X111.591 Y112.986 E186.74484
G1 X113.006 Y111.571 E186.8114
G1 X112.786 Y111.226 E186.82501
G1 X111.242 Y112.769 E186.89761
G1 X110.999 Y112.447 E186.91103
G1 X112.455 Y110.991 E186.97951
G1 X111.998 Y110.882 E186.99514
G1 X110.802 Y112.078 E187.05139
G1 X110.763 Y112.005 E187.05415
G1 X111.152 Y111.228 E187.08305
G1 X111.533 Y110.99 E187.09799
G1 F1500 E177.09799
;MESH:I2C_LED_BTN-Body002.stl(3)
G0 F4800 X115.57 Y112
G0 X116.665 Y112
G0 X119.335 Y112
G0 X120.43 Y112
G0 X121 Y112
;TYPE:WALL-INNER
G1 F1500 E187.09799
G1 F2400 X121.276 Y112 E187.10717
G0 F4800 X124.673 Y113.28
G1 F2400 X124.961 Y113.128 E187.118
G1 X125.275 Y112.764 E187.13399
G1 X125.745 Y112 E187.16382
G1 X125.483 Y111.657 E187.17818
G1 X125.19 Y111.105 E187.19896
G1 X124.927 Y110.816 E187.21196
G1 X124.491 Y110.578 E187.22848
G1 X123.997 Y110.496 E187.24514
G1 X123.574 Y110.566 E187.2594
G1 X123.006 Y110.87 E187.28083
G1 X122.745 Y111.19 E187.29456
G1 X122.513 Y111.657 E187.3119
G1 X122.252 Y112 E187.32624
G1 X122.513 Y112.343 E187.34057
G1 X122.833 Y112.946 E187.36328
G1 X123.231 Y113.27 E187.38035
G1 X123.624 Y113.441 E187.3946
G1 X124.319 Y113.466 E187.41773
G1 X124.673 Y113.28 E187.43103
G0 F4800 X123.929 Y113.843
G1 F2400 X124.402 Y113.862 E187.44678
G1 X124.805 Y113.711 E187.46109
G1 X125.228 Y113.43 E187.47798
G1 X125.611 Y112.987 E187.49746
G1 X125.943 Y112.312 E187.52248
G1 X126.633 Y112 E187.54792
G1 X125.954 Y111.693 E187.57295
G1 X125.52 Y110.873 E187.60381
G1 X125.177 Y110.498 E187.62071
G1 X124.624 Y110.195 E187.64168
G1 X123.997 Y110.09 E187.66283
G1 X123.325 Y110.202 E187.68549
G1 X122.738 Y110.566 E187.70846
G1 X122.407 Y110.973 E187.72591
G1 X122.048 Y111.694 E187.7527
G1 X121.276 Y112 E187.78032
G1 X122.038 Y112.302 E187.80758
G1 X122.518 Y113.205 E187.84159
G1 X123.021 Y113.616 E187.8632
G1 X123.512 Y113.828 E187.88099
G1 X123.929 Y113.843 E187.89487
G0 F4800 X126.197 Y112.157
G0 X126.633 Y112
G1 F2400 X127 Y112 E187.90719
G0 F4800 X126.197 Y112.157
G0 X125.482 Y113.281
G0 X125.713 Y113.481
G1 F2400 X125.947 Y113.21 E187.9191
G1 X126.255 Y112.587 E187.94222
G1 X126.668 Y112.402 E187.95727
G1 X127.4 Y112.4 E187.98162
G1 X127.4 Y111.6 E188.00822
G1 X126.668 Y111.598 E188.03257
G1 X126.261 Y111.416 E188.0474
G1 X125.849 Y110.641 E188.07659
G1 X125.428 Y110.179 E188.09738
G1 X124.757 Y109.812 E188.12282
G1 X123.997 Y109.685 E188.14845
G1 X123.181 Y109.821 E188.17596
G1 X122.47 Y110.261 E188.20377
G1 X122.068 Y110.755 E188.22495
G1 X121.739 Y111.417 E188.24954
G1 X121.276 Y111.6 E188.2661
G1 X120.6 Y111.6 E188.28858
G1 X120.6 Y112.4 E188.31519
G1 X121.276 Y112.4 E188.33768
G1 X121.733 Y112.581 E188.35403
G1 X122.202 Y113.463 E188.38725
G1 X122.811 Y113.961 E188.41342
G1 X123.4 Y114.215 E188.43475
G1 X123.89 Y114.293 E188.45125
G1 X124.486 Y114.258 E188.47111
G1 X124.989 Y114.07 E188.48897
G1 X125.495 Y113.733 E188.50919
G1 X125.713 Y113.481 E188.52027
G0 F4800 X126.017 Y113.741
;TYPE:WALL-OUTER
G1 F2400 X126.283 Y113.432 E188.53383
G1 X126.565 Y112.862 E188.55499
G1 X126.702 Y112.8 E188.55999
G1 X127.713 Y112.8 E188.59361
G1 X127.8 Y112.713 E188.5977
G1 X127.8 Y111.285 E188.6452
G1 X127.714 Y111.2 E188.64922
G1 X126.702 Y111.2 E188.68288
G1 X126.567 Y111.139 E188.68781
G1 X126.179 Y110.409 E188.71531
G1 X125.678 Y109.86 E188.74003
G1 X124.889 Y109.428 E188.76994
G1 X123.997 Y109.279 E188.80002
G1 X123.261 Y109.402 E188.82484
G1 X122.841 Y109.561 E188.83978
G1 X122.202 Y109.957 E188.86478
G1 X121.73 Y110.537 E188.88965
G1 X121.43 Y111.14 E188.91205
G1 X121.276 Y111.2 E188.91755
G1 X120.283 Y111.2 E188.95058
G1 X120.2 Y111.283 E188.95448
G1 X120.2 Y112.714 E189.00208
G1 X120.285 Y112.8 E189.0061
G1 X121.276 Y112.8 E189.03906
G1 X121.428 Y112.86 E189.0445
G1 X121.886 Y113.722 E189.07696
G1 X122.601 Y114.307 E189.10769
G1 X123.288 Y114.602 E189.13256
G1 X123.87 Y114.695 E189.15216
G1 X124.57 Y114.654 E189.17548
G1 X125.172 Y114.428 E189.19687
G1 X125.762 Y114.036 E189.22043
G1 X126.017 Y113.741 E189.2334
G0 F4800 X126.147 Y113.59
G0 X125.613 Y113.128
G0 X124.803 Y112.785
;TYPE:SKIN
G1 F1800 X124.235 Y113.085 E189.25476
G1 X123.947 Y113.076 E189.26434
G1 X125.16 Y111.862 E189.32142
G1 X124.965 Y111.492 E189.33533
G1 X123.516 Y112.941 E189.40349
G1 X123.168 Y112.723 E189.41715
G1 X124.728 Y111.163 E189.49053
G1 X124.377 Y110.948 E189.50422
G1 X122.957 Y112.368 E189.57101
G1 X122.764 Y112.005 E189.58468
G1 X123.151 Y111.228 E189.61356
G1 X123.533 Y110.99 E189.62852
G1 X123.84 Y110.92 E189.639
G1 X122.774 Y111.985 E189.68912
G1 F1500 E179.68912
;MESH:NONMESH
G0 F1800 X122.774 Y111.985 Z4.2
G0 F4800 X120.43 Y112
G0 X119.335 Y112
G0 X113.574 Y115.202
G0 X112.751 Y115.512
G0 X111.832 Y115.565
G0 X111.047 Y115.44
G0 X110.32 Y115.128
G0 X104.665 Y112
G0 X103.57 Y112
G0 X97 Y112
;TIME_ELAPSED:299.056638
;LAYER:20
;TYPE:WALL-INNER
;MESH:I2C_LED_BTN-Body002.stl(4)
G1 F1500 E189.68912
G1 F2400 X97.276 Y112 E189.6983
G0 F4800 X98.7 Y110.683
G1 F2400 X98.406 Y110.974 E189.71205
G1 X98.133 Y111.524 E189.73248
G1 X97.726 Y111.893 E189.75075
G1 X97.276 Y112 E189.76613
G1 X97.726 Y112.107 E189.78152
G1 X98.135 Y112.479 E189.79991
G1 X98.398 Y113.013 E189.8197
G1 X98.925 Y113.557 E189.8449
G1 X99.419 Y113.822 E189.86354
G1 X99.997 Y113.902 E189.88295
G1 X100.577 Y113.822 E189.90242
G1 X101.071 Y113.557 E189.92107
G1 X101.571 Y113.053 E189.94468
G1 X101.942 Y112.322 E189.97195
G1 X102.633 Y112 E189.99755
G1 X101.938 Y111.676 E190.02331
G1 X101.546 Y110.879 E190.05285
G1 X101.168 Y110.509 E190.07045
G1 X100.526 Y110.179 E190.09446
G1 X99.996 Y110.09 E190.11233
G1 X99.495 Y110.174 E190.12923
G1 X98.988 Y110.399 E190.14768
G1 X98.7 Y110.683 E190.16113
G0 F4800 X102.633 Y112
G1 F2400 X103 Y112 E190.17346
G0 F4800 X102.279 Y111.86
G0 X99.203 Y110.207
G0 X99.078 Y109.922
G1 F2400 X98.78 Y110.054 E190.1843
G1 X98.391 Y110.359 E190.20074
G1 X98.068 Y110.756 E190.21776
G1 X97.777 Y111.332 E190.23922
G1 X97.474 Y111.6 E190.25268
G1 X96.6 Y111.6 E190.28175
G1 X96.6 Y112.4 E190.30836
G1 X97.474 Y112.4 E190.33743
G1 X97.777 Y112.668 E190.35088
G1 X98.157 Y113.426 E190.37908
G1 X98.697 Y113.889 E190.40274
G1 X99.293 Y114.208 E190.42522
G1 X99.997 Y114.306 E190.44887
G1 X100.703 Y114.208 E190.47257
G1 X101.298 Y113.889 E190.49503
G1 X101.824 Y113.437 E190.51809
G1 X102.253 Y112.593 E190.54958
G1 X102.668 Y112.402 E190.56478
G1 X103.4 Y112.4 E190.58912
G1 X103.4 Y111.6 E190.61573
G1 X102.668 Y111.598 E190.64008
G1 X102.249 Y111.406 E190.65541
G1 X101.875 Y110.641 E190.68373
G1 X101.416 Y110.192 E190.70509
G1 X100.814 Y109.821 E190.72861
G1 X99.996 Y109.685 E190.75619
G1 X99.379 Y109.788 E190.77699
G1 X99.078 Y109.922 E190.78795
G0 F4800 X98.915 Y109.556
;TYPE:WALL-OUTER
G1 F2400 X98.572 Y109.709 E190.80044
G1 X98.109 Y110.072 E190.82001
G1 X97.73 Y110.538 E190.83999
G1 X97.398 Y111.2 E190.86462
G1 X96.283 Y111.2 E190.90171
G1 X96.2 Y111.283 E190.90561
G1 X96.2 Y112.714 E190.9532
G1 X96.285 Y112.8 E190.95723
G1 X97.399 Y112.8 E190.99428
G1 X97.715 Y113.437 E191.01793
G1 X98.022 Y113.837 E191.0347
G1 X98.47 Y114.221 E191.05432
G1 X99.167 Y114.594 E191.08062
G1 X99.997 Y114.71 E191.10849
G1 X100.829 Y114.594 E191.13643
G1 X101.526 Y114.221 E191.16273
G1 X102.147 Y113.688 E191.18994
G1 X102.564 Y112.864 E191.22066
G1 X102.702 Y112.8 E191.22572
G1 X103.713 Y112.8 E191.25935
G1 X103.8 Y112.713 E191.26344
G1 X103.8 Y111.285 E191.31093
G1 X103.714 Y111.2 E191.31496
G1 X102.702 Y111.2 E191.34861
G1 X102.563 Y111.136 E191.3537
G1 X102.203 Y110.403 E191.38087
G1 X101.664 Y109.875 E191.40596
G1 X100.96 Y109.441 E191.43347
G1 X99.996 Y109.279 E191.46598
G1 X99.263 Y109.402 E191.4907
G1 X98.915 Y109.556 E191.50336
G0 F4800 X98.733 Y109.637
G0 X99.021 Y110.288
G0 X101.606 Y111.789
;TYPE:SKIN
G1 F1800 X100.353 Y110.536 E191.5623
G1 X100.414 Y110.546 E191.56435
G1 X100.938 Y110.816 E191.58396
G1 X101.235 Y111.106 E191.59776
G1 X101.495 Y111.637 E191.61743
G1 X101.713 Y111.935 E191.62971
G1 X101.536 Y112.284 E191.64272
G1 X99.766 Y110.514 E191.72598
G1 X99.344 Y110.658 E191.74081
G1 X101.345 Y112.658 E191.83491
G1 X101.106 Y112.986 E191.84841
G1 X99.019 Y110.898 E191.94659
G1 X98.735 Y111.18 E191.95991
G1 X100.816 Y113.262 E192.05781
G1 X100.445 Y113.455 E192.07172
G1 X98.543 Y111.554 E192.16116
G1 X98.303 Y111.88 E192.17463
G1 X99.933 Y113.51 E192.2513
G1 X99.538 Y113.455 E192.26456
G1 X99.149 Y113.247 E192.27923
G1 X98.716 Y112.8 E192.29993
G1 X98.423 Y112.228 E192.32131
G1 X98.177 Y111.999 E192.33249
G1 F1500 E182.33249
;MESH:I2C_LED_BTN-Body002.stl
G0 F4800 X103.57 Y112
G0 X104.665 Y112
G0 X107.335 Y112
G0 X108.43 Y112
G0 X109 Y112
;TYPE:WALL-INNER
G1 F1500 E192.33249
G1 F2400 X109.276 Y112 E192.34167
G0 F4800 X110.7 Y110.683
G1 F2400 X110.406 Y110.974 E192.35543
G1 X110.133 Y111.524 E192.37585
G1 X109.726 Y111.893 E192.39412
G1 X109.276 Y112 E192.4095
G1 X109.726 Y112.107 E192.42489
G1 X110.135 Y112.479 E192.44328
G1 X110.398 Y113.013 E192.46308
G1 X110.925 Y113.557 E192.48827
G1 X111.419 Y113.822 E192.50691
G1 X111.997 Y113.902 E192.52632
G1 X112.577 Y113.822 E192.54579
G1 X113.071 Y113.557 E192.56444
G1 X113.571 Y113.053 E192.58805
G1 X113.942 Y112.322 E192.61532
G1 X114.633 Y112 E192.64093
G1 X113.938 Y111.676 E192.66669
G1 X113.546 Y110.879 E192.69623
G1 X113.168 Y110.509 E192.71382
G1 X112.526 Y110.179 E192.73783
G1 X111.996 Y110.09 E192.7557
G1 X111.495 Y110.174 E192.7726
G1 X110.988 Y110.399 E192.79105
G1 X110.7 Y110.683 E192.8045
G0 F4800 X114.633 Y112
G1 F2400 X115 Y112 E192.81683
G0 F4800 X114.279 Y111.86
G0 X111.203 Y110.207
G0 X111.078 Y109.922
G1 F2400 X110.78 Y110.054 E192.82767
G1 X110.391 Y110.359 E192.84411
G1 X110.068 Y110.756 E192.86113
G1 X109.777 Y111.332 E192.8826
G1 X109.474 Y111.6 E192.89605
G1 X108.6 Y111.6 E192.92512
G1 X108.6 Y112.4 E192.95173
G1 X109.474 Y112.4 E192.9808
G1 X109.777 Y112.668 E192.99425
G1 X110.157 Y113.426 E193.02245
G1 X110.697 Y113.889 E193.04611
G1 X111.293 Y114.208 E193.0686
G1 X111.997 Y114.306 E193.09224
G1 X112.703 Y114.208 E193.11594
G1 X113.298 Y113.889 E193.1384
G1 X113.824 Y113.437 E193.16147
G1 X114.253 Y112.593 E193.19295
G1 X114.668 Y112.402 E193.20815
G1 X115.4 Y112.4 E193.2325
G1 X115.4 Y111.6 E193.2591
G1 X114.668 Y111.598 E193.28345
G1 X114.249 Y111.406 E193.29878
G1 X113.875 Y110.641 E193.3271
G1 X113.416 Y110.192 E193.34846
G1 X112.814 Y109.821 E193.37198
G1 X111.996 Y109.685 E193.39956
G1 X111.379 Y109.788 E193.42036
G1 X111.078 Y109.922 E193.43132
G0 F4800 X110.915 Y109.556
;TYPE:WALL-OUTER
G1 F2400 X110.572 Y109.709 E193.44381
G1 X110.109 Y110.072 E193.46338
G1 X109.73 Y110.538 E193.48336
G1 X109.398 Y111.2 E193.50799
G1 X108.283 Y111.2 E193.54508
G1 X108.2 Y111.283 E193.54898
G1 X108.2 Y112.714 E193.59658
G1 X108.285 Y112.8 E193.6006
G1 X109.399 Y112.8 E193.63765
G1 X109.715 Y113.437 E193.6613
G1 X110.022 Y113.837 E193.67807
G1 X110.47 Y114.221 E193.6977
G1 X111.167 Y114.594 E193.72399
G1 X111.997 Y114.71 E193.75186
G1 X112.829 Y114.594 E193.7798
G1 X113.526 Y114.221 E193.8061
G1 X114.147 Y113.688 E193.83332
G1 X114.564 Y112.864 E193.86403
G1 X114.702 Y112.8 E193.86909
G1 X115.713 Y112.8 E193.90272
G1 X115.8 Y112.713 E193.90681
G1 X115.8 Y111.285 E193.95431
G1 X115.714 Y111.2 E193.95833
G1 X114.702 Y111.2 E193.99199
G1 X114.563 Y111.136 E193.99708
G1 X114.203 Y110.403 E194.02424
G1 X113.664 Y109.875 E194.04933
G1 X112.96 Y109.441 E194.07684
G1 X111.996 Y109.279 E194.10935
G1 X111.263 Y109.402 E194.13407
G1 X110.915 Y109.556 E194.14673
G0 F4800 X110.733 Y109.637
G0 X111.021 Y110.288
G0 X112.209 Y110.512
G0 X112.938 Y110.816
;TYPE:SKIN
G1 F1800 X113.235 Y111.106 E194.16054
G1 X113.495 Y111.637 E194.1802
G1 X113.713 Y111.935 E194.19248
G1 X113.686 Y111.989 E194.19449
G1 X112.209 Y110.512 E194.26396
G1 X112.414 Y110.546 E194.27087
G1 X112.938 Y110.816 E194.29048
G0 F4800 X112.209 Y110.512
G1 F1800 X111.663 Y110.532 E194.30865
G1 X113.495 Y112.364 E194.39482
G1 X113.304 Y112.738 E194.40879
G1 X111.26 Y110.695 E194.50491
G1 X110.958 Y110.958 E194.51823
G1 X113.047 Y113.047 E194.61649
G1 X112.738 Y113.304 E194.62986
G1 X110.69 Y111.255 E194.72621
G1 X110.503 Y111.634 E194.74027
G1 X112.339 Y113.471 E194.82665
G1 X111.997 Y113.519 E194.83814
G1 X111.538 Y113.455 E194.85355
G1 X111.149 Y113.247 E194.86823
G1 X110.716 Y112.801 E194.8889
G1 X110.423 Y112.228 E194.91031
G1 X110.177 Y111.999 E194.92148
G1 X110.241 Y111.939 E194.9244
G1 X111.794 Y113.491 E194.99743
G1 F1500 E184.99743
;MESH:I2C_LED_BTN-Body002.stl(3)
G0 F4800 X114.459 Y112.573
G0 X115.127 Y113.659
G0 X115.979 Y113.661
G0 X119.335 Y112.573
G0 X120.43 Y112.573
G0 X121 Y112
;TYPE:WALL-INNER
G1 F1500 E194.99743
G1 F2400 X121.276 Y112 E195.00661
G0 F4800 X122.7 Y110.683
G1 F2400 X122.406 Y110.974 E195.02037
G1 X122.133 Y111.524 E195.04079
G1 X121.726 Y111.893 E195.05906
G1 X121.276 Y112 E195.07444
G1 X121.726 Y112.107 E195.08983
G1 X122.135 Y112.479 E195.10822
G1 X122.398 Y113.013 E195.12802
G1 X122.925 Y113.557 E195.15321
G1 X123.419 Y113.822 E195.17185
G1 X123.997 Y113.902 E195.19126
G1 X124.577 Y113.822 E195.21073
G1 X125.071 Y113.557 E195.22938
G1 X125.571 Y113.053 E195.25299
G1 X125.942 Y112.322 E195.28026
G1 X126.633 Y112 E195.30587
G1 X125.938 Y111.676 E195.33163
G1 X125.546 Y110.879 E195.36117
G1 X125.168 Y110.509 E195.37876
G1 X124.526 Y110.179 E195.40277
G1 X123.996 Y110.09 E195.42064
G1 X123.495 Y110.174 E195.43754
G1 X122.988 Y110.399 E195.45599
G1 X122.7 Y110.683 E195.46944
G0 F4800 X126.633 Y112
G1 F2400 X127 Y112 E195.48177
G0 F4800 X126.279 Y111.86
G0 X123.203 Y110.207
G0 X123.078 Y109.922
G1 F2400 X122.78 Y110.054 E195.49261
G1 X122.391 Y110.359 E195.50905
G1 X122.068 Y110.756 E195.52607
G1 X121.777 Y111.332 E195.54754
G1 X121.474 Y111.6 E195.56099
G1 X120.6 Y111.6 E195.59006
G1 X120.6 Y112.4 E195.61667
G1 X121.474 Y112.4 E195.64574
G1 X121.777 Y112.668 E195.65919
G1 X122.157 Y113.426 E195.68739
G1 X122.697 Y113.889 E195.71105
G1 X123.293 Y114.208 E195.73354
G1 X123.997 Y114.306 E195.75718
G1 X124.703 Y114.208 E195.78088
G1 X125.298 Y113.889 E195.80334
G1 X125.824 Y113.437 E195.82641
G1 X126.253 Y112.593 E195.85789
G1 X126.668 Y112.402 E195.87309
G1 X127.4 Y112.4 E195.89744
G1 X127.4 Y111.6 E195.92404
G1 X126.668 Y111.598 E195.94839
G1 X126.249 Y111.406 E195.96372
G1 X125.875 Y110.641 E195.99204
G1 X125.416 Y110.192 E196.0134
G1 X124.814 Y109.821 E196.03692
G1 X123.996 Y109.685 E196.0645
G1 X123.379 Y109.788 E196.0853
G1 X123.078 Y109.922 E196.09626
G0 F4800 X122.915 Y109.556
;TYPE:WALL-OUTER
G1 F2400 X122.572 Y109.709 E196.10875
G1 X122.109 Y110.072 E196.12832
G1 X121.73 Y110.538 E196.1483
G1 X121.398 Y111.2 E196.17293
G1 X120.283 Y111.2 E196.21002
G1 X120.2 Y111.283 E196.21392
G1 X120.2 Y112.714 E196.26152
G1 X120.285 Y112.8 E196.26554
G1 X121.399 Y112.8 E196.30259
G1 X121.715 Y113.437 E196.32624
G1 X122.022 Y113.837 E196.34301
G1 X122.47 Y114.221 E196.36264
G1 X123.167 Y114.594 E196.38893
G1 X123.997 Y114.71 E196.4168
G1 X124.829 Y114.594 E196.44474
G1 X125.526 Y114.221 E196.47104
G1 X126.147 Y113.688 E196.49826
G1 X126.564 Y112.864 E196.52897
G1 X126.702 Y112.8 E196.53403
G1 X127.713 Y112.8 E196.56766
G1 X127.8 Y112.713 E196.57175
G1 X127.8 Y111.285 E196.61924
G1 X127.714 Y111.2 E196.62327
G1 X126.702 Y111.2 E196.65693
G1 X126.563 Y111.136 E196.66202
G1 X126.203 Y110.403 E196.68918
G1 X125.664 Y109.875 E196.71427
G1 X124.96 Y109.441 E196.74178
G1 X123.996 Y109.279 E196.77429
G1 X123.263 Y109.402 E196.79901
G1 X122.915 Y109.556 E196.81167
G0 F4800 X122.733 Y109.637
G0 X123.021 Y110.288
G0 X125.646 Y112.069
;TYPE:SKIN
G1 F1800 X124.065 Y110.488 E196.88603
G1 X124.414 Y110.546 E196.8978
G1 X124.938 Y110.816 E196.91741
G1 X125.235 Y111.106 E196.93121
G1 X125.495 Y111.637 E196.95088
G1 X125.714 Y111.935 E196.96318
G1 X125.455 Y112.444 E196.98217
G1 X123.569 Y110.558 E197.07089
G1 X123.182 Y110.737 E197.08507
G1 X125.264 Y112.819 E197.183
G1 X124.986 Y113.107 E197.19631
G1 X122.897 Y111.018 E197.29457
G1 X122.65 Y111.336 E197.30796
G1 X124.659 Y113.346 E197.40249
G1 X124.233 Y113.485 E197.41739
G1 X122.463 Y111.715 E197.50064
G1 X122.18 Y111.997 E197.51393
G1 X123.652 Y113.47 E197.58319
G1 X123.149 Y113.247 E197.60149
G1 X122.716 Y112.8 E197.62219
G1 F1500 E187.62219
;MESH:NONMESH
G0 F1800 X122.716 Y112.8 Z4.4
G0 F4800 X120.43 Y112
G0 X119.335 Y112
G0 X113.539 Y108.781
G0 X112.967 Y108.567
G0 X112 Y108.403
G0 X111.013 Y108.57
G0 X110.51 Y108.793
G0 X104.665 Y112
G0 X103.57 Y112
G0 X97 Y112
;TIME_ELAPSED:309.965541
;LAYER:21
;TYPE:WALL-INNER
;MESH:I2C_LED_BTN-Body002.stl(4)
G1 F1500 E197.62219
G1 F2400 X97.276 Y112 E197.63137
G0 F4800 X99.919 Y113.444
G1 F2400 X100.314 Y113.467 E197.64453
G1 X100.704 Y113.312 E197.65849
G1 X101.165 Y112.995 E197.6771
G1 X101.549 Y112.232 E197.70551
G1 X101.746 Y112 E197.71563
G1 X101.52 Y111.734 E197.72724
G1 X101.217 Y111.117 E197.7501
G1 X100.92 Y110.826 E197.76393
G1 X100.422 Y110.567 E197.7826
G1 X99.996 Y110.496 E197.79697
G1 X99.611 Y110.56 E197.80995
G1 X99.196 Y110.745 E197.82506
G1 X98.744 Y111.192 E197.84621
G1 X98.508 Y111.667 E197.86385
G1 X98.248 Y112 E197.8779
G1 X98.508 Y112.333 E197.89195
G1 X98.816 Y112.902 E197.91347
G1 X99.083 Y113.191 E197.92656
G1 X99.509 Y113.422 E197.94267
G1 X99.919 Y113.444 E197.95633
G0 F4800 X98.7 Y110.683
G1 F2400 X98.406 Y110.974 E197.97009
G1 X98.045 Y111.7 E197.99706
G1 X97.276 Y112 E198.02451
G1 X98.033 Y112.295 E198.05153
G1 X98.488 Y113.137 E198.08336
G1 X98.834 Y113.511 E198.10031
G1 X99.378 Y113.806 E198.12089
G1 X99.914 Y113.891 E198.13894
G1 X100.401 Y113.863 E198.15517
G1 X100.894 Y113.667 E198.17281
G1 X101.339 Y113.361 E198.19078
G1 X101.636 Y112.952 E198.20759
G1 X101.932 Y112.352 E198.22984
G1 X102.267 Y112.108 E198.24362
G1 X102.633 Y112 E198.25644
G1 X102.267 Y111.892 E198.26926
G1 X101.861 Y111.522 E198.28753
G1 X101.546 Y110.879 E198.31135
G1 X101.168 Y110.509 E198.32894
G1 X100.526 Y110.179 E198.35295
G1 X99.996 Y110.09 E198.37082
G1 X99.495 Y110.174 E198.38772
G1 X98.988 Y110.399 E198.40617
G1 X98.7 Y110.683 E198.41962
G0 F4800 X102.633 Y112
G1 F2400 X103 Y112 E198.43195
G0 F4800 X98.276 Y112.934
G0 X98.003 Y113.081
G1 F2400 X98.16 Y113.371 E198.44292
G1 X98.586 Y113.831 E198.46377
G1 X99.248 Y114.191 E198.48883
G1 X99.894 Y114.293 E198.51059
G1 X100.488 Y114.258 E198.53038
G1 X101.083 Y114.023 E198.55165
G1 X101.622 Y113.652 E198.57342
G1 X101.981 Y113.156 E198.59378
G1 X102.218 Y112.671 E198.61174
G1 X102.518 Y112.402 E198.62514
G1 X103.4 Y112.4 E198.65447
G1 X103.4 Y111.6 E198.68108
G1 X102.518 Y111.598 E198.71042
G1 X102.218 Y111.329 E198.72382
G1 X101.875 Y110.641 E198.74939
G1 X101.416 Y110.192 E198.77074
G1 X100.814 Y109.821 E198.79426
G1 X99.996 Y109.685 E198.82184
G1 X99.379 Y109.788 E198.84265
G1 X98.78 Y110.054 E198.86445
G1 X98.391 Y110.359 E198.88089
G1 X98.068 Y110.756 E198.89791
G1 X97.737 Y111.42 E198.92259
G1 X97.276 Y111.6 E198.93905
G1 X96.6 Y111.6 E198.96153
G1 X96.6 Y112.4 E198.98814
G1 X97.276 Y112.4 E199.01063
G1 X97.73 Y112.577 E199.02683
G1 X98.003 Y113.081 E199.0459
G0 F4800 X97.65 Y113.27
;TYPE:WALL-OUTER
G1 F2400 X97.832 Y113.606 E199.05861
G1 X98.337 Y114.151 E199.08332
G1 X99.118 Y114.575 E199.11288
G1 X99.874 Y114.695 E199.13834
G1 X100.576 Y114.654 E199.16172
G1 X101.273 Y114.378 E199.18666
G1 X101.906 Y113.942 E199.21222
G1 X102.327 Y113.361 E199.23609
G1 X102.552 Y112.89 E199.25345
G1 X102.702 Y112.8 E199.25927
G1 X103.713 Y112.8 E199.29289
G1 X103.8 Y112.713 E199.29698
G1 X103.8 Y111.285 E199.34448
G1 X103.714 Y111.2 E199.3485
G1 X102.596 Y111.2 E199.38569
G1 X102.203 Y110.403 E199.41524
G1 X101.664 Y109.875 E199.44034
G1 X100.96 Y109.441 E199.46784
G1 X99.996 Y109.279 E199.50036
G1 X99.263 Y109.402 E199.52508
G1 X98.572 Y109.709 E199.55023
G1 X98.109 Y110.072 E199.56979
G1 X97.73 Y110.538 E199.58977
G1 X97.43 Y111.14 E199.61214
G1 X97.276 Y111.2 E199.61764
G1 X96.283 Y111.2 E199.65067
G1 X96.2 Y111.283 E199.65457
G1 X96.2 Y112.714 E199.70217
G1 X96.285 Y112.8 E199.70619
G1 X97.276 Y112.8 E199.73915
G1 X97.428 Y112.859 E199.74457
G1 X97.65 Y113.27 E199.76011
G0 F4800 X97.745 Y113.445
G0 X98.37 Y113.108
G0 X98.844 Y112.156
;TYPE:SKIN
G1 F1800 X100.102 Y110.898 E199.81928
G1 X100.01 Y110.883 E199.82238
G1 X99.395 Y111.075 E199.84381
G1 X99.061 Y111.408 E199.8595
G1 X98.763 Y112.007 E199.88175
G1 X99.044 Y112.523 E199.90129
G1 X100.522 Y111.044 E199.97084
G1 X100.847 Y111.285 E199.98429
G1 X99.312 Y112.82 E200.05649
G1 X99.643 Y113.054 E200.06998
G1 X101.053 Y111.645 E200.13628
G1 X101.235 Y112.016 E200.15002
G1 X100.873 Y112.728 E200.17659
G1 X100.229 Y113.087 E200.20111
G1 X100.179 Y113.085 E200.20277
G1 X101.222 Y112.042 E200.25183
G1 F1500 E190.25183
;MESH:I2C_LED_BTN-Body002.stl
G0 F4800 X103.57 Y112
G0 X104.665 Y112
G0 X107.335 Y112
G0 X108.43 Y112
G0 X109 Y112
;TYPE:WALL-INNER
G1 F1500 E200.25183
G1 F2400 X109.276 Y112 E200.26101
G0 F4800 X111.919 Y113.444
G1 F2400 X112.314 Y113.467 E200.27417
G1 X112.704 Y113.312 E200.28813
G1 X113.165 Y112.995 E200.30674
G1 X113.549 Y112.232 E200.33515
G1 X113.746 Y112 E200.34527
G1 X113.52 Y111.734 E200.35688
G1 X113.217 Y111.117 E200.37974
G1 X112.92 Y110.826 E200.39357
G1 X112.422 Y110.567 E200.41224
G1 X111.996 Y110.496 E200.42661
G1 X111.611 Y110.56 E200.43959
G1 X111.196 Y110.745 E200.4547
G1 X110.744 Y111.192 E200.47584
G1 X110.508 Y111.667 E200.49348
G1 X110.248 Y112 E200.50754
G1 X110.508 Y112.333 E200.52159
G1 X110.816 Y112.902 E200.54311
G1 X111.083 Y113.191 E200.55619
G1 X111.509 Y113.422 E200.57231
G1 X111.919 Y113.444 E200.58597
G0 F4800 X110.7 Y110.683
G1 F2400 X110.406 Y110.974 E200.59973
G1 X110.045 Y111.7 E200.62669
G1 X109.276 Y112 E200.65415
G1 X110.033 Y112.295 E200.68117
G1 X110.488 Y113.137 E200.713
G1 X110.834 Y113.511 E200.72995
G1 X111.378 Y113.806 E200.75053
G1 X111.914 Y113.891 E200.76858
G1 X112.401 Y113.863 E200.78481
G1 X112.894 Y113.667 E200.80245
G1 X113.339 Y113.361 E200.82041
G1 X113.636 Y112.952 E200.83723
G1 X113.932 Y112.352 E200.85948
G1 X114.267 Y112.108 E200.87326
G1 X114.633 Y112 E200.88608
G1 X114.267 Y111.892 E200.8989
G1 X113.861 Y111.522 E200.91717
G1 X113.546 Y110.879 E200.94099
G1 X113.168 Y110.509 E200.95858
G1 X112.526 Y110.179 E200.98259
G1 X111.996 Y110.09 E201.00046
G1 X111.495 Y110.174 E201.01736
G1 X110.988 Y110.399 E201.03581
G1 X110.7 Y110.683 E201.04926
G0 F4800 X114.633 Y112
G1 F2400 X115 Y112 E201.06159
G0 F4800 X110.276 Y112.934
G0 X110.003 Y113.081
G1 F2400 X110.16 Y113.371 E201.07256
G1 X110.586 Y113.831 E201.09341
G1 X111.248 Y114.191 E201.11847
G1 X111.894 Y114.293 E201.14023
G1 X112.488 Y114.258 E201.16002
G1 X113.083 Y114.023 E201.18129
G1 X113.622 Y113.652 E201.20306
G1 X113.981 Y113.156 E201.22342
G1 X114.218 Y112.671 E201.24138
G1 X114.518 Y112.402 E201.25478
G1 X115.4 Y112.4 E201.28411
G1 X115.4 Y111.6 E201.31072
G1 X114.518 Y111.598 E201.34006
G1 X114.218 Y111.329 E201.35346
G1 X113.875 Y110.641 E201.37903
G1 X113.416 Y110.192 E201.40038
G1 X112.814 Y109.821 E201.4239
G1 X111.996 Y109.685 E201.45148
G1 X111.379 Y109.788 E201.47229
G1 X110.78 Y110.054 E201.49409
G1 X110.391 Y110.359 E201.51053
G1 X110.068 Y110.756 E201.52755
G1 X109.737 Y111.42 E201.55223
G1 X109.276 Y111.6 E201.56869
G1 X108.6 Y111.6 E201.59117
G1 X108.6 Y112.4 E201.61778
G1 X109.276 Y112.4 E201.64026
G1 X109.73 Y112.577 E201.65647
G1 X110.003 Y113.081 E201.67554
G0 F4800 X109.65 Y113.27
;TYPE:WALL-OUTER
G1 F2400 X109.832 Y113.606 E201.68824
G1 X110.337 Y114.151 E201.71296
G1 X111.118 Y114.575 E201.74251
G1 X111.874 Y114.695 E201.76797
G1 X112.576 Y114.654 E201.79136
G1 X113.273 Y114.378 E201.8163
G1 X113.906 Y113.942 E201.84186
G1 X114.327 Y113.361 E201.86572
G1 X114.552 Y112.89 E201.88309
G1 X114.702 Y112.8 E201.8889
G1 X115.713 Y112.8 E201.92253
G1 X115.8 Y112.713 E201.92662
G1 X115.8 Y111.285 E201.97412
G1 X115.714 Y111.2 E201.97814
G1 X114.596 Y111.2 E202.01532
G1 X114.203 Y110.403 E202.04488
G1 X113.664 Y109.875 E202.06998
G1 X112.96 Y109.441 E202.09748
G1 X111.996 Y109.279 E202.13
G1 X111.263 Y109.402 E202.15472
G1 X110.572 Y109.709 E202.17986
G1 X110.109 Y110.072 E202.19943
G1 X109.73 Y110.538 E202.21941
G1 X109.43 Y111.14 E202.24178
G1 X109.276 Y111.2 E202.24728
G1 X108.283 Y111.2 E202.28031
G1 X108.2 Y111.283 E202.28421
G1 X108.2 Y112.714 E202.33181
G1 X108.285 Y112.8 E202.33583
G1 X109.276 Y112.8 E202.36879
G1 X109.428 Y112.859 E202.37421
G1 X109.65 Y113.27 E202.38975
G0 F4800 X109.745 Y113.445
G0 X110.37 Y113.108
G0 X111.395 Y111.075
;TYPE:SKIN
G1 F1800 X111.061 Y111.408 E202.40543
G1 X110.763 Y112.007 E202.42769
G1 X110.802 Y112.079 E202.43041
G1 X111.992 Y110.888 E202.48641
G1 X112.443 Y111.002 E202.50188
G1 X111.001 Y112.445 E202.56973
G1 X111.243 Y112.768 E202.58315
G1 X112.786 Y111.225 E202.65573
G1 X113.013 Y111.564 E202.6693
G1 X111.567 Y113.011 E202.73734
G1 X112.064 Y113.078 E202.75402
G1 X113.199 Y111.943 E202.80741
G1 X113.235 Y112.016 E202.81011
G1 X112.873 Y112.728 E202.83668
G1 X112.228 Y113.087 E202.86123
G1 F1500 E192.86123
;MESH:I2C_LED_BTN-Body002.stl(3)
G0 F4800 X115.57 Y112
G0 X116.665 Y112
G0 X119.335 Y112
G0 X120.43 Y112
G0 X121 Y112
;TYPE:WALL-INNER
G1 F1500 E202.86123
G1 F2400 X121.276 Y112 E202.87041
G0 F4800 X123.919 Y113.444
G1 F2400 X124.314 Y113.467 E202.88357
G1 X124.704 Y113.312 E202.89753
G1 X125.165 Y112.995 E202.91614
G1 X125.549 Y112.232 E202.94455
G1 X125.746 Y112 E202.95467
G1 X125.52 Y111.734 E202.96628
G1 X125.217 Y111.117 E202.98914
G1 X124.92 Y110.826 E203.00297
G1 X124.422 Y110.567 E203.02164
G1 X123.996 Y110.496 E203.03601
G1 X123.611 Y110.56 E203.04899
G1 X123.196 Y110.745 E203.0641
G1 X122.744 Y111.192 E203.08524
G1 X122.508 Y111.667 E203.10289
G1 X122.248 Y112 E203.11694
G1 X122.508 Y112.333 E203.13099
G1 X122.816 Y112.902 E203.15251
G1 X123.083 Y113.191 E203.1656
G1 X123.509 Y113.422 E203.18171
G1 X123.919 Y113.444 E203.19537
G0 F4800 X122.7 Y110.683
G1 F2400 X122.406 Y110.974 E203.20913
G1 X122.045 Y111.7 E203.23609
G1 X121.276 Y112 E203.26355
G1 X122.033 Y112.295 E203.29057
G1 X122.488 Y113.137 E203.3224
G1 X122.834 Y113.511 E203.33935
G1 X123.378 Y113.806 E203.35993
G1 X123.914 Y113.891 E203.37798
G1 X124.401 Y113.863 E203.39421
G1 X124.894 Y113.667 E203.41185
G1 X125.339 Y113.361 E203.42982
G1 X125.636 Y112.952 E203.44663
G1 X125.932 Y112.352 E203.46888
G1 X126.267 Y112.108 E203.48266
G1 X126.633 Y112 E203.49548
G1 X126.267 Y111.892 E203.5083
G1 X125.861 Y111.522 E203.52657
G1 X125.546 Y110.879 E203.55039
G1 X125.168 Y110.509 E203.56798
G1 X124.526 Y110.179 E203.59199
G1 X123.996 Y110.09 E203.60986
G1 X123.495 Y110.174 E203.62676
G1 X122.988 Y110.399 E203.64521
G1 X122.7 Y110.683 E203.65866
G0 F4800 X126.633 Y112
G1 F2400 X127 Y112 E203.67099
G0 F4800 X122.276 Y112.934
G0 X122.003 Y113.081
G1 F2400 X122.16 Y113.371 E203.68196
G1 X122.586 Y113.831 E203.70281
G1 X123.248 Y114.191 E203.72787
G1 X123.894 Y114.293 E203.74963
G1 X124.488 Y114.258 E203.76942
G1 X125.083 Y114.023 E203.79069
G1 X125.622 Y113.652 E203.81246
G1 X125.981 Y113.156 E203.83282
G1 X126.218 Y112.671 E203.85078
G1 X126.518 Y112.402 E203.86418
G1 X127.4 Y112.4 E203.89351
G1 X127.4 Y111.6 E203.92012
G1 X126.518 Y111.598 E203.94946
G1 X126.218 Y111.329 E203.96286
G1 X125.875 Y110.641 E203.98843
G1 X125.416 Y110.192 E204.00978
G1 X124.814 Y109.821 E204.0333
G1 X123.996 Y109.685 E204.06088
G1 X123.379 Y109.788 E204.08169
G1 X122.78 Y110.054 E204.10349
G1 X122.391 Y110.359 E204.11993
G1 X122.068 Y110.756 E204.13695
G1 X121.737 Y111.42 E204.16163
G1 X121.276 Y111.6 E204.17809
G1 X120.6 Y111.6 E204.20057
G1 X120.6 Y112.4 E204.22718
G1 X121.276 Y112.4 E204.24966
G1 X121.73 Y112.577 E204.26587
G1 X122.003 Y113.081 E204.28494
G0 F4800 X121.65 Y113.27
;TYPE:WALL-OUTER
G1 F2400 X121.832 Y113.606 E204.29765
G1 X122.337 Y114.151 E204.32236
G1 X123.118 Y114.575 E204.35191
G1 X123.874 Y114.695 E204.37737
G1 X124.576 Y114.654 E204.40076
G1 X125.273 Y114.378 E204.4257
G1 X125.906 Y113.942 E204.45126
G1 X126.327 Y113.361 E204.47513
G1 X126.552 Y112.89 E204.49249
G1 X126.702 Y112.8 E204.4983
G1 X127.713 Y112.8 E204.53193
G1 X127.8 Y112.713 E204.53602
G1 X127.8 Y111.285 E204.58352
G1 X127.714 Y111.2 E204.58754
G1 X126.596 Y111.2 E204.62472
G1 X126.203 Y110.403 E204.65428
G1 X125.664 Y109.875 E204.67938
G1 X124.96 Y109.441 E204.70688
G1 X123.996 Y109.279 E204.7394
G1 X123.263 Y109.402 E204.76412
G1 X122.572 Y109.709 E204.78926
G1 X122.109 Y110.072 E204.80883
G1 X121.73 Y110.538 E204.82881
G1 X121.43 Y111.14 E204.85118
G1 X121.276 Y111.2 E204.85668
G1 X120.283 Y111.2 E204.88971
G1 X120.2 Y111.283 E204.89361
G1 X120.2 Y112.714 E204.94121
G1 X120.285 Y112.8 E204.94523
G1 X121.276 Y112.8 E204.97819
G1 X121.428 Y112.859 E204.98361
G1 X121.65 Y113.27 E204.99915
G0 F4800 X121.745 Y113.445
G0 X122.37 Y113.108
G0 X123.395 Y111.074
;TYPE:SKIN
G1 F1800 X123.061 Y111.408 E205.01486
G1 X122.763 Y112.006 E205.03708
G1 X122.958 Y112.367 E205.05073
G1 X124.364 Y110.961 E205.11686
G1 X124.725 Y111.166 E205.13067
G1 X123.174 Y112.716 E205.2036
G1 X123.498 Y112.958 E205.21705
G1 X124.973 Y111.483 E205.28643
G1 X125.159 Y111.863 E205.3005
G1 X123.951 Y113.071 E205.35732
G1 X124.229 Y113.087 E205.36658
G1 X124.844 Y112.744 E205.39
G0 F4800 X123.817 Y110.943
G1 F1800 X122.773 Y111.987 E205.43911
G1 F1500 E195.43911
;MESH:NONMESH
G0 F1800 X122.773 Y111.987 Z4.6
G0 F4800 X120.43 Y112
G0 X119.335 Y112
G0 X113.539 Y108.781
G0 X112.967 Y108.567
G0 X112 Y108.403
G0 X111.013 Y108.57
G0 X110.51 Y108.793
G0 X104.665 Y112
G0 X103.57 Y112
G0 X97 Y112
;TIME_ELAPSED:320.603031
;LAYER:22
;TYPE:WALL-INNER
;MESH:I2C_LED_BTN-Body002.stl(4)
G1 F1500 E205.43911
G1 F2400 X97.276 Y112 E205.44829
G0 F4800 X99.398 Y110.253
G1 F2400 X98.994 Y110.393 E205.46251
G1 X98.406 Y110.974 E205.49001
G1 X98.048 Y111.693 E205.51672
G1 X97.276 Y112 E205.54435
G1 X98.038 Y112.303 E205.57163
G1 X98.461 Y113.099 E205.60161
G1 X98.76 Y113.426 E205.61635
G1 X99.188 Y113.71 E205.63343
G1 X100.065 Y113.929 E205.66349
G1 X100.815 Y113.727 E205.68933
G1 X101.322 Y113.373 E205.7099
G1 X101.641 Y112.943 E205.7277
G1 X101.921 Y112.369 E205.74894
G1 X102.25 Y112.117 E205.76273
G1 X102.633 Y112 E205.77618
G1 X102.25 Y111.883 E205.78963
G1 X101.92 Y111.631 E205.80344
G1 X101.548 Y110.856 E205.83204
G1 X101.006 Y110.379 E205.85605
G1 X100.512 Y110.177 E205.8738
G1 X99.803 Y110.114 E205.89748
G1 X99.398 Y110.253 E205.91172
G0 F4800 X101.905 Y111.684
G0 X102.633 Y112
G1 F2400 X103 Y112 E205.92405
G0 F4800 X102.34 Y112.127
G0 X98.911 Y113.639
G0 X98.743 Y113.894
G1 F2400 X99.166 Y114.175 E205.94094
G1 X99.894 Y114.293 E205.96547
G1 X100.355 Y114.264 E205.98083
G1 X100.986 Y114.095 E206.00256
G1 X101.604 Y113.663 E206.02764
G1 X101.986 Y113.15 E206.04891
G1 X102.24 Y112.621 E206.06843
G1 X102.668 Y112.402 E206.08442
G1 X103.4 Y112.4 E206.10876
G1 X103.4 Y111.6 E206.13537
G1 X102.668 Y111.598 E206.15972
G1 X102.438 Y111.53 E206.1677
G1 X102.211 Y111.319 E206.178
G1 X101.996 Y110.862 E206.1948
G1 X101.702 Y110.459 E206.21139
G1 X101.219 Y110.034 E206.23279
G1 X100.622 Y109.789 E206.25425
G1 X99.929 Y109.674 E206.27762
G1 X99.25 Y109.831 E206.3008
G1 X98.782 Y110.05 E206.31798
G1 X98.392 Y110.359 E206.33453
G1 X98.068 Y110.756 E206.35158
G1 X97.739 Y111.417 E206.37613
G1 X97.276 Y111.6 E206.39269
G1 X96.6 Y111.6 E206.41518
G1 X96.6 Y112.4 E206.44179
G1 X97.276 Y112.4 E206.46427
G1 X97.734 Y112.581 E206.48065
G1 X98.131 Y113.331 E206.50887
G1 X98.498 Y113.732 E206.52695
G1 X98.743 Y113.894 E206.53672
G0 F4800 X98.522 Y114.227
;TYPE:WALL-OUTER
G1 F2400 X98.824 Y114.428 E206.54879
G1 X99.292 Y114.601 E206.56538
G1 X99.874 Y114.695 E206.58499
G1 X100.419 Y114.661 E206.60315
G1 X101.158 Y114.463 E206.6286
G1 X101.886 Y113.954 E206.65814
G1 X102.331 Y113.356 E206.68294
G1 X102.55 Y112.893 E206.69997
G1 X102.702 Y112.8 E206.7059
G1 X103.713 Y112.8 E206.73952
G1 X103.8 Y112.713 E206.74362
G1 X103.8 Y111.285 E206.79111
G1 X103.714 Y111.2 E206.79513
G1 X102.702 Y111.2 E206.82879
G1 X102.55 Y111.107 E206.83472
G1 X102.342 Y110.658 E206.85118
G1 X101.999 Y110.188 E206.87053
G1 X101.433 Y109.689 E206.89563
G1 X100.732 Y109.402 E206.92082
G1 X99.917 Y109.266 E206.9483
G1 X99.118 Y109.451 E206.97558
G1 X98.57 Y109.708 E206.99571
G1 X98.11 Y110.072 E207.01522
G1 X97.73 Y110.538 E207.03522
G1 X97.43 Y111.14 E207.05759
G1 X97.276 Y111.2 E207.06309
G1 X96.283 Y111.2 E207.09612
G1 X96.2 Y111.283 E207.10002
G1 X96.2 Y112.714 E207.14762
G1 X96.285 Y112.8 E207.15164
G1 X97.276 Y112.8 E207.1846
G1 X97.428 Y112.86 E207.19003
G1 X97.801 Y113.563 E207.2165
G1 X98.236 Y114.038 E207.23793
G1 X98.522 Y114.227 E207.24933
G0 F4800 X98.688 Y114.337
G0 X99.076 Y113.748
G0 X98.231 Y112
;TYPE:SKIN
G1 F1800 X98.488 Y112.339 E207.26348
G1 X98.775 Y112.879 E207.28382
G1 X99.355 Y113.364 E207.30896
G1 X99.928 Y113.505 E207.32859
G1 X98.314 Y111.89 E207.40453
G1 X98.542 Y111.553 E207.41806
G1 X100.407 Y113.418 E207.50579
G1 X100.816 Y113.262 E207.52035
G1 X98.735 Y111.18 E207.61825
G1 X99.019 Y110.898 E207.63157
G1 X101.124 Y113.003 E207.73058
G1 X101.353 Y112.667 E207.7441
G1 X99.354 Y110.668 E207.83813
G1 X99.775 Y110.523 E207.85294
G1 X101.539 Y112.287 E207.93591
G1 X101.799 Y111.981 E207.94927
G1 X100.36 Y110.542 E208.01695
G1 X100.804 Y110.708 E208.03272
G1 X101.239 Y111.092 E208.05202
G1 F1500 E198.05202
;MESH:I2C_LED_BTN-Body002.stl
G0 F4800 X103.57 Y112
G0 X104.665 Y112
G0 X107.335 Y112
G0 X108.43 Y112
G0 X109 Y112
;TYPE:WALL-INNER
G1 F1500 E208.05202
G1 F2400 X109.276 Y112 E208.0612
G0 F4800 X111.398 Y110.253
G1 F2400 X110.994 Y110.393 E208.07542
G1 X110.406 Y110.974 E208.10291
G1 X110.048 Y111.693 E208.12963
G1 X109.276 Y112 E208.15726
G1 X110.038 Y112.303 E208.18453
G1 X110.461 Y113.099 E208.21452
G1 X110.76 Y113.426 E208.22925
G1 X111.188 Y113.71 E208.24634
G1 X112.065 Y113.929 E208.2764
G1 X112.815 Y113.727 E208.30224
G1 X113.322 Y113.373 E208.3228
G1 X113.641 Y112.943 E208.34061
G1 X113.921 Y112.369 E208.36185
G1 X114.25 Y112.117 E208.37564
G1 X114.633 Y112 E208.38909
G1 X114.25 Y111.883 E208.40254
G1 X113.92 Y111.631 E208.41635
G1 X113.548 Y110.856 E208.44494
G1 X113.006 Y110.379 E208.46896
G1 X112.512 Y110.177 E208.48671
G1 X111.803 Y110.114 E208.51038
G1 X111.398 Y110.253 E208.52462
G0 F4800 X113.905 Y111.684
G0 X114.633 Y112
G1 F2400 X115 Y112 E208.53695
G0 F4800 X114.34 Y112.127
G0 X110.911 Y113.639
G0 X110.743 Y113.894
G1 F2400 X111.166 Y114.175 E208.55384
G1 X111.894 Y114.293 E208.57837
G1 X112.355 Y114.264 E208.59374
G1 X112.986 Y114.095 E208.61546
G1 X113.604 Y113.663 E208.64054
G1 X113.986 Y113.15 E208.66182
G1 X114.24 Y112.621 E208.68133
G1 X114.668 Y112.402 E208.69732
G1 X115.4 Y112.4 E208.72167
G1 X115.4 Y111.6 E208.74828
G1 X114.668 Y111.598 E208.77262
G1 X114.438 Y111.53 E208.7806
G1 X114.211 Y111.319 E208.79091
G1 X113.996 Y110.862 E208.80771
G1 X113.702 Y110.459 E208.8243
G1 X113.219 Y110.034 E208.8457
G1 X112.622 Y109.789 E208.86716
G1 X111.929 Y109.674 E208.89053
G1 X111.25 Y109.831 E208.91371
G1 X110.782 Y110.05 E208.93089
G1 X110.392 Y110.359 E208.94744
G1 X110.068 Y110.756 E208.96448
G1 X109.739 Y111.417 E208.98904
G1 X109.276 Y111.6 E209.0056
G1 X108.6 Y111.6 E209.02808
G1 X108.6 Y112.4 E209.05469
G1 X109.276 Y112.4 E209.07718
G1 X109.734 Y112.581 E209.09356
G1 X110.131 Y113.331 E209.12178
G1 X110.498 Y113.732 E209.13986
G1 X110.743 Y113.894 E209.14963
G0 F4800 X110.522 Y114.227
;TYPE:WALL-OUTER
G1 F2400 X110.824 Y114.428 E209.16169
G1 X111.292 Y114.601 E209.17829
G1 X111.874 Y114.695 E209.1979
G1 X112.419 Y114.661 E209.21606
G1 X113.158 Y114.463 E209.24151
G1 X113.886 Y113.954 E209.27105
G1 X114.331 Y113.356 E209.29584
G1 X114.55 Y112.893 E209.31288
G1 X114.702 Y112.8 E209.31881
G1 X115.713 Y112.8 E209.35243
G1 X115.8 Y112.713 E209.35652
G1 X115.8 Y111.285 E209.40402
G1 X115.714 Y111.2 E209.40804
G1 X114.702 Y111.2 E209.4417
G1 X114.55 Y111.107 E209.44763
G1 X114.342 Y110.658 E209.46409
G1 X113.999 Y110.188 E209.48344
G1 X113.433 Y109.689 E209.50853
G1 X112.732 Y109.402 E209.53373
G1 X111.917 Y109.266 E209.56121
G1 X111.118 Y109.451 E209.58849
G1 X110.57 Y109.708 E209.60862
G1 X110.11 Y110.072 E209.62813
G1 X109.73 Y110.538 E209.64813
G1 X109.43 Y111.14 E209.6705
G1 X109.276 Y111.2 E209.676
G1 X108.283 Y111.2 E209.70902
G1 X108.2 Y111.283 E209.71293
G1 X108.2 Y112.714 E209.76052
G1 X108.285 Y112.8 E209.76455
G1 X109.276 Y112.8 E209.79751
G1 X109.428 Y112.86 E209.80294
G1 X109.801 Y113.563 E209.82941
G1 X110.236 Y114.038 E209.85083
G1 X110.522 Y114.227 E209.86223
G0 F4800 X110.688 Y114.337
G0 X111.076 Y113.748
G0 X112.228 Y110.531
G0 X112.804 Y110.708
;TYPE:SKIN
G1 F1800 X113.239 Y111.092 E209.88153
G1 X113.617 Y111.874 E209.91042
G1 X113.782 Y112 E209.91733
G1 X113.733 Y112.036 E209.91935
G1 X112.228 Y110.531 E209.99014
G1 X112.413 Y110.546 E209.99631
G1 X112.804 Y110.708 E210.01039
G0 F4800 X112.228 Y110.531
G1 F1800 X111.686 Y110.555 E210.02843
G1 X113.499 Y112.368 E210.11371
G1 X113.313 Y112.747 E210.12775
G1 X111.264 Y110.698 E210.22413
G1 X110.958 Y110.958 E210.23749
G1 X113.072 Y113.072 E210.33692
G1 X112.745 Y113.311 E210.3504
G1 X110.69 Y111.255 E210.44708
G1 X110.502 Y111.634 E210.46115
G1 X112.305 Y113.436 E210.54594
G1 X111.926 Y113.505 E210.55875
G1 X111.354 Y113.364 E210.57834
G1 X110.775 Y112.879 E210.60346
G1 X110.313 Y112.01 E210.6362
G1 X111.77 Y113.467 E210.70473
G1 F1500 E200.70473
;MESH:I2C_LED_BTN-Body002.stl(3)
G0 F4800 X115.57 Y112
G0 X116.665 Y112
G0 X119.335 Y112
G0 X120.43 Y112
G0 X121 Y112
;TYPE:WALL-INNER
G1 F1500 E210.70473
G1 F2400 X121.276 Y112 E210.71391
G0 F4800 X123.398 Y110.253
G1 F2400 X122.994 Y110.393 E210.72813
G1 X122.406 Y110.974 E210.75563
G1 X122.048 Y111.693 E210.78234
G1 X121.276 Y112 E210.80997
G1 X122.038 Y112.303 E210.83725
G1 X122.461 Y113.099 E210.86723
G1 X122.76 Y113.426 E210.88196
G1 X123.188 Y113.71 E210.89905
G1 X124.065 Y113.929 E210.92911
G1 X124.815 Y113.727 E210.95495
G1 X125.322 Y113.373 E210.97551
G1 X125.641 Y112.943 E210.99332
G1 X125.921 Y112.369 E211.01456
G1 X126.25 Y112.117 E211.02835
G1 X126.633 Y112 E211.0418
G1 X126.25 Y111.883 E211.05525
G1 X125.92 Y111.631 E211.06906
G1 X125.548 Y110.856 E211.09766
G1 X125.006 Y110.379 E211.12167
G1 X124.512 Y110.177 E211.13942
G1 X123.803 Y110.114 E211.1631
G1 X123.398 Y110.253 E211.17734
G0 F4800 X125.905 Y111.684
G0 X126.633 Y112
G1 F2400 X127 Y112 E211.18967
G0 F4800 X126.34 Y112.127
G0 X122.911 Y113.639
G0 X122.743 Y113.894
G1 F2400 X123.166 Y114.175 E211.20656
G1 X123.894 Y114.293 E211.23109
G1 X124.355 Y114.264 E211.24645
G1 X124.986 Y114.095 E211.26818
G1 X125.604 Y113.663 E211.29325
G1 X125.986 Y113.15 E211.31453
G1 X126.24 Y112.621 E211.33405
G1 X126.668 Y112.402 E211.35004
G1 X127.4 Y112.4 E211.37438
G1 X127.4 Y111.6 E211.40099
G1 X126.668 Y111.598 E211.42534
G1 X126.438 Y111.53 E211.43331
G1 X126.211 Y111.319 E211.44362
G1 X125.996 Y110.862 E211.46042
G1 X125.702 Y110.459 E211.47701
G1 X125.219 Y110.034 E211.49841
G1 X124.622 Y109.789 E211.51987
G1 X123.929 Y109.674 E211.54324
G1 X123.25 Y109.831 E211.56642
G1 X122.782 Y110.05 E211.5836
G1 X122.392 Y110.359 E211.60015
G1 X122.068 Y110.756 E211.6172
G1 X121.739 Y111.417 E211.64175
G1 X121.276 Y111.6 E211.65831
G1 X120.6 Y111.6 E211.6808
G1 X120.6 Y112.4 E211.7074
G1 X121.276 Y112.4 E211.72989
G1 X121.734 Y112.581 E211.74627
G1 X122.131 Y113.331 E211.77449
G1 X122.498 Y113.732 E211.79257
G1 X122.743 Y113.894 E211.80234
G0 F4800 X122.522 Y114.227
;TYPE:WALL-OUTER
G1 F2400 X122.824 Y114.428 E211.81441
G1 X123.292 Y114.601 E211.831
G1 X123.874 Y114.695 E211.85061
G1 X124.419 Y114.661 E211.86877
G1 X125.158 Y114.463 E211.89422
G1 X125.886 Y113.954 E211.92376
G1 X126.331 Y113.356 E211.94856
G1 X126.55 Y112.893 E211.96559
G1 X126.702 Y112.8 E211.97152
G1 X127.713 Y112.8 E212.00514
G1 X127.8 Y112.713 E212.00924
G1 X127.8 Y111.285 E212.05673
G1 X127.714 Y111.2 E212.06075
G1 X126.702 Y111.2 E212.09441
G1 X126.55 Y111.107 E212.10034
G1 X126.342 Y110.658 E212.1168
G1 X125.999 Y110.188 E212.13615
G1 X125.433 Y109.689 E212.16125
G1 X124.732 Y109.402 E212.18644
G1 X123.917 Y109.266 E212.21392
G1 X123.118 Y109.451 E212.2412
G1 X122.57 Y109.708 E212.26133
G1 X122.11 Y110.072 E212.28084
G1 X121.73 Y110.538 E212.30084
G1 X121.43 Y111.14 E212.32321
G1 X121.276 Y111.2 E212.32871
G1 X120.283 Y111.2 E212.36174
G1 X120.2 Y111.283 E212.36564
G1 X120.2 Y112.714 E212.41324
G1 X120.285 Y112.8 E212.41726
G1 X121.276 Y112.8 E212.45022
G1 X121.428 Y112.86 E212.45565
G1 X121.801 Y113.563 E212.48212
G1 X122.236 Y114.038 E212.50355
G1 X122.522 Y114.227 E212.51495
G0 F4800 X122.688 Y114.337
G0 X123.076 Y113.748
G0 X122.488 Y112.339
;TYPE:SKIN
G1 F1800 X122.776 Y112.879 E212.5353
G1 X123.355 Y113.364 E212.56042
G1 X123.609 Y113.426 E212.56912
G1 X122.209 Y112.027 E212.63495
G1 X122.454 Y111.706 E212.64838
G1 X124.203 Y113.455 E212.73065
G1 X124.674 Y113.361 E212.74662
G1 X122.65 Y111.336 E212.84185
G1 X122.897 Y111.018 E212.85524
G1 X125.007 Y113.127 E212.95446
G1 X125.263 Y112.817 E212.96784
G1 X123.182 Y110.737 E213.0657
G1 X123.596 Y110.585 E213.08036
G1 X125.46 Y112.449 E213.16804
G1 X125.665 Y112.088 E213.18185
G1 X124.095 Y110.519 E213.25567
G1 X124.413 Y110.546 E213.26629
G1 X124.804 Y110.708 E213.28036
G1 X125.202 Y111.06 E213.29804
G1 F1500 E203.29804
;MESH:NONMESH
G0 F1800 X125.202 Y111.06 Z4.8
G0 F4800 X120.43 Y112
G0 X119.335 Y112
G0 X113.896 Y108.945
G0 X112.977 Y108.568
G0 X112.206 Y108.438
G0 X111.594 Y108.456
G0 X110.833 Y108.629
G0 X104.665 Y112
G0 X103.57 Y112
G0 X97 Y112
;TIME_ELAPSED:331.393168
;LAYER:23
;TYPE:WALL-INNER
;MESH:I2C_LED_BTN-Body002.stl(4)
G1 F1500 E213.29804
G1 F2400 X97.276 Y112 E213.30722
G0 F4800 X100.378 Y110.599
G1 F2400 X99.996 Y110.496 E213.32038
G1 X99.611 Y110.56 E213.33336
G1 X99.196 Y110.745 E213.34847
G1 X98.744 Y111.192 E213.36961
G1 X98.444 Y111.773 E213.39136
G1 X98.252 Y112 E213.40125
G1 X98.444 Y112.227 E213.41114
G1 X98.824 Y112.991 E213.43952
G1 X99.336 Y113.327 E213.45989
G1 X99.806 Y113.476 E213.47629
G1 X100.448 Y113.436 E213.49768
G1 X100.911 Y113.189 E213.51513
G1 X101.206 Y112.874 E213.52949
G1 X101.571 Y112.272 E213.5529
G1 X101.787 Y112.023 E213.56387
G1 X101.538 Y111.761 E213.57589
G1 X101.19 Y111.106 E213.60056
G1 X100.712 Y110.689 E213.62166
G1 X100.378 Y110.599 E213.63316
G0 F4800 X101.217 Y110.609
G1 F2400 X100.905 Y110.336 E213.64695
G1 X100.514 Y110.177 E213.66099
G1 X99.996 Y110.09 E213.67846
G1 X99.495 Y110.174 E213.69535
G1 X98.988 Y110.399 E213.7138
G1 X98.406 Y110.974 E213.74101
G1 X98.133 Y111.524 E213.76144
G1 X97.726 Y111.893 E213.77971
G1 X97.276 Y112 E213.79509
G1 X97.726 Y112.107 E213.81048
G1 X98.11 Y112.448 E213.82756
G1 X98.337 Y112.912 E213.84474
G1 X98.634 Y113.344 E213.86218
G1 X99.162 Y113.692 E213.88321
G1 X99.734 Y113.872 E213.90315
G1 X100.573 Y113.822 E213.93111
G1 X101.158 Y113.511 E213.95314
G1 X101.526 Y113.117 E213.97108
G1 X102.042 Y112.268 E214.00412
G1 X102.658 Y112.002 E214.02666
G1 X102.118 Y111.799 E214.04604
G1 X101.891 Y111.56 E214.057
G1 X101.52 Y110.874 E214.08294
G1 X101.217 Y110.609 E214.09633
G0 F4800 X102.216 Y111.844
G0 X102.658 Y112.002
G1 F2400 X103 Y112 E214.10782
G0 F4800 X102.364 Y112.14
G0 X99.409 Y113.867
G0 X99.316 Y114.159
G1 F2400 X99.848 Y114.328 E214.12638
G1 X100.699 Y114.208 E214.15497
G1 X101.405 Y113.833 E214.18156
G1 X101.847 Y113.359 E214.20311
G1 X102.333 Y112.56 E214.23422
G1 X102.702 Y112.403 E214.24756
G1 X103.4 Y112.4 E214.27077
G1 X103.4 Y111.6 E214.29738
G1 X102.682 Y111.599 E214.32126
G1 X102.285 Y111.453 E214.33533
G1 X101.849 Y110.641 E214.36598
G1 X101.517 Y110.277 E214.38237
G1 X101.098 Y109.982 E214.39941
G1 X100.623 Y109.789 E214.41647
G1 X99.996 Y109.685 E214.43761
G1 X99.379 Y109.788 E214.45841
G1 X98.78 Y110.054 E214.48021
G1 X98.391 Y110.359 E214.49665
G1 X98.068 Y110.756 E214.51367
G1 X97.777 Y111.332 E214.53514
G1 X97.474 Y111.6 E214.54859
G1 X96.6 Y111.6 E214.57766
G1 X96.6 Y112.4 E214.60427
G1 X97.474 Y112.4 E214.63334
G1 X97.777 Y112.668 E214.64679
G1 X97.988 Y113.11 E214.66308
G1 X98.349 Y113.635 E214.68427
G1 X98.989 Y114.056 E214.70975
G1 X99.316 Y114.159 E214.72116
G0 F4800 X99.198 Y114.541
;TYPE:WALL-OUTER
G1 F2400 X99.589 Y114.665 E214.73477
G1 X100.115 Y114.695 E214.75229
G1 X100.825 Y114.594 E214.77614
G1 X101.652 Y114.155 E214.80728
G1 X102.167 Y113.602 E214.83242
G1 X102.655 Y112.801 E214.86361
G1 X103.713 Y112.8 E214.8988
G1 X103.8 Y112.713 E214.90289
G1 X103.8 Y111.285 E214.95039
G1 X103.714 Y111.2 E214.95441
G1 X102.601 Y111.2 E214.99143
G1 X102.179 Y110.409 E215.02125
G1 X101.783 Y109.975 E215.04079
G1 X101.291 Y109.629 E215.06079
G1 X100.733 Y109.402 E215.08083
G1 X99.996 Y109.279 E215.10568
G1 X99.263 Y109.402 E215.1304
G1 X98.572 Y109.709 E215.15555
G1 X98.109 Y110.072 E215.17512
G1 X97.73 Y110.538 E215.1951
G1 X97.398 Y111.2 E215.21973
G1 X96.283 Y111.2 E215.25681
G1 X96.2 Y111.283 E215.26072
G1 X96.2 Y112.714 E215.30831
G1 X96.285 Y112.8 E215.31234
G1 X97.342 Y112.8 E215.34749
G1 X97.639 Y113.308 E215.36706
G1 X98.063 Y113.926 E215.39199
G1 X98.815 Y114.421 E215.42194
G1 X99.198 Y114.541 E215.43525
G0 F4800 X99.388 Y114.601
G0 X99.601 Y113.928
G0 X101.244 Y112.019
;TYPE:SKIN
G1 F1800 X100.189 Y113.075 E215.4849
G1 X100.336 Y113.066 E215.4898
G1 X100.79 Y112.823 E215.50692
G1 X101.261 Y112.05 E215.53703
G1 X101.048 Y111.649 E215.55213
G1 X99.665 Y113.032 E215.61718
G1 X99.29 Y112.842 E215.63117
G1 X100.837 Y111.295 E215.70393
G1 X100.535 Y111.031 E215.71727
G1 X99.025 Y112.541 E215.7883
G1 X98.755 Y112 E215.80841
G1 X99.061 Y111.408 E215.83058
G1 X99.394 Y111.076 E215.84622
G1 X100.001 Y110.886 E215.86737
G1 X100.091 Y110.91 E215.87047
G1 X98.837 Y112.164 E215.92945
G1 F1500 E205.92945
;MESH:I2C_LED_BTN-Body002.stl
G0 F4800 X103.57 Y112
G0 X104.665 Y112
G0 X107.335 Y112
G0 X108.43 Y112
G0 X109 Y112
;TYPE:WALL-INNER
G1 F1500 E215.92945
G1 F2400 X109.276 Y112 E215.93863
G0 F4800 X112.378 Y110.599
G1 F2400 X111.996 Y110.496 E215.95179
G1 X111.611 Y110.56 E215.96477
G1 X111.196 Y110.745 E215.97988
G1 X110.744 Y111.192 E216.00103
G1 X110.444 Y111.773 E216.02278
G1 X110.252 Y112 E216.03266
G1 X110.444 Y112.227 E216.04255
G1 X110.824 Y112.991 E216.07093
G1 X111.336 Y113.327 E216.0913
G1 X111.806 Y113.476 E216.1077
G1 X112.448 Y113.436 E216.1291
G1 X112.911 Y113.189 E216.14655
G1 X113.206 Y112.874 E216.1609
G1 X113.571 Y112.272 E216.18432
G1 X113.787 Y112.023 E216.19528
G1 X113.538 Y111.761 E216.2073
G1 X113.19 Y111.106 E216.23197
G1 X112.712 Y110.689 E216.25307
G1 X112.378 Y110.599 E216.26458
G0 F4800 X113.217 Y110.609
G1 F2400 X112.905 Y110.336 E216.27837
G1 X112.514 Y110.177 E216.2924
G1 X111.996 Y110.09 E216.30987
G1 X111.495 Y110.174 E216.32677
G1 X110.988 Y110.399 E216.34522
G1 X110.406 Y110.974 E216.37243
G1 X110.133 Y111.524 E216.39285
G1 X109.726 Y111.893 E216.41113
G1 X109.276 Y112 E216.42651
G1 X109.726 Y112.107 E216.44189
G1 X110.11 Y112.448 E216.45897
G1 X110.337 Y112.912 E216.47616
G1 X110.634 Y113.344 E216.49359
G1 X111.162 Y113.692 E216.51462
G1 X111.734 Y113.872 E216.53457
G1 X112.573 Y113.822 E216.56252
G1 X113.158 Y113.511 E216.58456
G1 X113.526 Y113.117 E216.60249
G1 X114.042 Y112.268 E216.63554
G1 X114.658 Y112.002 E216.65808
G1 X114.118 Y111.799 E216.67745
G1 X113.891 Y111.56 E216.68842
G1 X113.52 Y110.874 E216.71436
G1 X113.217 Y110.609 E216.72775
G0 F4800 X114.216 Y111.844
G0 X114.658 Y112.002
G1 F2400 X115 Y112 E216.73923
G0 F4800 X114.364 Y112.14
G0 X111.409 Y113.867
G0 X111.316 Y114.159
G1 F2400 X111.848 Y114.328 E216.7578
G1 X112.699 Y114.208 E216.78638
G1 X113.405 Y113.833 E216.81297
G1 X113.847 Y113.359 E216.83453
G1 X114.333 Y112.56 E216.86563
G1 X114.702 Y112.403 E216.87897
G1 X115.4 Y112.4 E216.90219
G1 X115.4 Y111.6 E216.9288
G1 X114.682 Y111.599 E216.95268
G1 X114.285 Y111.453 E216.96675
G1 X113.849 Y110.641 E216.9974
G1 X113.517 Y110.277 E217.01379
G1 X113.098 Y109.982 E217.03083
G1 X112.623 Y109.789 E217.04788
G1 X111.996 Y109.685 E217.06902
G1 X111.379 Y109.788 E217.08983
G1 X110.78 Y110.054 E217.11163
G1 X110.391 Y110.359 E217.12807
G1 X110.068 Y110.756 E217.14509
G1 X109.777 Y111.332 E217.16655
G1 X109.474 Y111.6 E217.18001
G1 X108.6 Y111.6 E217.20908
G1 X108.6 Y112.4 E217.23568
G1 X109.474 Y112.4 E217.26475
G1 X109.777 Y112.668 E217.27821
G1 X109.988 Y113.11 E217.2945
G1 X110.349 Y113.635 E217.31569
G1 X110.989 Y114.056 E217.34117
G1 X111.316 Y114.159 E217.35257
G0 F4800 X111.198 Y114.541
;TYPE:WALL-OUTER
G1 F2400 X111.589 Y114.665 E217.36618
G1 X112.115 Y114.695 E217.3837
G1 X112.825 Y114.594 E217.40756
G1 X113.652 Y114.155 E217.4387
G1 X114.167 Y113.602 E217.46383
G1 X114.655 Y112.801 E217.49503
G1 X115.713 Y112.8 E217.53022
G1 X115.8 Y112.713 E217.53431
G1 X115.8 Y111.285 E217.5818
G1 X115.714 Y111.2 E217.58583
G1 X114.601 Y111.2 E217.62284
G1 X114.179 Y110.409 E217.65266
G1 X113.783 Y109.975 E217.6722
G1 X113.291 Y109.629 E217.69221
G1 X112.733 Y109.402 E217.71225
G1 X111.996 Y109.279 E217.7371
G1 X111.263 Y109.402 E217.76182
G1 X110.572 Y109.709 E217.78697
G1 X110.109 Y110.072 E217.80653
G1 X109.73 Y110.538 E217.82651
G1 X109.398 Y111.2 E217.85115
G1 X108.283 Y111.2 E217.88823
G1 X108.2 Y111.283 E217.89213
G1 X108.2 Y112.714 E217.93973
G1 X108.285 Y112.8 E217.94375
G1 X109.342 Y112.8 E217.97891
G1 X109.639 Y113.308 E217.99848
G1 X110.063 Y113.926 E218.02341
G1 X110.815 Y114.421 E218.05335
G1 X111.198 Y114.541 E218.06667
G0 F4800 X111.388 Y114.601
G0 X111.601 Y113.928
G0 X112.336 Y113.066
;TYPE:SKIN
G1 F1800 X112.79 Y112.822 E218.08381
G1 X113.261 Y112.05 E218.11389
G1 X113.202 Y111.941 E218.11801
G1 X112.059 Y113.083 E218.17175
G1 X111.573 Y113.004 E218.18813
G1 X113.007 Y111.57 E218.25558
G1 X112.773 Y111.239 E218.26906
G1 X111.217 Y112.794 E218.34223
G1 X110.985 Y112.46 E218.35575
G1 X112.442 Y111.004 E218.42426
G1 X112.001 Y110.886 E218.43944
G1 X110.797 Y112.083 E218.49591
G1 X110.756 Y112 E218.49899
G1 X111.061 Y111.408 E218.52114
G1 X111.395 Y111.076 E218.5368
G1 F1500 E208.5368
;MESH:I2C_LED_BTN-Body002.stl(3)
G0 F4800 X115.57 Y112
G0 X116.665 Y112
G0 X119.335 Y112
G0 X120.43 Y112
G0 X121 Y112
;TYPE:WALL-INNER
G1 F1500 E218.5368
G1 F2400 X121.276 Y112 E218.54598
G0 F4800 X124.378 Y110.599
G1 F2400 X123.996 Y110.496 E218.55914
G1 X123.611 Y110.56 E218.57212
G1 X123.196 Y110.745 E218.58724
G1 X122.744 Y111.192 E218.60838
G1 X122.444 Y111.773 E218.63013
G1 X122.252 Y112 E218.64002
G1 X122.444 Y112.227 E218.64991
G1 X122.824 Y112.991 E218.67829
G1 X123.336 Y113.327 E218.69865
G1 X123.806 Y113.476 E218.71505
G1 X124.448 Y113.436 E218.73645
G1 X124.911 Y113.189 E218.7539
G1 X125.206 Y112.874 E218.76826
G1 X125.571 Y112.272 E218.79167
G1 X125.787 Y112.023 E218.80263
G1 X125.538 Y111.761 E218.81466
G1 X125.19 Y111.106 E218.83933
G1 X124.712 Y110.689 E218.86042
G1 X124.378 Y110.599 E218.87193
G0 F4800 X125.217 Y110.609
G1 F2400 X124.905 Y110.336 E218.88572
G1 X124.514 Y110.177 E218.89976
G1 X123.996 Y110.09 E218.91723
G1 X123.495 Y110.174 E218.93412
G1 X122.988 Y110.399 E218.95257
G1 X122.406 Y110.974 E218.97978
G1 X122.133 Y111.524 E219.0002
G1 X121.726 Y111.893 E219.01848
G1 X121.276 Y112 E219.03386
G1 X121.726 Y112.107 E219.04925
G1 X122.11 Y112.448 E219.06633
G1 X122.337 Y112.912 E219.08351
G1 X122.634 Y113.344 E219.10094
G1 X123.162 Y113.692 E219.12198
G1 X123.734 Y113.872 E219.14192
G1 X124.573 Y113.822 E219.16988
G1 X125.158 Y113.511 E219.19191
G1 X125.526 Y113.117 E219.20984
G1 X126.042 Y112.268 E219.24289
G1 X126.658 Y112.002 E219.26543
G1 X126.118 Y111.799 E219.28481
G1 X125.891 Y111.56 E219.29577
G1 X125.52 Y110.874 E219.32171
G1 X125.217 Y110.609 E219.3351
G0 F4800 X126.216 Y111.844
G0 X126.658 Y112.002
G1 F2400 X127 Y112 E219.34659
G0 F4800 X126.364 Y112.14
G0 X123.409 Y113.867
G0 X123.316 Y114.159
G1 F2400 X123.848 Y114.328 E219.36515
G1 X124.699 Y114.208 E219.39374
G1 X125.405 Y113.833 E219.42033
G1 X125.847 Y113.359 E219.44188
G1 X126.333 Y112.56 E219.47299
G1 X126.702 Y112.403 E219.48632
G1 X127.4 Y112.4 E219.50954
G1 X127.4 Y111.6 E219.53615
G1 X126.682 Y111.599 E219.56003
G1 X126.285 Y111.453 E219.5741
G1 X125.849 Y110.641 E219.60475
G1 X125.517 Y110.277 E219.62114
G1 X125.098 Y109.982 E219.63818
G1 X124.623 Y109.789 E219.65523
G1 X123.996 Y109.685 E219.67637
G1 X123.379 Y109.788 E219.69718
G1 X122.78 Y110.054 E219.71898
G1 X122.391 Y110.359 E219.73542
G1 X122.068 Y110.756 E219.75244
G1 X121.777 Y111.332 E219.7739
G1 X121.474 Y111.6 E219.78736
G1 X120.6 Y111.6 E219.81643
G1 X120.6 Y112.4 E219.84304
G1 X121.474 Y112.4 E219.87211
G1 X121.777 Y112.668 E219.88556
G1 X121.988 Y113.11 E219.90185
G1 X122.349 Y113.635 E219.92304
G1 X122.989 Y114.056 E219.94852
G1 X123.316 Y114.159 E219.95992
G0 F4800 X123.198 Y114.541
;TYPE:WALL-OUTER
G1 F2400 X123.589 Y114.665 E219.97353
G1 X124.115 Y114.695 E219.99106
G1 X124.825 Y114.594 E220.01491
G1 X125.652 Y114.155 E220.04605
G1 X126.167 Y113.602 E220.07118
G1 X126.655 Y112.801 E220.10238
G1 X127.713 Y112.8 E220.13757
G1 X127.8 Y112.713 E220.14166
G1 X127.8 Y111.285 E220.18916
G1 X127.714 Y111.2 E220.19318
G1 X126.601 Y111.2 E220.2302
G1 X126.179 Y110.409 E220.26002
G1 X125.783 Y109.975 E220.27956
G1 X125.291 Y109.629 E220.29956
G1 X124.733 Y109.402 E220.3196
G1 X123.996 Y109.279 E220.34445
G1 X123.263 Y109.402 E220.36917
G1 X122.572 Y109.709 E220.39432
G1 X122.109 Y110.072 E220.41389
G1 X121.73 Y110.538 E220.43387
G1 X121.398 Y111.2 E220.4585
G1 X120.283 Y111.2 E220.49558
G1 X120.2 Y111.283 E220.49949
G1 X120.2 Y112.714 E220.54708
G1 X120.285 Y112.8 E220.5511
G1 X121.342 Y112.8 E220.58626
G1 X121.639 Y113.308 E220.60583
G1 X122.063 Y113.926 E220.63076
G1 X122.815 Y114.421 E220.6607
G1 X123.198 Y114.541 E220.67402
G0 F4800 X123.388 Y114.601
G0 X123.601 Y113.928
G0 X124.83 Y112.758
;TYPE:SKIN
G1 F1800 X124.336 Y113.066 E220.69338
G1 X123.931 Y113.091 E220.70688
G1 X125.161 Y111.861 E220.76473
G1 X124.965 Y111.492 E220.77863
G1 X123.485 Y112.972 E220.84824
G1 X123.145 Y112.746 E220.86182
G1 X124.708 Y111.183 E220.93534
G1 X124.347 Y110.978 E220.94915
G1 X122.945 Y112.38 E221.01509
G1 X122.755 Y112 E221.02923
G1 X123.061 Y111.408 E221.05139
G1 X123.395 Y111.076 E221.06705
G0 F4800 X123.816 Y110.944
G1 F1800 X122.757 Y112.003 E221.11687
G1 F1500 E211.11687
;MESH:NONMESH
G0 F1800 X122.757 Y112.003 Z5
G0 F4800 X120.43 Y112
G0 X119.335 Y112
G0 X113.708 Y108.867
G0 X112.976 Y108.568
G0 X112 Y108.403
G0 X111.013 Y108.57
G0 X110.51 Y108.793
G0 X104.665 Y112
G0 X103.57 Y112
G0 X97 Y112
;TIME_ELAPSED:341.907838
;LAYER:24
;TYPE:WALL-INNER
;MESH:I2C_LED_BTN-Body002.stl(4)
G1 F1500 E221.11687
G1 F2400 X97.276 Y112 E221.12605
G0 F4800 X100.682 Y113.715
G1 F2400 X101.142 Y113.532 E221.14251
G1 X101.538 Y113.097 E221.16208
G1 X101.953 Y112.308 E221.19173
G1 X102.633 Y112 E221.2168
G1 X101.954 Y111.693 E221.24184
G1 X101.52 Y110.874 E221.27267
G1 X100.905 Y110.336 E221.29984
G1 X100.514 Y110.177 E221.31388
G1 X99.803 Y110.114 E221.33762
G1 X98.993 Y110.393 E221.36612
G1 X98.59 Y110.711 E221.38319
G1 X98.284 Y111.186 E221.40198
G1 X97.965 Y111.726 E221.42284
G1 X97.276 Y112 E221.44751
G1 X98.039 Y112.304 E221.47482
G1 X98.459 Y113.098 E221.5047
G1 X98.855 Y113.536 E221.52434
G1 X99.276 Y113.75 E221.54005
G1 X99.821 Y113.88 E221.55868
G1 X100.3 Y113.867 E221.57462
G1 X100.682 Y113.715 E221.58829
G0 F4800 X102.213 Y112.156
G0 X102.633 Y112
G1 F2400 X103 Y112 E221.60062
G0 F4800 X102.292 Y112.14
G0 X99.542 Y113.91
G0 X99.47 Y114.207
G1 F2400 X99.779 Y114.282 E221.6112
G1 X100.359 Y114.266 E221.6305
G1 X100.846 Y114.133 E221.64729
G1 X101.389 Y113.855 E221.66758
G1 X101.868 Y113.328 E221.69126
G1 X102.261 Y112.584 E221.71925
G1 X102.668 Y112.402 E221.73408
G1 X103.4 Y112.4 E221.75842
G1 X103.4 Y111.6 E221.78503
G1 X102.668 Y111.598 E221.80938
G1 X102.26 Y111.416 E221.82424
G1 X101.849 Y110.641 E221.85341
G1 X101.517 Y110.277 E221.8698
G1 X101.098 Y109.982 E221.88684
G1 X100.623 Y109.789 E221.9039
G1 X99.929 Y109.674 E221.92729
G1 X99.25 Y109.831 E221.95047
G1 X98.782 Y110.05 E221.96766
G1 X98.29 Y110.438 E221.9885
G1 X97.929 Y110.998 E222.01066
G1 X97.69 Y111.436 E222.02726
G1 X97.276 Y111.6 E222.04207
G1 X96.6 Y111.6 E222.06455
G1 X96.6 Y112.4 E222.09116
G1 X97.276 Y112.4 E222.11364
G1 X97.734 Y112.581 E222.13002
G1 X98.128 Y113.329 E222.15814
G1 X98.607 Y113.859 E222.1819
G1 X99.137 Y114.128 E222.20167
G1 X99.47 Y114.207 E222.21305
G0 F4800 X99.377 Y114.597
;TYPE:WALL-OUTER
G1 F2400 X99.737 Y114.683 E222.22536
G1 X100.418 Y114.664 E222.24802
G1 X100.991 Y114.508 E222.26777
G1 X101.636 Y114.178 E222.29187
G1 X102.198 Y113.56 E222.31965
G1 X102.567 Y112.861 E222.34594
G1 X102.702 Y112.8 E222.35087
G1 X103.713 Y112.8 E222.3845
G1 X103.8 Y112.713 E222.38859
G1 X103.8 Y111.285 E222.43608
G1 X103.714 Y111.2 E222.44011
G1 X102.702 Y111.2 E222.47377
G1 X102.567 Y111.139 E222.47869
G1 X102.179 Y110.409 E222.50619
G1 X101.783 Y109.975 E222.52573
G1 X101.291 Y109.629 E222.54574
G1 X100.733 Y109.402 E222.56577
G1 X99.917 Y109.266 E222.59329
G1 X99.118 Y109.451 E222.62056
G1 X98.57 Y109.708 E222.6407
G1 X97.99 Y110.165 E222.66525
G1 X97.574 Y110.81 E222.69078
G1 X97.388 Y111.2 E222.70515
G1 X96.283 Y111.2 E222.74191
G1 X96.2 Y111.283 E222.74581
G1 X96.2 Y112.714 E222.79341
G1 X96.285 Y112.8 E222.79743
G1 X97.276 Y112.8 E222.83039
G1 X97.429 Y112.86 E222.83585
G1 X97.798 Y113.56 E222.86217
G1 X98.36 Y114.182 E222.89005
G1 X98.998 Y114.506 E222.91385
G1 X99.377 Y114.597 E222.92682
G0 F4800 X99.571 Y114.643
G0 X99.737 Y113.957
G0 X98.233 Y112.003
;TYPE:SKIN
G1 F1800 X98.489 Y112.341 E222.94092
G1 X98.771 Y112.878 E222.96109
G1 X99.09 Y113.229 E222.97687
G1 X99.859 Y113.499 E223.00398
G1 X99.921 Y113.497 E223.00604
G1 X98.306 Y111.882 E223.082
G1 X98.52 Y111.531 E223.09568
G1 X100.408 Y113.419 E223.18448
G1 X100.813 Y113.258 E223.19898
G1 X98.733 Y111.178 E223.29682
G1 X98.996 Y110.875 E223.31016
G1 X101.117 Y112.996 E223.40993
G1 X101.342 Y112.656 E223.42349
G1 X99.353 Y110.667 E223.51704
G1 X99.775 Y110.523 E223.53187
G1 X101.538 Y112.286 E223.6148
G1 X101.689 Y111.999 E223.62559
G1 X101.544 Y111.726 E223.63587
G1 X100.358 Y110.541 E223.69163
G1 X100.711 Y110.666 E223.70408
G1 X101.212 Y111.104 E223.72622
G1 F1500 E213.72622
;MESH:I2C_LED_BTN-Body002.stl
G0 F4800 X103.57 Y112
G0 X104.665 Y112
G0 X107.335 Y112
G0 X108.43 Y112
G0 X109 Y112
;TYPE:WALL-INNER
G1 F1500 E223.72622
G1 F2400 X109.276 Y112 E223.7354
G0 F4800 X112.682 Y113.715
G1 F2400 X113.142 Y113.532 E223.75186
G1 X113.538 Y113.097 E223.77143
G1 X113.953 Y112.308 E223.80108
G1 X114.633 Y112 E223.82616
G1 X113.954 Y111.693 E223.85119
G1 X113.52 Y110.874 E223.88202
G1 X112.905 Y110.336 E223.9092
G1 X112.514 Y110.177 E223.92323
G1 X111.803 Y110.114 E223.94697
G1 X110.993 Y110.393 E223.97547
G1 X110.59 Y110.711 E223.99254
G1 X110.284 Y111.186 E224.01134
G1 X109.965 Y111.726 E224.0322
G1 X109.276 Y112 E224.05686
G1 X110.039 Y112.304 E224.08418
G1 X110.459 Y113.098 E224.11405
G1 X110.855 Y113.536 E224.13369
G1 X111.276 Y113.75 E224.1494
G1 X111.821 Y113.88 E224.16803
G1 X112.3 Y113.867 E224.18397
G1 X112.682 Y113.715 E224.19765
G0 F4800 X114.213 Y112.156
G0 X114.633 Y112
G1 F2400 X115 Y112 E224.20997
G0 F4800 X114.292 Y112.14
G0 X111.542 Y113.91
G0 X111.47 Y114.207
G1 F2400 X111.779 Y114.282 E224.22055
G1 X112.359 Y114.266 E224.23985
G1 X112.846 Y114.133 E224.25664
G1 X113.389 Y113.855 E224.27693
G1 X113.868 Y113.328 E224.30061
G1 X114.261 Y112.584 E224.3286
G1 X114.668 Y112.402 E224.34343
G1 X115.4 Y112.4 E224.36778
G1 X115.4 Y111.6 E224.39438
G1 X114.668 Y111.598 E224.41873
G1 X114.26 Y111.416 E224.43359
G1 X113.849 Y110.641 E224.46277
G1 X113.517 Y110.277 E224.47915
G1 X113.098 Y109.982 E224.4962
G1 X112.623 Y109.789 E224.51325
G1 X111.929 Y109.674 E224.53665
G1 X111.25 Y109.831 E224.55983
G1 X110.782 Y110.05 E224.57701
G1 X110.29 Y110.438 E224.59785
G1 X109.929 Y110.998 E224.62001
G1 X109.69 Y111.436 E224.63661
G1 X109.276 Y111.6 E224.65142
G1 X108.6 Y111.6 E224.6739
G1 X108.6 Y112.4 E224.70051
G1 X109.276 Y112.4 E224.72299
G1 X109.734 Y112.581 E224.73937
G1 X110.128 Y113.329 E224.76749
G1 X110.607 Y113.859 E224.79125
G1 X111.137 Y114.128 E224.81102
G1 X111.47 Y114.207 E224.8224
G0 F4800 X111.377 Y114.597
;TYPE:WALL-OUTER
G1 F2400 X111.737 Y114.683 E224.83471
G1 X112.418 Y114.664 E224.85737
G1 X112.991 Y114.508 E224.87713
G1 X113.636 Y114.178 E224.90122
G1 X114.198 Y113.56 E224.92901
G1 X114.567 Y112.861 E224.9553
G1 X114.702 Y112.8 E224.96022
G1 X115.713 Y112.8 E224.99385
G1 X115.8 Y112.713 E224.99794
G1 X115.8 Y111.285 E225.04544
G1 X115.714 Y111.2 E225.04946
G1 X114.702 Y111.2 E225.08312
G1 X114.567 Y111.139 E225.08804
G1 X114.179 Y110.409 E225.11554
G1 X113.783 Y109.975 E225.13508
G1 X113.291 Y109.629 E225.15509
G1 X112.733 Y109.402 E225.17512
G1 X111.917 Y109.266 E225.20264
G1 X111.118 Y109.451 E225.22992
G1 X110.57 Y109.708 E225.25005
G1 X109.99 Y110.165 E225.27461
G1 X109.574 Y110.81 E225.30013
G1 X109.388 Y111.2 E225.31451
G1 X108.283 Y111.2 E225.35126
G1 X108.2 Y111.283 E225.35516
G1 X108.2 Y112.714 E225.40276
G1 X108.285 Y112.8 E225.40678
G1 X109.276 Y112.8 E225.43974
G1 X109.429 Y112.86 E225.44521
G1 X109.798 Y113.56 E225.47152
G1 X110.36 Y114.182 E225.49941
G1 X110.998 Y114.506 E225.52321
G1 X111.377 Y114.597 E225.53617
G0 F4800 X111.571 Y114.643
G0 X111.737 Y113.957
G0 X111.771 Y113.468
;TYPE:SKIN
G1 F1800 X110.316 Y112.013 E225.60461
G1 X110.771 Y112.878 E225.63712
G1 X111.089 Y113.229 E225.65287
G1 X111.859 Y113.499 E225.68001
G1 X112.322 Y113.453 E225.69548
G1 X110.474 Y111.605 E225.78241
G1 X110.688 Y111.254 E225.79608
G1 X112.726 Y113.292 E225.89194
G1 X113.059 Y113.059 E225.90546
G1 X110.929 Y110.929 E226.00565
G1 X111.264 Y110.698 E226.01918
G1 X113.3 Y112.734 E226.11495
G1 X113.496 Y112.365 E226.12885
G1 X111.685 Y110.554 E226.21403
G1 X111.851 Y110.497 E226.21987
G1 X112.417 Y110.546 E226.23876
G1 X112.711 Y110.666 E226.24933
G1 X113.212 Y111.103 E226.27144
G0 F4800 X113.682 Y111.985
G1 F1800 X112.227 Y110.53 E226.33988
G1 F1500 E216.33988
;MESH:I2C_LED_BTN-Body002.stl(3)
G0 F4800 X114.466 Y111.427
G0 X115.117 Y110.341
G0 X115.978 Y110.339
G0 X119.335 Y111.427
G0 X120.43 Y111.427
G0 X121 Y112
;TYPE:WALL-INNER
G1 F1500 E226.33988
G1 F2400 X121.276 Y112 E226.34906
G0 F4800 X124.682 Y113.715
G1 F2400 X125.142 Y113.532 E226.36552
G1 X125.538 Y113.097 E226.38509
G1 X125.953 Y112.308 E226.41474
G1 X126.633 Y112 E226.43981
G1 X125.954 Y111.693 E226.46485
G1 X125.52 Y110.874 E226.49568
G1 X124.905 Y110.336 E226.52285
G1 X124.514 Y110.177 E226.53689
G1 X123.803 Y110.114 E226.56063
G1 X122.993 Y110.393 E226.58913
G1 X122.59 Y110.711 E226.6062
G1 X122.284 Y111.186 E226.62499
G1 X121.965 Y111.726 E226.64585
G1 X121.276 Y112 E226.67052
G1 X122.039 Y112.304 E226.69783
G1 X122.459 Y113.098 E226.72771
G1 X122.855 Y113.536 E226.74735
G1 X123.276 Y113.75 E226.76306
G1 X123.821 Y113.88 E226.78169
G1 X124.3 Y113.867 E226.79763
G1 X124.682 Y113.715 E226.8113
G0 F4800 X126.213 Y112.156
G0 X126.633 Y112
G1 F2400 X127 Y112 E226.82363
G0 F4800 X126.292 Y112.14
G0 X123.542 Y113.91
G0 X123.47 Y114.207
G1 F2400 X123.779 Y114.282 E226.83421
G1 X124.359 Y114.266 E226.85351
G1 X124.846 Y114.133 E226.8703
G1 X125.389 Y113.855 E226.89059
G1 X125.868 Y113.328 E226.91427
G1 X126.261 Y112.584 E226.94226
G1 X126.668 Y112.402 E226.95709
G1 X127.4 Y112.4 E226.98143
G1 X127.4 Y111.6 E227.00804
G1 X126.668 Y111.598 E227.03239
G1 X126.26 Y111.416 E227.04725
G1 X125.849 Y110.641 E227.07642
G1 X125.517 Y110.277 E227.09281
G1 X125.098 Y109.982 E227.10985
G1 X124.623 Y109.789 E227.12691
G1 X123.929 Y109.674 E227.1503
G1 X123.25 Y109.831 E227.17348
G1 X122.782 Y110.05 E227.19067
G1 X122.29 Y110.438 E227.21151
G1 X121.929 Y110.998 E227.23367
G1 X121.69 Y111.436 E227.25027
G1 X121.276 Y111.6 E227.26508
G1 X120.6 Y111.6 E227.28756
G1 X120.6 Y112.4 E227.31417
G1 X121.276 Y112.4 E227.33665
G1 X121.734 Y112.581 E227.35303
G1 X122.128 Y113.329 E227.38115
G1 X122.607 Y113.859 E227.40491
G1 X123.137 Y114.128 E227.42468
G1 X123.47 Y114.207 E227.43606
G0 F4800 X123.377 Y114.597
;TYPE:WALL-OUTER
G1 F2400 X123.737 Y114.683 E227.44837
G1 X124.418 Y114.664 E227.47103
G1 X124.991 Y114.508 E227.49078
G1 X125.636 Y114.178 E227.51488
G1 X126.198 Y113.56 E227.54266
G1 X126.567 Y112.861 E227.56895
G1 X126.702 Y112.8 E227.57388
G1 X127.713 Y112.8 E227.60751
G1 X127.8 Y112.713 E227.6116
G1 X127.8 Y111.285 E227.65909
G1 X127.714 Y111.2 E227.66312
G1 X126.702 Y111.2 E227.69678
G1 X126.567 Y111.139 E227.7017
G1 X126.179 Y110.409 E227.7292
G1 X125.783 Y109.975 E227.74874
G1 X125.291 Y109.629 E227.76875
G1 X124.733 Y109.402 E227.78878
G1 X123.917 Y109.266 E227.8163
G1 X123.118 Y109.451 E227.84357
G1 X122.57 Y109.708 E227.86371
G1 X121.99 Y110.165 E227.88826
G1 X121.574 Y110.81 E227.91379
G1 X121.388 Y111.2 E227.92816
G1 X120.283 Y111.2 E227.96492
G1 X120.2 Y111.283 E227.96882
G1 X120.2 Y112.714 E228.01642
G1 X120.285 Y112.8 E228.02044
G1 X121.276 Y112.8 E228.0534
G1 X121.429 Y112.86 E228.05886
G1 X121.798 Y113.56 E228.08518
G1 X122.36 Y114.182 E228.11306
G1 X122.998 Y114.506 E228.13686
G1 X123.377 Y114.597 E228.14983
G0 F4800 X123.571 Y114.643
G0 X123.737 Y113.957
G0 X122.489 Y112.341
;TYPE:SKIN
G1 F1800 X122.771 Y112.878 E228.17
G1 X123.09 Y113.229 E228.18578
G1 X123.585 Y113.402 E228.20322
G1 X122.215 Y112.033 E228.26763
G1 X122.428 Y111.68 E228.28135
G1 X124.236 Y113.488 E228.36639
G1 X124.64 Y113.327 E228.38085
G1 X122.643 Y111.329 E228.47481
G1 X122.862 Y110.983 E228.48843
G1 X125.002 Y113.123 E228.58909
G1 X125.258 Y112.813 E228.60246
G1 X123.177 Y110.732 E228.70034
G1 X123.595 Y110.584 E228.71509
G1 X125.454 Y112.443 E228.80253
G1 X125.689 Y111.999 E228.81924
G1 X125.212 Y111.104 E228.85298
G1 X124.711 Y110.666 E228.87511
G1 X124.095 Y110.519 E228.89617
G1 X125.65 Y112.074 E228.96931
G1 F1500 E218.96931
;MESH:NONMESH
G0 F1800 X125.65 Y112.074 Z5.2
G0 F4800 X120.43 Y112
G0 X119.335 Y112
G0 X113.708 Y108.867
G0 X112.977 Y108.568
G0 X112.206 Y108.438
G0 X111.594 Y108.456
G0 X110.833 Y108.629
G0 X104.665 Y112
G0 X103.57 Y112
G0 X97 Y112
;TIME_ELAPSED:352.669624
;LAYER:25
;TYPE:WALL-INNER
;MESH:I2C_LED_BTN-Body002.stl(4)
G1 F1500 E228.96931
G1 F2400 X97.276 Y112 E228.97849
G0 F4800 X100.461 Y113.37
G1 F2400 X100.806 Y113.253 E228.99061
G1 X101.179 Y112.902 E229.00765
G1 X101.489 Y112.33 E229.02929
G1 X101.748 Y112 E229.04324
G1 X101.489 Y111.67 E229.05719
G1 X101.19 Y111.106 E229.07842
G1 X100.712 Y110.689 E229.09952
G1 X99.999 Y110.496 E229.12409
G1 X99.597 Y110.563 E229.13764
G1 X99.026 Y110.872 E229.15924
G1 X98.736 Y111.209 E229.17402
G1 X98.444 Y111.773 E229.19515
G1 X98.252 Y112 E229.20504
G1 X98.444 Y112.227 E229.21493
G1 X98.698 Y112.729 E229.23364
G1 X99.006 Y113.129 E229.25043
G1 X99.478 Y113.397 E229.26848
G1 X100.118 Y113.485 E229.28997
G1 X100.461 Y113.37 E229.302
G0 F4800 X99.736 Y113.828
G1 F2400 X100.288 Y113.908 E229.32055
G1 X101.004 Y113.603 E229.34644
G1 X101.506 Y113.138 E229.3692
G1 X101.961 Y112.299 E229.40094
G1 X102.633 Y112 E229.42565
G1 X101.958 Y111.699 E229.45048
G1 X101.52 Y110.874 E229.48154
G1 X100.905 Y110.336 E229.50872
G1 X100.513 Y110.176 E229.5228
G1 X99.999 Y110.091 E229.54013
G1 X99.486 Y110.176 E229.55743
G1 X98.756 Y110.573 E229.58506
G1 X98.4 Y110.986 E229.6032
G1 X98.133 Y111.524 E229.62318
G1 X97.726 Y111.893 E229.64145
G1 X97.276 Y112 E229.65683
G1 X97.726 Y112.107 E229.67222
G1 X98.061 Y112.349 E229.68596
G1 X98.354 Y112.939 E229.70787
G1 X98.738 Y113.437 E229.72879
G1 X99.323 Y113.769 E229.75116
G1 X99.736 Y113.828 E229.76504
G0 F4800 X102.219 Y112.156
G0 X102.633 Y112
G1 F2400 X103 Y112 E229.77736
G0 F4800 X102.219 Y112.156
G0 X101.723 Y112.937
G0 X101.991 Y113.083
G1 F2400 X102.265 Y112.579 E229.79644
G1 X102.668 Y112.402 E229.81108
G1 X103.4 Y112.4 E229.83543
G1 X103.4 Y111.6 E229.86204
G1 X102.668 Y111.598 E229.88638
G1 X102.263 Y111.42 E229.9011
G1 X101.849 Y110.641 E229.93044
G1 X101.517 Y110.277 E229.94683
G1 X101.098 Y109.982 E229.96387
G1 X100.623 Y109.789 E229.98092
G1 X99.999 Y109.685 E230.00196
G1 X99.375 Y109.789 E230.023
G1 X98.898 Y109.986 E230.04017
G1 X98.486 Y110.273 E230.05687
G1 X98.064 Y110.763 E230.07838
G1 X97.777 Y111.332 E230.09957
G1 X97.474 Y111.6 E230.11303
G1 X96.6 Y111.6 E230.1421
G1 X96.6 Y112.4 E230.16871
G1 X97.474 Y112.4 E230.19777
G1 X97.777 Y112.668 E230.21123
G1 X98.011 Y113.149 E230.22902
G1 X98.47 Y113.745 E230.25404
G1 X99.169 Y114.141 E230.28076
G1 X99.579 Y114.256 E230.29492
G1 X100.165 Y114.289 E230.31444
G1 X100.585 Y114.216 E230.32862
G1 X101.35 Y113.891 E230.35627
G1 X101.833 Y113.374 E230.3798
G1 X101.991 Y113.083 E230.39081
G0 F4800 X102.342 Y113.276
;TYPE:WALL-OUTER
G1 F2400 X102.569 Y112.859 E230.40661
G1 X102.702 Y112.8 E230.41144
G1 X103.713 Y112.8 E230.44507
G1 X103.8 Y112.713 E230.44916
G1 X103.8 Y111.285 E230.49666
G1 X103.714 Y111.2 E230.50068
G1 X102.702 Y111.2 E230.53434
G1 X102.568 Y111.141 E230.53921
G1 X102.179 Y110.409 E230.56678
G1 X101.783 Y109.975 E230.58632
G1 X101.291 Y109.629 E230.60633
G1 X100.733 Y109.402 E230.62636
G1 X99.999 Y109.279 E230.65112
G1 X99.264 Y109.402 E230.6759
G1 X98.705 Y109.633 E230.69602
G1 X98.216 Y109.974 E230.71585
G1 X97.728 Y110.54 E230.7407
G1 X97.399 Y111.2 E230.76523
G1 X96.283 Y111.2 E230.80235
G1 X96.2 Y111.283 E230.80625
G1 X96.2 Y112.714 E230.85385
G1 X96.285 Y112.8 E230.85787
G1 X97.4 Y112.8 E230.89496
G1 X97.668 Y113.359 E230.91557
G1 X98.202 Y114.053 E230.9447
G1 X99.014 Y114.513 E230.97574
G1 X99.513 Y114.653 E230.99298
G1 X100.188 Y114.691 E231.01546
G1 X100.699 Y114.602 E231.03271
G1 X101.585 Y114.225 E231.06474
G1 X102.16 Y113.61 E231.09274
G1 X102.342 Y113.276 E231.10539
G0 F4800 X102.437 Y113.101
G0 X101.816 Y112.764
G0 X100.611 Y112.92
;TYPE:SKIN
G1 F1800 X100.87 Y112.673 E231.1173
G1 X101.236 Y112.002 E231.14272
G1 X101.048 Y111.649 E231.15602
G1 X99.655 Y113.042 E231.22154
G1 X99.283 Y112.849 E231.23548
G1 X100.837 Y111.295 E231.30858
G1 X100.535 Y111.031 E231.32192
G1 X99.03 Y112.537 E231.39273
G1 X98.753 Y111.999 E231.41286
G1 X99.052 Y111.426 E231.43436
G1 X99.277 Y111.164 E231.44584
G1 X99.711 Y110.929 E231.46226
G1 X100.091 Y110.91 E231.47491
G1 X98.837 Y112.163 E231.53387
G0 F4800 X100.203 Y113.061
G1 F1800 X101.205 Y112.059 E231.581
G1 F1500 E221.581
;MESH:I2C_LED_BTN-Body002.stl
G0 F4800 X103.57 Y112
G0 X104.665 Y112
G0 X107.335 Y112
G0 X108.43 Y112
G0 X109 Y112
;TYPE:WALL-INNER
G1 F1500 E231.581
G1 F2400 X109.276 Y112 E231.59018
G0 F4800 X112.461 Y113.37
G1 F2400 X112.806 Y113.253 E231.6023
G1 X113.179 Y112.902 E231.61934
G1 X113.489 Y112.33 E231.64098
G1 X113.748 Y112 E231.65493
G1 X113.489 Y111.67 E231.66888
G1 X113.19 Y111.106 E231.69011
G1 X112.712 Y110.689 E231.71121
G1 X111.999 Y110.496 E231.73578
G1 X111.597 Y110.563 E231.74933
G1 X111.026 Y110.872 E231.77093
G1 X110.736 Y111.209 E231.78571
G1 X110.444 Y111.773 E231.80684
G1 X110.252 Y112 E231.81673
G1 X110.444 Y112.227 E231.82662
G1 X110.698 Y112.729 E231.84533
G1 X111.006 Y113.129 E231.86212
G1 X111.478 Y113.397 E231.88017
G1 X112.118 Y113.485 E231.90166
G1 X112.461 Y113.37 E231.91369
G0 F4800 X111.736 Y113.828
G1 F2400 X112.288 Y113.908 E231.93224
G1 X113.004 Y113.603 E231.95813
G1 X113.506 Y113.138 E231.98089
G1 X113.961 Y112.299 E232.01263
G1 X114.633 Y112 E232.03734
G1 X113.958 Y111.699 E232.06217
G1 X113.52 Y110.874 E232.09323
G1 X112.905 Y110.336 E232.12041
G1 X112.513 Y110.176 E232.13449
G1 X111.999 Y110.091 E232.15182
G1 X111.486 Y110.176 E232.16912
G1 X110.756 Y110.573 E232.19675
G1 X110.4 Y110.986 E232.21489
G1 X110.133 Y111.524 E232.23487
G1 X109.726 Y111.893 E232.25314
G1 X109.276 Y112 E232.26852
G1 X109.726 Y112.107 E232.28391
G1 X110.061 Y112.349 E232.29765
G1 X110.354 Y112.939 E232.31956
G1 X110.738 Y113.437 E232.34048
G1 X111.323 Y113.769 E232.36285
G1 X111.736 Y113.828 E232.37673
G0 F4800 X114.219 Y112.156
G0 X114.633 Y112
G1 F2400 X115 Y112 E232.38905
G0 F4800 X114.219 Y112.156
G0 X113.723 Y112.937
G0 X113.991 Y113.083
G1 F2400 X114.265 Y112.579 E232.40813
G1 X114.668 Y112.402 E232.42277
G1 X115.4 Y112.4 E232.44712
G1 X115.4 Y111.6 E232.47373
G1 X114.668 Y111.598 E232.49807
G1 X114.263 Y111.42 E232.51279
G1 X113.849 Y110.641 E232.54213
G1 X113.517 Y110.277 E232.55852
G1 X113.098 Y109.982 E232.57556
G1 X112.623 Y109.789 E232.59261
G1 X111.999 Y109.685 E232.61365
G1 X111.375 Y109.789 E232.63469
G1 X110.898 Y109.986 E232.65186
G1 X110.486 Y110.273 E232.66856
G1 X110.064 Y110.763 E232.69007
G1 X109.777 Y111.332 E232.71126
G1 X109.474 Y111.6 E232.72472
G1 X108.6 Y111.6 E232.75379
G1 X108.6 Y112.4 E232.7804
G1 X109.474 Y112.4 E232.80946
G1 X109.777 Y112.668 E232.82292
G1 X110.011 Y113.149 E232.84071
G1 X110.47 Y113.745 E232.86573
G1 X111.169 Y114.141 E232.89245
G1 X111.579 Y114.256 E232.90661
G1 X112.165 Y114.289 E232.92613
G1 X112.585 Y114.216 E232.94031
G1 X113.35 Y113.891 E232.96796
G1 X113.833 Y113.374 E232.99149
G1 X113.991 Y113.083 E233.0025
G0 F4800 X114.342 Y113.276
;TYPE:WALL-OUTER
G1 F2400 X114.569 Y112.859 E233.0183
G1 X114.702 Y112.8 E233.02313
G1 X115.713 Y112.8 E233.05676
G1 X115.8 Y112.713 E233.06085
G1 X115.8 Y111.285 E233.10835
G1 X115.714 Y111.2 E233.11237
G1 X114.702 Y111.2 E233.14603
G1 X114.568 Y111.141 E233.1509
G1 X114.179 Y110.409 E233.17847
G1 X113.783 Y109.975 E233.19801
G1 X113.291 Y109.629 E233.21802
G1 X112.733 Y109.402 E233.23805
G1 X111.999 Y109.279 E233.26281
G1 X111.264 Y109.402 E233.28759
G1 X110.705 Y109.633 E233.30771
G1 X110.216 Y109.974 E233.32754
G1 X109.728 Y110.54 E233.35239
G1 X109.399 Y111.2 E233.37692
G1 X108.283 Y111.2 E233.41404
G1 X108.2 Y111.283 E233.41794
G1 X108.2 Y112.714 E233.46554
G1 X108.285 Y112.8 E233.46956
G1 X109.4 Y112.8 E233.50665
G1 X109.668 Y113.359 E233.52726
G1 X110.202 Y114.053 E233.55639
G1 X111.014 Y114.513 E233.58743
G1 X111.513 Y114.653 E233.60467
G1 X112.188 Y114.691 E233.62715
G1 X112.699 Y114.602 E233.6444
G1 X113.585 Y114.225 E233.67643
G1 X114.16 Y113.61 E233.70443
G1 X114.342 Y113.276 E233.71708
G0 F4800 X114.437 Y113.101
G0 X113.816 Y112.764
G0 X112.089 Y113.1
;TYPE:SKIN
G1 F1800 X112.611 Y112.919 E233.73546
G1 X112.87 Y112.673 E233.74734
G1 X113.236 Y112.001 E233.77279
G1 X113.203 Y111.94 E233.7751
G1 X112.047 Y113.095 E233.82945
G1 X111.567 Y113.011 E233.84566
G1 X113.006 Y111.571 E233.91337
G1 X112.773 Y111.239 E233.92686
G1 X111.224 Y112.788 E233.99972
G1 X110.987 Y112.459 E234.0132
G1 X112.442 Y111.004 E234.08164
G1 X111.996 Y110.884 E234.097
G1 X111.711 Y110.929 E234.1066
G1 X111.277 Y111.164 E234.12301
G1 X111.051 Y111.426 E234.13452
G1 X110.753 Y111.999 E234.156
G1 X110.797 Y112.083 E234.15916
G1 X111.996 Y110.884 E234.21556
G1 F1500 E224.21556
;MESH:I2C_LED_BTN-Body002.stl(3)
G0 F4800 X115.57 Y112
G0 X116.665 Y112
G0 X119.335 Y112
G0 X120.43 Y112
G0 X121 Y112
;TYPE:WALL-INNER
G1 F1500 E234.21556
G1 F2400 X121.276 Y112 E234.22474
G0 F4800 X124.461 Y113.37
G1 F2400 X124.806 Y113.253 E234.23685
G1 X125.179 Y112.902 E234.25389
G1 X125.489 Y112.33 E234.27553
G1 X125.748 Y112 E234.28948
G1 X125.489 Y111.67 E234.30343
G1 X125.19 Y111.106 E234.32466
G1 X124.712 Y110.689 E234.34576
G1 X123.999 Y110.496 E234.37033
G1 X123.597 Y110.563 E234.38388
G1 X123.026 Y110.872 E234.40548
G1 X122.736 Y111.209 E234.42027
G1 X122.444 Y111.773 E234.44139
G1 X122.252 Y112 E234.45128
G1 X122.444 Y112.227 E234.46117
G1 X122.698 Y112.729 E234.47988
G1 X123.006 Y113.129 E234.49667
G1 X123.478 Y113.397 E234.51472
G1 X124.118 Y113.485 E234.53621
G1 X124.461 Y113.37 E234.54824
G0 F4800 X123.736 Y113.828
G1 F2400 X124.288 Y113.908 E234.56679
G1 X125.004 Y113.603 E234.59268
G1 X125.506 Y113.138 E234.61544
G1 X125.961 Y112.299 E234.64718
G1 X126.633 Y112 E234.67189
G1 X125.958 Y111.699 E234.69672
G1 X125.52 Y110.874 E234.72778
G1 X124.905 Y110.336 E234.75496
G1 X124.513 Y110.176 E234.76904
G1 X123.999 Y110.091 E234.78637
G1 X123.486 Y110.176 E234.80367
G1 X122.756 Y110.573 E234.8313
G1 X122.4 Y110.986 E234.84944
G1 X122.133 Y111.524 E234.86942
G1 X121.726 Y111.893 E234.88769
G1 X121.276 Y112 E234.90307
G1 X121.726 Y112.107 E234.91846
G1 X122.061 Y112.349 E234.9322
G1 X122.354 Y112.939 E234.95411
G1 X122.738 Y113.437 E234.97503
G1 X123.323 Y113.769 E234.9974
G1 X123.736 Y113.828 E235.01128
G0 F4800 X126.219 Y112.156
G0 X126.633 Y112
G1 F2400 X127 Y112 E235.02361
G0 F4800 X126.219 Y112.156
G0 X125.723 Y112.937
G0 X125.991 Y113.083
G1 F2400 X126.265 Y112.579 E235.04269
G1 X126.668 Y112.402 E235.05732
G1 X127.4 Y112.4 E235.08167
G1 X127.4 Y111.6 E235.10828
G1 X126.668 Y111.598 E235.13263
G1 X126.263 Y111.42 E235.14734
G1 X125.849 Y110.641 E235.17668
G1 X125.517 Y110.277 E235.19307
G1 X125.098 Y109.982 E235.21011
G1 X124.623 Y109.789 E235.22716
G1 X123.999 Y109.685 E235.2482
G1 X123.375 Y109.789 E235.26925
G1 X122.898 Y109.986 E235.28641
G1 X122.486 Y110.273 E235.30311
G1 X122.064 Y110.763 E235.32462
G1 X121.777 Y111.332 E235.34581
G1 X121.474 Y111.6 E235.35927
G1 X120.6 Y111.6 E235.38834
G1 X120.6 Y112.4 E235.41495
G1 X121.474 Y112.4 E235.44402
G1 X121.777 Y112.668 E235.45747
G1 X122.011 Y113.149 E235.47526
G1 X122.47 Y113.745 E235.50028
G1 X123.169 Y114.141 E235.527
G1 X123.579 Y114.256 E235.54116
G1 X124.165 Y114.289 E235.56069
G1 X124.585 Y114.216 E235.57486
G1 X125.35 Y113.891 E235.60251
G1 X125.833 Y113.374 E235.62604
G1 X125.991 Y113.083 E235.63705
G0 F4800 X126.342 Y113.276
;TYPE:WALL-OUTER
G1 F2400 X126.569 Y112.859 E235.65285
G1 X126.702 Y112.8 E235.65769
G1 X127.713 Y112.8 E235.69131
G1 X127.8 Y112.713 E235.6954
G1 X127.8 Y111.285 E235.7429
G1 X127.714 Y111.2 E235.74692
G1 X126.702 Y111.2 E235.78058
G1 X126.568 Y111.141 E235.78545
G1 X126.179 Y110.409 E235.81302
G1 X125.783 Y109.975 E235.83256
G1 X125.291 Y109.629 E235.85257
G1 X124.733 Y109.402 E235.8726
G1 X123.999 Y109.279 E235.89736
G1 X123.264 Y109.402 E235.92214
G1 X122.705 Y109.633 E235.94226
G1 X122.216 Y109.974 E235.96209
G1 X121.728 Y110.54 E235.98694
G1 X121.399 Y111.2 E236.01147
G1 X120.283 Y111.2 E236.04859
G1 X120.2 Y111.283 E236.05249
G1 X120.2 Y112.714 E236.10009
G1 X120.285 Y112.8 E236.10411
G1 X121.4 Y112.8 E236.1412
G1 X121.668 Y113.359 E236.16182
G1 X122.202 Y114.053 E236.19094
G1 X123.014 Y114.513 E236.22198
G1 X123.513 Y114.653 E236.23922
G1 X124.188 Y114.691 E236.2617
G1 X124.699 Y114.602 E236.27896
G1 X125.585 Y114.225 E236.31098
G1 X126.16 Y113.61 E236.33898
G1 X126.342 Y113.276 E236.35163
G0 F4800 X126.437 Y113.101
G0 X125.816 Y112.764
G0 X125.161 Y111.861
;TYPE:SKIN
G1 F1800 X123.942 Y113.081 E236.409
G1 X124.089 Y113.1 E236.41393
G1 X124.611 Y112.92 E236.43229
G1 X124.87 Y112.673 E236.44419
G1 X125.236 Y112.002 E236.46962
G1 X124.965 Y111.492 E236.48883
G1 X123.49 Y112.967 E236.5582
G1 X123.171 Y112.72 E236.57162
G1 X124.708 Y111.183 E236.64392
G1 X124.347 Y110.978 E236.65773
G1 X122.946 Y112.379 E236.72363
G1 X122.753 Y111.999 E236.7378
G1 X123.051 Y111.426 E236.75928
G1 X123.277 Y111.164 E236.77079
G1 X123.854 Y110.905 E236.79183
G1 X122.756 Y112.004 E236.8435
G1 F1500 E226.8435
;MESH:NONMESH
G0 F1800 X122.756 Y112.004 Z5.4
G0 F4800 X120.43 Y112
G0 X119.335 Y112
G0 X113.827 Y115.064
G0 X112.948 Y115.44
G0 X112.235 Y115.56
G0 X111.374 Y115.513
G0 X110.811 Y115.353
G0 X104.665 Y112
G0 X103.57 Y112
G0 X97 Y112
;TIME_ELAPSED:363.172332
;LAYER:26
;TYPE:WALL-INNER
;MESH:I2C_LED_BTN-Body002.stl(4)
G1 F1500 E236.8435
G1 F2400 X97.276 Y112 E236.85268
G0 F4800 X99.398 Y110.253
G1 F2400 X98.996 Y110.392 E236.86682
G1 X98.406 Y110.977 E236.89446
G1 X98.043 Y111.701 E236.9214
G1 X97.276 Y112 E236.94878
G1 X98.031 Y112.294 E236.97572
G1 X98.498 Y113.152 E237.00821
G1 X98.815 Y113.501 E237.0239
G1 X99.421 Y113.822 E237.0467
G1 X99.917 Y113.892 E237.06337
G1 X100.451 Y113.86 E237.08116
G1 X101.143 Y113.545 E237.10645
G1 X101.615 Y112.983 E237.13086
G1 X101.942 Y112.313 E237.15565
G1 X102.633 Y112 E237.18114
G1 X101.954 Y111.693 E237.20617
G1 X101.52 Y110.874 E237.237
G1 X100.905 Y110.336 E237.26417
G1 X100.514 Y110.177 E237.27821
G1 X99.802 Y110.114 E237.30199
G1 X99.398 Y110.253 E237.3162
G0 F4800 X101.933 Y111.685
G0 X102.633 Y112
G1 F2400 X103 Y112 E237.32853
G0 F4800 X102.196 Y112.157
G0 X101.503 Y113.262
G0 X101.737 Y113.459
G1 F2400 X101.953 Y113.202 E237.33969
G1 X102.254 Y112.587 E237.36247
G1 X102.668 Y112.402 E237.37755
G1 X103.4 Y112.4 E237.40189
G1 X103.4 Y111.6 E237.4285
G1 X102.668 Y111.598 E237.45285
G1 X102.261 Y111.416 E237.46768
G1 X101.849 Y110.641 E237.49687
G1 X101.517 Y110.277 E237.51326
G1 X101.098 Y109.982 E237.5303
G1 X100.623 Y109.789 E237.54735
G1 X99.929 Y109.674 E237.57075
G1 X99.246 Y109.831 E237.59406
G1 X98.783 Y110.05 E237.61109
G1 X98.389 Y110.361 E237.62779
G1 X98.068 Y110.759 E237.6448
G1 X97.737 Y111.421 E237.66941
G1 X97.276 Y111.6 E237.68586
G1 X96.6 Y111.6 E237.70834
G1 X96.6 Y112.4 E237.73495
G1 X97.276 Y112.4 E237.75744
G1 X97.73 Y112.576 E237.77363
G1 X98.169 Y113.386 E237.80427
G1 X98.566 Y113.822 E237.82389
G1 X99.296 Y114.208 E237.85135
G1 X99.901 Y114.293 E237.87167
G1 X100.549 Y114.255 E237.89326
G1 X101.188 Y113.964 E237.91661
G1 X101.524 Y113.713 E237.93056
G1 X101.737 Y113.459 E237.94159
G0 F4800 X102.042 Y113.718
;TYPE:WALL-OUTER
G1 F2400 X102.291 Y113.422 E237.95445
G1 X102.565 Y112.862 E237.97519
G1 X102.702 Y112.8 E237.98019
G1 X103.713 Y112.8 E238.01382
G1 X103.8 Y112.713 E238.01791
G1 X103.8 Y111.285 E238.06541
G1 X103.714 Y111.2 E238.06943
G1 X102.702 Y111.2 E238.10309
G1 X102.567 Y111.139 E238.10801
G1 X102.179 Y110.409 E238.13551
G1 X101.783 Y109.975 E238.15505
G1 X101.291 Y109.629 E238.17506
G1 X100.733 Y109.402 E238.19509
G1 X99.917 Y109.267 E238.2226
G1 X99.114 Y109.451 E238.25
G1 X98.571 Y109.708 E238.26998
G1 X98.106 Y110.075 E238.28969
G1 X97.73 Y110.541 E238.3096
G1 X97.429 Y111.141 E238.33193
G1 X97.276 Y111.2 E238.33738
G1 X96.283 Y111.2 E238.37041
G1 X96.2 Y111.283 E238.37431
G1 X96.2 Y112.714 E238.42191
G1 X96.285 Y112.8 E238.42593
G1 X97.395 Y112.8 E238.46285
G1 X97.841 Y113.619 E238.49387
G1 X98.317 Y114.143 E238.51741
G1 X99.171 Y114.594 E238.54953
G1 X99.885 Y114.695 E238.57352
G1 X100.647 Y114.65 E238.59891
G1 X101.393 Y114.31 E238.62617
G1 X101.801 Y114.005 E238.64312
G1 X102.042 Y113.718 E238.65558
G0 F4800 X102.17 Y113.566
G0 X101.629 Y113.112
G0 X101.212 Y111.104
;TYPE:SKIN
G1 F1800 X100.711 Y110.666 E238.67771
G1 X100.358 Y110.541 E238.69017
G1 X101.545 Y111.727 E238.74598
G1 X101.724 Y112.064 E238.75867
G1 X101.571 Y112.319 E238.76856
G1 X99.765 Y110.513 E238.85351
G1 X99.354 Y110.668 E238.86812
G1 X101.357 Y112.671 E238.96233
G1 X101.112 Y112.991 E238.97574
G1 X99.006 Y110.885 E239.0748
G1 X98.818 Y111 E239.08213
G1 X98.73 Y111.176 E239.08867
G1 X100.826 Y113.271 E239.18724
G1 X100.437 Y113.448 E239.20145
G1 X98.542 Y111.553 E239.29059
G1 X98.313 Y111.889 E239.30411
G1 X99.887 Y113.464 E239.37817
G1 X99.532 Y113.451 E239.38999
G1 X99.055 Y113.197 E239.40796
G1 F1500 E229.40796
;MESH:I2C_LED_BTN-Body002.stl
G0 F4800 X103.57 Y112
G0 X104.665 Y112
G0 X107.335 Y112
G0 X108.43 Y112
G0 X109 Y112
;TYPE:WALL-INNER
G1 F1500 E239.40796
G1 F2400 X109.276 Y112 E239.41714
G0 F4800 X111.398 Y110.253
G1 F2400 X110.996 Y110.392 E239.43129
G1 X110.406 Y110.977 E239.45892
G1 X110.043 Y111.701 E239.48586
G1 X109.276 Y112 E239.51324
G1 X110.031 Y112.294 E239.54019
G1 X110.498 Y113.152 E239.57268
G1 X110.815 Y113.501 E239.58836
G1 X111.421 Y113.822 E239.61117
G1 X111.917 Y113.892 E239.62783
G1 X112.451 Y113.86 E239.64562
G1 X113.143 Y113.545 E239.67091
G1 X113.615 Y112.983 E239.69532
G1 X113.942 Y112.313 E239.72012
G1 X114.633 Y112 E239.7456
G1 X113.954 Y111.693 E239.77063
G1 X113.52 Y110.874 E239.80146
G1 X112.905 Y110.336 E239.82864
G1 X112.514 Y110.177 E239.84268
G1 X111.802 Y110.114 E239.86645
G1 X111.398 Y110.253 E239.88066
G0 F4800 X113.933 Y111.685
G0 X114.633 Y112
G1 F2400 X115 Y112 E239.89299
G0 F4800 X114.196 Y112.157
G0 X113.503 Y113.262
G0 X113.737 Y113.459
G1 F2400 X113.953 Y113.202 E239.90416
G1 X114.254 Y112.587 E239.92693
G1 X114.668 Y112.402 E239.94201
G1 X115.4 Y112.4 E239.96636
G1 X115.4 Y111.6 E239.99297
G1 X114.668 Y111.598 E240.01731
G1 X114.261 Y111.416 E240.03214
G1 X113.849 Y110.641 E240.06133
G1 X113.517 Y110.277 E240.07772
G1 X113.098 Y109.982 E240.09476
G1 X112.623 Y109.789 E240.11182
G1 X111.929 Y109.674 E240.13521
G1 X111.246 Y109.831 E240.15852
G1 X110.783 Y110.05 E240.17556
G1 X110.389 Y110.361 E240.19225
G1 X110.068 Y110.759 E240.20926
G1 X109.737 Y111.421 E240.23388
G1 X109.276 Y111.6 E240.25033
G1 X108.6 Y111.6 E240.27281
G1 X108.6 Y112.4 E240.29942
G1 X109.276 Y112.4 E240.3219
G1 X109.73 Y112.576 E240.3381
G1 X110.169 Y113.386 E240.36874
G1 X110.566 Y113.822 E240.38835
G1 X111.296 Y114.208 E240.41582
G1 X111.901 Y114.293 E240.43614
G1 X112.549 Y114.255 E240.45773
G1 X113.188 Y113.964 E240.48108
G1 X113.524 Y113.713 E240.49503
G1 X113.737 Y113.459 E240.50605
G0 F4800 X114.042 Y113.718
;TYPE:WALL-OUTER
G1 F2400 X114.291 Y113.422 E240.51892
G1 X114.565 Y112.862 E240.53966
G1 X114.702 Y112.8 E240.54466
G1 X115.713 Y112.8 E240.57828
G1 X115.8 Y112.713 E240.58238
G1 X115.8 Y111.285 E240.62987
G1 X115.714 Y111.2 E240.63389
G1 X114.702 Y111.2 E240.66755
G1 X114.567 Y111.139 E240.67248
G1 X114.179 Y110.409 E240.69998
G1 X113.783 Y109.975 E240.71952
G1 X113.291 Y109.629 E240.73952
G1 X112.733 Y109.402 E240.75956
G1 X111.917 Y109.267 E240.78707
G1 X111.114 Y109.451 E240.81447
G1 X110.571 Y109.708 E240.83445
G1 X110.106 Y110.075 E240.85415
G1 X109.73 Y110.541 E240.87407
G1 X109.429 Y111.141 E240.89639
G1 X109.276 Y111.2 E240.90185
G1 X108.283 Y111.2 E240.93487
G1 X108.2 Y111.283 E240.93878
G1 X108.2 Y112.714 E240.98637
G1 X108.285 Y112.8 E240.99039
G1 X109.395 Y112.8 E241.02731
G1 X109.841 Y113.619 E241.05833
G1 X110.317 Y114.143 E241.08188
G1 X111.171 Y114.594 E241.114
G1 X111.885 Y114.695 E241.13798
G1 X112.647 Y114.65 E241.16337
G1 X113.393 Y114.31 E241.19064
G1 X113.801 Y114.005 E241.20758
G1 X114.042 Y113.718 E241.22005
G0 F4800 X114.17 Y113.566
G0 X113.629 Y113.112
G0 X113.212 Y111.103
;TYPE:SKIN
G1 F1800 X112.711 Y110.666 E241.24216
G1 X112.417 Y110.546 E241.25272
G1 X111.84 Y110.496 E241.27198
G1 X111.667 Y110.536 E241.27789
G1 X113.525 Y112.394 E241.36528
G1 X113.312 Y112.747 E241.37899
G1 X111.28 Y110.715 E241.47457
G1 X110.931 Y110.931 E241.48823
G1 X113.057 Y113.057 E241.58823
G1 X112.743 Y113.309 E241.60162
G1 X110.69 Y111.255 E241.69821
G1 X110.502 Y111.633 E241.71225
G1 X112.349 Y113.48 E241.79913
G1 X111.532 Y113.451 E241.82632
G1 X111.052 Y113.196 E241.84439
G1 X110.811 Y112.932 E241.85628
G1 X110.301 Y111.998 E241.89168
G1 X111.762 Y113.459 E241.9604
G0 F4800 X113.682 Y111.985
G1 F1800 X112.227 Y110.53 E242.02884
G1 F1500 E232.02884
;MESH:I2C_LED_BTN-Body002.stl(3)
G0 F4800 X114.466 Y111.427
G0 X115.118 Y110.341
G0 X115.978 Y110.339
G0 X119.335 Y111.427
G0 X120.43 Y111.427
G0 X121 Y112
;TYPE:WALL-INNER
G1 F1500 E242.02884
G1 F2400 X121.276 Y112 E242.03802
G0 F4800 X123.398 Y110.253
G1 F2400 X122.996 Y110.392 E242.05216
G1 X122.406 Y110.977 E242.0798
G1 X122.043 Y111.701 E242.10674
G1 X121.276 Y112 E242.13412
G1 X122.031 Y112.294 E242.16107
G1 X122.498 Y113.152 E242.19356
G1 X122.815 Y113.501 E242.20924
G1 X123.421 Y113.822 E242.23205
G1 X123.917 Y113.892 E242.24871
G1 X124.451 Y113.86 E242.2665
G1 X125.143 Y113.545 E242.29179
G1 X125.615 Y112.983 E242.3162
G1 X125.942 Y112.313 E242.34099
G1 X126.633 Y112 E242.36648
G1 X125.954 Y111.693 E242.39151
G1 X125.52 Y110.874 E242.42234
G1 X124.905 Y110.336 E242.44952
G1 X124.514 Y110.177 E242.46355
G1 X123.802 Y110.114 E242.48733
G1 X123.398 Y110.253 E242.50154
G0 F4800 X125.933 Y111.685
G0 X126.633 Y112
G1 F2400 X127 Y112 E242.51387
G0 F4800 X126.196 Y112.157
G0 X125.503 Y113.262
G0 X125.737 Y113.459
G1 F2400 X125.953 Y113.202 E242.52503
G1 X126.254 Y112.587 E242.54781
G1 X126.668 Y112.402 E242.56289
G1 X127.4 Y112.4 E242.58723
G1 X127.4 Y111.6 E242.61384
G1 X126.668 Y111.598 E242.63819
G1 X126.261 Y111.416 E242.65302
G1 X125.849 Y110.641 E242.68221
G1 X125.517 Y110.277 E242.6986
G1 X125.098 Y109.982 E242.71564
G1 X124.623 Y109.789 E242.73269
G1 X123.929 Y109.674 E242.75609
G1 X123.246 Y109.831 E242.7794
G1 X122.783 Y110.05 E242.79643
G1 X122.389 Y110.361 E242.81313
G1 X122.068 Y110.759 E242.83014
G1 X121.737 Y111.421 E242.85475
G1 X121.276 Y111.6 E242.8712
G1 X120.6 Y111.6 E242.89369
G1 X120.6 Y112.4 E242.92029
G1 X121.276 Y112.4 E242.94278
G1 X121.73 Y112.576 E242.95897
G1 X122.169 Y113.386 E242.98962
G1 X122.566 Y113.822 E243.00923
G1 X123.296 Y114.208 E243.03669
G1 X123.901 Y114.293 E243.05701
G1 X124.549 Y114.255 E243.0786
G1 X125.188 Y113.964 E243.10196
G1 X125.524 Y113.713 E243.11591
G1 X125.737 Y113.459 E243.12693
G0 F4800 X126.042 Y113.718
;TYPE:WALL-OUTER
G1 F2400 X126.291 Y113.422 E243.1398
G1 X126.565 Y112.862 E243.16053
G1 X126.702 Y112.8 E243.16553
G1 X127.713 Y112.8 E243.19916
G1 X127.8 Y112.713 E243.20325
G1 X127.8 Y111.285 E243.25075
G1 X127.714 Y111.2 E243.25477
G1 X126.702 Y111.2 E243.28843
G1 X126.567 Y111.139 E243.29335
G1 X126.179 Y110.409 E243.32085
G1 X125.783 Y109.975 E243.34039
G1 X125.291 Y109.629 E243.3604
G1 X124.733 Y109.402 E243.38043
G1 X123.917 Y109.267 E243.40794
G1 X123.114 Y109.451 E243.43534
G1 X122.571 Y109.708 E243.45532
G1 X122.106 Y110.075 E243.47503
G1 X121.73 Y110.541 E243.49494
G1 X121.429 Y111.141 E243.51727
G1 X121.276 Y111.2 E243.52272
G1 X120.283 Y111.2 E243.55575
G1 X120.2 Y111.283 E243.55965
G1 X120.2 Y112.714 E243.60725
G1 X120.285 Y112.8 E243.61127
G1 X121.395 Y112.8 E243.64819
G1 X121.841 Y113.619 E243.67921
G1 X122.317 Y114.143 E243.70275
G1 X123.171 Y114.594 E243.73487
G1 X123.885 Y114.695 E243.75886
G1 X124.647 Y114.65 E243.78425
G1 X125.393 Y114.31 E243.81151
G1 X125.801 Y114.005 E243.82846
G1 X126.042 Y113.718 E243.84092
G0 F4800 X126.17 Y113.566
G0 X125.629 Y113.112
G0 X125.693 Y112.117
;TYPE:SKIN
G1 F1800 X124.095 Y110.519 E243.91609
G1 X124.711 Y110.666 E243.93715
G1 X125.212 Y111.104 E243.95928
G1 X125.724 Y112.064 E243.99547
G1 X125.48 Y112.47 E244.01122
G1 X123.568 Y110.558 E244.10116
G1 X123.206 Y110.76 E244.11495
G1 X125.26 Y112.815 E244.21158
G1 X125.002 Y113.122 E244.22492
G1 X122.856 Y110.977 E244.32584
G1 X122.65 Y111.337 E244.33964
G1 X124.66 Y113.346 E244.43416
G1 X124.223 Y113.475 E244.44931
G1 X122.455 Y111.707 E244.53247
G1 X122.208 Y112.025 E244.54586
G1 X123.637 Y113.455 E244.6131
G1 X123.532 Y113.451 E244.6166
G1 X123.052 Y113.196 E244.63468
G1 X122.811 Y112.931 E244.64659
G1 X122.482 Y112.326 E244.6695
G1 F1500 E234.6695
;MESH:NONMESH
G0 F1800 X122.482 Y112.326 Z5.6
G0 F4800 X120.43 Y112
G0 X119.335 Y112
G0 X113.709 Y108.867
G0 X112.976 Y108.568
G0 X112.206 Y108.438
G0 X111.594 Y108.456
G0 X110.832 Y108.629
G0 X104.665 Y112
G0 X103.57 Y112
G0 X97 Y112
;TIME_ELAPSED:373.897262
;LAYER:27
;TYPE:WALL-INNER
;MESH:I2C_LED_BTN-Body002.stl(4)
G1 F1500 E244.6695
G1 F2400 X97.276 Y112 E244.67868
G0 F4800 X99.299 Y113.256
G1 F2400 X99.644 Y113.449 E244.69179
G1 X100.239 Y113.469 E244.71159
G1 X100.644 Y113.36 E244.72554
G1 X101.156 Y113.002 E244.74632
G1 X101.547 Y112.235 E244.77495
G1 X101.748 Y112 E244.78524
G1 X101.547 Y111.765 E244.79553
G1 X101.174 Y111.011 E244.8235
G1 X100.555 Y110.578 E244.84863
G1 X99.852 Y110.513 E244.87211
G1 X99.509 Y110.591 E244.88381
G1 X98.845 Y111.001 E244.90977
G1 X98.441 Y111.777 E244.93886
G1 X98.253 Y112 E244.94857
G1 X98.441 Y112.223 E244.95827
G1 X98.846 Y113.004 E244.98753
G1 X99.299 Y113.256 E245.00473
G0 F4800 X99.398 Y110.253
G1 F2400 X98.996 Y110.392 E245.01887
G1 X98.406 Y110.977 E245.04651
G1 X98.133 Y111.524 E245.06684
G1 X97.724 Y111.895 E245.08521
G1 X97.276 Y112 E245.10051
G1 X97.724 Y112.105 E245.11582
G1 X98.056 Y112.344 E245.12942
G1 X98.393 Y113.001 E245.15398
G1 X98.681 Y113.377 E245.16973
G1 X99.059 Y113.64 E245.18505
G1 X99.652 Y113.885 E245.20639
G1 X100.297 Y113.867 E245.22785
G1 X100.815 Y113.728 E245.24569
G1 X101.32 Y113.376 E245.26616
G1 X101.605 Y113.003 E245.28178
G1 X101.882 Y112.453 E245.30226
G1 X102.264 Y112.109 E245.31936
G1 X102.633 Y112 E245.33228
G1 X102.264 Y111.891 E245.34521
G1 X101.882 Y111.547 E245.3623
G1 X101.648 Y111.068 E245.38003
G1 X101.34 Y110.639 E245.3976
G1 X100.907 Y110.337 E245.41516
G1 X100.514 Y110.177 E245.42927
G1 X99.802 Y110.114 E245.45305
G1 X99.398 Y110.253 E245.46726
G0 F4800 X101.904 Y111.684
G0 X102.633 Y112
G1 F2400 X103 Y112 E245.47958
G0 F4800 X102.276 Y112.141
G0 X99.25 Y113.82
G0 X99.134 Y114.104
G1 F2400 X99.578 Y114.287 E245.49556
G1 X100.356 Y114.266 E245.52144
G1 X100.986 Y114.096 E245.54315
G1 X101.6 Y113.669 E245.56802
G1 X101.947 Y113.215 E245.58703
G1 X102.217 Y112.672 E245.6072
G1 X102.515 Y112.402 E245.62057
G1 X103.4 Y112.4 E245.65001
G1 X103.4 Y111.6 E245.67661
G1 X102.515 Y111.598 E245.70605
G1 X102.217 Y111.328 E245.71942
G1 X101.995 Y110.865 E245.7365
G1 X101.624 Y110.35 E245.75761
G1 X101.099 Y109.983 E245.77892
G1 X100.623 Y109.789 E245.79601
G1 X99.929 Y109.674 E245.81941
G1 X99.246 Y109.831 E245.84272
G1 X98.783 Y110.05 E245.85976
G1 X98.389 Y110.361 E245.87645
G1 X98.068 Y110.759 E245.89346
G1 X97.776 Y111.333 E245.91488
G1 X97.474 Y111.6 E245.92828
G1 X96.6 Y111.6 E245.95735
G1 X96.6 Y112.4 E245.98396
G1 X97.474 Y112.4 E246.01303
G1 X97.776 Y112.667 E246.02644
G1 X98.052 Y113.213 E246.04679
G1 X98.401 Y113.669 E246.06589
G1 X98.866 Y113.994 E246.08475
G1 X99.134 Y114.104 E246.09439
G0 F4800 X99.25 Y113.82
G0 X100.055 Y113.965
G0 X100.074 Y114.674
;TYPE:WALL-OUTER
G1 F2400 X100.414 Y114.664 E246.1057
G1 X101.158 Y114.464 E246.13133
G1 X101.88 Y113.961 E246.16059
G1 X102.289 Y113.426 E246.18299
G1 X102.596 Y112.8 E246.20618
G1 X103.713 Y112.8 E246.24333
G1 X103.8 Y112.713 E246.24743
G1 X103.8 Y111.285 E246.29492
G1 X103.714 Y111.2 E246.29894
G1 X102.651 Y111.2 E246.3343
G1 X102.342 Y110.662 E246.35493
G1 X101.909 Y110.061 E246.37957
G1 X101.291 Y109.629 E246.40465
G1 X100.733 Y109.402 E246.42469
G1 X99.917 Y109.267 E246.4522
G1 X99.114 Y109.451 E246.4796
G1 X98.571 Y109.708 E246.49958
G1 X98.106 Y110.075 E246.51928
G1 X97.73 Y110.541 E246.53919
G1 X97.398 Y111.2 E246.56374
G1 X96.283 Y111.2 E246.60082
G1 X96.2 Y111.283 E246.60473
G1 X96.2 Y112.714 E246.65232
G1 X96.285 Y112.8 E246.65634
G1 X97.399 Y112.8 E246.6934
G1 X97.711 Y113.425 E246.71663
G1 X98.121 Y113.961 E246.73907
G1 X98.673 Y114.347 E246.76148
G1 X99.305 Y114.607 E246.78421
G1 X99.728 Y114.683 E246.7985
G1 X100.074 Y114.674 E246.81001
G0 F4800 X100.274 Y114.669
G0 X100.255 Y113.96
G0 X101.219 Y112.045
;TYPE:SKIN
G1 F1800 X100.174 Y113.089 E246.85914
G1 X100.482 Y113.011 E246.86971
G1 X100.86 Y112.747 E246.88505
G1 X101.241 Y112.001 E246.91291
G1 X101.06 Y111.638 E246.9264
G1 X99.665 Y113.033 E246.99201
G1 X99.295 Y112.837 E247.00594
G1 X100.871 Y111.261 E247.08007
G1 X100.513 Y111.053 E247.09384
G1 X99.031 Y112.535 E247.16355
G1 X98.837 Y112.163 E247.1775
G1 X100.063 Y110.938 E247.23515
G1 X99.643 Y110.95 E247.24912
G1 X99.102 Y111.333 E247.27117
G1 F1500 E237.27117
;MESH:I2C_LED_BTN-Body002.stl
G0 F4800 X103.57 Y112
G0 X104.665 Y112
G0 X107.335 Y112
G0 X108.43 Y112
G0 X109 Y112
;TYPE:WALL-INNER
G1 F1500 E247.27117
G1 F2400 X109.276 Y112 E247.28035
G0 F4800 X111.299 Y113.256
G1 F2400 X111.644 Y113.449 E247.29346
G1 X112.239 Y113.469 E247.31327
G1 X112.644 Y113.36 E247.32722
G1 X113.156 Y113.002 E247.34799
G1 X113.547 Y112.235 E247.37663
G1 X113.748 Y112 E247.38691
G1 X113.547 Y111.765 E247.3972
G1 X113.174 Y111.011 E247.42518
G1 X112.555 Y110.578 E247.4503
G1 X111.852 Y110.513 E247.47378
G1 X111.509 Y110.591 E247.48548
G1 X110.845 Y111.001 E247.51144
G1 X110.441 Y111.777 E247.54054
G1 X110.253 Y112 E247.55024
G1 X110.441 Y112.223 E247.55994
G1 X110.846 Y113.004 E247.5892
G1 X111.299 Y113.256 E247.6064
G0 F4800 X111.398 Y110.253
G1 F2400 X110.996 Y110.392 E247.62055
G1 X110.406 Y110.977 E247.64818
G1 X110.133 Y111.524 E247.66851
G1 X109.724 Y111.895 E247.68688
G1 X109.276 Y112 E247.70218
G1 X109.724 Y112.105 E247.71749
G1 X110.056 Y112.344 E247.7311
G1 X110.393 Y113.001 E247.75565
G1 X110.681 Y113.377 E247.77141
G1 X111.059 Y113.64 E247.78672
G1 X111.652 Y113.885 E247.80806
G1 X112.297 Y113.867 E247.82952
G1 X112.815 Y113.728 E247.84736
G1 X113.32 Y113.376 E247.86784
G1 X113.605 Y113.003 E247.88345
G1 X113.882 Y112.453 E247.90393
G1 X114.264 Y112.109 E247.92103
G1 X114.633 Y112 E247.93395
G1 X114.264 Y111.891 E247.94688
G1 X113.882 Y111.547 E247.96398
G1 X113.648 Y111.068 E247.98171
G1 X113.34 Y110.639 E247.99927
G1 X112.907 Y110.337 E248.01683
G1 X112.514 Y110.177 E248.03095
G1 X111.802 Y110.114 E248.05472
G1 X111.398 Y110.253 E248.06893
G0 F4800 X113.904 Y111.684
G0 X114.633 Y112
G1 F2400 X115 Y112 E248.08126
G0 F4800 X114.276 Y112.141
G0 X111.25 Y113.82
G0 X111.134 Y114.104
G1 F2400 X111.578 Y114.287 E248.09723
G1 X112.356 Y114.266 E248.12312
G1 X112.986 Y114.096 E248.14482
G1 X113.6 Y113.669 E248.16969
G1 X113.947 Y113.215 E248.1887
G1 X114.217 Y112.672 E248.20887
G1 X114.515 Y112.402 E248.22224
G1 X115.4 Y112.4 E248.25168
G1 X115.4 Y111.6 E248.27829
G1 X114.515 Y111.598 E248.30772
G1 X114.217 Y111.328 E248.3211
G1 X113.995 Y110.865 E248.33818
G1 X113.624 Y110.35 E248.35929
G1 X113.099 Y109.983 E248.38059
G1 X112.623 Y109.789 E248.39769
G1 X111.929 Y109.674 E248.42109
G1 X111.246 Y109.831 E248.44439
G1 X110.783 Y110.05 E248.46143
G1 X110.389 Y110.361 E248.47812
G1 X110.068 Y110.759 E248.49513
G1 X109.776 Y111.333 E248.51655
G1 X109.474 Y111.6 E248.52996
G1 X108.6 Y111.6 E248.55903
G1 X108.6 Y112.4 E248.58564
G1 X109.474 Y112.4 E248.6147
G1 X109.776 Y112.667 E248.62811
G1 X110.052 Y113.213 E248.64846
G1 X110.401 Y113.669 E248.66756
G1 X110.866 Y113.994 E248.68643
G1 X111.134 Y114.104 E248.69606
G0 F4800 X111.25 Y113.82
G0 X112.055 Y113.965
G0 X112.074 Y114.674
;TYPE:WALL-OUTER
G1 F2400 X112.414 Y114.664 E248.70738
G1 X113.158 Y114.464 E248.733
G1 X113.88 Y113.961 E248.76227
G1 X114.289 Y113.426 E248.78467
G1 X114.596 Y112.8 E248.80786
G1 X115.713 Y112.8 E248.84501
G1 X115.8 Y112.713 E248.8491
G1 X115.8 Y111.285 E248.8966
G1 X115.714 Y111.2 E248.90062
G1 X114.651 Y111.2 E248.93597
G1 X114.342 Y110.662 E248.95661
G1 X113.909 Y110.061 E248.98124
G1 X113.291 Y109.629 E249.00632
G1 X112.733 Y109.402 E249.02636
G1 X111.917 Y109.267 E249.05387
G1 X111.114 Y109.451 E249.08127
G1 X110.571 Y109.708 E249.10125
G1 X110.106 Y110.075 E249.12095
G1 X109.73 Y110.541 E249.14087
G1 X109.398 Y111.2 E249.16541
G1 X108.283 Y111.2 E249.2025
G1 X108.2 Y111.283 E249.2064
G1 X108.2 Y112.714 E249.254
G1 X108.285 Y112.8 E249.25802
G1 X109.399 Y112.8 E249.29507
G1 X109.711 Y113.425 E249.3183
G1 X110.121 Y113.961 E249.34075
G1 X110.673 Y114.347 E249.36315
G1 X111.305 Y114.607 E249.38588
G1 X111.728 Y114.683 E249.40017
G1 X112.074 Y114.674 E249.41169
G0 F4800 X112.274 Y114.669
G0 X112.255 Y113.96
G0 X112.19 Y113.089
;TYPE:SKIN
G1 F1800 X112.482 Y113.01 E249.42175
G1 X112.86 Y112.747 E249.43706
G1 X113.241 Y112.001 E249.46492
G1 X113.208 Y111.935 E249.46738
G1 X112.057 Y113.085 E249.52149
G1 X111.748 Y113.077 E249.53178
G1 X111.586 Y112.991 E249.53788
G1 X113.019 Y111.558 E249.60528
G1 X112.798 Y111.214 E249.61888
G1 X111.216 Y112.796 E249.69329
G1 X110.99 Y112.456 E249.70687
G1 X112.436 Y111.01 E249.77489
G1 X112.295 Y110.932 E249.78025
G1 X111.939 Y110.942 E249.79209
G1 X110.797 Y112.083 E249.84578
G1 X110.752 Y111.999 E249.84895
G1 X111.139 Y111.262 E249.87664
G1 X111.643 Y110.95 E249.89635
G1 F1500 E239.89635
;MESH:I2C_LED_BTN-Body002.stl(3)
G0 F4800 X115.57 Y112
G0 X116.665 Y112
G0 X119.335 Y112
G0 X120.43 Y112
G0 X121 Y112
;TYPE:WALL-INNER
G1 F1500 E249.89635
G1 F2400 X121.276 Y112 E249.90553
G0 F4800 X123.299 Y113.256
G1 F2400 X123.644 Y113.449 E249.91865
G1 X124.239 Y113.469 E249.93845
G1 X124.644 Y113.36 E249.9524
G1 X125.156 Y113.002 E249.97318
G1 X125.547 Y112.235 E250.00181
G1 X125.748 Y112 E250.0121
G1 X125.547 Y111.765 E250.02238
G1 X125.174 Y111.011 E250.05036
G1 X124.555 Y110.578 E250.07549
G1 X123.852 Y110.513 E250.09897
G1 X123.509 Y110.591 E250.11067
G1 X122.845 Y111.001 E250.13662
G1 X122.441 Y111.777 E250.16572
G1 X122.253 Y112 E250.17542
G1 X122.441 Y112.223 E250.18512
G1 X122.846 Y113.004 E250.21439
G1 X123.299 Y113.256 E250.23158
G0 F4800 X123.398 Y110.253
G1 F2400 X122.996 Y110.392 E250.24573
G1 X122.406 Y110.977 E250.27337
G1 X122.133 Y111.524 E250.2937
G1 X121.724 Y111.895 E250.31207
G1 X121.276 Y112 E250.32737
G1 X121.724 Y112.105 E250.34267
G1 X122.056 Y112.344 E250.35628
G1 X122.393 Y113.001 E250.38084
G1 X122.681 Y113.377 E250.39659
G1 X123.059 Y113.64 E250.41191
G1 X123.652 Y113.885 E250.43325
G1 X124.297 Y113.867 E250.45471
G1 X124.815 Y113.728 E250.47255
G1 X125.32 Y113.376 E250.49302
G1 X125.605 Y113.003 E250.50863
G1 X125.882 Y112.453 E250.52912
G1 X126.264 Y112.109 E250.54621
G1 X126.633 Y112 E250.55914
G1 X126.264 Y111.891 E250.57206
G1 X125.882 Y111.547 E250.58916
G1 X125.648 Y111.068 E250.60689
G1 X125.34 Y110.639 E250.62446
G1 X124.907 Y110.337 E250.64202
G1 X124.514 Y110.177 E250.65613
G1 X123.802 Y110.114 E250.6799
G1 X123.398 Y110.253 E250.69411
G0 F4800 X125.904 Y111.684
G0 X126.633 Y112
G1 F2400 X127 Y112 E250.70644
G0 F4800 X126.276 Y112.141
G0 X123.25 Y113.82
G0 X123.134 Y114.104
G1 F2400 X123.578 Y114.287 E250.72242
G1 X124.356 Y114.266 E250.7483
G1 X124.986 Y114.096 E250.77
G1 X125.6 Y113.669 E250.79488
G1 X125.947 Y113.215 E250.81388
G1 X126.217 Y112.672 E250.83405
G1 X126.515 Y112.402 E250.84743
G1 X127.4 Y112.4 E250.87686
G1 X127.4 Y111.6 E250.90347
G1 X126.515 Y111.598 E250.93291
G1 X126.217 Y111.328 E250.94628
G1 X125.995 Y110.865 E250.96336
G1 X125.624 Y110.35 E250.98447
G1 X125.099 Y109.983 E251.00578
G1 X124.623 Y109.789 E251.02287
G1 X123.929 Y109.674 E251.04627
G1 X123.246 Y109.831 E251.06958
G1 X122.783 Y110.05 E251.08661
G1 X122.389 Y110.361 E251.10331
G1 X122.068 Y110.759 E251.12032
G1 X121.776 Y111.333 E251.14174
G1 X121.474 Y111.6 E251.15514
G1 X120.6 Y111.6 E251.18421
G1 X120.6 Y112.4 E251.21082
G1 X121.474 Y112.4 E251.23989
G1 X121.776 Y112.667 E251.2533
G1 X122.052 Y113.213 E251.27365
G1 X122.401 Y113.669 E251.29274
G1 X122.866 Y113.994 E251.31161
G1 X123.134 Y114.104 E251.32125
G0 F4800 X123.25 Y113.82
G0 X124.055 Y113.965
G0 X124.074 Y114.674
;TYPE:WALL-OUTER
G1 F2400 X124.414 Y114.664 E251.33256
G1 X125.158 Y114.464 E251.35819
G1 X125.88 Y113.961 E251.38745
G1 X126.289 Y113.426 E251.40985
G1 X126.596 Y112.8 E251.43304
G1 X127.713 Y112.8 E251.47019
G1 X127.8 Y112.713 E251.47428
G1 X127.8 Y111.285 E251.52178
G1 X127.714 Y111.2 E251.5258
G1 X126.651 Y111.2 E251.56116
G1 X126.342 Y110.662 E251.58179
G1 X125.909 Y110.061 E251.60643
G1 X125.291 Y109.629 E251.63151
G1 X124.733 Y109.402 E251.65154
G1 X123.917 Y109.267 E251.67905
G1 X123.114 Y109.451 E251.70645
G1 X122.571 Y109.708 E251.72643
G1 X122.106 Y110.075 E251.74614
G1 X121.73 Y110.541 E251.76605
G1 X121.398 Y111.2 E251.7906
G1 X120.283 Y111.2 E251.82768
G1 X120.2 Y111.283 E251.83158
G1 X120.2 Y112.714 E251.87918
G1 X120.285 Y112.8 E251.8832
G1 X121.399 Y112.8 E251.92025
G1 X121.711 Y113.425 E251.94349
G1 X122.121 Y113.961 E251.96593
G1 X122.673 Y114.347 E251.98834
G1 X123.305 Y114.607 E252.01107
G1 X123.728 Y114.683 E252.02536
G1 X124.074 Y114.674 E252.03687
G0 F4800 X124.274 Y114.669
G0 X124.255 Y113.96
G0 X124.881 Y112.707
;TYPE:SKIN
G1 F1800 X124.482 Y113.01 E252.05354
G1 X123.94 Y113.083 E252.07172
G1 X125.167 Y111.855 E252.12946
G1 X124.979 Y111.478 E252.14347
G1 X123.507 Y112.95 E252.21271
G1 X123.141 Y112.75 E252.22658
G1 X124.721 Y111.17 E252.3009
G1 X124.358 Y110.967 E252.31474
G1 X122.948 Y112.377 E252.38106
G1 X122.752 Y112 E252.39519
G1 X123.139 Y111.263 E252.42288
G1 X123.643 Y110.95 E252.44261
G1 X123.814 Y110.945 E252.4483
G1 X122.755 Y112.004 E252.49811
G1 F1500 E242.49811
;MESH:NONMESH
G0 F1800 X122.755 Y112.004 Z5.8
G0 F4800 X120.43 Y112
G0 X119.335 Y112
G0 X113.709 Y108.867
G0 X112.976 Y108.568
G0 X112.206 Y108.438
G0 X111.594 Y108.456
G0 X110.832 Y108.629
G0 X104.665 Y112
G0 X103.57 Y112
G0 X97 Y112
;TIME_ELAPSED:384.593194
;LAYER:28
;TYPE:WALL-INNER
;MESH:I2C_LED_BTN-Body002.stl(4)
G1 F1500 E252.49811
G1 F2400 X97.276 Y112 E252.50729
G0 F4800 X99.398 Y110.253
G1 F2400 X98.996 Y110.392 E252.52144
G1 X98.407 Y110.977 E252.54905
G1 X98.133 Y111.525 E252.56943
G1 X97.724 Y111.895 E252.58777
G1 X97.276 Y112 E252.60308
G1 X97.724 Y112.105 E252.61838
G1 X98.057 Y112.345 E252.63203
G1 X98.39 Y113.001 E252.6565
G1 X98.933 Y113.563 E252.68249
G1 X99.314 Y113.764 E252.69682
G1 X99.81 Y113.9 E252.71393
G1 X100.688 Y113.763 E252.74348
G1 X101.063 Y113.563 E252.75762
G1 X101.605 Y113.002 E252.78356
G1 X101.882 Y112.453 E252.80402
G1 X102.264 Y112.109 E252.82111
G1 X102.633 Y112 E252.83404
G1 X102.264 Y111.891 E252.84696
G1 X101.882 Y111.547 E252.86406
G1 X101.648 Y111.068 E252.88179
G1 X101.34 Y110.639 E252.89936
G1 X100.907 Y110.337 E252.91692
G1 X100.512 Y110.178 E252.93108
G1 X99.802 Y110.114 E252.95479
G1 X99.398 Y110.253 E252.969
G0 F4800 X101.904 Y111.684
G0 X102.633 Y112
G1 F2400 X103 Y112 E252.98133
G0 F4800 X102.276 Y112.141
G0 X99.079 Y113.746
G0 X98.936 Y114.017
G1 F2400 X99.166 Y114.138 E252.98997
G1 X99.768 Y114.303 E253.01073
G1 X100.347 Y114.268 E253.03003
G1 X100.835 Y114.137 E253.04683
G1 X101.291 Y113.896 E253.06399
G1 X101.843 Y113.423 E253.08816
G1 X102.217 Y112.672 E253.11607
G1 X102.515 Y112.402 E253.12944
G1 X103.4 Y112.4 E253.15888
G1 X103.4 Y111.6 E253.18549
G1 X102.515 Y111.598 E253.21492
G1 X102.217 Y111.328 E253.2283
G1 X101.995 Y110.865 E253.24537
G1 X101.624 Y110.35 E253.26648
G1 X101.099 Y109.983 E253.28779
G1 X100.622 Y109.79 E253.3049
G1 X99.931 Y109.674 E253.32821
G1 X99.246 Y109.831 E253.35158
G1 X98.783 Y110.05 E253.36862
G1 X98.389 Y110.361 E253.38531
G1 X98.068 Y110.759 E253.40232
G1 X97.776 Y111.333 E253.42374
G1 X97.474 Y111.6 E253.43715
G1 X96.6 Y111.6 E253.46622
G1 X96.6 Y112.4 E253.49282
G1 X97.474 Y112.4 E253.52189
G1 X97.776 Y112.667 E253.5353
G1 X98.155 Y113.426 E253.56352
G1 X98.707 Y113.896 E253.58763
G1 X98.936 Y114.017 E253.59624
G0 F4800 X99.079 Y113.746
G0 X101.287 Y113.495
G0 X101.747 Y114.032
;TYPE:WALL-OUTER
G1 F2400 X101.969 Y113.841 E253.60598
G1 X102.289 Y113.426 E253.62341
G1 X102.596 Y112.8 E253.6466
G1 X103.713 Y112.8 E253.68376
G1 X103.8 Y112.713 E253.68785
G1 X103.8 Y111.285 E253.73534
G1 X103.714 Y111.2 E253.73937
G1 X102.651 Y111.2 E253.77472
G1 X102.342 Y110.662 E253.79536
G1 X101.909 Y110.061 E253.81999
G1 X101.291 Y109.629 E253.84507
G1 X100.732 Y109.402 E253.86514
G1 X99.918 Y109.266 E253.89259
G1 X99.114 Y109.451 E253.92003
G1 X98.571 Y109.708 E253.94001
G1 X98.106 Y110.075 E253.95971
G1 X97.73 Y110.541 E253.97963
G1 X97.398 Y111.2 E254.00417
G1 X96.283 Y111.2 E254.04125
G1 X96.2 Y111.283 E254.04516
G1 X96.2 Y112.714 E254.09275
G1 X96.285 Y112.8 E254.09678
G1 X97.399 Y112.8 E254.13383
G1 X97.707 Y113.425 E254.157
G1 X98.03 Y113.845 E254.17463
G1 X98.481 Y114.229 E254.19433
G1 X99.018 Y114.512 E254.21452
G1 X99.726 Y114.706 E254.23893
G1 X100.411 Y114.665 E254.26176
G1 X100.982 Y114.512 E254.28142
G1 X101.518 Y114.229 E254.30158
G1 X101.747 Y114.032 E254.31162
G0 F4800 X101.898 Y113.902
G0 X101.439 Y113.366
G0 X98.178 Y111.999
;TYPE:SKIN
G1 F1800 X98.421 Y112.225 E254.32266
G1 X98.709 Y112.789 E254.34372
G1 X99.148 Y113.242 E254.36471
G1 X99.851 Y113.513 E254.38976
G1 X99.924 Y113.501 E254.39222
G1 X98.304 Y111.881 E254.46842
G1 X98.542 Y111.553 E254.4819
G1 X100.413 Y113.424 E254.56991
G1 X100.818 Y113.263 E254.5844
G1 X98.731 Y111.176 E254.68257
G1 X98.822 Y110.997 E254.68925
G1 X99.005 Y110.884 E254.6964
G1 X101.102 Y112.982 E254.79506
G1 X101.35 Y112.664 E254.80848
G1 X99.354 Y110.668 E254.90236
G1 X99.785 Y110.533 E254.91738
G1 X101.541 Y112.289 E254.99998
G1 X101.818 Y112 E255.0133
G1 X100.404 Y110.587 E255.07978
G1 X100.733 Y110.679 E255.09114
G1 X101.191 Y110.999 E255.10973
G1 F1500 E245.10973
;MESH:I2C_LED_BTN-Body002.stl
G0 F4800 X103.57 Y112
G0 X104.665 Y112
G0 X107.335 Y112
G0 X108.43 Y112
G0 X109 Y112
;TYPE:WALL-INNER
G1 F1500 E255.10973
G1 F2400 X109.276 Y112 E255.11891
G0 F4800 X111.398 Y110.253
G1 F2400 X110.996 Y110.392 E255.13305
G1 X110.407 Y110.977 E255.16066
G1 X110.133 Y111.525 E255.18104
G1 X109.724 Y111.895 E255.19939
G1 X109.276 Y112 E255.21469
G1 X109.724 Y112.105 E255.23
G1 X110.057 Y112.345 E255.24365
G1 X110.39 Y113.001 E255.26812
G1 X110.933 Y113.563 E255.29411
G1 X111.314 Y113.764 E255.30844
G1 X111.81 Y113.9 E255.32554
G1 X112.688 Y113.763 E255.3551
G1 X113.063 Y113.563 E255.36923
G1 X113.605 Y113.002 E255.39518
G1 X113.882 Y112.453 E255.41563
G1 X114.264 Y112.109 E255.43273
G1 X114.633 Y112 E255.44565
G1 X114.264 Y111.891 E255.45858
G1 X113.882 Y111.547 E255.47568
G1 X113.648 Y111.068 E255.49341
G1 X113.34 Y110.639 E255.51097
G1 X112.907 Y110.337 E255.52853
G1 X112.512 Y110.178 E255.54269
G1 X111.802 Y110.114 E255.5664
G1 X111.398 Y110.253 E255.58061
G0 F4800 X113.904 Y111.684
G0 X114.633 Y112
G1 F2400 X115 Y112 E255.59294
G0 F4800 X114.195 Y112.157
G0 X112.923 Y113.744
G0 X113.065 Y114.016
G1 F2400 X113.291 Y113.896 E255.60145
G1 X113.843 Y113.423 E255.62563
G1 X114.217 Y112.672 E255.65354
G1 X114.515 Y112.402 E255.66691
G1 X115.4 Y112.4 E255.69635
G1 X115.4 Y111.6 E255.72295
G1 X114.515 Y111.598 E255.75239
G1 X114.217 Y111.328 E255.76576
G1 X113.995 Y110.865 E255.78284
G1 X113.624 Y110.35 E255.80395
G1 X113.099 Y109.983 E255.82526
G1 X112.622 Y109.79 E255.84237
G1 X111.931 Y109.674 E255.86568
G1 X111.246 Y109.831 E255.88905
G1 X110.783 Y110.05 E255.90609
G1 X110.389 Y110.361 E255.92278
G1 X110.068 Y110.759 E255.93979
G1 X109.776 Y111.333 E255.96121
G1 X109.474 Y111.6 E255.97461
G1 X108.6 Y111.6 E256.00368
G1 X108.6 Y112.4 E256.03029
G1 X109.474 Y112.4 E256.05936
G1 X109.776 Y112.667 E256.07277
G1 X110.155 Y113.426 E256.10098
G1 X110.707 Y113.896 E256.1251
G1 X111.166 Y114.138 E256.14236
G1 X111.768 Y114.303 E256.16312
G1 X112.347 Y114.268 E256.18241
G1 X112.835 Y114.137 E256.19922
G1 X113.065 Y114.016 E256.20786
G0 F4800 X113.747 Y114.032
;TYPE:WALL-OUTER
G1 F2400 X113.969 Y113.841 E256.2176
G1 X114.289 Y113.426 E256.23503
G1 X114.596 Y112.8 E256.25822
G1 X115.713 Y112.8 E256.29537
G1 X115.8 Y112.713 E256.29946
G1 X115.8 Y111.285 E256.34696
G1 X115.714 Y111.2 E256.35098
G1 X114.651 Y111.2 E256.38634
G1 X114.342 Y110.662 E256.40697
G1 X113.909 Y110.061 E256.43161
G1 X113.291 Y109.629 E256.45669
G1 X112.732 Y109.402 E256.47675
G1 X111.918 Y109.266 E256.5042
G1 X111.114 Y109.451 E256.53164
G1 X110.571 Y109.708 E256.55162
G1 X110.106 Y110.075 E256.57133
G1 X109.73 Y110.541 E256.59124
G1 X109.398 Y111.2 E256.61578
G1 X108.283 Y111.2 E256.65287
G1 X108.2 Y111.283 E256.65677
G1 X108.2 Y112.714 E256.70437
G1 X108.285 Y112.8 E256.70839
G1 X109.399 Y112.8 E256.74544
G1 X109.707 Y113.425 E256.76862
G1 X110.03 Y113.845 E256.78624
G1 X110.481 Y114.229 E256.80594
G1 X111.018 Y114.512 E256.82613
G1 X111.726 Y114.706 E256.85055
G1 X112.411 Y114.665 E256.87337
G1 X112.982 Y114.512 E256.89303
G1 X113.518 Y114.229 E256.91319
G1 X113.747 Y114.032 E256.92324
G0 F4800 X113.898 Y113.902
G0 X113.439 Y113.366
G0 X112.236 Y110.539
G0 X112.733 Y110.679
;TYPE:SKIN
G1 F1800 X113.191 Y110.999 E256.94182
G1 X113.567 Y111.764 E256.97017
G1 X113.818 Y111.999 E256.98161
G1 X113.755 Y112.058 E256.98448
G1 X112.236 Y110.539 E257.05593
G1 X112.733 Y110.679 E257.0731
G0 F4800 X112.236 Y110.539
G1 F1800 X112.067 Y110.491 E257.07895
G1 X111.68 Y110.549 E257.09196
G1 X113.501 Y112.369 E257.17759
G1 X113.31 Y112.745 E257.19162
G1 X111.28 Y110.715 E257.2871
G1 X110.931 Y110.931 E257.30075
G1 X113.042 Y113.042 E257.40005
G1 X112.739 Y113.305 E257.41339
G1 X110.691 Y111.257 E257.50973
G1 X110.502 Y111.634 E257.52375
G1 X112.308 Y113.44 E257.6087
G1 X111.851 Y113.513 E257.62409
G1 X111.148 Y113.242 E257.64915
G1 X110.709 Y112.789 E257.67013
G1 X110.42 Y112.225 E257.69121
G1 X110.178 Y111.999 E257.70223
G1 X110.242 Y111.939 E257.70514
G1 X111.793 Y113.49 E257.7781
G1 F1500 E247.7781
;MESH:I2C_LED_BTN-Body002.stl(3)
G0 F4800 X114.456 Y112.574
G0 X115.134 Y113.658
G0 X115.98 Y113.661
G0 X119.335 Y112.574
G0 X120.43 Y112.574
G0 X121 Y112
;TYPE:WALL-INNER
G1 F1500 E257.7781
G1 F2400 X121.276 Y112 E257.78728
G0 F4800 X123.398 Y110.253
G1 F2400 X122.996 Y110.392 E257.80142
G1 X122.407 Y110.977 E257.82904
G1 X122.133 Y111.525 E257.84941
G1 X121.724 Y111.895 E257.86776
G1 X121.276 Y112 E257.88306
G1 X121.724 Y112.105 E257.89837
G1 X122.057 Y112.345 E257.91202
G1 X122.39 Y113.001 E257.93649
G1 X122.933 Y113.563 E257.96248
G1 X123.314 Y113.764 E257.97681
G1 X123.81 Y113.9 E257.99391
G1 X124.688 Y113.763 E258.02347
G1 X125.063 Y113.563 E258.0376
G1 X125.605 Y113.002 E258.06355
G1 X125.882 Y112.453 E258.084
G1 X126.264 Y112.109 E258.1011
G1 X126.633 Y112 E258.11402
G1 X126.264 Y111.891 E258.12695
G1 X125.882 Y111.547 E258.14405
G1 X125.648 Y111.068 E258.16178
G1 X125.34 Y110.639 E258.17934
G1 X124.907 Y110.337 E258.1969
G1 X124.512 Y110.178 E258.21106
G1 X123.802 Y110.114 E258.23477
G1 X123.398 Y110.253 E258.24898
G0 F4800 X125.904 Y111.684
G0 X126.633 Y112
G1 F2400 X127 Y112 E258.26131
G0 F4800 X126.276 Y112.141
G0 X123.079 Y113.746
G0 X122.936 Y114.017
G1 F2400 X123.166 Y114.138 E258.26996
G1 X123.768 Y114.303 E258.29072
G1 X124.347 Y114.268 E258.31001
G1 X124.835 Y114.137 E258.32682
G1 X125.291 Y113.896 E258.34397
G1 X125.843 Y113.423 E258.36815
G1 X126.217 Y112.672 E258.39605
G1 X126.515 Y112.402 E258.40943
G1 X127.4 Y112.4 E258.43886
G1 X127.4 Y111.6 E258.46547
G1 X126.515 Y111.598 E258.49491
G1 X126.217 Y111.328 E258.50828
G1 X125.995 Y110.865 E258.52536
G1 X125.624 Y110.35 E258.54647
G1 X125.099 Y109.983 E258.56777
G1 X124.622 Y109.79 E258.58489
G1 X123.931 Y109.674 E258.60819
G1 X123.246 Y109.831 E258.63157
G1 X122.783 Y110.05 E258.6486
G1 X122.389 Y110.361 E258.6653
G1 X122.068 Y110.759 E258.6823
G1 X121.776 Y111.333 E258.70372
G1 X121.474 Y111.6 E258.71713
G1 X120.6 Y111.6 E258.7462
G1 X120.6 Y112.4 E258.77281
G1 X121.474 Y112.4 E258.80188
G1 X121.776 Y112.667 E258.81529
G1 X122.155 Y113.426 E258.8435
G1 X122.707 Y113.896 E258.86761
G1 X122.936 Y114.017 E258.87623
G0 F4800 X123.079 Y113.746
G0 X125.287 Y113.495
G0 X125.747 Y114.032
;TYPE:WALL-OUTER
G1 F2400 X125.969 Y113.841 E258.88597
G1 X126.289 Y113.426 E258.9034
G1 X126.596 Y112.8 E258.92659
G1 X127.713 Y112.8 E258.96374
G1 X127.8 Y112.713 E258.96783
G1 X127.8 Y111.285 E259.01533
G1 X127.714 Y111.2 E259.01935
G1 X126.651 Y111.2 E259.05471
G1 X126.342 Y110.662 E259.07534
G1 X125.909 Y110.061 E259.09998
G1 X125.291 Y109.629 E259.12506
G1 X124.732 Y109.402 E259.14512
G1 X123.918 Y109.266 E259.17257
G1 X123.114 Y109.451 E259.20001
G1 X122.571 Y109.708 E259.21999
G1 X122.106 Y110.075 E259.2397
G1 X121.73 Y110.541 E259.25961
G1 X121.398 Y111.2 E259.28415
G1 X120.283 Y111.2 E259.32124
G1 X120.2 Y111.283 E259.32514
G1 X120.2 Y112.714 E259.37274
G1 X120.285 Y112.8 E259.37676
G1 X121.399 Y112.8 E259.41381
G1 X121.707 Y113.425 E259.43699
G1 X122.03 Y113.845 E259.45461
G1 X122.481 Y114.229 E259.47431
G1 X123.018 Y114.512 E259.4945
G1 X123.726 Y114.706 E259.51892
G1 X124.411 Y114.665 E259.54174
G1 X124.982 Y114.512 E259.5614
G1 X125.518 Y114.229 E259.58156
G1 X125.747 Y114.032 E259.59161
G0 F4800 X125.898 Y113.902
G0 X125.439 Y113.366
G0 X122.708 Y112.789
;TYPE:SKIN
G1 F1800 X123.148 Y113.242 E259.61261
G1 X123.597 Y113.415 E259.62862
G1 X122.18 Y111.998 E259.69527
G1 X122.462 Y111.714 E259.70858
G1 X124.205 Y113.457 E259.79057
G1 X124.66 Y113.346 E259.80614
G1 X122.651 Y111.337 E259.90064
G1 X122.856 Y110.976 E259.91445
G1 X124.983 Y113.104 E260.01452
G1 X125.261 Y112.816 E260.02783
G1 X123.206 Y110.76 E260.12452
G1 X123.575 Y110.564 E260.13841
G1 X125.46 Y112.449 E260.22708
G1 X125.693 Y112.117 E260.24057
G1 X124.068 Y110.492 E260.317
G1 X124.733 Y110.678 E260.33997
G1 X125.239 Y111.097 E260.36182
G1 F1500 E250.36182
;MESH:NONMESH
G0 F1800 X125.239 Y111.097 Z6
G0 F4800 X120.43 Y112
G0 X119.335 Y112
G0 X113.709 Y108.867
G0 X112.976 Y108.568
G0 X112.206 Y108.438
G0 X111.594 Y108.456
G0 X110.832 Y108.629
G0 X104.665 Y112
G0 X103.57 Y112
G0 X97 Y112
;TIME_ELAPSED:395.575157
;LAYER:29
;TYPE:WALL-INNER
;MESH:I2C_LED_BTN-Body002.stl(4)
G1 F1500 E260.36182
G1 F2400 X97.276 Y112 E260.371
G0 F4800 X99.235 Y110.761
G1 F2400 X98.847 Y111.001 E260.38614
G1 X98.441 Y111.777 E260.41527
G1 X98.253 Y112 E260.42497
G1 X98.441 Y112.223 E260.43467
G1 X98.696 Y112.723 E260.45334
G1 X98.972 Y113.072 E260.46813
G1 X99.325 Y113.328 E260.48264
G1 X99.689 Y113.47 E260.49563
G1 X100.167 Y113.497 E260.51156
G1 X100.532 Y113.393 E260.52418
G1 X101.002 Y113.104 E260.54253
G1 X101.301 Y112.726 E260.55856
G1 X101.534 Y112.256 E260.57601
G1 X101.752 Y112 E260.58719
G1 X101.534 Y111.744 E260.59838
G1 X101.176 Y111.012 E260.62548
G1 X100.553 Y110.578 E260.65073
G1 X99.852 Y110.513 E260.67415
G1 X99.51 Y110.591 E260.68581
G1 X99.235 Y110.761 E260.69654
G0 F4800 X99.398 Y110.253
G1 F2400 X98.996 Y110.392 E260.71069
G1 X98.407 Y110.977 E260.7383
G1 X98.133 Y111.525 E260.75868
G1 X97.724 Y111.895 E260.77702
G1 X97.276 Y112 E260.79232
G1 X97.724 Y112.105 E260.80763
G1 X98.058 Y112.345 E260.82131
G1 X98.355 Y112.936 E260.84331
G1 X98.692 Y113.364 E260.86143
G1 X99.132 Y113.682 E260.87948
G1 X99.603 Y113.866 E260.8963
G1 X100.211 Y113.9 E260.91655
G1 X100.681 Y113.766 E260.93281
G1 X101.288 Y113.387 E260.95661
G1 X101.644 Y112.938 E260.97567
G1 X101.921 Y112.368 E260.99675
G1 X102.25 Y112.116 E261.01053
G1 X102.633 Y112 E261.02397
G1 X102.25 Y111.884 E261.03742
G1 X101.92 Y111.632 E261.05123
G1 X101.649 Y111.068 E261.07204
G1 X101.339 Y110.639 E261.08964
G1 X100.907 Y110.337 E261.10717
G1 X100.514 Y110.177 E261.12129
G1 X99.802 Y110.114 E261.14506
G1 X99.398 Y110.253 E261.15927
G0 F4800 X101.904 Y111.684
G0 X102.633 Y112
G1 F2400 X103 Y112 E261.1716
G0 F4800 X102.342 Y112.127
G0 X98.847 Y113.59
G0 X98.667 Y113.839
G1 F2400 X98.938 Y114.036 E261.18274
G1 X99.517 Y114.262 E261.20342
G1 X100.256 Y114.303 E261.22803
G1 X100.831 Y114.14 E261.24791
G1 X101.471 Y113.802 E261.27198
G1 X101.986 Y113.15 E261.29962
G1 X102.24 Y112.62 E261.31917
G1 X102.668 Y112.402 E261.33514
G1 X103.4 Y112.4 E261.35949
G1 X103.4 Y111.6 E261.3861
G1 X102.509 Y111.598 E261.41573
G1 X102.211 Y111.319 E261.42931
G1 X101.995 Y110.865 E261.44603
G1 X101.624 Y110.35 E261.46714
G1 X101.099 Y109.983 E261.48845
G1 X100.623 Y109.79 E261.50553
G1 X99.93 Y109.674 E261.5289
G1 X99.246 Y109.831 E261.55224
G1 X98.783 Y110.05 E261.56928
G1 X98.389 Y110.361 E261.58597
G1 X98.068 Y110.759 E261.60298
G1 X97.776 Y111.333 E261.6244
G1 X97.474 Y111.6 E261.63781
G1 X96.6 Y111.6 E261.66687
G1 X96.6 Y112.4 E261.69348
G1 X97.474 Y112.4 E261.72255
G1 X97.776 Y112.667 E261.73596
G1 X98.013 Y113.148 E261.75379
G1 X98.412 Y113.655 E261.77525
G1 X98.667 Y113.839 E261.78571
G0 F4800 X98.847 Y113.59
G0 X101.54 Y113.216
G0 X102.095 Y113.657
;TYPE:WALL-OUTER
G1 F2400 X102.328 Y113.362 E261.79821
G1 X102.55 Y112.893 E261.81547
G1 X102.702 Y112.8 E261.8214
G1 X103.713 Y112.8 E261.85503
G1 X103.8 Y112.713 E261.85912
G1 X103.8 Y111.285 E261.90661
G1 X103.714 Y111.2 E261.91064
G1 X102.702 Y111.2 E261.94429
G1 X102.55 Y111.107 E261.95022
G1 X102.342 Y110.662 E261.96656
G1 X101.909 Y110.061 E261.9912
G1 X101.291 Y109.629 E262.01627
G1 X100.733 Y109.402 E262.03631
G1 X99.917 Y109.267 E262.06382
G1 X99.114 Y109.451 E262.09122
G1 X98.571 Y109.708 E262.1112
G1 X98.106 Y110.075 E262.1309
G1 X97.73 Y110.541 E262.15082
G1 X97.398 Y111.2 E262.17536
G1 X96.283 Y111.2 E262.21245
G1 X96.2 Y111.283 E262.21635
G1 X96.2 Y112.714 E262.26395
G1 X96.285 Y112.8 E262.26797
G1 X97.345 Y112.8 E262.30322
G1 X97.671 Y113.361 E262.3248
G1 X98.132 Y113.946 E262.34958
G1 X98.745 Y114.39 E262.37475
G1 X99.431 Y114.658 E262.39925
G1 X100.301 Y114.706 E262.42823
G1 X100.981 Y114.513 E262.45174
G1 X101.731 Y114.117 E262.47995
G1 X102.095 Y113.657 E262.49946
G0 F4800 X102.218 Y113.501
G0 X101.663 Y113.06
G0 X100.738 Y112.825
;TYPE:SKIN
G1 F1800 X100.978 Y112.524 E262.51226
G1 X101.237 Y112.001 E262.53167
G1 X101.059 Y111.639 E262.54509
G1 X99.667 Y113.031 E262.61056
G1 X99.303 Y112.829 E262.62441
G1 X100.872 Y111.26 E262.69821
G1 X100.512 Y111.055 E262.71199
G1 X99.029 Y112.537 E262.78172
G1 X98.752 Y112 E262.80182
G1 X99.061 Y111.412 E262.82391
G1 X99.412 Y111.062 E262.8404
G1 X99.899 Y110.896 E262.85751
G1 X100.087 Y110.913 E262.86379
G1 X98.837 Y112.164 E262.92261
G0 F4800 X100.174 Y113.09
G1 F1800 X101.212 Y112.052 E262.97143
G1 F1500 E252.97143
;MESH:I2C_LED_BTN-Body002.stl
G0 F4800 X103.57 Y112
G0 X104.665 Y112
G0 X107.335 Y112
G0 X108.43 Y112
G0 X109 Y112
;TYPE:WALL-INNER
G1 F1500 E262.97143
G1 F2400 X109.276 Y112 E262.98061
G0 F4800 X111.235 Y110.761
G1 F2400 X110.847 Y111.001 E262.99575
G1 X110.441 Y111.777 E263.02488
G1 X110.253 Y112 E263.03458
G1 X110.441 Y112.223 E263.04428
G1 X110.696 Y112.723 E263.06295
G1 X110.972 Y113.072 E263.07775
G1 X111.325 Y113.328 E263.09225
G1 X111.689 Y113.47 E263.10525
G1 X112.167 Y113.497 E263.12117
G1 X112.532 Y113.393 E263.13379
G1 X113.002 Y113.104 E263.15215
G1 X113.301 Y112.726 E263.16818
G1 X113.534 Y112.256 E263.18562
G1 X113.752 Y112 E263.19681
G1 X113.534 Y111.744 E263.20799
G1 X113.176 Y111.012 E263.23509
G1 X112.553 Y110.578 E263.26035
G1 X111.852 Y110.513 E263.28376
G1 X111.51 Y110.591 E263.29543
G1 X111.235 Y110.761 E263.30615
G0 F4800 X111.398 Y110.253
G1 F2400 X110.996 Y110.392 E263.3203
G1 X110.407 Y110.977 E263.34791
G1 X110.133 Y111.525 E263.36829
G1 X109.724 Y111.895 E263.38663
G1 X109.276 Y112 E263.40194
G1 X109.724 Y112.105 E263.41724
G1 X110.058 Y112.345 E263.43092
G1 X110.355 Y112.936 E263.45292
G1 X110.692 Y113.364 E263.47104
G1 X111.132 Y113.682 E263.4891
G1 X111.603 Y113.866 E263.50591
G1 X112.211 Y113.9 E263.52617
G1 X112.681 Y113.766 E263.54242
G1 X113.288 Y113.387 E263.56622
G1 X113.644 Y112.938 E263.58528
G1 X113.921 Y112.368 E263.60636
G1 X114.25 Y112.116 E263.62015
G1 X114.633 Y112 E263.63359
G1 X114.25 Y111.884 E263.64703
G1 X113.92 Y111.632 E263.66084
G1 X113.649 Y111.068 E263.68165
G1 X113.339 Y110.639 E263.69926
G1 X112.907 Y110.337 E263.71679
G1 X112.514 Y110.177 E263.7309
G1 X111.802 Y110.114 E263.75468
G1 X111.398 Y110.253 E263.76889
G0 F4800 X113.904 Y111.684
G0 X114.633 Y112
G1 F2400 X115 Y112 E263.78121
G0 F4800 X114.342 Y112.127
G0 X110.847 Y113.59
G0 X110.667 Y113.839
G1 F2400 X110.938 Y114.036 E263.79236
G1 X111.517 Y114.262 E263.81303
G1 X112.256 Y114.303 E263.83765
G1 X112.831 Y114.14 E263.85753
G1 X113.471 Y113.802 E263.8816
G1 X113.986 Y113.15 E263.90923
G1 X114.24 Y112.62 E263.92878
G1 X114.668 Y112.402 E263.94476
G1 X115.4 Y112.4 E263.9691
G1 X115.4 Y111.6 E263.99571
G1 X114.509 Y111.598 E264.02535
G1 X114.211 Y111.319 E264.03892
G1 X113.995 Y110.865 E264.05564
G1 X113.624 Y110.35 E264.07676
G1 X113.099 Y109.983 E264.09806
G1 X112.623 Y109.79 E264.11514
G1 X111.93 Y109.674 E264.13851
G1 X111.246 Y109.831 E264.16186
G1 X110.783 Y110.05 E264.17889
G1 X110.389 Y110.361 E264.19559
G1 X110.068 Y110.759 E264.21259
G1 X109.776 Y111.333 E264.23401
G1 X109.474 Y111.6 E264.24742
G1 X108.6 Y111.6 E264.27649
G1 X108.6 Y112.4 E264.3031
G1 X109.474 Y112.4 E264.33217
G1 X109.776 Y112.667 E264.34557
G1 X110.013 Y113.148 E264.36341
G1 X110.412 Y113.655 E264.38487
G1 X110.667 Y113.839 E264.39533
G0 F4800 X110.847 Y113.59
G0 X113.54 Y113.216
G0 X114.095 Y113.657
;TYPE:WALL-OUTER
G1 F2400 X114.328 Y113.362 E264.40783
G1 X114.55 Y112.893 E264.42509
G1 X114.702 Y112.8 E264.43101
G1 X115.713 Y112.8 E264.46464
G1 X115.8 Y112.713 E264.46873
G1 X115.8 Y111.285 E264.51623
G1 X115.714 Y111.2 E264.52025
G1 X114.702 Y111.2 E264.55391
G1 X114.55 Y111.107 E264.55984
G1 X114.342 Y110.662 E264.57617
G1 X113.909 Y110.061 E264.60081
G1 X113.291 Y109.629 E264.62589
G1 X112.733 Y109.402 E264.64592
G1 X111.917 Y109.267 E264.67343
G1 X111.114 Y109.451 E264.70083
G1 X110.571 Y109.708 E264.72081
G1 X110.106 Y110.075 E264.74052
G1 X109.73 Y110.541 E264.76043
G1 X109.398 Y111.2 E264.78498
G1 X108.283 Y111.2 E264.82206
G1 X108.2 Y111.283 E264.82596
G1 X108.2 Y112.714 E264.87356
G1 X108.285 Y112.8 E264.87758
G1 X109.345 Y112.8 E264.91284
G1 X109.671 Y113.361 E264.93442
G1 X110.132 Y113.946 E264.95919
G1 X110.745 Y114.39 E264.98437
G1 X111.431 Y114.658 E265.00886
G1 X112.301 Y114.706 E265.03784
G1 X112.981 Y114.513 E265.06135
G1 X113.731 Y114.117 E265.08956
G1 X114.095 Y113.657 E265.10907
G0 F4800 X114.218 Y113.501
G0 X113.663 Y113.06
G0 X112.123 Y113.113
;TYPE:SKIN
G1 F1800 X112.738 Y112.825 E265.13166
G1 X112.978 Y112.524 E265.14446
G1 X113.237 Y112.001 E265.16387
G1 X113.205 Y111.938 E265.16622
G1 X112.034 Y113.109 E265.2213
G1 X111.783 Y113.095 E265.22966
G1 X111.589 Y112.988 E265.23703
G1 X113.019 Y111.558 E265.3043
G1 X112.797 Y111.214 E265.31791
G1 X111.226 Y112.786 E265.39183
G1 X110.988 Y112.458 E265.40531
G1 X112.434 Y111.012 E265.47333
G1 X111.977 Y110.903 E265.48895
G1 X110.796 Y112.084 E265.5445
G1 X110.752 Y111.999 E265.54769
G1 X111.061 Y111.412 E265.56975
G1 X111.412 Y111.062 E265.58624
G1 X111.899 Y110.896 E265.60335
G1 F1500 E255.60335
;MESH:I2C_LED_BTN-Body002.stl(3)
G0 F4800 X115.57 Y112
G0 X116.665 Y112
G0 X119.335 Y112
G0 X120.43 Y112
G0 X121 Y112
;TYPE:WALL-INNER
G1 F1500 E265.60335
G1 F2400 X121.276 Y112 E265.61253
G0 F4800 X123.235 Y110.761
G1 F2400 X122.847 Y111.001 E265.62767
G1 X122.441 Y111.777 E265.65679
G1 X122.253 Y112 E265.6665
G1 X122.441 Y112.223 E265.6762
G1 X122.696 Y112.723 E265.69486
G1 X122.972 Y113.072 E265.70966
G1 X123.325 Y113.328 E265.72417
G1 X123.689 Y113.47 E265.73716
G1 X124.167 Y113.497 E265.75309
G1 X124.532 Y113.393 E265.76571
G1 X125.002 Y113.104 E265.78406
G1 X125.301 Y112.726 E265.80009
G1 X125.534 Y112.256 E265.81754
G1 X125.752 Y112 E265.82872
G1 X125.534 Y111.744 E265.8399
G1 X125.176 Y111.012 E265.86701
G1 X124.553 Y110.578 E265.89226
G1 X123.852 Y110.513 E265.91568
G1 X123.51 Y110.591 E265.92734
G1 X123.235 Y110.761 E265.93807
G0 F4800 X123.398 Y110.253
G1 F2400 X122.996 Y110.392 E265.95222
G1 X122.407 Y110.977 E265.97983
G1 X122.133 Y111.525 E266.0002
G1 X121.724 Y111.895 E266.01855
G1 X121.276 Y112 E266.03385
G1 X121.724 Y112.105 E266.04916
G1 X122.058 Y112.345 E266.06284
G1 X122.355 Y112.936 E266.08484
G1 X122.692 Y113.364 E266.10295
G1 X123.132 Y113.682 E266.12101
G1 X123.603 Y113.866 E266.13783
G1 X124.211 Y113.9 E266.15808
G1 X124.681 Y113.766 E266.17434
G1 X125.288 Y113.387 E266.19814
G1 X125.644 Y112.938 E266.2172
G1 X125.921 Y112.368 E266.23828
G1 X126.25 Y112.116 E266.25206
G1 X126.633 Y112 E266.2655
G1 X126.25 Y111.884 E266.27895
G1 X125.92 Y111.632 E266.29276
G1 X125.649 Y111.068 E266.31357
G1 X125.339 Y110.639 E266.33117
G1 X124.907 Y110.337 E266.3487
G1 X124.514 Y110.177 E266.36282
G1 X123.802 Y110.114 E266.38659
G1 X123.398 Y110.253 E266.4008
G0 F4800 X125.904 Y111.684
G0 X126.633 Y112
G1 F2400 X127 Y112 E266.41313
G0 F4800 X126.342 Y112.127
G0 X122.847 Y113.59
G0 X122.667 Y113.839
G1 F2400 X122.938 Y114.036 E266.42427
G1 X123.517 Y114.262 E266.44494
G1 X124.256 Y114.303 E266.46956
G1 X124.831 Y114.14 E266.48944
G1 X125.471 Y113.802 E266.51351
G1 X125.986 Y113.15 E266.54115
G1 X126.24 Y112.62 E266.5607
G1 X126.668 Y112.402 E266.57667
G1 X127.4 Y112.4 E266.60102
G1 X127.4 Y111.6 E266.62763
G1 X126.509 Y111.598 E266.65726
G1 X126.211 Y111.319 E266.67084
G1 X125.995 Y110.865 E266.68756
G1 X125.624 Y110.35 E266.70867
G1 X125.099 Y109.983 E266.72998
G1 X124.623 Y109.79 E266.74706
G1 X123.93 Y109.674 E266.77043
G1 X123.246 Y109.831 E266.79377
G1 X122.783 Y110.05 E266.81081
G1 X122.389 Y110.361 E266.8275
G1 X122.068 Y110.759 E266.84451
G1 X121.776 Y111.333 E266.86593
G1 X121.474 Y111.6 E266.87933
G1 X120.6 Y111.6 E266.9084
G1 X120.6 Y112.4 E266.93501
G1 X121.474 Y112.4 E266.96408
G1 X121.776 Y112.667 E266.97749
G1 X122.013 Y113.148 E266.99532
G1 X122.412 Y113.655 E267.01678
G1 X122.667 Y113.839 E267.02724
G0 F4800 X122.847 Y113.59
G0 X125.54 Y113.216
G0 X126.095 Y113.657
;TYPE:WALL-OUTER
G1 F2400 X126.328 Y113.362 E267.03974
G1 X126.55 Y112.893 E267.057
G1 X126.702 Y112.8 E267.06293
G1 X127.713 Y112.8 E267.09655
G1 X127.8 Y112.713 E267.10065
G1 X127.8 Y111.285 E267.14814
G1 X127.714 Y111.2 E267.15216
G1 X126.702 Y111.2 E267.18582
G1 X126.55 Y111.107 E267.19175
G1 X126.342 Y110.662 E267.20809
G1 X125.909 Y110.061 E267.23272
G1 X125.291 Y109.629 E267.2578
G1 X124.733 Y109.402 E267.27784
G1 X123.917 Y109.267 E267.30535
G1 X123.114 Y109.451 E267.33275
G1 X122.571 Y109.708 E267.35273
G1 X122.106 Y110.075 E267.37243
G1 X121.73 Y110.541 E267.39235
G1 X121.398 Y111.2 E267.41689
G1 X120.283 Y111.2 E267.45398
G1 X120.2 Y111.283 E267.45788
G1 X120.2 Y112.714 E267.50548
G1 X120.285 Y112.8 E267.5095
G1 X121.345 Y112.8 E267.54475
G1 X121.671 Y113.361 E267.56633
G1 X122.132 Y113.946 E267.59111
G1 X122.745 Y114.39 E267.61628
G1 X123.431 Y114.658 E267.64078
G1 X124.301 Y114.706 E267.66976
G1 X124.981 Y114.513 E267.69327
G1 X125.731 Y114.117 E267.72148
G1 X126.095 Y113.657 E267.74099
G0 F4800 X126.218 Y113.501
G0 X125.663 Y113.06
G0 X125.166 Y111.857
;TYPE:SKIN
G1 F1800 X123.92 Y113.102 E267.79957
G1 X124.123 Y113.113 E267.80633
G1 X124.738 Y112.825 E267.82892
G1 X124.978 Y112.524 E267.84172
G1 X125.237 Y112.001 E267.86113
G1 X124.979 Y111.478 E267.88053
G1 X123.512 Y112.945 E267.94953
G1 X123.148 Y112.743 E267.96338
G1 X124.719 Y111.171 E268.0373
G1 X124.357 Y110.968 E268.0511
G1 X122.947 Y112.378 E268.11742
G1 X122.752 Y112 E268.13157
G1 X123.061 Y111.412 E268.15366
G1 X123.412 Y111.062 E268.17015
G0 F4800 X123.846 Y110.913
G1 F1800 X122.755 Y112.004 E268.22147
G1 F1500 E258.22147
;MESH:NONMESH
G0 F1800 X122.755 Y112.004 Z6.2
G0 F4800 X120.43 Y112
G0 X119.335 Y112
G0 X113.709 Y108.867
G0 X112.976 Y108.568
G0 X112.206 Y108.438
G0 X111.594 Y108.456
G0 X110.832 Y108.629
G0 X104.665 Y112
G0 X103.57 Y112
G0 X97 Y112
;TIME_ELAPSED:406.276058
;LAYER:30
;TYPE:WALL-INNER
;MESH:I2C_LED_BTN-Body002.stl(4)
G1 F1500 E268.22147
G1 F2400 X97.276 Y112 E268.23065
G0 F4800 X99.201 Y110.334
G1 F2400 X98.828 Y110.513 E268.24441
G1 X98.449 Y110.881 E268.26198
G1 X98.135 Y111.522 E268.28572
G1 X97.73 Y111.892 E268.30396
G1 X97.276 Y112 E268.31949
G1 X97.73 Y112.108 E268.33501
G1 X98.064 Y112.352 E268.34876
G1 X98.354 Y112.935 E268.37042
G1 X98.792 Y113.488 E268.39388
G1 X99.403 Y113.812 E268.41689
G1 X99.924 Y113.891 E268.43441
G1 X100.675 Y113.766 E268.45974
G1 X101.157 Y113.495 E268.47813
G1 X101.519 Y113.157 E268.4946
G1 X101.941 Y112.323 E268.52569
G1 X102.633 Y112 E268.55134
G1 X102.016 Y111.712 E268.57422
G1 X101.648 Y111.068 E268.59889
G1 X101.339 Y110.639 E268.61647
G1 X100.907 Y110.337 E268.634
G1 X100.12 Y110.108 E268.66126
G1 X99.576 Y110.154 E268.67942
G1 X99.201 Y110.334 E268.69326
G0 F4800 X101.617 Y111.556
G0 X102.633 Y112
G1 F2400 X103 Y112 E268.70558
G0 F4800 X102.204 Y112.156
G0 X100.303 Y113.962
G0 X100.37 Y114.216
G1 F2400 X100.827 Y114.139 E268.721
G1 X101.395 Y113.82 E268.74267
G1 X101.844 Y113.401 E268.76309
G1 X102.253 Y112.593 E268.79321
G1 X102.668 Y112.402 E268.80841
G1 X103.4 Y112.4 E268.83275
G1 X103.4 Y111.6 E268.85936
G1 X102.668 Y111.598 E268.88371
G1 X102.297 Y111.427 E268.8973
G1 X101.995 Y110.865 E268.91852
G1 X101.624 Y110.35 E268.93963
G1 X101.099 Y109.983 E268.96093
G1 X100.621 Y109.789 E268.97809
G1 X100.137 Y109.705 E268.99443
G1 X99.491 Y109.76 E269.01599
G1 X99.009 Y109.929 E269.03298
G1 X98.58 Y110.196 E269.04979
G1 X98.121 Y110.642 E269.07107
G1 X97.778 Y111.329 E269.09661
G1 X97.477 Y111.6 E269.11008
G1 X96.6 Y111.6 E269.13925
G1 X96.6 Y112.4 E269.16586
G1 X97.477 Y112.4 E269.19503
G1 X97.778 Y112.671 E269.2085
G1 X98.013 Y113.148 E269.22619
G1 X98.528 Y113.8 E269.25382
G1 X99.275 Y114.197 E269.28196
G1 X99.905 Y114.293 E269.30315
G1 X100.37 Y114.216 E269.31883
G0 F4800 X101.309 Y114.328
;TYPE:WALL-OUTER
G1 F2400 X101.633 Y114.145 E269.33121
G1 X102.169 Y113.645 E269.35559
G1 X102.564 Y112.864 E269.3847
G1 X102.702 Y112.8 E269.38975
G1 X103.713 Y112.8 E269.42338
G1 X103.8 Y112.713 E269.42747
G1 X103.8 Y111.285 E269.47497
G1 X103.714 Y111.2 E269.47899
G1 X102.607 Y111.2 E269.51581
G1 X102.342 Y110.662 E269.53576
G1 X101.909 Y110.061 E269.56039
G1 X101.291 Y109.629 E269.58547
G1 X100.732 Y109.402 E269.60554
G1 X100.155 Y109.302 E269.62502
G1 X99.407 Y109.366 E269.64999
G1 X98.835 Y109.566 E269.67014
G1 X98.332 Y109.879 E269.68984
G1 X97.793 Y110.404 E269.71487
G1 X97.4 Y111.2 E269.7444
G1 X96.283 Y111.2 E269.78155
G1 X96.2 Y111.283 E269.78545
G1 X96.2 Y112.714 E269.83305
G1 X96.285 Y112.8 E269.83707
G1 X97.401 Y112.8 E269.87419
G1 X97.671 Y113.361 E269.89489
G1 X98.14 Y113.954 E269.92004
G1 X98.479 Y114.228 E269.93454
G1 X99.148 Y114.583 E269.95973
G1 X99.886 Y114.695 E269.98455
G1 X100.408 Y114.665 E270.00195
G1 X100.979 Y114.513 E270.0216
G1 X101.309 Y114.328 E270.03418
G0 F4800 X101.483 Y114.23
G0 X101.135 Y113.612
G0 X98.177 Y111.999
;TYPE:SKIN
G1 F1800 X98.427 Y112.234 E270.04559
G1 X98.678 Y112.733 E270.06417
G1 X98.976 Y113.11 E270.08015
G1 X99.529 Y113.446 E270.10168
G1 X99.93 Y113.507 E270.11517
G1 X98.303 Y111.879 E270.19172
G1 X98.543 Y111.554 E270.20516
G1 X100.415 Y113.426 E270.29321
G1 X100.785 Y113.23 E270.30714
G1 X98.73 Y111.175 E270.4038
G1 X98.998 Y110.878 E270.4171
G1 X101.115 Y112.994 E270.51666
G1 X101.345 Y112.658 E270.5302
G1 X99.361 Y110.674 E270.62352
G1 X99.771 Y110.519 E270.6381
G1 X101.535 Y112.283 E270.72107
G1 X101.652 Y112.05 E270.72974
G1 X101.753 Y112.004 E270.73344
G1 X101.656 Y111.839 E270.7398
G1 X100.399 Y110.582 E270.79893
G1 X100.733 Y110.679 E270.81049
G1 X101.149 Y110.968 E270.82734
G1 F1500 E260.82734
;MESH:I2C_LED_BTN-Body002.stl
G0 F4800 X103.57 Y112
G0 X104.665 Y112
G0 X107.335 Y112
G0 X108.43 Y112
G0 X109 Y112
;TYPE:WALL-INNER
G1 F1500 E270.82734
G1 F2400 X109.276 Y112 E270.83652
G0 F4800 X111.201 Y110.334
G1 F2400 X110.828 Y110.513 E270.85028
G1 X110.449 Y110.881 E270.86785
G1 X110.135 Y111.522 E270.89159
G1 X109.73 Y111.892 E270.90984
G1 X109.276 Y112 E270.92536
G1 X109.73 Y112.108 E270.94088
G1 X110.064 Y112.352 E270.95464
G1 X110.354 Y112.935 E270.9763
G1 X110.792 Y113.488 E270.99976
G1 X111.403 Y113.812 E271.02276
G1 X111.924 Y113.891 E271.04029
G1 X112.675 Y113.766 E271.06561
G1 X113.157 Y113.495 E271.084
G1 X113.519 Y113.157 E271.10047
G1 X113.941 Y112.323 E271.13156
G1 X114.633 Y112 E271.15722
G1 X114.016 Y111.712 E271.18009
G1 X113.648 Y111.068 E271.20476
G1 X113.339 Y110.639 E271.22234
G1 X112.907 Y110.337 E271.23988
G1 X112.12 Y110.108 E271.26714
G1 X111.576 Y110.154 E271.28529
G1 X111.201 Y110.334 E271.29913
G0 F4800 X113.617 Y111.556
G0 X114.633 Y112
G1 F2400 X115 Y112 E271.31146
G0 F4800 X114.204 Y112.156
G0 X112.303 Y113.962
G0 X112.37 Y114.216
G1 F2400 X112.827 Y114.139 E271.32687
G1 X113.395 Y113.82 E271.34854
G1 X113.844 Y113.401 E271.36897
G1 X114.253 Y112.593 E271.39909
G1 X114.668 Y112.402 E271.41428
G1 X115.4 Y112.4 E271.43863
G1 X115.4 Y111.6 E271.46524
G1 X114.668 Y111.598 E271.48958
G1 X114.297 Y111.427 E271.50317
G1 X113.995 Y110.865 E271.52439
G1 X113.624 Y110.35 E271.5455
G1 X113.099 Y109.983 E271.56681
G1 X112.621 Y109.789 E271.58396
G1 X112.137 Y109.705 E271.6003
G1 X111.491 Y109.76 E271.62187
G1 X111.009 Y109.929 E271.63885
G1 X110.58 Y110.196 E271.65566
G1 X110.121 Y110.642 E271.67695
G1 X109.778 Y111.329 E271.70249
G1 X109.477 Y111.6 E271.71596
G1 X108.6 Y111.6 E271.74513
G1 X108.6 Y112.4 E271.77173
G1 X109.477 Y112.4 E271.8009
G1 X109.778 Y112.671 E271.81437
G1 X110.013 Y113.148 E271.83206
G1 X110.528 Y113.8 E271.8597
G1 X111.275 Y114.197 E271.88783
G1 X111.905 Y114.293 E271.90903
G1 X112.37 Y114.216 E271.9247
G0 F4800 X113.309 Y114.328
;TYPE:WALL-OUTER
G1 F2400 X113.633 Y114.145 E271.93708
G1 X114.169 Y113.645 E271.96146
G1 X114.564 Y112.864 E271.99057
G1 X114.702 Y112.8 E271.99563
G1 X115.713 Y112.8 E272.02925
G1 X115.8 Y112.713 E272.03335
G1 X115.8 Y111.285 E272.08084
G1 X115.714 Y111.2 E272.08486
G1 X114.607 Y111.2 E272.12168
G1 X114.342 Y110.662 E272.14163
G1 X113.909 Y110.061 E272.16627
G1 X113.291 Y109.629 E272.19135
G1 X112.732 Y109.402 E272.21141
G1 X112.155 Y109.302 E272.23089
G1 X111.407 Y109.366 E272.25586
G1 X110.835 Y109.566 E272.27601
G1 X110.332 Y109.879 E272.29572
G1 X109.793 Y110.404 E272.32074
G1 X109.4 Y111.2 E272.35027
G1 X108.283 Y111.2 E272.38742
G1 X108.2 Y111.283 E272.39133
G1 X108.2 Y112.714 E272.43892
G1 X108.285 Y112.8 E272.44294
G1 X109.401 Y112.8 E272.48006
G1 X109.671 Y113.361 E272.50077
G1 X110.14 Y113.954 E272.52591
G1 X110.479 Y114.228 E272.54041
G1 X111.148 Y114.583 E272.5656
G1 X111.886 Y114.695 E272.59043
G1 X112.408 Y114.665 E272.60782
G1 X112.979 Y114.513 E272.62747
G1 X113.309 Y114.328 E272.64006
G0 F4800 X113.483 Y114.23
G0 X113.135 Y113.612
G0 X112.228 Y110.531
G0 X113.149 Y110.968
;TYPE:SKIN
G1 F1800 X113.753 Y112.004 E272.67994
G1 X113.717 Y112.02 E272.68125
G1 X112.228 Y110.531 E272.75129
G1 X112.733 Y110.679 E272.76879
G1 X113.149 Y110.968 E272.78564
G0 F4800 X112.228 Y110.531
G1 F1800 X111.661 Y110.53 E272.8045
G1 X113.494 Y112.363 E272.89072
G1 X113.304 Y112.738 E272.9047
G1 X111.28 Y110.714 E272.9999
G1 X110.937 Y110.937 E273.01351
G1 X113.044 Y113.044 E273.11262
G1 X112.714 Y113.28 E273.12611
G1 X110.69 Y111.255 E273.22134
G1 X110.503 Y111.634 E273.23539
G1 X112.312 Y113.443 E273.32048
G1 X111.931 Y113.507 E273.33333
G1 X111.528 Y113.446 E273.34689
G1 X110.976 Y113.109 E273.3684
G1 X110.678 Y112.733 E273.38436
G1 X110.427 Y112.234 E273.40293
G1 X110.177 Y111.999 E273.41435
G1 X110.241 Y111.938 E273.41729
G1 X111.788 Y113.485 E273.49005
G1 F1500 E263.49005
;MESH:I2C_LED_BTN-Body002.stl(3)
G0 F4800 X114.46 Y112.573
G0 X115.126 Y113.659
G0 X115.979 Y113.661
G0 X119.335 Y112.573
G0 X120.43 Y112.573
G0 X121 Y112
;TYPE:WALL-INNER
G1 F1500 E273.49005
G1 F2400 X121.276 Y112 E273.49923
G0 F4800 X123.201 Y110.334
G1 F2400 X122.828 Y110.513 E273.51299
G1 X122.449 Y110.881 E273.53056
G1 X122.135 Y111.522 E273.5543
G1 X121.73 Y111.892 E273.57255
G1 X121.276 Y112 E273.58807
G1 X121.73 Y112.108 E273.60359
G1 X122.064 Y112.352 E273.61735
G1 X122.354 Y112.935 E273.63901
G1 X122.792 Y113.488 E273.66247
G1 X123.403 Y113.812 E273.68547
G1 X123.924 Y113.891 E273.703
G1 X124.675 Y113.766 E273.72832
G1 X125.157 Y113.495 E273.74671
G1 X125.519 Y113.157 E273.76319
G1 X125.941 Y112.323 E273.79427
G1 X126.633 Y112 E273.81993
G1 X126.016 Y111.712 E273.8428
G1 X125.648 Y111.068 E273.86747
G1 X125.339 Y110.639 E273.88506
G1 X124.907 Y110.337 E273.90259
G1 X124.12 Y110.108 E273.92985
G1 X123.576 Y110.154 E273.94801
G1 X123.201 Y110.334 E273.96184
G0 F4800 X125.617 Y111.556
G0 X126.633 Y112
G1 F2400 X127 Y112 E273.97417
G0 F4800 X126.204 Y112.156
G0 X124.303 Y113.962
G0 X124.37 Y114.216
G1 F2400 X124.827 Y114.139 E273.98958
G1 X125.395 Y113.82 E274.01125
G1 X125.844 Y113.401 E274.03168
G1 X126.253 Y112.593 E274.0618
G1 X126.668 Y112.402 E274.07699
G1 X127.4 Y112.4 E274.10134
G1 X127.4 Y111.6 E274.12795
G1 X126.668 Y111.598 E274.15229
G1 X126.297 Y111.427 E274.16588
G1 X125.995 Y110.865 E274.1871
G1 X125.624 Y110.35 E274.20821
G1 X125.099 Y109.983 E274.22952
G1 X124.621 Y109.789 E274.24667
G1 X124.137 Y109.705 E274.26301
G1 X123.491 Y109.76 E274.28458
G1 X123.009 Y109.929 E274.30157
G1 X122.58 Y110.196 E274.31837
G1 X122.121 Y110.642 E274.33966
G1 X121.778 Y111.329 E274.3652
G1 X121.477 Y111.6 E274.37867
G1 X120.6 Y111.6 E274.40784
G1 X120.6 Y112.4 E274.43445
G1 X121.477 Y112.4 E274.46361
G1 X121.778 Y112.671 E274.47709
G1 X122.013 Y113.148 E274.49477
G1 X122.528 Y113.8 E274.52241
G1 X123.275 Y114.197 E274.55054
G1 X123.905 Y114.293 E274.57174
G1 X124.37 Y114.216 E274.58741
G0 F4800 X125.309 Y114.328
;TYPE:WALL-OUTER
G1 F2400 X125.633 Y114.145 E274.59979
G1 X126.169 Y113.645 E274.62417
G1 X126.564 Y112.864 E274.65328
G1 X126.702 Y112.8 E274.65834
G1 X127.713 Y112.8 E274.69197
G1 X127.8 Y112.713 E274.69606
G1 X127.8 Y111.285 E274.74355
G1 X127.714 Y111.2 E274.74758
G1 X126.607 Y111.2 E274.78439
G1 X126.342 Y110.662 E274.80434
G1 X125.909 Y110.061 E274.82898
G1 X125.291 Y109.629 E274.85406
G1 X124.732 Y109.402 E274.87412
G1 X124.155 Y109.302 E274.8936
G1 X123.407 Y109.366 E274.91857
G1 X122.835 Y109.566 E274.93873
G1 X122.332 Y109.879 E274.95843
G1 X121.793 Y110.404 E274.98346
G1 X121.4 Y111.2 E275.01298
G1 X120.283 Y111.2 E275.05013
G1 X120.2 Y111.283 E275.05404
G1 X120.2 Y112.714 E275.10163
G1 X120.285 Y112.8 E275.10565
G1 X121.401 Y112.8 E275.14277
G1 X121.671 Y113.361 E275.16348
G1 X122.14 Y113.954 E275.18863
G1 X122.479 Y114.228 E275.20312
G1 X123.148 Y114.583 E275.22831
G1 X123.886 Y114.695 E275.25314
G1 X124.408 Y114.665 E275.27053
G1 X124.979 Y114.513 E275.29018
G1 X125.309 Y114.328 E275.30277
G0 F4800 X125.483 Y114.23
G0 X125.135 Y113.612
G0 X122.678 Y112.733
;TYPE:SKIN
G1 F1800 X122.976 Y113.109 E275.31872
G1 X123.529 Y113.446 E275.34026
G1 X123.645 Y113.463 E275.34416
G1 X122.18 Y111.997 E275.4131
G1 X122.463 Y111.715 E275.42638
G1 X124.208 Y113.46 E275.50846
G1 X124.644 Y113.33 E275.52359
G1 X122.65 Y111.336 E275.61739
G1 X122.876 Y110.997 E275.63094
G1 X124.974 Y113.095 E275.72962
G1 X125.265 Y112.82 E275.74294
G1 X123.198 Y110.753 E275.84016
G1 X123.58 Y110.57 E275.85425
G1 X125.454 Y112.443 E275.94237
G1 X125.644 Y112.067 E275.95639
G1 X124.058 Y110.481 E276.03099
G1 X124.733 Y110.678 E276.05437
G1 X125.202 Y111.06 E276.07449
G1 F1500 E266.07449
;MESH:NONMESH
G0 F1800 X125.202 Y111.06 Z6.4
G0 F4800 X120.43 Y112
G0 X119.335 Y112
G0 X113.709 Y108.867
G0 X112.976 Y108.568
G0 X112.188 Y108.436
G0 X111.222 Y108.516
G0 X110.609 Y108.728
G0 X104.665 Y112
G0 X103.57 Y112
G0 X97 Y112
;TIME_ELAPSED:417.156482
;LAYER:31
;TYPE:WALL-INNER
;MESH:I2C_LED_BTN-Body002.stl(4)
G1 F1500 E276.07449
G1 F2400 X97.276 Y112 E276.08367
G0 F4800 X100.496 Y113.35
G1 F2400 X100.848 Y113.22 E276.09615
G1 X101.227 Y112.844 E276.11391
G1 X101.483 Y112.343 E276.13262
G1 X101.745 Y112 E276.14698
G1 X101.483 Y111.657 E276.16133
G1 X101.19 Y111.106 E276.18209
G1 X100.712 Y110.689 E276.20319
G1 X100.404 Y110.564 E276.21424
G1 X99.852 Y110.513 E276.23268
G1 X99.509 Y110.591 E276.24438
G1 X98.874 Y110.984 E276.26922
G1 X98.251 Y112 E276.30886
G1 X98.747 Y112.805 E276.34031
G1 X99.038 Y113.132 E276.35487
G1 X99.396 Y113.36 E276.36898
G1 X100.081 Y113.502 E276.39225
G1 X100.496 Y113.35 E276.40695
G0 F4800 X99.624 Y113.807
G1 F2400 X100.104 Y113.907 E276.42322
G1 X100.573 Y113.802 E276.4392
G1 X101.07 Y113.557 E276.45763
G1 X101.566 Y113.061 E276.48096
G1 X101.948 Y112.31 E276.50899
G1 X102.633 Y112 E276.53424
G1 X101.954 Y111.693 E276.55928
G1 X101.52 Y110.874 E276.5901
G1 X100.905 Y110.336 E276.61728
G1 X100.514 Y110.177 E276.63132
G1 X99.802 Y110.114 E276.65509
G1 X98.996 Y110.392 E276.68345
G1 X98.407 Y110.977 E276.71106
G1 X98.054 Y111.681 E276.73726
G1 X97.276 Y112 E276.76522
G1 X98.053 Y112.318 E276.79315
G1 X98.414 Y113.032 E276.81976
G1 X98.776 Y113.439 E276.83787
G1 X99.223 Y113.724 E276.85551
G1 X99.624 Y113.807 E276.86909
G0 F4800 X102.204 Y112.156
G0 X102.633 Y112
G1 F2400 X103 Y112 E276.88142
G0 F4800 X102.204 Y112.156
G0 X100.869 Y113.76
G0 X101.003 Y114.036
G1 F2400 X101.291 Y113.894 E276.8921
G1 X101.819 Y113.444 E276.91518
G1 X102.258 Y112.586 E276.94723
G1 X102.668 Y112.402 E276.96218
G1 X103.4 Y112.4 E276.98652
G1 X103.4 Y111.6 E277.01313
G1 X102.668 Y111.598 E277.03748
G1 X102.261 Y111.416 E277.05231
G1 X101.849 Y110.641 E277.0815
G1 X101.517 Y110.277 E277.09789
G1 X101.098 Y109.982 E277.11493
G1 X100.623 Y109.789 E277.13198
G1 X99.929 Y109.674 E277.15538
G1 X99.246 Y109.831 E277.17869
G1 X98.783 Y110.05 E277.19572
G1 X98.389 Y110.361 E277.21242
G1 X98.068 Y110.759 E277.22943
G1 X97.743 Y111.41 E277.25363
G1 X97.276 Y111.6 E277.2704
G1 X96.6 Y111.6 E277.29288
G1 X96.6 Y112.4 E277.31949
G1 X97.276 Y112.4 E277.34197
G1 X97.742 Y112.59 E277.35871
G1 X98.08 Y113.259 E277.38364
G1 X98.514 Y113.746 E277.40534
G1 X99.051 Y114.089 E277.42653
G1 X99.532 Y114.246 E277.44336
G1 X100.126 Y114.312 E277.46324
G1 X100.707 Y114.182 E277.48304
G1 X101.003 Y114.036 E277.49401
G0 F4800 X101.179 Y114.396
;TYPE:WALL-OUTER
G1 F2400 X101.513 Y114.231 E277.50641
G1 X102.138 Y113.698 E277.53373
G1 X102.566 Y112.861 E277.56499
G1 X102.702 Y112.8 E277.56995
G1 X103.713 Y112.8 E277.60358
G1 X103.8 Y112.713 E277.60767
G1 X103.8 Y111.285 E277.65516
G1 X103.714 Y111.2 E277.65919
G1 X102.702 Y111.2 E277.69284
G1 X102.567 Y111.139 E277.69777
G1 X102.179 Y110.409 E277.72527
G1 X101.783 Y109.975 E277.74481
G1 X101.291 Y109.629 E277.76481
G1 X100.733 Y109.402 E277.78485
G1 X99.917 Y109.267 E277.81236
G1 X99.114 Y109.451 E277.83976
G1 X98.571 Y109.708 E277.85974
G1 X98.106 Y110.075 E277.87944
G1 X97.73 Y110.541 E277.89936
G1 X97.432 Y111.137 E277.92152
G1 X97.276 Y111.2 E277.92712
G1 X96.283 Y111.2 E277.96014
G1 X96.2 Y111.283 E277.96405
G1 X96.2 Y112.714 E278.01164
G1 X96.285 Y112.8 E278.01567
G1 X97.276 Y112.8 E278.04863
G1 X97.432 Y112.863 E278.05422
G1 X97.747 Y113.486 E278.07744
G1 X98.252 Y114.054 E278.10272
G1 X98.879 Y114.453 E278.12744
G1 X99.447 Y114.639 E278.14732
G1 X100.148 Y114.717 E278.17078
G1 X100.841 Y114.562 E278.1944
G1 X101.179 Y114.396 E278.20692
G0 F4800 X101.358 Y114.308
G0 X101.049 Y113.673
G0 X100.638 Y112.897
;TYPE:SKIN
G1 F1800 X100.912 Y112.627 E278.21971
G1 X101.232 Y111.997 E278.24322
G1 X101.048 Y111.649 E278.25631
G1 X99.665 Y113.032 E278.32136
G1 X99.291 Y112.842 E278.33531
G1 X100.837 Y111.295 E278.40806
G1 X100.534 Y111.032 E278.4214
G1 X99.031 Y112.535 E278.4921
G1 X98.82 Y112.181 E278.5058
G1 X100.07 Y110.93 E278.56462
G1 X99.643 Y110.95 E278.57884
G1 X99.11 Y111.325 E278.60052
G0 F4800 X100.206 Y113.058
G1 F1800 X101.197 Y112.067 E278.64713
G1 F1500 E268.64713
;MESH:I2C_LED_BTN-Body002.stl
G0 F4800 X103.57 Y112
G0 X104.665 Y112
G0 X107.335 Y112
G0 X108.43 Y112
G0 X109 Y112
;TYPE:WALL-INNER
G1 F1500 E278.64713
G1 F2400 X109.276 Y112 E278.65631
G0 F4800 X112.496 Y113.35
G1 F2400 X112.848 Y113.22 E278.66879
G1 X113.227 Y112.844 E278.68655
G1 X113.483 Y112.343 E278.70526
G1 X113.745 Y112 E278.71962
G1 X113.483 Y111.657 E278.73397
G1 X113.19 Y111.106 E278.75473
G1 X112.712 Y110.689 E278.77583
G1 X112.404 Y110.564 E278.78688
G1 X111.852 Y110.513 E278.80532
G1 X111.509 Y110.591 E278.81702
G1 X110.874 Y110.984 E278.84186
G1 X110.251 Y112 E278.8815
G1 X110.747 Y112.805 E278.91295
G1 X111.038 Y113.132 E278.9275
G1 X111.396 Y113.36 E278.94162
G1 X112.081 Y113.502 E278.96489
G1 X112.496 Y113.35 E278.97959
G0 F4800 X111.624 Y113.807
G1 F2400 X112.104 Y113.907 E278.99586
G1 X112.573 Y113.802 E279.01184
G1 X113.07 Y113.557 E279.03027
G1 X113.566 Y113.061 E279.0536
G1 X113.948 Y112.31 E279.08162
G1 X114.633 Y112 E279.10688
G1 X113.954 Y111.693 E279.13191
G1 X113.52 Y110.874 E279.16274
G1 X112.905 Y110.336 E279.18992
G1 X112.514 Y110.177 E279.20396
G1 X111.802 Y110.114 E279.22773
G1 X110.996 Y110.392 E279.25609
G1 X110.407 Y110.977 E279.2837
G1 X110.054 Y111.681 E279.30989
G1 X109.276 Y112 E279.33786
G1 X110.053 Y112.318 E279.36579
G1 X110.414 Y113.032 E279.3924
G1 X110.776 Y113.439 E279.41051
G1 X111.223 Y113.724 E279.42814
G1 X111.624 Y113.807 E279.44173
G0 F4800 X114.204 Y112.156
G0 X114.633 Y112
G1 F2400 X115 Y112 E279.45406
G0 F4800 X114.204 Y112.156
G0 X112.869 Y113.76
G0 X113.003 Y114.036
G1 F2400 X113.291 Y113.894 E279.46474
G1 X113.819 Y113.444 E279.48781
G1 X114.258 Y112.586 E279.51987
G1 X114.668 Y112.402 E279.53482
G1 X115.4 Y112.4 E279.55916
G1 X115.4 Y111.6 E279.58577
G1 X114.668 Y111.598 E279.61012
G1 X114.261 Y111.416 E279.62495
G1 X113.849 Y110.641 E279.65414
G1 X113.517 Y110.277 E279.67052
G1 X113.098 Y109.982 E279.68757
G1 X112.623 Y109.789 E279.70462
G1 X111.929 Y109.674 E279.72802
G1 X111.246 Y109.831 E279.75133
G1 X110.783 Y110.05 E279.76836
G1 X110.389 Y110.361 E279.78506
G1 X110.068 Y110.759 E279.80206
G1 X109.743 Y111.41 E279.82626
G1 X109.276 Y111.6 E279.84303
G1 X108.6 Y111.6 E279.86552
G1 X108.6 Y112.4 E279.89213
G1 X109.276 Y112.4 E279.91461
G1 X109.742 Y112.59 E279.93135
G1 X110.08 Y113.259 E279.95628
G1 X110.514 Y113.746 E279.97797
G1 X111.051 Y114.089 E279.99917
G1 X111.532 Y114.246 E280.016
G1 X112.126 Y114.312 E280.03587
G1 X112.707 Y114.182 E280.05568
G1 X113.003 Y114.036 E280.06665
G0 F4800 X113.179 Y114.396
;TYPE:WALL-OUTER
G1 F2400 X113.513 Y114.231 E280.07904
G1 X114.138 Y113.698 E280.10636
G1 X114.566 Y112.861 E280.13763
G1 X114.702 Y112.8 E280.14259
G1 X115.713 Y112.8 E280.17621
G1 X115.8 Y112.713 E280.18031
G1 X115.8 Y111.285 E280.2278
G1 X115.714 Y111.2 E280.23182
G1 X114.702 Y111.2 E280.26548
G1 X114.567 Y111.139 E280.27041
G1 X114.179 Y110.409 E280.29791
G1 X113.783 Y109.975 E280.31745
G1 X113.291 Y109.629 E280.33745
G1 X112.733 Y109.402 E280.35749
G1 X111.917 Y109.267 E280.385
G1 X111.114 Y109.451 E280.4124
G1 X110.571 Y109.708 E280.43238
G1 X110.106 Y110.075 E280.45208
G1 X109.73 Y110.541 E280.472
G1 X109.432 Y111.137 E280.49416
G1 X109.276 Y111.2 E280.49976
G1 X108.283 Y111.2 E280.53278
G1 X108.2 Y111.283 E280.53669
G1 X108.2 Y112.714 E280.58428
G1 X108.285 Y112.8 E280.5883
G1 X109.276 Y112.8 E280.62127
G1 X109.432 Y112.863 E280.62686
G1 X109.747 Y113.486 E280.65008
G1 X110.252 Y114.054 E280.67536
G1 X110.879 Y114.453 E280.70008
G1 X111.447 Y114.639 E280.71996
G1 X112.148 Y114.717 E280.74342
G1 X112.841 Y114.562 E280.76703
G1 X113.179 Y114.396 E280.77956
G0 F4800 X113.358 Y114.308
G0 X113.049 Y113.673
G0 X112.057 Y113.113
;TYPE:SKIN
G1 F1800 X112.638 Y112.897 E280.80018
G1 X112.912 Y112.627 E280.81297
G1 X113.232 Y111.997 E280.83647
G1 X113.201 Y111.941 E280.8386
G1 X112.034 Y113.109 E280.89352
G1 X111.565 Y113.012 E280.90945
G1 X113.007 Y111.57 E280.97727
G1 X112.773 Y111.239 E280.99075
G1 X111.217 Y112.795 E281.06394
G1 X110.986 Y112.46 E281.07748
G1 X112.442 Y111.004 E281.14596
G1 X111.97 Y110.91 E281.16197
G1 X110.775 Y112.105 E281.21818
G1 X110.711 Y111.999 E281.2223
G1 X111.151 Y111.255 E281.25105
G1 X111.643 Y110.95 E281.2703
G1 X111.889 Y110.895 E281.27869
G1 F1500 E271.27869
;MESH:I2C_LED_BTN-Body002.stl(3)
G0 F4800 X115.57 Y112
G0 X116.665 Y112
G0 X119.335 Y112
G0 X120.43 Y112
G0 X121 Y112
;TYPE:WALL-INNER
G1 F1500 E281.27869
G1 F2400 X121.276 Y112 E281.28786
G0 F4800 X124.496 Y113.35
G1 F2400 X124.848 Y113.22 E281.30035
G1 X125.227 Y112.844 E281.3181
G1 X125.483 Y112.343 E281.33681
G1 X125.745 Y112 E281.35117
G1 X125.483 Y111.657 E281.36553
G1 X125.19 Y111.106 E281.38628
G1 X124.712 Y110.689 E281.40738
G1 X124.404 Y110.564 E281.41844
G1 X123.852 Y110.513 E281.43687
G1 X123.509 Y110.591 E281.44857
G1 X122.874 Y110.984 E281.47341
G1 X122.251 Y112 E281.51305
G1 X122.747 Y112.805 E281.5445
G1 X123.038 Y113.132 E281.55906
G1 X123.396 Y113.36 E281.57317
G1 X124.081 Y113.502 E281.59644
G1 X124.496 Y113.35 E281.61114
G0 F4800 X123.624 Y113.807
G1 F2400 X124.104 Y113.907 E281.62741
G1 X124.573 Y113.802 E281.64339
G1 X125.07 Y113.557 E281.66182
G1 X125.566 Y113.061 E281.68515
G1 X125.948 Y112.31 E281.71318
G1 X126.633 Y112 E281.73844
G1 X125.954 Y111.693 E281.76347
G1 X125.52 Y110.874 E281.7943
G1 X124.905 Y110.336 E281.82147
G1 X124.514 Y110.177 E281.83551
G1 X123.802 Y110.114 E281.85929
G1 X122.996 Y110.392 E281.88764
G1 X122.407 Y110.977 E281.91525
G1 X122.054 Y111.681 E281.94145
G1 X121.276 Y112 E281.96942
G1 X122.053 Y112.318 E281.99734
G1 X122.414 Y113.032 E282.02395
G1 X122.776 Y113.439 E282.04207
G1 X123.223 Y113.724 E282.0597
G1 X123.624 Y113.807 E282.07328
G0 F4800 X126.204 Y112.156
G0 X126.633 Y112
G1 F2400 X127 Y112 E282.08561
G0 F4800 X126.204 Y112.156
G0 X124.869 Y113.76
G0 X125.003 Y114.036
G1 F2400 X125.291 Y113.894 E282.09629
G1 X125.819 Y113.444 E282.11937
G1 X126.258 Y112.586 E282.15142
G1 X126.668 Y112.402 E282.16637
G1 X127.4 Y112.4 E282.19072
G1 X127.4 Y111.6 E282.21732
G1 X126.668 Y111.598 E282.24167
G1 X126.261 Y111.416 E282.2565
G1 X125.849 Y110.641 E282.28569
G1 X125.517 Y110.277 E282.30208
G1 X125.098 Y109.982 E282.31912
G1 X124.623 Y109.789 E282.33618
G1 X123.929 Y109.674 E282.35957
G1 X123.246 Y109.831 E282.38288
G1 X122.783 Y110.05 E282.39992
G1 X122.389 Y110.361 E282.41661
G1 X122.068 Y110.759 E282.43362
G1 X121.743 Y111.41 E282.45782
G1 X121.276 Y111.6 E282.47459
G1 X120.6 Y111.6 E282.49707
G1 X120.6 Y112.4 E282.52368
G1 X121.276 Y112.4 E282.54616
G1 X121.742 Y112.59 E282.5629
G1 X122.08 Y113.259 E282.58783
G1 X122.514 Y113.746 E282.60953
G1 X123.051 Y114.089 E282.63072
G1 X123.532 Y114.246 E282.64755
G1 X124.126 Y114.312 E282.66743
G1 X124.707 Y114.182 E282.68723
G1 X125.003 Y114.036 E282.69821
G0 F4800 X125.179 Y114.396
;TYPE:WALL-OUTER
G1 F2400 X125.513 Y114.231 E282.7106
G1 X126.138 Y113.698 E282.73792
G1 X126.566 Y112.861 E282.76918
G1 X126.702 Y112.8 E282.77414
G1 X127.713 Y112.8 E282.80777
G1 X127.8 Y112.713 E282.81186
G1 X127.8 Y111.285 E282.85936
G1 X127.714 Y111.2 E282.86338
G1 X126.702 Y111.2 E282.89704
G1 X126.567 Y111.139 E282.90196
G1 X126.179 Y110.409 E282.92946
G1 X125.783 Y109.975 E282.949
G1 X125.291 Y109.629 E282.96901
G1 X124.733 Y109.402 E282.98904
G1 X123.917 Y109.267 E283.01655
G1 X123.114 Y109.451 E283.04395
G1 X122.571 Y109.708 E283.06393
G1 X122.106 Y110.075 E283.08364
G1 X121.73 Y110.541 E283.10355
G1 X121.432 Y111.137 E283.12571
G1 X121.276 Y111.2 E283.13131
G1 X120.283 Y111.2 E283.16434
G1 X120.2 Y111.283 E283.16824
G1 X120.2 Y112.714 E283.21584
G1 X120.285 Y112.8 E283.21986
G1 X121.276 Y112.8 E283.25282
G1 X121.432 Y112.863 E283.25841
G1 X121.747 Y113.486 E283.28163
G1 X122.252 Y114.054 E283.30691
G1 X122.879 Y114.453 E283.33163
G1 X123.447 Y114.639 E283.35151
G1 X124.148 Y114.717 E283.37497
G1 X124.841 Y114.562 E283.39859
G1 X125.179 Y114.396 E283.41111
G0 F4800 X125.358 Y114.308
G0 X125.049 Y113.673
G0 X125.161 Y111.861
;TYPE:SKIN
G1 F1800 X123.935 Y113.088 E283.4688
G1 X124.058 Y113.113 E283.47298
G1 X124.638 Y112.897 E283.49356
G1 X124.912 Y112.627 E283.50636
G1 X125.232 Y111.997 E283.52986
G1 X124.965 Y111.492 E283.54886
G1 X123.488 Y112.968 E283.61831
G1 X123.153 Y112.738 E283.63182
G1 X124.708 Y111.183 E283.70497
G1 X124.52 Y111.02 E283.71324
G1 X124.341 Y110.984 E283.71932
G1 X122.941 Y112.384 E283.78517
G1 X122.711 Y111.999 E283.80008
G1 X123.151 Y111.255 E283.82883
G1 X123.643 Y110.95 E283.84809
G1 X123.858 Y110.901 E283.85542
G1 X122.73 Y112.029 E283.90848
G1 F1500 E273.90848
;MESH:NONMESH
G0 F1800 X122.73 Y112.029 Z6.6
G0 F4800 X120.43 Y112
G0 X119.335 Y112
G0 X113.709 Y108.867
G0 X112.976 Y108.568
G0 X112.206 Y108.438
G0 X111.594 Y108.456
G0 X110.832 Y108.629
G0 X104.665 Y112
G0 X103.57 Y112
G0 X97 Y112
;TIME_ELAPSED:427.657802
;LAYER:32
;TYPE:WALL-INNER
;MESH:I2C_LED_BTN-Body002.stl(4)
G1 F1500 E283.90848
G1 F2400 X97.276 Y112 E283.91766
G0 F4800 X98.698 Y110.688
G1 F2400 X98.407 Y110.977 E283.9313
G1 X98.133 Y111.525 E283.95168
G1 X97.724 Y111.895 E283.97002
G1 X97.276 Y112 E283.98532
G1 X97.724 Y112.105 E284.00063
G1 X97.984 Y112.292 E284.01128
G1 X98.322 Y112.88 E284.03384
G1 X98.656 Y113.333 E284.05256
G1 X99.148 Y113.718 E284.07334
G1 X99.834 Y113.903 E284.09697
G1 X100.511 Y113.818 E284.11966
G1 X100.824 Y113.701 E284.13078
G1 X101.404 Y113.304 E284.15415
G1 X101.97 Y112.291 E284.19275
G1 X102.633 Y112 E284.21707
G1 X101.962 Y111.706 E284.24168
G1 X101.52 Y110.873 E284.27304
G1 X101.178 Y110.498 E284.28993
G1 X100.643 Y110.198 E284.31033
G1 X99.941 Y110.082 E284.33399
G1 X99.378 Y110.212 E284.35321
G1 X98.996 Y110.392 E284.36725
G1 X98.698 Y110.688 E284.38123
G0 F4800 X102.633 Y112
G1 F2400 X103 Y112 E284.39355
G0 F4800 X102.226 Y112.156
G0 X101.706 Y112.956
G0 X101.973 Y113.105
G1 F2400 X102.271 Y112.573 E284.41383
G1 X102.668 Y112.402 E284.42821
G1 X103.4 Y112.4 E284.45256
G1 X103.4 Y111.6 E284.47917
G1 X102.668 Y111.598 E284.50351
G1 X102.266 Y111.425 E284.51807
G1 X101.849 Y110.641 E284.5476
G1 X101.43 Y110.18 E284.56832
G1 X100.778 Y109.815 E284.59318
G1 X99.93 Y109.674 E284.62177
G1 X99.246 Y109.831 E284.64511
G1 X98.783 Y110.05 E284.66215
G1 X98.389 Y110.361 E284.67884
G1 X98.068 Y110.759 E284.69585
G1 X97.776 Y111.333 E284.71727
G1 X97.474 Y111.6 E284.73067
G1 X96.6 Y111.6 E284.75974
G1 X96.6 Y112.4 E284.78635
G1 X97.474 Y112.4 E284.81542
G1 X97.776 Y112.667 E284.82883
G1 X97.976 Y113.085 E284.84424
G1 X98.366 Y113.614 E284.8661
G1 X98.968 Y114.085 E284.89152
G1 X99.806 Y114.31 E284.92038
G1 X100.607 Y114.209 E284.94723
G1 X101.009 Y114.059 E284.9615
G1 X101.55 Y113.69 E284.98329
G1 X101.791 Y113.431 E284.99505
G1 X101.973 Y113.105 E285.00747
G0 F4800 X102.324 Y113.298
;TYPE:WALL-OUTER
G1 F2400 X102.602 Y112.8 E285.02644
G1 X103.713 Y112.8 E285.06339
G1 X103.8 Y112.713 E285.06748
G1 X103.8 Y111.285 E285.11498
G1 X103.714 Y111.2 E285.119
G1 X102.599 Y111.2 E285.15609
G1 X102.179 Y110.409 E285.18587
G1 X101.682 Y109.863 E285.21043
G1 X100.912 Y109.432 E285.23978
G1 X100.149 Y109.305 E285.26551
G1 X99.702 Y109.316 E285.28038
G1 X99.114 Y109.451 E285.30044
G1 X98.571 Y109.708 E285.32042
G1 X98.106 Y110.075 E285.34013
G1 X97.73 Y110.541 E285.36004
G1 X97.398 Y111.2 E285.38459
G1 X96.283 Y111.2 E285.42167
G1 X96.2 Y111.283 E285.42557
G1 X96.2 Y112.714 E285.47317
G1 X96.285 Y112.8 E285.47719
G1 X97.342 Y112.8 E285.51235
G1 X97.63 Y113.289 E285.53122
G1 X98.077 Y113.895 E285.55627
G1 X98.615 Y114.317 E285.57901
G1 X99.015 Y114.511 E285.5938
G1 X99.778 Y114.716 E285.62007
G1 X100.703 Y114.6 E285.65108
G1 X101.195 Y114.417 E285.66854
G1 X101.812 Y113.995 E285.6934
G1 X102.117 Y113.669 E285.70825
G1 X102.324 Y113.298 E285.72238
G0 F4800 X102.421 Y113.124
G0 X101.804 Y112.78
G0 X101.594 Y111.776
;TYPE:SKIN
G1 F1800 X100.353 Y110.536 E285.78073
G1 X100.94 Y110.799 E285.80212
G1 X101.205 Y111.09 E285.81521
G1 X101.52 Y111.684 E285.83758
G1 X101.772 Y112 E285.85102
G1 X101.541 Y112.289 E285.86333
G1 X99.778 Y110.526 E285.94625
G1 X99.351 Y110.665 E285.96119
G1 X101.335 Y112.648 E286.05449
G1 X101.133 Y113.012 E286.06833
G1 X99.02 Y110.899 E286.16772
G1 X98.736 Y111.181 E286.18103
G1 X100.807 Y113.252 E286.27845
G1 X100.434 Y113.445 E286.29241
G1 X98.543 Y111.554 E286.38136
G1 X98.304 Y111.881 E286.39483
G1 X99.931 Y113.508 E286.47136
G1 X99.868 Y113.516 E286.47347
G1 X99.235 Y113.303 E286.49569
G1 X98.931 Y113.065 E286.50853
G1 X98.649 Y112.682 E286.52435
G1 X98.422 Y112.225 E286.54132
G1 X98.178 Y111.999 E286.55238
G1 F1500 E276.55238
;MESH:I2C_LED_BTN-Body002.stl
G0 F4800 X103.57 Y112
G0 X104.665 Y112
G0 X107.335 Y112
G0 X108.43 Y112
G0 X109 Y112
;TYPE:WALL-INNER
G1 F1500 E286.55238
G1 F2400 X109.276 Y112 E286.56156
G0 F4800 X110.698 Y110.688
G1 F2400 X110.407 Y110.977 E286.5752
G1 X110.133 Y111.525 E286.59558
G1 X109.724 Y111.895 E286.61392
G1 X109.276 Y112 E286.62923
G1 X109.724 Y112.105 E286.64453
G1 X109.984 Y112.292 E286.65518
G1 X110.322 Y112.88 E286.67774
G1 X110.656 Y113.333 E286.69646
G1 X111.148 Y113.718 E286.71724
G1 X111.834 Y113.903 E286.74087
G1 X112.511 Y113.818 E286.76357
G1 X112.824 Y113.701 E286.77468
G1 X113.404 Y113.304 E286.79806
G1 X113.97 Y112.291 E286.83665
G1 X114.633 Y112 E286.86097
G1 X113.962 Y111.706 E286.88558
G1 X113.52 Y110.873 E286.91695
G1 X113.178 Y110.498 E286.93383
G1 X112.643 Y110.198 E286.95423
G1 X111.941 Y110.082 E286.97789
G1 X111.378 Y110.212 E286.99711
G1 X110.996 Y110.392 E287.01116
G1 X110.698 Y110.688 E287.02513
G0 F4800 X114.633 Y112
G1 F2400 X115 Y112 E287.03746
G0 F4800 X114.226 Y112.156
G0 X113.706 Y112.956
G0 X113.973 Y113.105
G1 F2400 X114.271 Y112.573 E287.05774
G1 X114.668 Y112.402 E287.07211
G1 X115.4 Y112.4 E287.09646
G1 X115.4 Y111.6 E287.12307
G1 X114.668 Y111.598 E287.14742
G1 X114.266 Y111.425 E287.16197
G1 X113.849 Y110.641 E287.19151
G1 X113.43 Y110.18 E287.21223
G1 X112.778 Y109.815 E287.23708
G1 X111.93 Y109.674 E287.26567
G1 X111.246 Y109.831 E287.28901
G1 X110.783 Y110.05 E287.30605
G1 X110.389 Y110.361 E287.32274
G1 X110.068 Y110.759 E287.33975
G1 X109.776 Y111.333 E287.36117
G1 X109.474 Y111.6 E287.37458
G1 X108.6 Y111.6 E287.40365
G1 X108.6 Y112.4 E287.43025
G1 X109.474 Y112.4 E287.45932
G1 X109.776 Y112.667 E287.47273
G1 X109.976 Y113.085 E287.48814
G1 X110.366 Y113.614 E287.51
G1 X110.968 Y114.085 E287.53542
G1 X111.806 Y114.31 E287.56428
G1 X112.607 Y114.209 E287.59114
G1 X113.009 Y114.059 E287.60541
G1 X113.55 Y113.69 E287.62719
G1 X113.791 Y113.431 E287.63895
G1 X113.973 Y113.105 E287.65137
G0 F4800 X114.324 Y113.298
;TYPE:WALL-OUTER
G1 F2400 X114.602 Y112.8 E287.67034
G1 X115.713 Y112.8 E287.70729
G1 X115.8 Y112.713 E287.71139
G1 X115.8 Y111.285 E287.75888
G1 X115.714 Y111.2 E287.7629
G1 X114.599 Y111.2 E287.79999
G1 X114.179 Y110.409 E287.82978
G1 X113.682 Y109.863 E287.85433
G1 X112.912 Y109.432 E287.88368
G1 X112.149 Y109.305 E287.90941
G1 X111.702 Y109.316 E287.92428
G1 X111.114 Y109.451 E287.94435
G1 X110.571 Y109.708 E287.96433
G1 X110.106 Y110.075 E287.98403
G1 X109.73 Y110.541 E288.00395
G1 X109.398 Y111.2 E288.02849
G1 X108.283 Y111.2 E288.06557
G1 X108.2 Y111.283 E288.06948
G1 X108.2 Y112.714 E288.11707
G1 X108.285 Y112.8 E288.12109
G1 X109.342 Y112.8 E288.15625
G1 X109.63 Y113.289 E288.17513
G1 X110.077 Y113.895 E288.20017
G1 X110.615 Y114.317 E288.22291
G1 X111.015 Y114.511 E288.2377
G1 X111.778 Y114.716 E288.26398
G1 X112.703 Y114.6 E288.29498
G1 X113.195 Y114.417 E288.31244
G1 X113.812 Y113.995 E288.33731
G1 X114.117 Y113.669 E288.35215
G1 X114.324 Y113.298 E288.36628
G0 F4800 X114.421 Y113.124
G0 X113.804 Y112.78
G0 X112.209 Y110.512
G0 X112.94 Y110.799
;TYPE:SKIN
G1 F1800 X113.204 Y111.09 E288.37935
G1 X113.52 Y111.684 E288.40173
G1 X113.773 Y112 E288.41519
G1 X113.74 Y112.042 E288.41697
G1 X112.209 Y110.512 E288.48896
G1 X112.515 Y110.562 E288.49927
G1 X112.94 Y110.799 E288.51546
G0 F4800 X112.209 Y110.512
G1 F1800 X111.954 Y110.469 E288.52406
G1 X111.688 Y110.556 E288.53337
G1 X113.494 Y112.363 E288.61834
G1 X113.292 Y112.726 E288.63216
G1 X111.26 Y110.695 E288.72771
G1 X110.958 Y110.958 E288.74103
G1 X113.072 Y113.072 E288.84047
G1 X112.735 Y113.301 E288.85402
G1 X110.691 Y111.257 E288.95016
G1 X110.502 Y111.634 E288.96419
G1 X112.326 Y113.457 E289.04996
G1 X111.869 Y113.516 E289.06529
G1 X111.235 Y113.303 E289.08753
G1 X110.931 Y113.065 E289.10037
G1 X110.649 Y112.682 E289.11619
G1 X110.422 Y112.225 E289.13316
G1 X110.178 Y111.999 E289.14423
G1 X110.242 Y111.939 E289.14714
G1 X111.794 Y113.491 E289.22015
G1 F1500 E279.22015
;MESH:I2C_LED_BTN-Body002.stl(3)
G0 F4800 X114.471 Y112.573
G0 X115.109 Y113.659
G0 X115.977 Y113.661
G0 X119.335 Y112.573
G0 X120.43 Y112.573
G0 X121 Y112
;TYPE:WALL-INNER
G1 F1500 E289.22015
G1 F2400 X121.276 Y112 E289.22933
G0 F4800 X122.698 Y110.688
G1 F2400 X122.407 Y110.977 E289.24297
G1 X122.133 Y111.525 E289.26334
G1 X121.724 Y111.895 E289.28169
G1 X121.276 Y112 E289.29699
G1 X121.724 Y112.105 E289.3123
G1 X121.984 Y112.292 E289.32295
G1 X122.322 Y112.88 E289.34551
G1 X122.656 Y113.333 E289.36423
G1 X123.148 Y113.718 E289.385
G1 X123.834 Y113.903 E289.40864
G1 X124.511 Y113.818 E289.43133
G1 X124.824 Y113.701 E289.44244
G1 X125.404 Y113.304 E289.46582
G1 X125.97 Y112.291 E289.50442
G1 X126.633 Y112 E289.52874
G1 X125.962 Y111.706 E289.55335
G1 X125.52 Y110.873 E289.58471
G1 X125.178 Y110.498 E289.60159
G1 X124.643 Y110.198 E289.62199
G1 X123.941 Y110.082 E289.64566
G1 X123.378 Y110.212 E289.66488
G1 X122.996 Y110.392 E289.67892
G1 X122.698 Y110.688 E289.69289
G0 F4800 X126.633 Y112
G1 F2400 X127 Y112 E289.70522
G0 F4800 X126.226 Y112.156
G0 X125.706 Y112.956
G0 X125.973 Y113.105
G1 F2400 X126.271 Y112.573 E289.7255
G1 X126.668 Y112.402 E289.73988
G1 X127.4 Y112.4 E289.76423
G1 X127.4 Y111.6 E289.79083
G1 X126.668 Y111.598 E289.81518
G1 X126.266 Y111.425 E289.82974
G1 X125.849 Y110.641 E289.85927
G1 X125.43 Y110.18 E289.87999
G1 X124.778 Y109.815 E289.90484
G1 X123.93 Y109.674 E289.93344
G1 X123.246 Y109.831 E289.95678
G1 X122.783 Y110.05 E289.97381
G1 X122.389 Y110.361 E289.99051
G1 X122.068 Y110.759 E290.00751
G1 X121.776 Y111.333 E290.02893
G1 X121.474 Y111.6 E290.04234
G1 X120.6 Y111.6 E290.07141
G1 X120.6 Y112.4 E290.09802
G1 X121.474 Y112.4 E290.12709
G1 X121.776 Y112.667 E290.1405
G1 X121.976 Y113.085 E290.15591
G1 X122.366 Y113.614 E290.17777
G1 X122.968 Y114.085 E290.20319
G1 X123.806 Y114.31 E290.23205
G1 X124.607 Y114.209 E290.2589
G1 X125.009 Y114.059 E290.27317
G1 X125.55 Y113.69 E290.29495
G1 X125.791 Y113.431 E290.30672
G1 X125.973 Y113.105 E290.31914
G0 F4800 X126.324 Y113.298
;TYPE:WALL-OUTER
G1 F2400 X126.602 Y112.8 E290.33811
G1 X127.713 Y112.8 E290.37506
G1 X127.8 Y112.713 E290.37915
G1 X127.8 Y111.285 E290.42665
G1 X127.714 Y111.2 E290.43067
G1 X126.599 Y111.2 E290.46775
G1 X126.179 Y110.409 E290.49754
G1 X125.682 Y109.863 E290.5221
G1 X124.912 Y109.432 E290.55145
G1 X124.149 Y109.305 E290.57717
G1 X123.702 Y109.316 E290.59205
G1 X123.114 Y109.451 E290.61211
G1 X122.571 Y109.708 E290.63209
G1 X122.106 Y110.075 E290.6518
G1 X121.73 Y110.541 E290.67171
G1 X121.398 Y111.2 E290.69625
G1 X120.283 Y111.2 E290.73334
G1 X120.2 Y111.283 E290.73724
G1 X120.2 Y112.714 E290.78484
G1 X120.285 Y112.8 E290.78886
G1 X121.342 Y112.8 E290.82402
G1 X121.63 Y113.289 E290.84289
G1 X122.077 Y113.895 E290.86794
G1 X122.615 Y114.317 E290.89068
G1 X123.015 Y114.511 E290.90547
G1 X123.778 Y114.716 E290.93174
G1 X124.703 Y114.6 E290.96275
G1 X125.195 Y114.417 E290.98021
G1 X125.812 Y113.995 E291.00507
G1 X126.117 Y113.669 E291.01992
G1 X126.324 Y113.298 E291.03405
G0 F4800 X126.421 Y113.124
G0 X125.804 Y112.78
G0 X125.686 Y112.11
;TYPE:SKIN
G1 F1800 X124.064 Y110.488 E291.11034
G1 X124.515 Y110.563 E291.12555
G1 X124.94 Y110.799 E291.14172
G1 X125.204 Y111.09 E291.15479
G1 X125.521 Y111.684 E291.17718
G1 X125.773 Y112 E291.19062
G1 X125.451 Y112.441 E291.20878
G1 X123.597 Y110.586 E291.29601
G1 X123.182 Y110.737 E291.3107
G1 X125.248 Y112.803 E291.40788
G1 X125 Y113.121 E291.42129
G1 X122.899 Y111.019 E291.52014
G1 X122.651 Y111.337 E291.53356
G1 X124.664 Y113.35 E291.62824
G1 X124.219 Y113.471 E291.64358
G1 X122.462 Y111.714 E291.72622
G1 X122.18 Y111.998 E291.73953
G1 X123.612 Y113.43 E291.80689
G1 X123.235 Y113.303 E291.82012
G1 X122.931 Y113.065 E291.83296
G1 X122.649 Y112.682 E291.84878
G1 F1500 E281.84878
;MESH:NONMESH
G0 F1800 X122.649 Y112.682 Z6.8
G0 F4800 X120.43 Y112
G0 X119.335 Y112
G0 X113.597 Y115.191
G0 X112.911 Y115.45
G0 X111.724 Y115.597
G0 X110.71 Y115.327
G0 X104.665 Y112
G0 X103.57 Y112
G0 X97 Y112
;TIME_ELAPSED:438.495950
;LAYER:33
;TYPE:WALL-INNER
;MESH:I2C_LED_BTN-Body002.stl(4)
G1 F1500 E291.84878
G1 F2400 X97.276 Y112 E291.85796
G0 F4800 X99.687 Y110.589
G1 F2400 X99.276 Y110.681 E291.87197
G1 X98.745 Y111.194 E291.89653
G1 X98.441 Y111.777 E291.9184
G1 X98.253 Y112 E291.9281
G1 X98.475 Y112.263 E291.93954
G1 X98.762 Y112.845 E291.96113
G1 X99.217 Y113.267 E291.98177
G1 X99.631 Y113.442 E291.99672
G1 X100.213 Y113.474 E292.0161
G1 X100.74 Y113.295 E292.03462
G1 X101.188 Y112.942 E292.05359
G1 X101.555 Y112.223 E292.08043
G1 X101.743 Y112 E292.09014
G1 X101.555 Y111.777 E292.09984
G1 X101.251 Y111.195 E292.12168
G1 X100.987 Y110.868 E292.13565
G1 X100.568 Y110.607 E292.15207
G1 X100.1 Y110.498 E292.16806
G1 X99.687 Y110.589 E292.18212
G0 F4800 X99.899 Y113.85
G1 F2400 X100.277 Y113.871 E292.19471
G1 X100.954 Y113.635 E292.21856
G1 X101.355 Y113.32 E292.23552
G1 X101.611 Y112.994 E292.24931
G1 X101.939 Y112.345 E292.27349
G1 X102.272 Y112.105 E292.28714
G1 X102.633 Y112 E292.29977
G1 X102.272 Y111.895 E292.3124
G1 X101.863 Y111.524 E292.33077
G1 X101.59 Y110.977 E292.3511
G1 X101.256 Y110.564 E292.36877
G1 X100.723 Y110.233 E292.38964
G1 X100.125 Y110.093 E292.41006
G1 X99.581 Y110.15 E292.42826
G1 X99.08 Y110.325 E292.44591
G1 X98.672 Y110.648 E292.46322
G1 X98.406 Y110.977 E292.47729
G1 X98.133 Y111.524 E292.49762
G1 X97.724 Y111.895 E292.51599
G1 X97.276 Y112 E292.53129
G1 X97.724 Y112.105 E292.54659
G1 X98.133 Y112.475 E292.56494
G1 X98.428 Y113.072 E292.58709
G1 X99.017 Y113.617 E292.61378
G1 X99.522 Y113.83 E292.63201
G1 X99.899 Y113.85 E292.64456
G0 F4800 X102.194 Y112.157
G0 X102.633 Y112
G1 F2400 X103 Y112 E292.65689
G0 F4800 X102.275 Y112.141
G0 X99.236 Y113.809
G0 X99.116 Y114.093
G1 F2400 X99.412 Y114.218 E292.66755
G1 X100.124 Y114.325 E292.6915
G1 X101.028 Y114.085 E292.72261
G1 X101.64 Y113.604 E292.7485
G1 X101.952 Y113.208 E292.76526
G1 X102.22 Y112.667 E292.78535
G1 X102.52 Y112.402 E292.79866
G1 X103.4 Y112.4 E292.82793
G1 X103.4 Y111.6 E292.85454
G1 X102.52 Y111.598 E292.88381
G1 X102.22 Y111.333 E292.89712
G1 X101.928 Y110.759 E292.91854
G1 X101.524 Y110.26 E292.93989
G1 X100.878 Y109.858 E292.9652
G1 X100.15 Y109.688 E292.99006
G1 X99.493 Y109.758 E293.01204
G1 X98.885 Y109.97 E293.03346
G1 X98.389 Y110.362 E293.05448
G1 X98.068 Y110.759 E293.07146
G1 X97.776 Y111.333 E293.09288
G1 X97.474 Y111.6 E293.10629
G1 X96.6 Y111.6 E293.13536
G1 X96.6 Y112.4 E293.16197
G1 X97.474 Y112.4 E293.19104
G1 X97.776 Y112.667 E293.20444
G1 X98.094 Y113.299 E293.22798
G1 X98.45 Y113.694 E293.24566
G1 X98.817 Y113.967 E293.26088
G1 X99.116 Y114.093 E293.27164
G0 F4800 X98.962 Y114.462
;TYPE:WALL-OUTER
G1 F2400 X99.303 Y114.606 E293.28395
G1 X99.89 Y114.695 E293.3037
G1 X100.404 Y114.665 E293.32082
G1 X101.213 Y114.449 E293.34867
G1 X101.925 Y113.889 E293.3788
G1 X102.293 Y113.421 E293.3986
G1 X102.553 Y112.889 E293.4183
G1 X102.702 Y112.8 E293.42407
G1 X103.713 Y112.8 E293.4577
G1 X103.8 Y112.713 E293.46179
G1 X103.8 Y111.285 E293.50928
G1 X103.714 Y111.2 E293.51331
G1 X102.702 Y111.2 E293.54696
G1 X102.553 Y111.111 E293.55274
G1 X102.266 Y110.541 E293.57396
G1 X101.793 Y109.956 E293.59898
G1 X101.034 Y109.484 E293.62871
G1 X100.175 Y109.283 E293.65805
G1 X99.405 Y109.365 E293.68381
G1 X98.69 Y109.614 E293.70899
G1 X98.106 Y110.076 E293.73376
G1 X97.73 Y110.541 E293.75365
G1 X97.398 Y111.2 E293.77819
G1 X96.283 Y111.2 E293.81528
G1 X96.2 Y111.283 E293.81918
G1 X96.2 Y112.714 E293.86678
G1 X96.285 Y112.8 E293.8708
G1 X97.399 Y112.8 E293.90785
G1 X97.76 Y113.526 E293.93482
G1 X98.18 Y113.991 E293.95566
G1 X98.617 Y114.317 E293.97379
G1 X98.962 Y114.462 E293.98624
G0 F4800 X99.146 Y114.539
G0 X99.421 Y113.887
G0 X101.22 Y112.043
;TYPE:SKIN
G1 F1800 X100.175 Y113.088 E294.03539
G1 X100.539 Y112.967 E294.04815
G1 X100.952 Y112.567 E294.06727
G1 X101.243 Y111.999 E294.0885
G1 X101.055 Y111.642 E294.10192
G1 X99.657 Y113.041 E294.1677
G1 X99.301 Y112.831 E294.18145
G1 X100.86 Y111.272 E294.25478
G1 X100.534 Y111.033 E294.26822
G1 X99.032 Y112.535 E294.33887
G1 X98.753 Y111.999 E294.35897
G1 X99.06 Y111.413 E294.38097
G1 X99.462 Y111.024 E294.39958
G1 X100.126 Y110.875 E294.42221
G1 X98.839 Y112.162 E294.48275
G1 F1500 E284.48275
;MESH:I2C_LED_BTN-Body002.stl
G0 F4800 X103.57 Y112
G0 X104.665 Y112
G0 X107.335 Y112
G0 X108.43 Y112
G0 X109 Y112
;TYPE:WALL-INNER
G1 F1500 E294.48275
G1 F2400 X109.276 Y112 E294.49193
G0 F4800 X111.687 Y110.589
G1 F2400 X111.276 Y110.681 E294.50594
G1 X110.745 Y111.194 E294.53049
G1 X110.441 Y111.777 E294.55236
G1 X110.253 Y112 E294.56206
G1 X110.475 Y112.263 E294.57351
G1 X110.762 Y112.845 E294.59509
G1 X111.217 Y113.267 E294.61573
G1 X111.631 Y113.442 E294.63068
G1 X112.213 Y113.474 E294.65007
G1 X112.74 Y113.295 E294.66858
G1 X113.188 Y112.942 E294.68755
G1 X113.555 Y112.223 E294.7144
G1 X113.743 Y112 E294.7241
G1 X113.555 Y111.777 E294.7338
G1 X113.251 Y111.195 E294.75564
G1 X112.987 Y110.868 E294.76962
G1 X112.568 Y110.607 E294.78604
G1 X112.1 Y110.498 E294.80202
G1 X111.687 Y110.589 E294.81609
G0 F4800 X111.899 Y113.85
G1 F2400 X112.277 Y113.871 E294.82868
G1 X112.954 Y113.635 E294.85252
G1 X113.355 Y113.32 E294.86948
G1 X113.611 Y112.994 E294.88327
G1 X113.939 Y112.345 E294.90746
G1 X114.272 Y112.105 E294.92111
G1 X114.633 Y112 E294.93374
G1 X114.272 Y111.895 E294.94637
G1 X113.863 Y111.524 E294.96473
G1 X113.59 Y110.977 E294.98507
G1 X113.256 Y110.564 E295.00273
G1 X112.723 Y110.233 E295.0236
G1 X112.125 Y110.093 E295.04403
G1 X111.581 Y110.15 E295.06222
G1 X111.08 Y110.325 E295.07987
G1 X110.672 Y110.648 E295.09718
G1 X110.406 Y110.977 E295.11125
G1 X110.133 Y111.524 E295.13159
G1 X109.724 Y111.895 E295.14995
G1 X109.276 Y112 E295.16526
G1 X109.724 Y112.105 E295.18056
G1 X110.133 Y112.475 E295.1989
G1 X110.428 Y113.072 E295.22105
G1 X111.017 Y113.617 E295.24774
G1 X111.522 Y113.83 E295.26597
G1 X111.899 Y113.85 E295.27853
G0 F4800 X114.194 Y112.157
G0 X114.633 Y112
G1 F2400 X115 Y112 E295.29086
G0 F4800 X114.275 Y112.141
G0 X111.236 Y113.809
G0 X111.116 Y114.093
G1 F2400 X111.412 Y114.218 E295.30152
G1 X112.124 Y114.325 E295.32546
G1 X113.028 Y114.085 E295.35657
G1 X113.64 Y113.604 E295.38246
G1 X113.952 Y113.208 E295.39923
G1 X114.22 Y112.667 E295.41931
G1 X114.52 Y112.402 E295.43262
G1 X115.4 Y112.4 E295.46189
G1 X115.4 Y111.6 E295.4885
G1 X114.52 Y111.598 E295.51777
G1 X114.22 Y111.333 E295.53108
G1 X113.928 Y110.759 E295.5525
G1 X113.524 Y110.26 E295.57386
G1 X112.878 Y109.858 E295.59916
G1 X112.15 Y109.688 E295.62403
G1 X111.493 Y109.758 E295.64601
G1 X110.885 Y109.97 E295.66742
G1 X110.389 Y110.362 E295.68845
G1 X110.068 Y110.759 E295.70543
G1 X109.776 Y111.333 E295.72685
G1 X109.474 Y111.6 E295.74026
G1 X108.6 Y111.6 E295.76933
G1 X108.6 Y112.4 E295.79593
G1 X109.474 Y112.4 E295.825
G1 X109.776 Y112.667 E295.83841
G1 X110.094 Y113.299 E295.86194
G1 X110.45 Y113.694 E295.87963
G1 X110.817 Y113.967 E295.89484
G1 X111.116 Y114.093 E295.90561
G0 F4800 X110.962 Y114.462
;TYPE:WALL-OUTER
G1 F2400 X111.303 Y114.606 E295.91792
G1 X111.89 Y114.695 E295.93766
G1 X112.404 Y114.665 E295.95479
G1 X113.213 Y114.449 E295.98264
G1 X113.925 Y113.889 E296.01277
G1 X114.293 Y113.421 E296.03257
G1 X114.553 Y112.889 E296.05226
G1 X114.702 Y112.8 E296.05804
G1 X115.713 Y112.8 E296.09166
G1 X115.8 Y112.713 E296.09575
G1 X115.8 Y111.285 E296.14325
G1 X115.714 Y111.2 E296.14727
G1 X114.702 Y111.2 E296.18093
G1 X114.553 Y111.111 E296.1867
G1 X114.266 Y110.541 E296.20793
G1 X113.793 Y109.956 E296.23295
G1 X113.034 Y109.484 E296.26268
G1 X112.175 Y109.283 E296.29202
G1 X111.405 Y109.365 E296.31778
G1 X110.69 Y109.614 E296.34296
G1 X110.106 Y110.076 E296.36772
G1 X109.73 Y110.541 E296.38761
G1 X109.398 Y111.2 E296.41216
G1 X108.283 Y111.2 E296.44924
G1 X108.2 Y111.283 E296.45315
G1 X108.2 Y112.714 E296.50074
G1 X108.285 Y112.8 E296.50476
G1 X109.399 Y112.8 E296.54181
G1 X109.76 Y113.526 E296.56878
G1 X110.18 Y113.991 E296.58962
G1 X110.617 Y114.317 E296.60776
G1 X110.962 Y114.462 E296.6202
G0 F4800 X111.146 Y114.539
G0 X111.421 Y113.887
G0 X112.157 Y113.095
;TYPE:SKIN
G1 F1800 X112.539 Y112.967 E296.6336
G1 X112.952 Y112.567 E296.65273
G1 X113.243 Y111.999 E296.67395
G1 X113.209 Y111.934 E296.67639
G1 X112.054 Y113.089 E296.73072
G1 X111.572 Y113.006 E296.74699
G1 X113.014 Y111.563 E296.81484
G1 X112.808 Y111.204 E296.8286
G1 X111.239 Y112.773 E296.90241
G1 X110.99 Y112.455 E296.91584
G1 X112.46 Y110.986 E296.98496
G1 X111.97 Y110.91 E297.00145
G1 X110.797 Y112.083 E297.05663
G1 X110.753 Y111.999 E297.05978
G1 X111.06 Y111.413 E297.08178
G1 X111.462 Y111.024 E297.10039
G1 F1500 E287.10039
;MESH:I2C_LED_BTN-Body002.stl(3)
G0 F4800 X115.57 Y112
G0 X116.665 Y112
G0 X119.335 Y112
G0 X120.43 Y112
G0 X121 Y112
;TYPE:WALL-INNER
G1 F1500 E297.10039
G1 F2400 X121.276 Y112 E297.10957
G0 F4800 X123.687 Y110.589
G1 F2400 X123.276 Y110.681 E297.12358
G1 X122.745 Y111.194 E297.14813
G1 X122.441 Y111.777 E297.17
G1 X122.253 Y112 E297.1797
G1 X122.475 Y112.263 E297.19115
G1 X122.762 Y112.845 E297.21273
G1 X123.217 Y113.267 E297.23337
G1 X123.631 Y113.442 E297.24832
G1 X124.213 Y113.474 E297.26771
G1 X124.74 Y113.295 E297.28622
G1 X125.188 Y112.942 E297.30519
G1 X125.555 Y112.223 E297.33204
G1 X125.743 Y112 E297.34174
G1 X125.555 Y111.777 E297.35144
G1 X125.251 Y111.195 E297.37328
G1 X124.987 Y110.868 E297.38726
G1 X124.568 Y110.607 E297.40368
G1 X124.1 Y110.498 E297.41966
G1 X123.687 Y110.589 E297.43373
G0 F4800 X123.899 Y113.85
G1 F2400 X124.277 Y113.871 E297.44632
G1 X124.954 Y113.635 E297.47016
G1 X125.355 Y113.32 E297.48713
G1 X125.611 Y112.994 E297.50091
G1 X125.939 Y112.345 E297.5251
G1 X126.272 Y112.105 E297.53875
G1 X126.633 Y112 E297.55138
G1 X126.272 Y111.895 E297.56401
G1 X125.863 Y111.524 E297.58238
G1 X125.59 Y110.977 E297.60271
G1 X125.256 Y110.564 E297.62037
G1 X124.723 Y110.233 E297.64124
G1 X124.125 Y110.093 E297.66167
G1 X123.581 Y110.15 E297.67986
G1 X123.08 Y110.325 E297.69751
G1 X122.672 Y110.648 E297.71482
G1 X122.406 Y110.977 E297.72889
G1 X122.133 Y111.524 E297.74923
G1 X121.724 Y111.895 E297.76759
G1 X121.276 Y112 E297.7829
G1 X121.724 Y112.105 E297.7982
G1 X122.133 Y112.475 E297.81654
G1 X122.428 Y113.072 E297.83869
G1 X123.017 Y113.617 E297.86538
G1 X123.522 Y113.83 E297.88361
G1 X123.899 Y113.85 E297.89617
G0 F4800 X126.194 Y112.157
G0 X126.633 Y112
G1 F2400 X127 Y112 E297.9085
G0 F4800 X126.275 Y112.141
G0 X123.236 Y113.809
G0 X123.116 Y114.093
G1 F2400 X123.412 Y114.218 E297.91916
G1 X124.124 Y114.325 E297.9431
G1 X125.028 Y114.085 E297.97421
G1 X125.64 Y113.604 E298.0001
G1 X125.952 Y113.208 E298.01687
G1 X126.22 Y112.667 E298.03695
G1 X126.52 Y112.402 E298.05026
G1 X127.4 Y112.4 E298.07953
G1 X127.4 Y111.6 E298.10614
G1 X126.52 Y111.598 E298.13541
G1 X126.22 Y111.333 E298.14872
G1 X125.928 Y110.759 E298.17014
G1 X125.524 Y110.26 E298.1915
G1 X124.878 Y109.858 E298.2168
G1 X124.15 Y109.688 E298.24167
G1 X123.493 Y109.758 E298.26365
G1 X122.885 Y109.97 E298.28506
G1 X122.389 Y110.362 E298.30609
G1 X122.068 Y110.759 E298.32307
G1 X121.776 Y111.333 E298.34449
G1 X121.474 Y111.6 E298.3579
G1 X120.6 Y111.6 E298.38697
G1 X120.6 Y112.4 E298.41357
G1 X121.474 Y112.4 E298.44264
G1 X121.776 Y112.667 E298.45605
G1 X122.094 Y113.299 E298.47958
G1 X122.45 Y113.694 E298.49727
G1 X122.817 Y113.967 E298.51248
G1 X123.116 Y114.093 E298.52325
G0 F4800 X122.962 Y114.462
;TYPE:WALL-OUTER
G1 F2400 X123.303 Y114.606 E298.53556
G1 X123.89 Y114.695 E298.5553
G1 X124.404 Y114.665 E298.57243
G1 X125.213 Y114.449 E298.60028
G1 X125.925 Y113.889 E298.63041
G1 X126.293 Y113.421 E298.65021
G1 X126.553 Y112.889 E298.6699
G1 X126.702 Y112.8 E298.67568
G1 X127.713 Y112.8 E298.7093
G1 X127.8 Y112.713 E298.71339
G1 X127.8 Y111.285 E298.76089
G1 X127.714 Y111.2 E298.76491
G1 X126.702 Y111.2 E298.79857
G1 X126.553 Y111.111 E298.80434
G1 X126.266 Y110.541 E298.82557
G1 X125.793 Y109.956 E298.85059
G1 X125.034 Y109.484 E298.88032
G1 X124.175 Y109.283 E298.90966
G1 X123.405 Y109.365 E298.93542
G1 X122.69 Y109.614 E298.9606
G1 X122.106 Y110.076 E298.98536
G1 X121.73 Y110.541 E299.00525
G1 X121.398 Y111.2 E299.0298
G1 X120.283 Y111.2 E299.06688
G1 X120.2 Y111.283 E299.07079
G1 X120.2 Y112.714 E299.11838
G1 X120.285 Y112.8 E299.1224
G1 X121.399 Y112.8 E299.15945
G1 X121.76 Y113.526 E299.18642
G1 X122.18 Y113.991 E299.20726
G1 X122.617 Y114.317 E299.2254
G1 X122.962 Y114.462 E299.23784
G0 F4800 X123.146 Y114.539
G0 X123.421 Y113.887
G0 X125.167 Y111.855
;TYPE:SKIN
G1 F1800 X123.94 Y113.082 E299.29556
G1 X124.157 Y113.094 E299.30279
G1 X124.539 Y112.967 E299.31618
G1 X124.952 Y112.566 E299.33532
G1 X125.243 Y111.999 E299.35652
G1 X124.973 Y111.484 E299.37586
G1 X123.487 Y112.97 E299.44576
G1 X123.176 Y112.715 E299.45913
G1 X124.733 Y111.158 E299.53237
G1 X124.374 Y110.951 E299.54615
G1 X122.949 Y112.376 E299.61318
G1 X122.753 Y111.999 E299.62731
G1 X123.06 Y111.412 E299.64934
G1 X123.462 Y111.024 E299.66793
G1 X123.815 Y110.944 E299.67997
G1 X122.756 Y112.004 E299.7298
G1 F1500 E289.7298
;MESH:NONMESH
G0 F1800 X122.756 Y112.004 Z7
G0 F4800 X120.43 Y112
G0 X119.335 Y112
G0 X113.289 Y115.326
G0 X112.541 Y115.526
G0 X111.857 Y115.566
G0 X111.071 Y115.446
G0 X110.35 Y115.142
G0 X104.665 Y112
G0 X103.57 Y112
G0 X97 Y112
;TIME_ELAPSED:449.142614
;LAYER:34
;TYPE:WALL-INNER
;MESH:I2C_LED_BTN-Body002.stl(4)
G1 F1500 E299.7298
G1 F2400 X97.276 Y112 E299.73898
G0 F4800 X97.772 Y112.141
G0 X99.922 Y113.856
G1 F2400 X100.279 Y113.871 E299.75084
G1 X100.684 Y113.765 E299.76476
G1 X101.181 Y113.503 E299.78345
G1 X101.62 Y112.974 E299.80631
G1 X101.939 Y112.345 E299.82977
G1 X102.272 Y112.105 E299.84342
G1 X102.633 Y112 E299.85605
G1 X102.272 Y111.895 E299.86868
G1 X101.863 Y111.524 E299.88705
G1 X101.59 Y110.977 E299.90738
G1 X101.257 Y110.565 E299.925
G1 X100.798 Y110.281 E299.94295
G1 X100.12 Y110.108 E299.96622
G1 X99.571 Y110.154 E299.98455
G1 X99.08 Y110.325 E300.00184
G1 X98.672 Y110.648 E300.01915
G1 X98.406 Y110.977 E300.03322
G1 X98.133 Y111.524 E300.05355
G1 X97.724 Y111.895 E300.07192
G1 X97.276 Y112 E300.08722
G1 X97.724 Y112.105 E300.10253
G1 X98.05 Y112.339 E300.11587
G1 X98.496 Y113.151 E300.14669
G1 X98.977 Y113.62 E300.16903
G1 X99.557 Y113.841 E300.18968
G1 X99.922 Y113.856 E300.2018
G0 F4800 X102.194 Y112.157
G0 X102.633 Y112
G1 F2400 X103 Y112 E300.21412
G0 F4800 X102.275 Y112.141
G0 X99.923 Y113.986
G0 X99.905 Y114.249
G1 F2400 X100.341 Y114.268 E300.22864
G1 X100.829 Y114.14 E300.24542
G1 X101.438 Y113.82 E300.2683
G1 X101.959 Y113.192 E300.29544
G1 X102.22 Y112.667 E300.31494
G1 X102.52 Y112.402 E300.32825
G1 X103.4 Y112.4 E300.35752
G1 X103.4 Y111.6 E300.38413
G1 X102.52 Y111.598 E300.4134
G1 X102.22 Y111.333 E300.42671
G1 X101.928 Y110.759 E300.44813
G1 X101.525 Y110.261 E300.46944
G1 X100.815 Y109.821 E300.49722
G1 X100.138 Y109.705 E300.52007
G1 X99.487 Y109.76 E300.5418
G1 X98.885 Y109.97 E300.563
G1 X98.389 Y110.362 E300.58403
G1 X98.068 Y110.759 E300.60101
G1 X97.776 Y111.333 E300.62243
G1 X97.474 Y111.6 E300.63584
G1 X96.6 Y111.6 E300.66491
G1 X96.6 Y112.4 E300.69151
G1 X97.474 Y112.4 E300.72058
G1 X97.776 Y112.667 E300.73399
G1 X98.184 Y113.406 E300.76207
G1 X98.759 Y113.966 E300.78876
G1 X99.457 Y114.231 E300.8136
G1 X99.905 Y114.249 E300.82851
G0 F4800 X99.923 Y113.986
G0 X101.512 Y113.254
G0 X102.054 Y113.704
;TYPE:WALL-OUTER
G1 F2400 X102.298 Y113.41 E300.84118
G1 X102.553 Y112.889 E300.86048
G1 X102.702 Y112.8 E300.86625
G1 X103.713 Y112.8 E300.89988
G1 X103.8 Y112.713 E300.90397
G1 X103.8 Y111.285 E300.95146
G1 X103.714 Y111.2 E300.95549
G1 X102.702 Y111.2 E300.98914
G1 X102.553 Y111.111 E300.99492
G1 X102.266 Y110.541 E301.01614
G1 X101.793 Y109.957 E301.04114
G1 X100.958 Y109.439 E301.07382
G1 X100.155 Y109.302 E301.10091
G1 X99.403 Y109.366 E301.12602
G1 X98.69 Y109.614 E301.15112
G1 X98.106 Y110.076 E301.17589
G1 X97.73 Y110.541 E301.19578
G1 X97.398 Y111.2 E301.22032
G1 X96.283 Y111.2 E301.25741
G1 X96.2 Y111.283 E301.26131
G1 X96.2 Y112.714 E301.30891
G1 X96.285 Y112.8 E301.31293
G1 X97.346 Y112.8 E301.34822
G1 X97.597 Y113.233 E301.36487
G1 X97.872 Y113.66 E301.38176
G1 X98.374 Y114.15 E301.40509
G1 X98.743 Y114.388 E301.41969
G1 X99.358 Y114.621 E301.44157
G1 X99.896 Y114.695 E301.45963
G1 X100.404 Y114.665 E301.47656
G1 X100.975 Y114.516 E301.49618
G1 X101.695 Y114.137 E301.52325
G1 X102.054 Y113.704 E301.54191
G0 F4800 X102.181 Y113.551
G0 X101.639 Y113.1
G0 X101.268 Y111.182
;TYPE:SKIN
G1 F1800 X101.002 Y110.855 E301.55593
G1 X100.381 Y110.563 E301.57875
G1 X101.816 Y111.999 E301.64627
G1 X101.542 Y112.29 E301.65957
G1 X99.77 Y110.518 E301.74292
G1 X99.328 Y110.642 E301.75818
G1 X101.352 Y112.665 E301.85336
G1 X101.112 Y112.991 E301.86683
G1 X99.024 Y110.903 E301.96504
G1 X98.737 Y111.182 E301.97835
G1 X100.806 Y113.251 E302.07567
G1 X100.404 Y113.414 E302.0901
G1 X98.542 Y111.553 E302.17766
G1 X98.304 Y111.881 E302.19114
G1 X99.901 Y113.477 E302.26623
G1 X99.29 Y113.332 E302.28712
G1 X98.793 Y112.908 E302.30885
G1 X98.418 Y112.224 E302.33479
G1 X98.178 Y111.999 E302.34573
G1 F1500 E292.34573
;MESH:I2C_LED_BTN-Body002.stl
G0 F4800 X103.57 Y112
G0 X104.665 Y112
G0 X107.335 Y112
G0 X108.43 Y112
G0 X109 Y112
;TYPE:WALL-INNER
G1 F1500 E302.34573
G1 F2400 X109.276 Y112 E302.35491
G0 F4800 X109.772 Y112.141
G0 X111.922 Y113.856
G1 F2400 X112.279 Y113.871 E302.36677
G1 X112.684 Y113.765 E302.38069
G1 X113.181 Y113.503 E302.39938
G1 X113.62 Y112.974 E302.42224
G1 X113.939 Y112.345 E302.4457
G1 X114.272 Y112.105 E302.45935
G1 X114.633 Y112 E302.47198
G1 X114.272 Y111.895 E302.48461
G1 X113.863 Y111.524 E302.50298
G1 X113.59 Y110.977 E302.52331
G1 X113.257 Y110.565 E302.54093
G1 X112.798 Y110.281 E302.55888
G1 X112.12 Y110.108 E302.58216
G1 X111.571 Y110.154 E302.60048
G1 X111.08 Y110.325 E302.61777
G1 X110.672 Y110.648 E302.63508
G1 X110.406 Y110.977 E302.64915
G1 X110.133 Y111.524 E302.66949
G1 X109.724 Y111.895 E302.68785
G1 X109.276 Y112 E302.70316
G1 X109.724 Y112.105 E302.71846
G1 X110.05 Y112.339 E302.73181
G1 X110.496 Y113.151 E302.76262
G1 X110.977 Y113.62 E302.78497
G1 X111.557 Y113.841 E302.80561
G1 X111.922 Y113.856 E302.81773
G0 F4800 X114.194 Y112.157
G0 X114.633 Y112
G1 F2400 X115 Y112 E302.83006
G0 F4800 X114.275 Y112.141
G0 X111.923 Y113.986
G0 X111.905 Y114.249
G1 F2400 X112.341 Y114.268 E302.84457
G1 X112.829 Y114.14 E302.86135
G1 X113.438 Y113.82 E302.88423
G1 X113.959 Y113.192 E302.91137
G1 X114.22 Y112.667 E302.93087
G1 X114.52 Y112.402 E302.94419
G1 X115.4 Y112.4 E302.97346
G1 X115.4 Y111.6 E303.00006
G1 X114.52 Y111.598 E303.02933
G1 X114.22 Y111.333 E303.04265
G1 X113.928 Y110.759 E303.06407
G1 X113.525 Y110.261 E303.08537
G1 X112.815 Y109.821 E303.11316
G1 X112.138 Y109.705 E303.136
G1 X111.487 Y109.76 E303.15773
G1 X110.885 Y109.97 E303.17894
G1 X110.389 Y110.362 E303.19996
G1 X110.068 Y110.759 E303.21694
G1 X109.776 Y111.333 E303.23836
G1 X109.474 Y111.6 E303.25177
G1 X108.6 Y111.6 E303.28084
G1 X108.6 Y112.4 E303.30745
G1 X109.474 Y112.4 E303.33652
G1 X109.776 Y112.667 E303.34993
G1 X110.184 Y113.406 E303.378
G1 X110.759 Y113.966 E303.4047
G1 X111.457 Y114.231 E303.42953
G1 X111.905 Y114.249 E303.44444
G0 F4800 X111.923 Y113.986
G0 X113.512 Y113.254
G0 X114.054 Y113.704
;TYPE:WALL-OUTER
G1 F2400 X114.298 Y113.41 E303.45712
G1 X114.553 Y112.889 E303.47641
G1 X114.702 Y112.8 E303.48218
G1 X115.713 Y112.8 E303.51581
G1 X115.8 Y112.713 E303.5199
G1 X115.8 Y111.285 E303.5674
G1 X115.714 Y111.2 E303.57142
G1 X114.702 Y111.2 E303.60508
G1 X114.553 Y111.111 E303.61085
G1 X114.266 Y110.541 E303.63208
G1 X113.793 Y109.957 E303.65707
G1 X112.958 Y109.439 E303.68975
G1 X112.155 Y109.302 E303.71685
G1 X111.403 Y109.366 E303.74195
G1 X110.69 Y109.614 E303.76706
G1 X110.106 Y110.076 E303.79183
G1 X109.73 Y110.541 E303.81172
G1 X109.398 Y111.2 E303.83626
G1 X108.283 Y111.2 E303.87334
G1 X108.2 Y111.283 E303.87725
G1 X108.2 Y112.714 E303.92484
G1 X108.285 Y112.8 E303.92886
G1 X109.346 Y112.8 E303.96415
G1 X109.597 Y113.233 E303.9808
G1 X109.872 Y113.66 E303.99769
G1 X110.374 Y114.15 E304.02102
G1 X110.743 Y114.388 E304.03563
G1 X111.358 Y114.621 E304.0575
G1 X111.896 Y114.695 E304.07556
G1 X112.404 Y114.665 E304.09249
G1 X112.975 Y114.516 E304.11212
G1 X113.695 Y114.137 E304.13918
G1 X114.054 Y113.704 E304.15784
G0 F4800 X114.181 Y113.551
G0 X113.639 Y113.1
G0 X112.219 Y110.522
G0 X113.002 Y110.855
;TYPE:SKIN
G1 F1800 X113.268 Y111.182 E304.17186
G1 X113.547 Y111.741 E304.19264
G1 X113.818 Y111.999 E304.20509
G1 X113.754 Y112.057 E304.20796
G1 X112.219 Y110.522 E304.28016
G1 X112.637 Y110.628 E304.2945
G1 X113.002 Y110.855 E304.3088
G0 F4800 X112.219 Y110.522
G1 F1800 X111.66 Y110.529 E304.32739
G1 X113.502 Y112.371 E304.41403
G1 X113.311 Y112.745 E304.428
G1 X111.251 Y110.685 E304.5249
G1 X110.963 Y110.963 E304.53821
G1 X113.058 Y113.058 E304.63675
G1 X112.721 Y113.286 E304.65029
G1 X110.69 Y111.256 E304.7458
G1 X110.502 Y111.634 E304.75984
G1 X112.318 Y113.45 E304.84526
G1 X112.217 Y113.491 E304.84888
G1 X111.643 Y113.467 E304.86799
G1 X111.29 Y113.332 E304.88056
G1 X110.792 Y112.908 E304.90231
G1 X110.418 Y112.223 E304.92827
G1 X110.178 Y111.999 E304.93919
G1 X110.242 Y111.939 E304.94211
G1 X111.775 Y113.472 E305.01422
G1 F1500 E295.01422
;MESH:I2C_LED_BTN-Body002.stl(3)
G0 F4800 X115.57 Y112
G0 X116.665 Y112
G0 X119.335 Y112
G0 X120.43 Y112
G0 X121 Y112
;TYPE:WALL-INNER
G1 F1500 E305.01422
G1 F2400 X121.276 Y112 E305.0234
G0 F4800 X121.772 Y112.141
G0 X123.922 Y113.856
G1 F2400 X124.279 Y113.871 E305.03525
G1 X124.684 Y113.765 E305.04917
G1 X125.181 Y113.503 E305.06786
G1 X125.62 Y112.974 E305.09073
G1 X125.939 Y112.345 E305.11418
G1 X126.272 Y112.105 E305.12783
G1 X126.633 Y112 E305.14046
G1 X126.272 Y111.895 E305.15309
G1 X125.863 Y111.524 E305.17146
G1 X125.59 Y110.977 E305.19179
G1 X125.257 Y110.565 E305.20941
G1 X124.798 Y110.281 E305.22737
G1 X124.12 Y110.108 E305.25064
G1 X123.571 Y110.154 E305.26896
G1 X123.08 Y110.325 E305.28625
G1 X122.672 Y110.648 E305.30356
G1 X122.406 Y110.977 E305.31763
G1 X122.133 Y111.524 E305.33797
G1 X121.724 Y111.895 E305.35633
G1 X121.276 Y112 E305.37164
G1 X121.724 Y112.105 E305.38694
G1 X122.05 Y112.339 E305.40029
G1 X122.496 Y113.151 E305.4311
G1 X122.977 Y113.62 E305.45345
G1 X123.557 Y113.841 E305.47409
G1 X123.922 Y113.856 E305.48621
G0 F4800 X126.194 Y112.157
G0 X126.633 Y112
G1 F2400 X127 Y112 E305.49854
G0 F4800 X126.275 Y112.141
G0 X123.923 Y113.986
G0 X123.905 Y114.249
G1 F2400 X124.341 Y114.268 E305.51305
G1 X124.829 Y114.14 E305.52983
G1 X125.438 Y113.82 E305.55272
G1 X125.959 Y113.192 E305.57986
G1 X126.22 Y112.667 E305.59936
G1 X126.52 Y112.402 E305.61267
G1 X127.4 Y112.4 E305.64194
G1 X127.4 Y111.6 E305.66855
G1 X126.52 Y111.598 E305.69781
G1 X126.22 Y111.333 E305.71113
G1 X125.928 Y110.759 E305.73255
G1 X125.525 Y110.261 E305.75386
G1 X124.815 Y109.821 E305.78164
G1 X124.138 Y109.705 E305.80448
G1 X123.487 Y109.76 E305.82621
G1 X122.885 Y109.97 E305.84742
G1 X122.389 Y110.362 E305.86845
G1 X122.068 Y110.759 E305.88543
G1 X121.776 Y111.333 E305.90685
G1 X121.474 Y111.6 E305.92025
G1 X120.6 Y111.6 E305.94932
G1 X120.6 Y112.4 E305.97593
G1 X121.474 Y112.4 E306.005
G1 X121.776 Y112.667 E306.01841
G1 X122.184 Y113.406 E306.04648
G1 X122.759 Y113.966 E306.07318
G1 X123.457 Y114.231 E306.09801
G1 X123.905 Y114.249 E306.11292
G0 F4800 X123.923 Y113.986
G0 X125.512 Y113.254
G0 X126.054 Y113.704
;TYPE:WALL-OUTER
G1 F2400 X126.298 Y113.41 E306.1256
G1 X126.553 Y112.889 E306.14489
G1 X126.702 Y112.8 E306.15066
G1 X127.713 Y112.8 E306.18429
G1 X127.8 Y112.713 E306.18838
G1 X127.8 Y111.285 E306.23588
G1 X127.714 Y111.2 E306.2399
G1 X126.702 Y111.2 E306.27356
G1 X126.553 Y111.111 E306.27933
G1 X126.266 Y110.541 E306.30056
G1 X125.793 Y109.957 E306.32555
G1 X124.958 Y109.439 E306.35824
G1 X124.155 Y109.302 E306.38533
G1 X123.403 Y109.366 E306.41043
G1 X122.69 Y109.614 E306.43554
G1 X122.106 Y110.076 E306.46031
G1 X121.73 Y110.541 E306.4802
G1 X121.398 Y111.2 E306.50474
G1 X120.283 Y111.2 E306.54182
G1 X120.2 Y111.283 E306.54573
G1 X120.2 Y112.714 E306.59332
G1 X120.285 Y112.8 E306.59735
G1 X121.346 Y112.8 E306.63263
G1 X121.597 Y113.233 E306.64928
G1 X121.872 Y113.66 E306.66617
G1 X122.374 Y114.15 E306.68951
G1 X122.743 Y114.388 E306.70411
G1 X123.358 Y114.621 E306.72598
G1 X123.896 Y114.695 E306.74405
G1 X124.404 Y114.665 E306.76097
G1 X124.975 Y114.516 E306.7806
G1 X125.695 Y114.137 E306.80766
G1 X126.054 Y113.704 E306.82632
G0 F4800 X126.181 Y113.551
G0 X125.639 Y113.1
G0 X124.991 Y110.849
;TYPE:SKIN
G1 F1800 X124.637 Y110.628 E306.8402
G1 X124.057 Y110.481 E306.8601
G1 X125.692 Y112.115 E306.93699
G1 X125.461 Y112.45 E306.95052
G1 X123.568 Y110.558 E307.03954
G1 X123.189 Y110.744 E307.05358
G1 X125.26 Y112.815 E307.15099
G1 X125.003 Y113.124 E307.16436
G1 X122.902 Y111.022 E307.26321
G1 X122.65 Y111.337 E307.27662
G1 X124.635 Y113.321 E307.36997
G1 X124.232 Y113.484 E307.38443
G1 X122.462 Y111.714 E307.46768
G1 X122.18 Y111.998 E307.481
G1 X123.649 Y113.467 E307.55009
G1 X123.29 Y113.332 E307.56285
G1 X122.793 Y112.908 E307.58458
G1 F1500 E297.58458
;MESH:NONMESH
G0 F1800 X122.793 Y112.908 Z7.2
G0 F4800 X121.555 Y112.574
G0 X120.848 Y113.657
G0 X112.539 Y115.526
G0 X111.861 Y115.566
G0 X111.149 Y115.465
G0 X104.665 Y112.574
G0 X103.57 Y112.574
G0 X97 Y112
;TIME_ELAPSED:460.075760
;LAYER:35
;TYPE:WALL-INNER
;MESH:I2C_LED_BTN-Body002.stl(4)
G1 F1500 E307.58458
G1 F2400 X97.276 Y112 E307.59376
G0 F4800 X100.675 Y113.274
G1 F2400 X100.994 Y113.104 E307.60578
G1 X101.281 Y112.757 E307.62076
G1 X101.555 Y112.223 E307.64072
G1 X101.743 Y112 E307.65042
G1 X101.555 Y111.777 E307.66012
G1 X101.251 Y111.194 E307.68199
G1 X100.988 Y110.87 E307.69587
G1 X100.62 Y110.641 E307.71029
G1 X100.103 Y110.511 E307.72802
G1 X99.655 Y110.548 E307.74297
G1 X99.276 Y110.681 E307.75633
G1 X98.744 Y111.195 E307.78093
G1 X98.441 Y111.777 E307.80276
G1 X98.253 Y112 E307.81246
G1 X98.477 Y112.265 E307.824
G1 X98.762 Y112.851 E307.84567
G1 X99.125 Y113.21 E307.86265
G1 X99.618 Y113.441 E307.88076
G1 X100.304 Y113.47 E307.9036
G1 X100.675 Y113.274 E307.91755
G0 F4800 X99.923 Y113.846
G1 F2400 X100.389 Y113.866 E307.93306
G1 X100.869 Y113.679 E307.9502
G1 X101.268 Y113.401 E307.96637
G1 X101.62 Y112.975 E307.98475
G1 X101.939 Y112.345 E308.00824
G1 X102.272 Y112.105 E308.02189
G1 X102.633 Y112 E308.03452
G1 X102.272 Y111.895 E308.04715
G1 X101.863 Y111.525 E308.0655
G1 X101.589 Y110.977 E308.08587
G1 X101.257 Y110.565 E308.10347
G1 X100.798 Y110.281 E308.12142
G1 X100.12 Y110.108 E308.1447
G1 X99.571 Y110.154 E308.16302
G1 X99.08 Y110.325 E308.18031
G1 X98.672 Y110.648 E308.19762
G1 X98.406 Y110.977 E308.21169
G1 X98.133 Y111.524 E308.23203
G1 X97.724 Y111.895 E308.25039
G1 X97.276 Y112 E308.2657
G1 X97.724 Y112.105 E308.281
G1 X98.135 Y112.479 E308.29948
G1 X98.432 Y113.088 E308.32202
G1 X98.875 Y113.524 E308.34269
G1 X99.515 Y113.83 E308.36629
G1 X99.923 Y113.846 E308.37987
G0 F4800 X102.194 Y112.157
G0 X102.633 Y112
G1 F2400 X103 Y112 E308.3922
G0 F4800 X102.194 Y112.157
G0 X101.512 Y113.252
G0 X101.748 Y113.448
G1 F2400 X101.959 Y113.193 E308.4032
G1 X102.22 Y112.667 E308.42273
G1 X102.52 Y112.402 E308.43605
G1 X103.4 Y112.4 E308.46532
G1 X103.4 Y111.6 E308.49193
G1 X102.52 Y111.598 E308.52119
G1 X102.22 Y111.333 E308.53451
G1 X101.928 Y110.759 E308.55593
G1 X101.525 Y110.261 E308.57723
G1 X100.815 Y109.821 E308.60502
G1 X100.138 Y109.705 E308.62786
G1 X99.487 Y109.76 E308.64959
G1 X98.885 Y109.97 E308.6708
G1 X98.389 Y110.362 E308.69182
G1 X98.068 Y110.759 E308.7088
G1 X97.776 Y111.333 E308.73022
G1 X97.474 Y111.6 E308.74363
G1 X96.6 Y111.6 E308.7727
G1 X96.6 Y112.4 E308.79931
G1 X97.474 Y112.4 E308.82838
G1 X97.776 Y112.667 E308.84179
G1 X98.103 Y113.324 E308.86619
G1 X98.747 Y113.96 E308.8963
G1 X99.411 Y114.22 E308.92002
G1 X99.908 Y114.293 E308.93672
G1 X100.475 Y114.262 E308.95561
G1 X101.059 Y114.034 E308.97646
G1 X101.541 Y113.698 E308.996
G1 X101.748 Y113.448 E309.0068
G0 F4800 X102.057 Y113.702
;TYPE:WALL-OUTER
G1 F2400 X102.298 Y113.411 E309.01937
G1 X102.553 Y112.889 E309.03869
G1 X102.702 Y112.8 E309.04446
G1 X103.713 Y112.8 E309.07809
G1 X103.8 Y112.713 E309.08218
G1 X103.8 Y111.285 E309.12968
G1 X103.714 Y111.2 E309.1337
G1 X102.702 Y111.2 E309.16736
G1 X102.553 Y111.111 E309.17313
G1 X102.266 Y110.541 E309.19436
G1 X101.793 Y109.957 E309.21935
G1 X100.958 Y109.439 E309.25203
G1 X100.155 Y109.302 E309.27913
G1 X99.403 Y109.366 E309.30423
G1 X98.69 Y109.614 E309.32934
G1 X98.106 Y110.076 E309.3541
G1 X97.73 Y110.541 E309.37399
G1 X97.398 Y111.2 E309.39854
G1 X96.283 Y111.2 E309.43562
G1 X96.2 Y111.283 E309.43953
G1 X96.2 Y112.714 E309.48712
G1 X96.285 Y112.8 E309.49114
G1 X97.399 Y112.8 E309.52819
G1 X97.773 Y113.561 E309.5564
G1 X98.525 Y114.303 E309.59153
G1 X99.308 Y114.609 E309.6195
G1 X99.89 Y114.695 E309.63906
G1 X100.561 Y114.658 E309.66141
G1 X101.249 Y114.39 E309.68597
G1 X101.815 Y113.995 E309.70893
G1 X102.057 Y113.702 E309.72157
G0 F4800 X102.184 Y113.549
G0 X101.64 Y113.098
G0 X101.222 Y112.041
;TYPE:SKIN
G1 F1800 X100.175 Y113.088 E309.77082
G1 X100.22 Y113.09 E309.77231
G1 X100.857 Y112.752 E309.7963
G1 X101.244 Y112 E309.82443
G1 X101.055 Y111.642 E309.83789
G1 X99.655 Y113.042 E309.90374
G1 X99.292 Y112.84 E309.91756
G1 X100.86 Y111.272 E309.99131
G1 X100.533 Y111.033 E310.00479
G1 X99.03 Y112.536 E310.07548
G1 X98.753 Y111.999 E310.09558
G1 X99.059 Y111.414 E310.11754
G1 X99.46 Y111.025 E310.13612
G1 X100.102 Y110.899 E310.15788
G1 X98.838 Y112.163 E310.21733
G1 F1500 E300.21733
;MESH:I2C_LED_BTN-Body002.stl
G0 F4800 X103.57 Y112
G0 X104.665 Y112
G0 X107.335 Y112
G0 X108.43 Y112
G0 X109 Y112
;TYPE:WALL-INNER
G1 F1500 E310.21733
G1 F2400 X109.276 Y112 E310.22651
G0 F4800 X112.675 Y113.274
G1 F2400 X112.994 Y113.104 E310.23854
G1 X113.281 Y112.757 E310.25351
G1 X113.555 Y112.223 E310.27348
G1 X113.743 Y112 E310.28318
G1 X113.555 Y111.777 E310.29288
G1 X113.251 Y111.194 E310.31475
G1 X112.988 Y110.87 E310.32863
G1 X112.62 Y110.641 E310.34304
G1 X112.103 Y110.511 E310.36077
G1 X111.655 Y110.548 E310.37572
G1 X111.276 Y110.681 E310.38908
G1 X110.744 Y111.195 E310.41369
G1 X110.441 Y111.777 E310.43551
G1 X110.253 Y112 E310.44521
G1 X110.477 Y112.265 E310.45675
G1 X110.762 Y112.851 E310.47843
G1 X111.125 Y113.21 E310.49541
G1 X111.618 Y113.441 E310.51352
G1 X112.304 Y113.47 E310.53635
G1 X112.675 Y113.274 E310.55031
G0 F4800 X111.923 Y113.846
G1 F2400 X112.389 Y113.866 E310.56582
G1 X112.869 Y113.679 E310.58296
G1 X113.268 Y113.401 E310.59913
G1 X113.62 Y112.975 E310.61751
G1 X113.939 Y112.345 E310.641
G1 X114.272 Y112.105 E310.65465
G1 X114.633 Y112 E310.66728
G1 X114.272 Y111.895 E310.67991
G1 X113.863 Y111.525 E310.69825
G1 X113.589 Y110.977 E310.71863
G1 X113.257 Y110.565 E310.73623
G1 X112.798 Y110.281 E310.75418
G1 X112.12 Y110.108 E310.77745
G1 X111.571 Y110.154 E310.79578
G1 X111.08 Y110.325 E310.81307
G1 X110.672 Y110.648 E310.83038
G1 X110.406 Y110.977 E310.84445
G1 X110.133 Y111.524 E310.86478
G1 X109.724 Y111.895 E310.88315
G1 X109.276 Y112 E310.89845
G1 X109.724 Y112.105 E310.91376
G1 X110.135 Y112.479 E310.93224
G1 X110.432 Y113.088 E310.95478
G1 X110.875 Y113.524 E310.97545
G1 X111.515 Y113.83 E310.99904
G1 X111.923 Y113.846 E311.01262
G0 F4800 X114.194 Y112.157
G0 X114.633 Y112
G1 F2400 X115 Y112 E311.02495
G0 F4800 X114.194 Y112.157
G0 X113.512 Y113.252
G0 X113.748 Y113.448
G1 F2400 X113.959 Y113.193 E311.03596
G1 X114.22 Y112.667 E311.05549
G1 X114.52 Y112.402 E311.0688
G1 X115.4 Y112.4 E311.09807
G1 X115.4 Y111.6 E311.12468
G1 X114.52 Y111.598 E311.15395
G1 X114.22 Y111.333 E311.16726
G1 X113.928 Y110.759 E311.18868
G1 X113.525 Y110.261 E311.20999
G1 X112.815 Y109.821 E311.23777
G1 X112.138 Y109.705 E311.26062
G1 X111.487 Y109.76 E311.28235
G1 X110.885 Y109.97 E311.30355
G1 X110.389 Y110.362 E311.32458
G1 X110.068 Y110.759 E311.34156
G1 X109.776 Y111.333 E311.36298
G1 X109.474 Y111.6 E311.37639
G1 X108.6 Y111.6 E311.40546
G1 X108.6 Y112.4 E311.43207
G1 X109.474 Y112.4 E311.46114
G1 X109.776 Y112.667 E311.47454
G1 X110.103 Y113.324 E311.49895
G1 X110.747 Y113.96 E311.52906
G1 X111.411 Y114.22 E311.55277
G1 X111.908 Y114.293 E311.56948
G1 X112.475 Y114.262 E311.58837
G1 X113.059 Y114.034 E311.60922
G1 X113.541 Y113.698 E311.62876
G1 X113.748 Y113.448 E311.63956
G0 F4800 X114.057 Y113.702
;TYPE:WALL-OUTER
G1 F2400 X114.298 Y113.411 E311.65212
G1 X114.553 Y112.889 E311.67145
G1 X114.702 Y112.8 E311.67722
G1 X115.713 Y112.8 E311.71085
G1 X115.8 Y112.713 E311.71494
G1 X115.8 Y111.285 E311.76243
G1 X115.714 Y111.2 E311.76645
G1 X114.702 Y111.2 E311.80011
G1 X114.553 Y111.111 E311.80589
G1 X114.266 Y110.541 E311.82711
G1 X113.793 Y109.957 E311.85211
G1 X112.958 Y109.439 E311.88479
G1 X112.155 Y109.302 E311.91188
G1 X111.403 Y109.366 E311.93699
G1 X110.69 Y109.614 E311.96209
G1 X110.106 Y110.076 E311.98686
G1 X109.73 Y110.541 E312.00675
G1 X109.398 Y111.2 E312.03129
G1 X108.283 Y111.2 E312.06838
G1 X108.2 Y111.283 E312.07228
G1 X108.2 Y112.714 E312.11988
G1 X108.285 Y112.8 E312.1239
G1 X109.399 Y112.8 E312.16095
G1 X109.773 Y113.561 E312.18915
G1 X110.525 Y114.303 E312.22429
G1 X111.308 Y114.609 E312.25225
G1 X111.89 Y114.695 E312.27182
G1 X112.561 Y114.658 E312.29417
G1 X113.249 Y114.39 E312.31873
G1 X113.815 Y113.995 E312.34168
G1 X114.057 Y113.702 E312.35432
G0 F4800 X114.184 Y113.549
G0 X113.64 Y113.098
G0 X112.22 Y113.09
;TYPE:SKIN
G1 F1800 X112.857 Y112.752 E312.37831
G1 X113.245 Y112 E312.40645
G1 X113.209 Y111.934 E312.40895
G1 X112.059 Y113.083 E312.46302
G1 X111.572 Y113.005 E312.47943
G1 X113.014 Y111.563 E312.54725
G1 X112.808 Y111.204 E312.56102
G1 X111.231 Y112.78 E312.63517
G1 X110.989 Y112.457 E312.6486
G1 X112.457 Y110.989 E312.71765
G1 X111.958 Y110.922 E312.73439
G1 X110.797 Y112.083 E312.789
G1 X110.753 Y111.999 E312.79216
G1 X111.059 Y111.414 E312.81412
G1 X111.461 Y111.025 E312.83272
G1 F1500 E302.83272
;MESH:I2C_LED_BTN-Body002.stl(3)
G0 F4800 X115.57 Y112
G0 X116.665 Y112
G0 X119.335 Y112
G0 X120.43 Y112
G0 X121 Y112
;TYPE:WALL-INNER
G1 F1500 E312.83272
G1 F2400 X121.276 Y112 E312.8419
G0 F4800 X124.675 Y113.274
G1 F2400 X124.994 Y113.104 E312.85392
G1 X125.281 Y112.757 E312.8689
G1 X125.555 Y112.223 E312.88886
G1 X125.743 Y112 E312.89857
G1 X125.555 Y111.777 E312.90827
G1 X125.251 Y111.194 E312.93013
G1 X124.988 Y110.87 E312.94401
G1 X124.62 Y110.641 E312.95843
G1 X124.103 Y110.511 E312.97616
G1 X123.655 Y110.548 E312.99111
G1 X123.276 Y110.681 E313.00447
G1 X122.744 Y111.195 E313.02908
G1 X122.441 Y111.777 E313.0509
G1 X122.253 Y112 E313.0606
G1 X122.477 Y112.265 E313.07214
G1 X122.762 Y112.851 E313.09381
G1 X123.125 Y113.21 E313.1108
G1 X123.618 Y113.441 E313.1289
G1 X124.304 Y113.47 E313.15174
G1 X124.675 Y113.274 E313.1657
G0 F4800 X123.923 Y113.846
G1 F2400 X124.389 Y113.866 E313.18121
G1 X124.869 Y113.679 E313.19834
G1 X125.268 Y113.401 E313.21452
G1 X125.62 Y112.975 E313.2329
G1 X125.939 Y112.345 E313.25638
G1 X126.272 Y112.105 E313.27004
G1 X126.633 Y112 E313.28267
G1 X126.272 Y111.895 E313.2953
G1 X125.863 Y111.525 E313.31364
G1 X125.589 Y110.977 E313.33402
G1 X125.257 Y110.565 E313.35162
G1 X124.798 Y110.281 E313.36957
G1 X124.12 Y110.108 E313.39284
G1 X123.571 Y110.154 E313.41117
G1 X123.08 Y110.325 E313.42846
G1 X122.672 Y110.648 E313.44577
G1 X122.406 Y110.977 E313.45984
G1 X122.133 Y111.524 E313.48017
G1 X121.724 Y111.895 E313.49854
G1 X121.276 Y112 E313.51384
G1 X121.724 Y112.105 E313.52915
G1 X122.135 Y112.479 E313.54763
G1 X122.432 Y113.088 E313.57016
G1 X122.875 Y113.524 E313.59084
G1 X123.515 Y113.83 E313.61443
G1 X123.923 Y113.846 E313.62801
G0 F4800 X126.194 Y112.157
G0 X126.633 Y112
G1 F2400 X127 Y112 E313.64034
G0 F4800 X126.194 Y112.157
G0 X125.512 Y113.252
G0 X125.748 Y113.448
G1 F2400 X125.959 Y113.193 E313.65135
G1 X126.22 Y112.667 E313.67088
G1 X126.52 Y112.402 E313.68419
G1 X127.4 Y112.4 E313.71346
G1 X127.4 Y111.6 E313.74007
G1 X126.52 Y111.598 E313.76934
G1 X126.22 Y111.333 E313.78265
G1 X125.928 Y110.759 E313.80407
G1 X125.525 Y110.261 E313.82538
G1 X124.815 Y109.821 E313.85316
G1 X124.138 Y109.705 E313.87601
G1 X123.487 Y109.76 E313.89774
G1 X122.885 Y109.97 E313.91894
G1 X122.389 Y110.362 E313.93997
G1 X122.068 Y110.759 E313.95695
G1 X121.776 Y111.333 E313.97837
G1 X121.474 Y111.6 E313.99178
G1 X120.6 Y111.6 E314.02085
G1 X120.6 Y112.4 E314.04745
G1 X121.474 Y112.4 E314.07652
G1 X121.776 Y112.667 E314.08993
G1 X122.103 Y113.324 E314.11434
G1 X122.747 Y113.96 E314.14444
G1 X123.411 Y114.22 E314.16816
G1 X123.908 Y114.293 E314.18487
G1 X124.475 Y114.262 E314.20376
G1 X125.059 Y114.034 E314.22461
G1 X125.541 Y113.698 E314.24415
G1 X125.748 Y113.448 E314.25494
G0 F4800 X126.057 Y113.702
;TYPE:WALL-OUTER
G1 F2400 X126.298 Y113.411 E314.26751
G1 X126.553 Y112.889 E314.28683
G1 X126.702 Y112.8 E314.29261
G1 X127.713 Y112.8 E314.32623
G1 X127.8 Y112.713 E314.33032
G1 X127.8 Y111.285 E314.37782
G1 X127.714 Y111.2 E314.38184
G1 X126.702 Y111.2 E314.4155
G1 X126.553 Y111.111 E314.42127
G1 X126.266 Y110.541 E314.4425
G1 X125.793 Y109.957 E314.4675
G1 X124.958 Y109.439 E314.50018
G1 X124.155 Y109.302 E314.52727
G1 X123.403 Y109.366 E314.55237
G1 X122.69 Y109.614 E314.57748
G1 X122.106 Y110.076 E314.60225
G1 X121.73 Y110.541 E314.62214
G1 X121.398 Y111.2 E314.64668
G1 X120.283 Y111.2 E314.68377
G1 X120.2 Y111.283 E314.68767
G1 X120.2 Y112.714 E314.73527
G1 X120.285 Y112.8 E314.73929
G1 X121.399 Y112.8 E314.77634
G1 X121.773 Y113.561 E314.80454
G1 X122.525 Y114.303 E314.83968
G1 X123.308 Y114.609 E314.86764
G1 X123.89 Y114.695 E314.88721
G1 X124.561 Y114.658 E314.90956
G1 X125.249 Y114.39 E314.93412
G1 X125.815 Y113.995 E314.95707
G1 X126.057 Y113.702 E314.96971
G0 F4800 X126.184 Y113.549
G0 X125.64 Y113.098
G0 X124.879 Y112.709
;TYPE:SKIN
G1 F1800 X124.811 Y112.776 E314.97289
G1 X124.22 Y113.09 E314.99515
G1 X123.944 Y113.078 E315.00433
G1 X125.167 Y111.855 E315.06186
G1 X124.973 Y111.484 E315.07579
G1 X123.491 Y112.966 E315.14549
G1 X123.17 Y112.721 E315.15892
G1 X124.733 Y111.158 E315.23244
G1 X124.361 Y110.964 E315.2464
G1 X122.948 Y112.377 E315.31286
G1 X122.753 Y111.999 E315.32701
G1 X123.059 Y111.414 E315.34897
G1 X123.46 Y111.025 E315.36755
G1 X123.806 Y110.954 E315.3793
G1 X122.756 Y112.004 E315.42868
G1 F1500 E305.42868
;MESH:NONMESH
G0 F1800 X122.756 Y112.004 Z7.4
G0 F4800 X120.43 Y111.999
G0 X119.335 Y111.999
G0 X113.541 Y108.783
G0 X112.969 Y108.567
G0 X112.188 Y108.436
G0 X111.221 Y108.516
G0 X110.456 Y108.782
G0 X104.665 Y111.999
G0 X103.57 Y111.999
G0 X96.999 Y111.999
;TIME_ELAPSED:470.554488
;LAYER:36
;TYPE:WALL-INNER
;MESH:I2C_LED_BTN-Body002.stl(4)
G1 F1500 E315.42868
G1 F2400 X97.284 Y112 E315.43814
G0 F4800 X97.774 Y112.143
G0 X99.325 Y113.729
G1 F2400 X99.627 Y113.847 E315.44892
G1 X100.181 Y113.88 E315.46738
G1 X100.833 Y113.725 E315.48967
G1 X101.259 Y113.41 E315.50729
G1 X101.644 Y112.938 E315.52755
G1 X102.059 Y112.249 E315.55431
G1 X102.635 Y111.996 E315.57544
G1 X101.974 Y111.71 E315.59963
G1 X101.451 Y110.787 E315.63492
G1 X101.167 Y110.508 E315.64816
G1 X100.527 Y110.178 E315.67211
G1 X100.12 Y110.108 E315.68584
G1 X99.567 Y110.154 E315.7043
G1 X98.925 Y110.439 E315.72766
G1 X98.451 Y110.855 E315.74864
G1 X98.078 Y111.627 E315.77716
G1 X97.754 Y111.879 E315.79081
G1 X97.284 Y112 E315.80695
G1 X97.755 Y112.119 E315.82311
G1 X98.012 Y112.317 E315.8339
G1 X98.308 Y112.859 E315.85444
G1 X98.581 Y113.288 E315.87135
G1 X99.006 Y113.605 E315.88899
G1 X99.325 Y113.729 E315.90037
G0 F4800 X101.903 Y112.313
G0 X102.635 Y111.996
G1 F2400 X102.997 Y111.997 E315.9125
G0 F4800 X102.769 Y111.991
G0 X98.28 Y111.011
G0 X98.061 Y110.853
G1 F2400 X97.787 Y111.316 E315.93039
G1 X97.563 Y111.528 E315.94065
G1 X97.281 Y111.6 E315.95033
G1 X96.6 Y111.6 E315.97298
G1 X96.6 Y112.396 E315.99946
G1 X97.491 Y112.401 E316.02909
G1 X97.79 Y112.682 E316.04274
G1 X97.953 Y113.046 E316.056
G1 X98.283 Y113.564 E316.07643
G1 X98.81 Y113.958 E316.09832
G1 X99.539 Y114.242 E316.12434
G1 X100.215 Y114.283 E316.14686
G1 X101.005 Y114.096 E316.17387
G1 X101.538 Y113.702 E316.19591
G1 X101.984 Y113.153 E316.21944
G1 X102.261 Y112.576 E316.24073
G1 X102.67 Y112.398 E316.25556
G1 X103.396 Y112.396 E316.27971
G1 X103.396 Y111.6 E316.30618
G1 X102.669 Y111.594 E316.33036
G1 X102.273 Y111.425 E316.34468
G1 X101.771 Y110.541 E316.3785
G1 X101.415 Y110.191 E316.3951
G1 X100.815 Y109.821 E316.41855
G1 X100.137 Y109.705 E316.44142
G1 X99.483 Y109.76 E316.46325
G1 X98.831 Y109.988 E316.48623
G1 X98.291 Y110.463 E316.51015
G1 X98.061 Y110.853 E316.52521
G0 F4800 X98.28 Y111.011
G0 X99.289 Y113.817
G0 X99.034 Y114.474
;TYPE:WALL-OUTER
G1 F2400 X99.452 Y114.638 E316.54014
G1 X100.25 Y114.686 E316.56673
G1 X101.177 Y114.466 E316.59842
G1 X101.816 Y113.994 E316.62484
G1 X102.325 Y113.368 E316.65168
G1 X102.569 Y112.856 E316.67054
G1 X102.706 Y112.796 E316.67551
G1 X103.713 Y112.796 E316.70901
G1 X103.796 Y112.713 E316.71291
G1 X103.796 Y111.284 E316.76044
G1 X103.712 Y111.2 E316.76439
G1 X102.603 Y111.196 E316.80128
G1 X102.091 Y110.295 E316.83575
G1 X101.663 Y109.875 E316.85569
G1 X100.959 Y109.44 E316.88321
G1 X100.155 Y109.302 E316.91035
G1 X99.399 Y109.366 E316.93558
G1 X98.624 Y109.638 E316.9629
G1 X97.993 Y110.192 E316.99083
G1 X97.654 Y110.662 E317.0101
G1 X97.346 Y111.2 E317.03072
G1 X96.283 Y111.2 E317.06608
G1 X96.2 Y111.283 E317.06998
G1 X96.2 Y112.712 E317.11751
G1 X96.284 Y112.796 E317.12146
G1 X97.321 Y112.8 E317.15595
G1 X97.985 Y113.841 E317.19702
G1 X98.614 Y114.311 E317.22313
G1 X99.034 Y114.474 E317.23812
G0 F4800 X99.22 Y114.547
G0 X99.476 Y113.889
G0 X98.851 Y112.993
;TYPE:SKIN
G1 F1800 X99.194 Y113.272 E317.25282
G1 X99.706 Y113.471 E317.27109
G1 X99.906 Y113.482 E317.27776
G1 X98.332 Y111.908 E317.35179
G1 X98.537 Y111.548 E317.36557
G1 X100.42 Y113.431 E317.45414
G1 X100.818 Y113.263 E317.46851
G1 X98.722 Y111.167 E317.5671
G1 X99 Y110.879 E317.58041
G1 X101.112 Y112.991 E317.67976
G1 X101.36 Y112.673 E317.69317
G1 X99.349 Y110.663 E317.78774
G1 X99.782 Y110.53 E317.8028
G1 X101.576 Y112.324 E317.88719
G1 X101.777 Y111.999 E317.8999
G1 X101.526 Y111.689 E317.91316
G1 X101.147 Y111.021 E317.93871
G1 X100.937 Y110.814 E317.94852
G1 X100.414 Y110.544 E317.96809
G1 X100.361 Y110.543 E317.96985
G1 X101.61 Y111.792 E318.0286
G0 F4800 X97.164 Y111.888
G0 X96.639 Y111.5
G1 F1200 X96.572 Y111.959 E318.02902
G1 X96.644 Y112.5 E318.02951
G1 X96.504 Y112.5 E318.02966
G1 X96.461 Y111.5 E318.03073
G1 X96.639 Y111.5 E318.03092
G0 F4800 X96.779 Y111.386
G1 F1200 X96.666 Y111.973 E318.03141
G1 X96.783 Y112.614 E318.03195
G1 X96.39 Y112.614 E318.03228
G1 X96.387 Y111.386 E318.0333
G1 X96.779 Y111.386 E318.03363
G0 F4800 X96.903 Y111.287
G1 F1200 X96.77 Y111.966 E318.0342
G1 X96.904 Y112.714 E318.03484
G1 X96.286 Y112.714 E318.03535
G1 X96.286 Y111.286 E318.03654
G1 X96.903 Y111.287 E318.03705
G0 F4800 X97.027 Y111.186
G1 F1200 X96.874 Y111.97 E318.03771
G1 X97.024 Y112.814 E318.03843
G1 X96.278 Y112.814 E318.03905
G1 X96.186 Y112.719 E318.03916
G1 X96.186 Y111.277 E318.04036
G1 X96.277 Y111.186 E318.04046
G1 X97.027 Y111.186 E318.04109
G0 F4800 X97.151 Y111.086
G1 F1200 X96.978 Y111.974 E318.04184
G1 X97.144 Y112.914 E318.04263
G1 X96.237 Y112.914 E318.04339
G1 X96.086 Y112.763 E318.04356
G1 X96.086 Y111.237 E318.04483
G1 X96.237 Y111.086 E318.04501
G1 X97.151 Y111.086 E318.04577
G0 F4800 X97.151 Y111.911
G0 X102.773 Y111.82
G0 X103.369 Y111.836
G1 F1200 X103.377 Y111.496 E318.04614
G1 X103.501 Y111.498 E318.04627
G1 X103.494 Y112.483 E318.04736
G1 X103.352 Y112.485 E318.04752
G1 X103.369 Y111.836 E318.04826
G0 F4800 X103.254 Y111.846
G1 F1200 X103.269 Y111.383 E318.04865
G1 X103.614 Y111.386 E318.04893
G1 X103.614 Y112.602 E318.04995
G1 X103.228 Y112.609 E318.05027
G1 X103.254 Y111.846 E318.0509
G0 F4800 X103.155 Y111.84
G1 F1200 X103.162 Y111.594 E318.0511
G1 X103.095 Y111.283 E318.05137
G1 X103.714 Y111.286 E318.05188
G1 X103.714 Y112.714 E318.05307
G1 X103.127 Y112.714 E318.05356
G1 X103.155 Y111.84 E318.05428
G0 F4800 X103.055 Y111.837
G1 F1200 X103.062 Y111.606 E318.05447
G1 X102.971 Y111.183 E318.05483
G1 X103.716 Y111.186 E318.05545
G1 X103.814 Y111.278 E318.05556
G1 X103.814 Y112.715 E318.05676
G1 X103.718 Y112.814 E318.05687
G1 X102.953 Y112.814 E318.05751
G1 X103.032 Y112.56 E318.05773
G1 X103.055 Y111.837 E318.05833
G0 F4800 X102.957 Y111.83
G1 F1200 X102.962 Y111.621 E318.0585
G1 X102.846 Y111.083 E318.05896
G1 X103.759 Y111.086 E318.05972
G1 X103.914 Y111.237 E318.0599
G1 X103.914 Y112.759 E318.06117
G1 X103.762 Y112.914 E318.06135
G1 X102.816 Y112.914 E318.06213
G1 X102.936 Y112.531 E318.06247
G1 X102.957 Y111.83 E318.06305
G1 F1500 E308.06305
;MESH:I2C_LED_BTN-Body002.stl
G0 F4800 X102.773 Y111.825
G0 X103.106 Y110.341
G0 X104.072 Y110.34
G0 X107.336 Y111.994
G0 X109.088 Y111.994
G0 X108.999 Y111.999
;TYPE:WALL-INNER
G1 F1500 E318.06305
G1 F2400 X109.284 Y112 E318.07251
G0 F4800 X109.774 Y112.143
G0 X111.325 Y113.729
G1 F2400 X111.627 Y113.847 E318.08329
G1 X112.181 Y113.88 E318.10175
G1 X112.833 Y113.725 E318.12404
G1 X113.259 Y113.41 E318.14166
G1 X113.644 Y112.938 E318.16192
G1 X114.059 Y112.249 E318.18867
G1 X114.635 Y111.996 E318.20981
G1 X113.974 Y111.71 E318.234
G1 X113.451 Y110.787 E318.26928
G1 X113.167 Y110.508 E318.28253
G1 X112.527 Y110.178 E318.30648
G1 X112.12 Y110.108 E318.32021
G1 X111.567 Y110.154 E318.33867
G1 X110.925 Y110.439 E318.36203
G1 X110.451 Y110.855 E318.38301
G1 X110.078 Y111.627 E318.41152
G1 X109.754 Y111.879 E318.42517
G1 X109.284 Y112 E318.44132
G1 X109.755 Y112.119 E318.45747
G1 X110.012 Y112.317 E318.46826
G1 X110.308 Y112.859 E318.4888
G1 X110.581 Y113.288 E318.50572
G1 X111.006 Y113.605 E318.52335
G1 X111.325 Y113.729 E318.53474
G0 F4800 X113.903 Y112.313
G0 X114.635 Y111.996
G1 F2400 X114.997 Y111.997 E318.54687
G0 F4800 X114.769 Y111.991
G0 X110.28 Y111.011
G0 X110.061 Y110.853
G1 F2400 X109.787 Y111.316 E318.56476
G1 X109.563 Y111.528 E318.57502
G1 X109.281 Y111.6 E318.5847
G1 X108.6 Y111.6 E318.60735
G1 X108.6 Y112.396 E318.63382
G1 X109.491 Y112.401 E318.66346
G1 X109.79 Y112.682 E318.67711
G1 X109.953 Y113.046 E318.69037
G1 X110.283 Y113.564 E318.7108
G1 X110.81 Y113.958 E318.73268
G1 X111.539 Y114.242 E318.75871
G1 X112.215 Y114.283 E318.78123
G1 X113.005 Y114.096 E318.80823
G1 X113.538 Y113.702 E318.83028
G1 X113.984 Y113.153 E318.8538
G1 X114.261 Y112.576 E318.87509
G1 X114.67 Y112.398 E318.88993
G1 X115.396 Y112.396 E318.91407
G1 X115.396 Y111.6 E318.94055
G1 X114.669 Y111.594 E318.96473
G1 X114.273 Y111.425 E318.97905
G1 X113.771 Y110.541 E319.01286
G1 X113.415 Y110.191 E319.02947
G1 X112.815 Y109.821 E319.05291
G1 X112.137 Y109.705 E319.07579
G1 X111.483 Y109.76 E319.09762
G1 X110.831 Y109.988 E319.12059
G1 X110.291 Y110.463 E319.14451
G1 X110.061 Y110.853 E319.15957
G0 F4800 X110.28 Y111.011
G0 X111.289 Y113.817
G0 X111.034 Y114.474
;TYPE:WALL-OUTER
G1 F2400 X111.452 Y114.638 E319.17451
G1 X112.25 Y114.686 E319.2011
G1 X113.177 Y114.466 E319.23278
G1 X113.816 Y113.994 E319.25921
G1 X114.325 Y113.368 E319.28604
G1 X114.569 Y112.856 E319.30491
G1 X114.706 Y112.796 E319.30988
G1 X115.713 Y112.796 E319.34337
G1 X115.796 Y112.713 E319.34728
G1 X115.796 Y111.284 E319.39481
G1 X115.712 Y111.2 E319.39876
G1 X114.603 Y111.196 E319.43564
G1 X114.091 Y110.295 E319.47011
G1 X113.663 Y109.875 E319.49006
G1 X112.959 Y109.44 E319.51758
G1 X112.155 Y109.302 E319.54471
G1 X111.399 Y109.366 E319.56995
G1 X110.624 Y109.638 E319.59727
G1 X109.993 Y110.192 E319.62519
G1 X109.654 Y110.662 E319.64447
G1 X109.346 Y111.2 E319.66509
G1 X108.283 Y111.2 E319.70044
G1 X108.2 Y111.283 E319.70435
G1 X108.2 Y112.712 E319.75187
G1 X108.284 Y112.796 E319.75583
G1 X109.321 Y112.8 E319.79032
G1 X109.985 Y113.841 E319.83138
G1 X110.614 Y114.311 E319.8575
G1 X111.034 Y114.474 E319.87248
G0 F4800 X111.22 Y114.547
G0 X111.476 Y113.889
G0 X111.778 Y113.475
;TYPE:SKIN
G1 F1800 X110.263 Y111.96 E319.94375
G1 X110.215 Y111.998 E319.94578
G1 X110.365 Y112.113 E319.95207
G1 X110.87 Y113.028 E319.98683
G1 X111.194 Y113.271 E320.0003
G1 X111.706 Y113.471 E320.01858
G1 X112.324 Y113.455 E320.03914
G1 X110.497 Y111.629 E320.12506
G1 X110.682 Y111.248 E320.13914
G1 X112.749 Y113.315 E320.23637
G1 X113.057 Y113.057 E320.24973
G1 X110.935 Y110.935 E320.34954
G1 X111.265 Y110.7 E320.36302
G1 X113.311 Y112.745 E320.45923
G1 X113.53 Y112.398 E320.47288
G1 X111.659 Y110.528 E320.56086
G1 X112.414 Y110.544 E320.58598
G1 X112.937 Y110.814 E320.60556
G1 X113.147 Y111.021 E320.61536
G1 X113.526 Y111.689 E320.64091
G1 X113.777 Y111.999 E320.65418
G1 X113.747 Y112.05 E320.65614
G1 X112.238 Y110.541 E320.72712
G0 F4800 X109.816 Y111.844
G0 X109.165 Y111.887
G0 X108.643 Y111.501
G1 F1200 X108.578 Y111.984 E320.72757
G1 X108.647 Y112.499 E320.72806
G1 X108.505 Y112.499 E320.72821
G1 X108.464 Y111.501 E320.72929
G1 X108.643 Y111.501 E320.72948
G0 F4800 X108.78 Y111.386
G1 F1200 X108.674 Y111.983 E320.72999
G1 X108.784 Y112.614 E320.73052
G1 X108.39 Y112.614 E320.73085
G1 X108.386 Y111.386 E320.73187
G1 X108.78 Y111.386 E320.7322
G0 F4800 X108.903 Y111.287
G1 F1200 X108.774 Y111.982 E320.73278
G1 X108.904 Y112.714 E320.7334
G1 X108.286 Y112.714 E320.73392
G1 X108.286 Y111.286 E320.7351
G1 X108.903 Y111.287 E320.73562
G0 F4800 X109.024 Y111.186
G1 F1200 X108.878 Y112.001 E320.73631
G1 X109.024 Y112.814 E320.73699
G1 X108.278 Y112.814 E320.73761
G1 X108.186 Y112.719 E320.73772
G1 X108.186 Y111.277 E320.73892
G1 X108.277 Y111.186 E320.73903
G1 X109.024 Y111.186 E320.73965
G0 F4800 X109.144 Y111.086
G1 F1200 X108.982 Y111.983 E320.74041
G1 X109.144 Y112.914 E320.74119
G1 X108.237 Y112.914 E320.74195
G1 X108.086 Y112.763 E320.74212
G1 X108.086 Y111.237 E320.74339
G1 X108.237 Y111.086 E320.74357
G1 X109.144 Y111.086 E320.74433
G0 F4800 X109.144 Y111.911
G0 X114.802 Y111.878
G0 X115.377 Y111.496
G1 F1200 X115.501 Y111.498 E320.74446
G1 X115.494 Y112.483 E320.74554
G1 X115.352 Y112.485 E320.74571
G1 X115.377 Y111.496 E320.7468
G0 F4800 X115.269 Y111.383
G1 F1200 X115.614 Y111.386 E320.74709
G1 X115.614 Y112.602 E320.7481
G1 X115.228 Y112.609 E320.74842
G1 X115.269 Y111.383 E320.74944
G0 F4800 X115.095 Y111.283
G1 F1200 X115.714 Y111.286 E320.74996
G1 X115.714 Y112.714 E320.75115
G1 X115.127 Y112.714 E320.75163
G1 X115.162 Y111.594 E320.75257
G1 X115.095 Y111.283 E320.75283
G0 F4800 X114.971 Y111.183
G1 F1200 X115.716 Y111.186 E320.75345
G1 X115.814 Y111.278 E320.75356
G1 X115.814 Y112.715 E320.75476
G1 X115.718 Y112.814 E320.75487
G1 X114.953 Y112.814 E320.75551
G1 X115.032 Y112.56 E320.75573
G1 X115.062 Y111.606 E320.75652
G1 X114.971 Y111.183 E320.75688
G0 F4800 X114.846 Y111.083
G1 F1200 X115.759 Y111.086 E320.75764
G1 X115.914 Y111.237 E320.75782
G1 X115.914 Y112.759 E320.75909
G1 X115.762 Y112.914 E320.75927
G1 X114.816 Y112.914 E320.76005
G1 X114.936 Y112.531 E320.76039
G1 X114.962 Y111.621 E320.76114
G1 X114.846 Y111.083 E320.7616
G1 F1500 E310.7616
;MESH:I2C_LED_BTN-Body002.stl(3)
G0 F4800 X114.771 Y111.906
G0 X115.106 Y110.341
G0 X116.072 Y110.34
G0 X119.336 Y111.989
G0 X121.087 Y111.989
G0 X120.999 Y111.999
;TYPE:WALL-INNER
G1 F1500 E320.7616
G1 F2400 X121.284 Y112 E320.77106
G0 F4800 X121.774 Y112.143
G0 X123.325 Y113.729
G1 F2400 X123.627 Y113.847 E320.78184
G1 X124.181 Y113.88 E320.8003
G1 X124.833 Y113.725 E320.82259
G1 X125.259 Y113.41 E320.84021
G1 X125.644 Y112.938 E320.86047
G1 X126.059 Y112.249 E320.88722
G1 X126.635 Y111.996 E320.90836
G1 X125.974 Y111.71 E320.93255
G1 X125.451 Y110.787 E320.96783
G1 X125.167 Y110.508 E320.98108
G1 X124.527 Y110.178 E321.00503
G1 X124.12 Y110.108 E321.01876
G1 X123.567 Y110.154 E321.03722
G1 X122.925 Y110.439 E321.06058
G1 X122.451 Y110.855 E321.08156
G1 X122.078 Y111.627 E321.11007
G1 X121.754 Y111.879 E321.12373
G1 X121.284 Y112 E321.13987
G1 X121.755 Y112.119 E321.15602
G1 X122.012 Y112.317 E321.16682
G1 X122.308 Y112.859 E321.18736
G1 X122.581 Y113.288 E321.20427
G1 X123.006 Y113.605 E321.2219
G1 X123.325 Y113.729 E321.23329
G0 F4800 X125.903 Y112.313
G0 X126.635 Y111.996
G1 F2400 X126.997 Y111.997 E321.24542
G0 F4800 X126.769 Y111.991
G0 X122.28 Y111.011
G0 X122.061 Y110.853
G1 F2400 X121.787 Y111.316 E321.26331
G1 X121.563 Y111.528 E321.27357
G1 X121.281 Y111.6 E321.28325
G1 X120.6 Y111.6 E321.3059
G1 X120.6 Y112.396 E321.33237
G1 X121.491 Y112.401 E321.36201
G1 X121.79 Y112.682 E321.37566
G1 X121.953 Y113.046 E321.38892
G1 X122.283 Y113.564 E321.40935
G1 X122.81 Y113.958 E321.43123
G1 X123.539 Y114.242 E321.45726
G1 X124.215 Y114.283 E321.47978
G1 X125.005 Y114.096 E321.50678
G1 X125.538 Y113.702 E321.52883
G1 X125.984 Y113.153 E321.55235
G1 X126.261 Y112.576 E321.57364
G1 X126.67 Y112.398 E321.58848
G1 X127.396 Y112.396 E321.61263
G1 X127.396 Y111.6 E321.6391
G1 X126.669 Y111.594 E321.66328
G1 X126.273 Y111.425 E321.6776
G1 X125.771 Y110.541 E321.71141
G1 X125.415 Y110.191 E321.72802
G1 X124.815 Y109.821 E321.75146
G1 X124.137 Y109.705 E321.77434
G1 X123.483 Y109.76 E321.79617
G1 X122.831 Y109.988 E321.81914
G1 X122.291 Y110.463 E321.84306
G1 X122.061 Y110.853 E321.85812
G0 F4800 X122.28 Y111.011
G0 X123.289 Y113.817
G0 X123.034 Y114.474
;TYPE:WALL-OUTER
G1 F2400 X123.452 Y114.638 E321.87306
G1 X124.25 Y114.686 E321.89965
G1 X125.177 Y114.466 E321.93134
G1 X125.816 Y113.994 E321.95776
G1 X126.325 Y113.368 E321.98459
G1 X126.569 Y112.856 E322.00346
G1 X126.706 Y112.796 E322.00843
G1 X127.713 Y112.796 E322.04192
G1 X127.796 Y112.713 E322.04583
G1 X127.796 Y111.284 E322.09336
G1 X127.712 Y111.2 E322.09731
G1 X126.603 Y111.196 E322.13419
G1 X126.091 Y110.295 E322.16866
G1 X125.663 Y109.875 E322.18861
G1 X124.959 Y109.44 E322.21613
G1 X124.155 Y109.302 E322.24326
G1 X123.399 Y109.366 E322.2685
G1 X122.624 Y109.638 E322.29582
G1 X121.993 Y110.192 E322.32374
G1 X121.654 Y110.662 E322.34302
G1 X121.346 Y111.2 E322.36364
G1 X120.283 Y111.2 E322.39899
G1 X120.2 Y111.283 E322.4029
G1 X120.2 Y112.712 E322.45043
G1 X120.284 Y112.796 E322.45438
G1 X121.321 Y112.8 E322.48887
G1 X121.985 Y113.841 E322.52994
G1 X122.614 Y114.311 E322.55605
G1 X123.034 Y114.474 E322.57104
G0 F4800 X123.22 Y114.547
G0 X123.476 Y113.889
G0 X122.87 Y113.028
;TYPE:SKIN
G1 F1800 X123.194 Y113.272 E322.58453
G1 X123.619 Y113.437 E322.59969
G1 X122.196 Y112.013 E322.66665
G1 X122.457 Y111.709 E322.67997
G1 X124.226 Y113.478 E322.76318
G1 X124.679 Y113.365 E322.77871
G1 X122.643 Y111.329 E322.87448
G1 X122.871 Y110.992 E322.88801
G1 X125.004 Y113.124 E322.98832
G1 X125.257 Y112.812 E323.00168
G1 X123.182 Y110.737 E323.09928
G1 X123.574 Y110.563 E323.11354
G1 X125.484 Y112.473 E323.20338
G1 X125.777 Y111.999 E323.22192
G1 X125.526 Y111.689 E323.23518
G1 X125.147 Y111.021 E323.26073
G1 X124.937 Y110.814 E323.27054
G1 X124.414 Y110.543 E323.29013
G1 X124.114 Y110.537 E323.30011
G1 X125.7 Y112.124 E323.37473
G0 F4800 X121.167 Y112.115
G0 X120.644 Y112.5
G1 F1200 X120.504 Y112.5 E323.37488
G1 X120.463 Y111.5 E323.37595
G1 X120.639 Y111.5 E323.37613
G1 X120.572 Y111.959 E323.37655
G1 X120.644 Y112.5 E323.37704
G0 F4800 X120.783 Y112.614
G1 F1200 X120.39 Y112.614 E323.37737
G1 X120.387 Y111.386 E323.37839
G1 X120.779 Y111.386 E323.37872
G1 X120.666 Y111.973 E323.37921
G1 X120.783 Y112.614 E323.37975
G0 F4800 X120.904 Y112.714
G1 F1200 X120.286 Y112.714 E323.38027
G1 X120.286 Y111.286 E323.38146
G1 X120.903 Y111.287 E323.38197
G1 X120.77 Y111.966 E323.38254
G1 X120.904 Y112.714 E323.38318
G0 F4800 X121.024 Y112.814
G1 F1200 X120.278 Y112.814 E323.3838
G1 X120.186 Y112.719 E323.38391
G1 X120.186 Y111.277 E323.38511
G1 X120.277 Y111.186 E323.38521
G1 X121.027 Y111.186 E323.38584
G1 X120.874 Y111.97 E323.3865
G1 X121.024 Y112.814 E323.38721
G0 F4800 X121.144 Y112.914
G1 F1200 X120.237 Y112.914 E323.38797
G1 X120.086 Y112.763 E323.38814
G1 X120.086 Y111.237 E323.38941
G1 X120.237 Y111.086 E323.38959
G1 X121.151 Y111.086 E323.39035
G1 X120.978 Y111.974 E323.3911
G1 X121.144 Y112.914 E323.3919
G0 F4800 X121.146 Y112.092
G0 X126.764 Y112.149
G0 X127.361 Y112.165
G1 F1200 X127.377 Y111.496 E323.39261
G1 X127.501 Y111.498 E323.39274
G1 X127.494 Y112.483 E323.39383
G1 X127.352 Y112.485 E323.39399
G1 X127.361 Y112.165 E323.39435
G0 F4800 X127.243 Y112.175
G1 F1200 X127.269 Y111.383 E323.39501
G1 X127.614 Y111.386 E323.3953
G1 X127.614 Y112.602 E323.39631
G1 X127.228 Y112.609 E323.39663
G1 X127.243 Y112.175 E323.39699
G0 F4800 X127.145 Y112.169
G1 F1200 X127.162 Y111.594 E323.39747
G1 X127.095 Y111.283 E323.39773
G1 X127.714 Y111.286 E323.39825
G1 X127.714 Y112.714 E323.39944
G1 X127.127 Y112.714 E323.39993
G1 X127.145 Y112.169 E323.40038
G0 F4800 X127.045 Y112.166
G1 F1200 X127.062 Y111.606 E323.40084
G1 X126.971 Y111.183 E323.4012
G1 X127.716 Y111.186 E323.40182
G1 X127.814 Y111.278 E323.40194
G1 X127.814 Y112.715 E323.40313
G1 X127.718 Y112.814 E323.40324
G1 X126.953 Y112.814 E323.40388
G1 X127.032 Y112.56 E323.4041
G1 X127.045 Y112.166 E323.40443
G0 F4800 X126.947 Y112.159
G1 F1200 X126.962 Y111.621 E323.40488
G1 X126.846 Y111.083 E323.40534
G1 X127.759 Y111.086 E323.40609
G1 X127.914 Y111.237 E323.40627
G1 X127.914 Y112.759 E323.40754
G1 X127.762 Y112.914 E323.40772
G1 X126.816 Y112.914 E323.40851
G1 X126.936 Y112.531 E323.40884
G1 X126.947 Y112.159 E323.40915
G1 F1500 E313.40915
;MESH:NONMESH
G0 F1800 X126.947 Y112.159 Z7.6
G0 F4800 X126.764 Y112.154
G0 X121.087 Y111.989
G0 X119.336 Y111.989
G0 X113.54 Y108.783
G0 X112.969 Y108.567
G0 X112.188 Y108.436
G0 X111.405 Y108.501
G0 X103.106 Y110.341
G0 X102.858 Y111.635
G0 X98.73 Y111.281
;TIME_ELAPSED:488.434816
;LAYER:37
;TYPE:WALL-INNER
;MESH:I2C_LED_BTN-Body002.stl(4)
G1 F1500 E323.40915
G1 F2400 X98.571 Y111.562 E323.41989
G1 X98.488 Y111.996 E323.43459
G1 X98.58 Y112.509 E323.45192
G1 X98.899 Y113.003 E323.47148
G1 X99.167 Y113.253 E323.48367
G1 X99.626 Y113.44 E323.50015
G1 X100.187 Y113.475 E323.51885
G1 X100.635 Y113.344 E323.53437
G1 X101.056 Y113.047 E323.55151
G1 X101.347 Y112.62 E323.5687
G1 X101.457 Y112.272 E323.58083
G1 X101.471 Y111.762 E323.5978
G1 X101.287 Y111.242 E323.61615
G1 X100.917 Y110.825 E323.63469
G1 X100.621 Y110.642 E323.64627
G1 X100.103 Y110.511 E323.66404
G1 X99.652 Y110.548 E323.67909
G1 X99.16 Y110.765 E323.69697
G1 X98.886 Y111.005 E323.70909
G1 X98.73 Y111.281 E323.71963
G0 F4800 X98.39 Y111.085
G1 F2400 X98.186 Y111.444 E323.73337
G1 X98.081 Y111.994 E323.75199
G1 X98.201 Y112.658 E323.77443
G1 X98.589 Y113.261 E323.79828
G1 X98.948 Y113.595 E323.81459
G1 X99.519 Y113.828 E323.8351
G1 X100.255 Y113.872 E323.85962
G1 X100.795 Y113.714 E323.87834
G1 X101.358 Y113.314 E323.90131
G1 X101.711 Y112.797 E323.92213
G1 X101.856 Y112.34 E323.93808
G1 X101.876 Y111.573 E323.9636
G1 X101.484 Y110.82 E323.99183
G1 X101.166 Y110.508 E324.00665
G1 X100.527 Y110.178 E324.03057
G1 X100.12 Y110.108 E324.0443
G1 X99.567 Y110.154 E324.06276
G1 X98.925 Y110.439 E324.08612
G1 X98.589 Y110.734 E324.10099
G1 X98.39 Y111.085 E324.11441
G0 F4800 X101.173 Y113.602
G0 X101.307 Y113.833
G1 F2400 X101.659 Y113.582 E324.12876
G1 X102.074 Y112.974 E324.15324
G1 X102.254 Y112.407 E324.17303
G1 X102.279 Y111.521 E324.20251
G1 X101.918 Y110.685 E324.2328
G1 X101.414 Y110.192 E324.25624
G1 X100.816 Y109.821 E324.27965
G1 X100.137 Y109.705 E324.30256
G1 X99.483 Y109.76 E324.32439
G1 X98.831 Y109.988 E324.34736
G1 X98.291 Y110.463 E324.37128
G1 X98.001 Y110.863 E324.38772
G1 X97.802 Y111.326 E324.40448
G1 X97.675 Y111.992 E324.42703
G1 X97.822 Y112.807 E324.45457
G1 X98.28 Y113.52 E324.48276
G1 X98.729 Y113.938 E324.50316
G1 X99.413 Y114.217 E324.52773
G1 X100.135 Y114.325 E324.55201
G1 X100.955 Y114.084 E324.58044
G1 X101.307 Y113.833 E324.59478
G0 F4800 X102.199 Y113.501
;TYPE:WALL-OUTER
G1 F2400 X102.438 Y113.151 E324.60888
G1 X102.652 Y112.474 E324.63249
G1 X102.675 Y111.651 E324.65988
G1 X102.58 Y111.21 E324.67488
G1 X102.254 Y110.455 E324.70223
G1 X101.663 Y109.875 E324.72978
G1 X100.959 Y109.44 E324.7573
G1 X100.155 Y109.302 E324.78443
G1 X99.399 Y109.366 E324.80967
G1 X98.624 Y109.638 E324.83699
G1 X97.993 Y110.192 E324.86491
G1 X97.651 Y110.664 E324.8843
G1 X97.417 Y111.208 E324.904
G1 X97.268 Y111.99 E324.93047
G1 X97.442 Y112.957 E324.96315
G1 X97.971 Y113.778 E324.99564
G1 X98.51 Y114.28 E325.02014
G1 X99.306 Y114.605 E325.04873
G1 X99.905 Y114.695 E325.06888
G1 X100.393 Y114.665 E325.08514
G1 X101.115 Y114.454 E325.11016
G1 X101.586 Y114.177 E325.12833
G1 X101.961 Y113.85 E325.14488
G1 X102.199 Y113.501 E325.15893
G0 F4800 X102.311 Y113.336
G0 X101.728 Y112.936
G0 X101.031 Y112.233
;TYPE:SKIN
G1 F1800 X100.182 Y113.081 E325.19884
G1 X100.475 Y112.995 E325.209
G1 X100.775 Y112.784 E325.2212
G1 X101 Y112.454 E325.23448
G1 X101.09 Y111.81 E325.25611
G1 X101.036 Y111.662 E325.26135
G1 X99.655 Y113.042 E325.32628
G1 X99.264 Y112.868 E325.34052
G1 X100.82 Y111.312 E325.41371
G1 X100.523 Y111.043 E325.42703
G1 X99.042 Y112.524 E325.4967
G1 X98.894 Y112.107 E325.51141
G1 X100.102 Y110.899 E325.56823
G1 X99.74 Y110.921 E325.5803
G1 X99.187 Y111.248 E325.60166
G1 F1500 E315.60166
;MESH:I2C_LED_BTN-Body002.stl
G0 F4800 X102.447 Y111.673
G0 X103.541 Y111.699
G0 X108.428 Y111.797
G0 X109.505 Y111.992
G0 X110.607 Y111.588
;TYPE:WALL-INNER
G1 F1500 E325.60166
G1 F2400 X110.487 Y111.995 E325.61578
G1 X110.581 Y112.508 E325.63312
G1 X110.899 Y113.003 E325.65269
G1 X111.167 Y113.253 E325.66488
G1 X111.626 Y113.44 E325.68137
G1 X112.187 Y113.475 E325.70006
G1 X112.635 Y113.344 E325.71559
G1 X113.056 Y113.047 E325.73272
G1 X113.347 Y112.62 E325.74991
G1 X113.457 Y112.272 E325.76205
G1 X113.471 Y111.762 E325.77902
G1 X113.287 Y111.242 E325.79736
G1 X112.917 Y110.825 E325.81591
G1 X112.621 Y110.642 E325.82748
G1 X112.103 Y110.511 E325.84525
G1 X111.652 Y110.548 E325.8603
G1 X111.16 Y110.765 E325.87819
G1 X110.706 Y111.253 E325.90036
G1 X110.607 Y111.588 E325.91197
G0 F4800 X110.642 Y110.745
G1 F2400 X110.355 Y111.056 E325.92605
G1 X110.173 Y111.494 E325.94183
G1 X110.081 Y111.994 E325.95873
G1 X110.201 Y112.658 E325.98118
G1 X110.589 Y113.261 E326.00503
G1 X110.948 Y113.595 E326.02133
G1 X111.519 Y113.828 E326.04185
G1 X112.255 Y113.872 E326.06637
G1 X112.795 Y113.714 E326.08508
G1 X113.358 Y113.314 E326.10805
G1 X113.711 Y112.797 E326.12888
G1 X113.856 Y112.34 E326.14482
G1 X113.876 Y111.573 E326.17034
G1 X113.484 Y110.82 E326.19858
G1 X113.166 Y110.508 E326.21339
G1 X112.527 Y110.178 E326.23731
G1 X112.12 Y110.108 E326.25105
G1 X111.567 Y110.154 E326.26951
G1 X110.925 Y110.439 E326.29287
G1 X110.642 Y110.745 E326.30673
G0 F4800 X113.173 Y113.602
G0 X113.307 Y113.833
G1 F2400 X113.659 Y113.582 E326.32107
G1 X114.074 Y112.974 E326.34556
G1 X114.254 Y112.407 E326.36534
G1 X114.279 Y111.521 E326.39482
G1 X113.918 Y110.685 E326.42511
G1 X113.414 Y110.192 E326.44856
G1 X112.816 Y109.821 E326.47197
G1 X112.137 Y109.705 E326.49488
G1 X111.483 Y109.76 E326.51671
G1 X110.831 Y109.988 E326.53968
G1 X110.291 Y110.463 E326.5636
G1 X110.004 Y110.86 E326.57989
G1 X109.787 Y111.38 E326.59863
G1 X109.674 Y111.993 E326.61937
G1 X109.822 Y112.807 E326.64688
G1 X110.28 Y113.52 E326.67507
G1 X110.729 Y113.938 E326.69547
G1 X111.413 Y114.217 E326.72004
G1 X112.135 Y114.325 E326.74432
G1 X112.955 Y114.084 E326.77275
G1 X113.307 Y113.833 E326.78709
G0 F4800 X114.199 Y113.501
;TYPE:WALL-OUTER
G1 F2400 X114.438 Y113.151 E326.80119
G1 X114.652 Y112.474 E326.82481
G1 X114.675 Y111.651 E326.85219
G1 X114.58 Y111.21 E326.86719
G1 X114.254 Y110.455 E326.89455
G1 X113.663 Y109.875 E326.92209
G1 X112.959 Y109.44 E326.94961
G1 X112.155 Y109.302 E326.97674
G1 X111.399 Y109.366 E327.00198
G1 X110.624 Y109.638 E327.0293
G1 X109.993 Y110.192 E327.05722
G1 X109.652 Y110.663 E327.07656
G1 X109.401 Y111.266 E327.09829
G1 X109.268 Y111.993 E327.12287
G1 X109.442 Y112.957 E327.15545
G1 X109.971 Y113.778 E327.18794
G1 X110.51 Y114.28 E327.21243
G1 X111.306 Y114.605 E327.24103
G1 X111.905 Y114.695 E327.26118
G1 X112.393 Y114.665 E327.27744
G1 X113.115 Y114.454 E327.30246
G1 X113.586 Y114.177 E327.32063
G1 X113.961 Y113.85 E327.33718
G1 X114.199 Y113.501 E327.35123
G0 F4800 X114.311 Y113.336
G0 X113.728 Y112.936
G0 X112.133 Y113.095
;TYPE:SKIN
G1 F1800 X112.475 Y112.995 E327.36308
G1 X112.775 Y112.784 E327.37528
G1 X113 Y112.454 E327.38856
G1 X113.05 Y112.093 E327.40068
G1 X112.053 Y113.09 E327.44758
G1 X111.57 Y113.007 E327.46388
G1 X113.004 Y111.573 E327.53133
G1 X112.757 Y111.255 E327.54472
G1 X111.217 Y112.794 E327.61714
G1 X110.996 Y112.45 E327.63074
G1 X112.458 Y110.988 E327.6995
G1 X111.978 Y110.902 E327.71572
G1 X110.877 Y112.003 E327.76751
G1 X111.043 Y111.443 E327.78694
G1 X111.383 Y111.078 E327.80353
G1 X111.74 Y110.921 E327.8165
G1 F1500 E317.8165
;MESH:I2C_LED_BTN-Body002.stl(3)
G0 F4800 X114.362 Y111.279
G0 X115.432 Y111.05
G0 X120.428 Y111.785
G0 X121.504 Y111.989
G0 X122.73 Y111.281
;TYPE:WALL-INNER
G1 F1500 E327.8165
G1 F2400 X122.571 Y111.562 E327.82724
G1 X122.488 Y111.996 E327.84194
G1 X122.58 Y112.509 E327.85927
G1 X122.899 Y113.003 E327.87883
G1 X123.167 Y113.253 E327.89102
G1 X123.626 Y113.44 E327.9075
G1 X124.187 Y113.475 E327.9262
G1 X124.635 Y113.344 E327.94172
G1 X125.056 Y113.047 E327.95886
G1 X125.347 Y112.62 E327.97605
G1 X125.457 Y112.272 E327.98818
G1 X125.471 Y111.762 E328.00515
G1 X125.287 Y111.242 E328.0235
G1 X124.917 Y110.825 E328.04204
G1 X124.621 Y110.642 E328.05362
G1 X124.103 Y110.511 E328.07139
G1 X123.652 Y110.548 E328.08644
G1 X123.16 Y110.765 E328.10432
G1 X122.886 Y111.005 E328.11644
G1 X122.73 Y111.281 E328.12698
G0 F4800 X122.39 Y111.085
G1 F2400 X122.186 Y111.444 E328.14072
G1 X122.081 Y111.994 E328.15934
G1 X122.201 Y112.658 E328.18178
G1 X122.589 Y113.261 E328.20563
G1 X122.948 Y113.595 E328.22194
G1 X123.519 Y113.828 E328.24245
G1 X124.255 Y113.872 E328.26698
G1 X124.795 Y113.714 E328.28569
G1 X125.358 Y113.314 E328.30866
G1 X125.711 Y112.797 E328.32948
G1 X125.856 Y112.34 E328.34543
G1 X125.876 Y111.573 E328.37095
G1 X125.484 Y110.82 E328.39918
G1 X125.166 Y110.508 E328.414
G1 X124.527 Y110.178 E328.43792
G1 X124.12 Y110.108 E328.45165
G1 X123.567 Y110.154 E328.47011
G1 X122.925 Y110.439 E328.49347
G1 X122.589 Y110.734 E328.50835
G1 X122.39 Y111.085 E328.52177
G0 F4800 X125.173 Y113.602
G0 X125.307 Y113.833
G1 F2400 X125.659 Y113.582 E328.53611
G1 X126.074 Y112.974 E328.56059
G1 X126.254 Y112.407 E328.58038
G1 X126.279 Y111.521 E328.60986
G1 X125.918 Y110.685 E328.64015
G1 X125.414 Y110.192 E328.66359
G1 X124.816 Y109.821 E328.687
G1 X124.137 Y109.705 E328.70991
G1 X123.483 Y109.76 E328.73174
G1 X122.831 Y109.988 E328.75471
G1 X122.291 Y110.463 E328.77863
G1 X122.001 Y110.863 E328.79507
G1 X121.802 Y111.326 E328.81183
G1 X121.675 Y111.992 E328.83438
G1 X121.822 Y112.807 E328.86192
G1 X122.28 Y113.52 E328.89011
G1 X122.729 Y113.938 E328.91051
G1 X123.413 Y114.217 E328.93508
G1 X124.135 Y114.325 E328.95936
G1 X124.955 Y114.084 E328.98779
G1 X125.307 Y113.833 E329.00213
G0 F4800 X126.199 Y113.501
;TYPE:WALL-OUTER
G1 F2400 X126.438 Y113.151 E329.01623
G1 X126.652 Y112.474 E329.03984
G1 X126.675 Y111.651 E329.06723
G1 X126.58 Y111.21 E329.08223
G1 X126.254 Y110.455 E329.10959
G1 X125.663 Y109.875 E329.13713
G1 X124.959 Y109.44 E329.16465
G1 X124.155 Y109.302 E329.19178
G1 X123.399 Y109.366 E329.21702
G1 X122.624 Y109.638 E329.24434
G1 X121.993 Y110.192 E329.27226
G1 X121.651 Y110.664 E329.29165
G1 X121.417 Y111.208 E329.31135
G1 X121.268 Y111.99 E329.33782
G1 X121.442 Y112.957 E329.3705
G1 X121.971 Y113.778 E329.40299
G1 X122.51 Y114.28 E329.42749
G1 X123.306 Y114.605 E329.45608
G1 X123.905 Y114.695 E329.47623
G1 X124.393 Y114.665 E329.49249
G1 X125.115 Y114.454 E329.51751
G1 X125.586 Y114.177 E329.53568
G1 X125.961 Y113.85 E329.55223
G1 X126.199 Y113.501 E329.56628
G0 F4800 X126.311 Y113.336
G0 X125.728 Y112.936
G0 X125.07 Y111.953
;TYPE:SKIN
G1 F1800 X123.94 Y113.083 E329.61943
G1 X124.476 Y112.995 E329.6375
G1 X124.775 Y112.784 E329.64967
G1 X125 Y112.454 E329.66295
G1 X125.09 Y111.811 E329.68455
G1 X124.972 Y111.485 E329.69608
G1 X123.484 Y112.972 E329.76605
G1 X123.276 Y112.886 E329.77353
G1 X123.17 Y112.721 E329.78006
G1 X124.693 Y111.197 E329.85172
G1 X124.36 Y110.965 E329.86522
G1 X122.948 Y112.377 E329.93163
G1 X122.874 Y111.997 E329.94451
G1 X122.935 Y111.684 E329.95512
G1 X123.176 Y111.255 E329.97148
G1 X123.739 Y110.921 E329.99325
G1 X123.848 Y110.912 E329.99689
G1 X122.902 Y111.858 E330.04139
G1 F1500 E320.04139
;MESH:NONMESH
G0 F1800 X122.902 Y111.858 Z7.8
G0 F4800 X121.504 Y111.989
G0 X120.428 Y111.785
G0 X112.969 Y108.567
G0 X112.188 Y108.436
G0 X111.318 Y108.508
G0 X103.432 Y111.05
G0 X102.362 Y111.279
G0 X98.638 Y110.752
;TIME_ELAPSED:497.512227
;LAYER:38
;TYPE:WALL-INNER
;MESH:I2C_LED_BTN-Body002.stl(4)
G1 F1500 E330.04139
G1 F2400 X98.352 Y111.065 E330.05549
G1 X98.124 Y111.591 E330.07456
G1 X98.111 Y112.127 E330.09239
G1 X98.211 Y112.619 E330.10909
G1 X98.43 Y113.057 E330.12538
G1 X99.025 Y113.622 E330.15267
G1 X99.515 Y113.829 E330.17036
G1 X99.94 Y113.891 E330.18464
G1 X100.703 Y113.757 E330.21041
G1 X101.291 Y113.382 E330.23361
G1 X101.638 Y112.942 E330.25224
G1 X101.878 Y112.228 E330.2773
G1 X101.891 Y111.715 E330.29437
G1 X101.748 Y111.276 E330.30972
G1 X101.457 Y110.793 E330.32848
G1 X101.167 Y110.508 E330.342
G1 X100.527 Y110.178 E330.36595
G1 X100.12 Y110.108 E330.37969
G1 X99.567 Y110.154 E330.39814
G1 X98.925 Y110.439 E330.4215
G1 X98.638 Y110.752 E330.43563
G0 F4800 X101.542 Y113.215
G0 X101.781 Y113.407
G1 F2400 X102.095 Y113.009 E330.45249
G1 X102.277 Y112.282 E330.47742
G1 X102.293 Y111.656 E330.49824
G1 X102.114 Y111.108 E330.51742
G1 X101.773 Y110.543 E330.53937
G1 X101.415 Y110.191 E330.55607
G1 X100.815 Y109.821 E330.57951
G1 X100.137 Y109.705 E330.60239
G1 X99.483 Y109.76 E330.62422
G1 X98.831 Y109.988 E330.64719
G1 X98.292 Y110.462 E330.67107
G1 X98.002 Y110.866 E330.68761
G1 X97.726 Y111.504 E330.71073
G1 X97.71 Y112.163 E330.73265
G1 X97.829 Y112.75 E330.75257
G1 X98.093 Y113.279 E330.77224
G1 X98.42 Y113.666 E330.78909
G1 X98.823 Y113.972 E330.80592
G1 X99.407 Y114.217 E330.82698
G1 X100.121 Y114.322 E330.85098
G1 X101.017 Y114.088 E330.88178
G1 X101.573 Y113.67 E330.90492
G1 X101.781 Y113.407 E330.91607
G0 F4800 X102.095 Y113.655
;TYPE:WALL-OUTER
G1 F2400 X102.321 Y113.369 E330.9282
G1 X102.522 Y112.951 E330.94362
G1 X102.676 Y112.336 E330.96471
G1 X102.695 Y111.598 E330.98926
G1 X102.48 Y110.94 E331.01229
G1 X102.089 Y110.293 E331.03743
G1 X101.663 Y109.875 E331.05728
G1 X100.959 Y109.44 E331.08481
G1 X100.155 Y109.302 E331.11194
G1 X99.399 Y109.366 E331.13717
G1 X98.623 Y109.638 E331.16452
G1 X97.994 Y110.192 E331.1924
G1 X97.652 Y110.668 E331.2119
G1 X97.328 Y111.416 E331.23901
G1 X97.309 Y112.198 E331.26502
G1 X97.447 Y112.882 E331.28823
G1 X97.757 Y113.501 E331.31126
G1 X98.143 Y113.958 E331.33115
G1 X98.621 Y114.321 E331.35112
G1 X99.299 Y114.605 E331.37557
G1 X99.905 Y114.695 E331.39594
G1 X100.392 Y114.665 E331.41217
G1 X101.195 Y114.455 E331.43978
G1 X101.855 Y113.959 E331.46724
G1 X102.095 Y113.655 E331.48012
G0 F4800 X102.218 Y113.499
G0 X101.667 Y113.058
G0 X101.158 Y111.032
;TYPE:SKIN
G1 F1800 X100.937 Y110.814 E331.49044
G1 X100.414 Y110.544 E331.51002
G1 X100.361 Y110.543 E331.51178
G1 X101.514 Y111.697 E331.56604
G1 X101.48 Y112.228 E331.58374
G1 X99.783 Y110.531 E331.66356
G1 X99.349 Y110.663 E331.67865
G1 X101.339 Y112.653 E331.77225
G1 X101.091 Y112.97 E331.78564
G1 X99.016 Y110.896 E331.88322
G1 X98.746 Y111.191 E331.89652
G1 X100.811 Y113.256 E331.99365
G1 X100.411 Y113.422 E332.00805
G1 X98.551 Y111.562 E332.09554
G1 X98.54 Y112.117 E332.114
G1 X99.896 Y113.472 E332.17776
G1 X99.607 Y113.456 E332.18739
G1 X99.227 Y113.295 E332.20112
G1 X98.745 Y112.837 E332.22323
G1 X98.574 Y112.495 E332.23595
G1 F1500 E322.23595
;MESH:I2C_LED_BTN-Body002.stl
G0 F4800 X102.449 Y112.312
G0 X103.543 Y112.337
G0 X108.523 Y112.803
G0 X109.61 Y112.691
G0 X110.727 Y113.339
;TYPE:WALL-INNER
G1 F1500 E332.23595
G1 F2400 X111.025 Y113.622 E332.24962
G1 X111.515 Y113.829 E332.26731
G1 X111.94 Y113.891 E332.28159
G1 X112.703 Y113.757 E332.30736
G1 X113.291 Y113.382 E332.33056
G1 X113.638 Y112.942 E332.34919
G1 X113.878 Y112.228 E332.37425
G1 X113.891 Y111.715 E332.39132
G1 X113.748 Y111.276 E332.40667
G1 X113.457 Y110.793 E332.42543
G1 X113.167 Y110.508 E332.43895
G1 X112.527 Y110.178 E332.4629
G1 X112.12 Y110.108 E332.47664
G1 X111.567 Y110.154 E332.49509
G1 X110.925 Y110.438 E332.51844
G1 X110.514 Y110.801 E332.53668
G1 X110.253 Y111.257 E332.55415
G1 X110.107 Y111.944 E332.57751
G1 X110.165 Y112.532 E332.59717
G1 X110.429 Y113.056 E332.61668
G1 X110.727 Y113.339 E332.63035
G0 F4800 X110.063 Y111.561
G0 X109.793 Y111.526
G1 F2400 X109.704 Y111.938 E332.64437
G1 X109.775 Y112.646 E332.66804
G1 X110.093 Y113.278 E332.69157
G1 X110.42 Y113.666 E332.70844
G1 X110.823 Y113.972 E332.72527
G1 X111.407 Y114.217 E332.74634
G1 X112.121 Y114.322 E332.77034
G1 X113.017 Y114.088 E332.80114
G1 X113.573 Y113.67 E332.82428
G1 X114.095 Y113.009 E332.85229
G1 X114.277 Y112.282 E332.87722
G1 X114.293 Y111.656 E332.89805
G1 X114.114 Y111.108 E332.91722
G1 X113.773 Y110.543 E332.93917
G1 X113.415 Y110.191 E332.95587
G1 X112.815 Y109.821 E332.97931
G1 X112.137 Y109.705 E333.00219
G1 X111.483 Y109.76 E333.02402
G1 X110.832 Y109.988 E333.04696
G1 X110.2 Y110.545 E333.07498
G1 X109.885 Y111.095 E333.09606
G1 X109.793 Y111.526 E333.11072
G0 F4800 X110.063 Y111.561
G0 X113.543 Y113.214
G0 X114.095 Y113.655
;TYPE:WALL-OUTER
G1 F2400 X114.321 Y113.369 E333.12284
G1 X114.522 Y112.951 E333.13827
G1 X114.676 Y112.336 E333.15936
G1 X114.695 Y111.598 E333.18391
G1 X114.48 Y110.94 E333.20693
G1 X114.089 Y110.293 E333.23208
G1 X113.663 Y109.875 E333.25193
G1 X112.959 Y109.44 E333.27945
G1 X112.155 Y109.302 E333.30659
G1 X111.399 Y109.366 E333.33182
G1 X110.622 Y109.638 E333.3592
G1 X109.886 Y110.289 E333.39188
G1 X109.406 Y111.126 E333.42397
G1 X109.302 Y111.932 E333.451
G1 X109.384 Y112.759 E333.47864
G1 X109.757 Y113.5 E333.50624
G1 X110.143 Y113.958 E333.52616
G1 X110.621 Y114.321 E333.54612
G1 X111.299 Y114.605 E333.57057
G1 X111.905 Y114.695 E333.59095
G1 X112.392 Y114.665 E333.60718
G1 X113.195 Y114.455 E333.63478
G1 X113.855 Y113.959 E333.66224
G1 X114.095 Y113.655 E333.67512
G0 F4800 X114.218 Y113.499
G0 X113.667 Y113.058
G0 X112.238 Y110.541
;TYPE:SKIN
G1 F1800 X113.508 Y111.811 E333.73486
G1 X113.509 Y111.77 E333.73622
G1 X113.158 Y111.032 E333.76341
G1 X112.937 Y110.814 E333.77373
G1 X112.414 Y110.544 E333.79331
G1 X111.659 Y110.527 E333.81842
G1 X113.45 Y112.319 E333.90269
G1 X113.31 Y112.744 E333.91757
G1 X111.265 Y110.7 E334.01374
G1 X110.936 Y110.936 E334.02721
G1 X113.031 Y113.031 E334.12575
G1 X112.744 Y113.31 E334.13906
G1 X110.69 Y111.256 E334.23568
G1 X110.548 Y111.68 E334.25055
G1 X112.321 Y113.452 E334.33392
G1 X112.211 Y113.491 E334.3378
G1 X111.608 Y113.456 E334.35789
G1 X111.227 Y113.296 E334.37164
G1 X110.744 Y112.835 E334.39384
G1 X110.536 Y112.424 E334.40917
G1 X110.515 Y112.212 E334.41625
G1 X111.768 Y113.465 E334.47519
G1 F1500 E324.47519
;MESH:I2C_LED_BTN-Body002.stl(3)
G0 F4800 X114.466 Y111.631
G0 X115.56 Y111.656
G0 X120.462 Y111.442
G0 X121.557 Y111.47
G0 X122.638 Y110.752
;TYPE:WALL-INNER
G1 F1500 E334.47519
G1 F2400 X122.352 Y111.065 E334.48929
G1 X122.124 Y111.591 E334.50836
G1 X122.111 Y112.127 E334.52619
G1 X122.211 Y112.619 E334.54289
G1 X122.43 Y113.057 E334.55918
G1 X123.025 Y113.622 E334.58647
G1 X123.515 Y113.829 E334.60416
G1 X123.94 Y113.891 E334.61844
G1 X124.703 Y113.757 E334.64421
G1 X125.291 Y113.382 E334.66741
G1 X125.638 Y112.942 E334.68604
G1 X125.878 Y112.228 E334.7111
G1 X125.891 Y111.715 E334.72816
G1 X125.748 Y111.276 E334.74352
G1 X125.457 Y110.793 E334.76228
G1 X125.167 Y110.508 E334.7758
G1 X124.527 Y110.178 E334.79975
G1 X124.12 Y110.108 E334.81348
G1 X123.567 Y110.154 E334.83194
G1 X122.925 Y110.439 E334.8553
G1 X122.638 Y110.752 E334.86943
G0 F4800 X125.542 Y113.215
G0 X125.781 Y113.407
G1 F2400 X126.095 Y113.009 E334.88629
G1 X126.277 Y112.282 E334.91122
G1 X126.293 Y111.656 E334.93204
G1 X126.114 Y111.108 E334.95122
G1 X125.773 Y110.543 E334.97317
G1 X125.415 Y110.191 E334.98987
G1 X124.815 Y109.821 E335.01331
G1 X124.137 Y109.705 E335.03619
G1 X123.483 Y109.76 E335.05802
G1 X122.831 Y109.988 E335.08099
G1 X122.292 Y110.462 E335.10486
G1 X122.002 Y110.866 E335.12141
G1 X121.726 Y111.504 E335.14453
G1 X121.71 Y112.163 E335.16645
G1 X121.829 Y112.75 E335.18637
G1 X122.093 Y113.279 E335.20604
G1 X122.42 Y113.666 E335.22289
G1 X122.823 Y113.972 E335.23972
G1 X123.407 Y114.217 E335.26078
G1 X124.121 Y114.322 E335.28478
G1 X125.017 Y114.088 E335.31558
G1 X125.573 Y113.67 E335.33872
G1 X125.781 Y113.407 E335.34987
G0 F4800 X126.095 Y113.655
;TYPE:WALL-OUTER
G1 F2400 X126.321 Y113.369 E335.362
G1 X126.522 Y112.951 E335.37742
G1 X126.676 Y112.336 E335.39851
G1 X126.695 Y111.598 E335.42306
G1 X126.48 Y110.94 E335.44609
G1 X126.089 Y110.293 E335.47123
G1 X125.663 Y109.875 E335.49108
G1 X124.959 Y109.44 E335.51861
G1 X124.155 Y109.302 E335.54574
G1 X123.399 Y109.366 E335.57097
G1 X122.623 Y109.638 E335.59832
G1 X121.994 Y110.192 E335.6262
G1 X121.652 Y110.668 E335.64569
G1 X121.328 Y111.416 E335.67281
G1 X121.309 Y112.198 E335.69882
G1 X121.447 Y112.882 E335.72203
G1 X121.757 Y113.501 E335.74506
G1 X122.143 Y113.958 E335.76495
G1 X122.621 Y114.321 E335.78492
G1 X123.299 Y114.605 E335.80937
G1 X123.905 Y114.695 E335.82974
G1 X124.392 Y114.665 E335.84597
G1 X125.195 Y114.455 E335.87358
G1 X125.855 Y113.959 E335.90104
G1 X126.095 Y113.655 E335.91392
G0 F4800 X126.218 Y113.499
G0 X125.667 Y113.058
G0 X125.506 Y111.929
;TYPE:SKIN
G1 F1800 X124.114 Y110.537 E335.97939
G1 X124.414 Y110.543 E335.98937
G1 X124.937 Y110.814 E336.00897
G1 X125.159 Y111.032 E336.01931
G1 X125.509 Y111.77 E336.04648
G1 X125.42 Y112.409 E336.06794
G1 X123.574 Y110.563 E336.15477
G1 X123.182 Y110.737 E336.16903
G1 X125.251 Y112.806 E336.26635
G1 X124.971 Y113.092 E336.27967
G1 X122.901 Y111.021 E336.37706
G1 X122.648 Y111.335 E336.39047
G1 X124.654 Y113.34 E336.4848
G1 X124.232 Y113.484 E336.49963
G1 X122.509 Y111.761 E336.58068
G1 X122.564 Y112.381 E336.60138
G1 X123.64 Y113.457 E336.65199
G1 X123.227 Y113.296 E336.66673
G1 X122.745 Y112.837 E336.68887
G1 X122.574 Y112.495 E336.70159
G1 F1500 E326.70159
;MESH:NONMESH
G0 F1800 X122.574 Y112.495 Z8
G0 F4800 X121.557 Y111.47
G0 X120.462 Y111.442
G0 X112.969 Y108.567
G0 X112.188 Y108.436
G0 X111.221 Y108.516
G0 X103.56 Y111.656
G0 X102.466 Y111.631
G0 X99.325 Y110.724
;TIME_ELAPSED:506.899770
;LAYER:39
;TYPE:WALL-INNER
;MESH:I2C_LED_BTN-Body002.stl(4)
G1 F1500 E336.70159
G1 F2400 X98.994 Y110.9 E336.71406
G1 X98.733 Y111.185 E336.72691
G1 X98.579 Y111.546 E336.73996
G1 X98.494 Y112.073 E336.75772
G1 X98.588 Y112.484 E336.77174
G1 X98.851 Y112.951 E336.78957
G1 X99.182 Y113.242 E336.80423
G1 X99.971 Y113.538 E336.83225
G1 X100.691 Y113.334 E336.85714
G1 X100.983 Y113.117 E336.86924
G1 X101.299 Y112.727 E336.88594
G1 X101.48 Y112.164 E336.90561
G1 X101.389 Y111.465 E336.92905
G1 X101.04 Y110.931 E336.95027
G1 X100.731 Y110.683 E336.96345
G1 X100.322 Y110.542 E336.97784
G1 X99.664 Y110.545 E336.99972
G1 X99.325 Y110.724 E337.01248
G0 F4800 X101.549 Y110.992
G1 F2400 X101.323 Y110.646 E337.02622
G1 X100.928 Y110.328 E337.04309
G1 X100.411 Y110.149 E337.06128
G1 X99.577 Y110.152 E337.08902
G1 X99.2 Y110.283 E337.1023
G1 X98.732 Y110.594 E337.12099
G1 X98.393 Y110.966 E337.13773
G1 X98.192 Y111.433 E337.15464
G1 X98.087 Y112.086 E337.17663
G1 X98.208 Y112.614 E337.19465
G1 X98.553 Y113.222 E337.2179
G1 X98.955 Y113.575 E337.2357
G1 X99.35 Y113.779 E337.25048
G1 X99.823 Y113.9 E337.26672
G1 X100.258 Y113.873 E337.28122
G1 X100.871 Y113.699 E337.30241
G1 X101.262 Y113.408 E337.31862
G1 X101.639 Y112.942 E337.33856
G1 X101.879 Y112.218 E337.36393
G1 X101.888 Y111.875 E337.37534
G1 X101.769 Y111.331 E337.39386
G1 X101.549 Y110.992 E337.4073
G0 F4800 X98.288 Y113.005
G0 X98.041 Y113.119
G1 F2400 X98.255 Y113.493 E337.42163
G1 X98.729 Y113.908 E337.44259
G1 X99.207 Y114.155 E337.46048
G1 X99.785 Y114.303 E337.48033
G1 X100.326 Y114.269 E337.49836
G1 X101.05 Y114.064 E337.52338
G1 X101.541 Y113.699 E337.54373
G1 X102.097 Y113.013 E337.5731
G1 X102.277 Y112.271 E337.5985
G1 X102.29 Y111.837 E337.61294
G1 X102.149 Y111.197 E337.63473
G1 X101.932 Y110.76 E337.65096
G1 X101.606 Y110.36 E337.66813
G1 X101.125 Y109.973 E337.68866
G1 X100.501 Y109.757 E337.71062
G1 X100.042 Y109.704 E337.72599
G1 X99.491 Y109.758 E337.7444
G1 X99.021 Y109.922 E337.76096
G1 X98.47 Y110.288 E337.78296
G1 X98.052 Y110.746 E337.80358
G1 X97.805 Y111.321 E337.8244
G1 X97.679 Y112.099 E337.85061
G1 X97.827 Y112.744 E337.87262
G1 X98.041 Y113.119 E337.88698
G0 F4800 X98.288 Y113.005
G0 X101.522 Y113.233
G0 X102.071 Y113.68
;TYPE:WALL-OUTER
G1 F2400 X102.321 Y113.372 E337.90018
G1 X102.526 Y112.94 E337.91608
G1 X102.676 Y112.325 E337.93714
G1 X102.691 Y111.799 E337.95464
G1 X102.529 Y111.063 E337.9797
G1 X102.27 Y110.542 E337.99906
G1 X101.89 Y110.075 E338.01908
G1 X101.321 Y109.618 E338.04335
G1 X100.591 Y109.365 E338.06905
G1 X100.046 Y109.302 E338.0873
G1 X99.404 Y109.365 E338.10875
G1 X98.842 Y109.561 E338.12855
G1 X98.208 Y109.982 E338.15386
G1 X97.711 Y110.526 E338.17837
G1 X97.418 Y111.209 E338.20309
G1 X97.272 Y112.113 E338.23355
G1 X97.447 Y112.874 E338.25952
G1 X97.792 Y113.619 E338.28682
G1 X98.502 Y114.241 E338.31822
G1 X99.064 Y114.531 E338.33925
G1 X99.747 Y114.706 E338.3627
G1 X100.394 Y114.665 E338.38427
G1 X101.23 Y114.429 E338.41316
G1 X101.82 Y113.99 E338.43762
G1 X102.071 Y113.68 E338.45088
G0 F4800 X102.196 Y113.525
G0 X101.648 Y113.078
G0 X101.075 Y112.188
;TYPE:SKIN
G1 F1800 X100.218 Y113.045 E338.4912
G1 X100.512 Y112.986 E338.50117
G1 X100.97 Y112.525 E338.52278
G1 X101.097 Y112.12 E338.5369
G1 X101.034 Y111.663 E338.55224
G1 X99.672 Y113.025 E338.61631
G1 X99.296 Y112.836 E338.6303
G1 X100.831 Y111.301 E338.70251
G1 X100.508 Y111.058 E338.71595
G1 X99.062 Y112.504 E338.78396
G1 X98.898 Y112.103 E338.79837
G1 X100.082 Y110.919 E338.85407
G1 X99.752 Y110.922 E338.86504
G1 X99.239 Y111.196 E338.88439
G1 F1500 E328.88439
;MESH:I2C_LED_BTN-Body002.stl
G0 F4800 X102.462 Y111.822
G0 X103.557 Y111.846
G0 X108.438 Y111.659
G0 X109.532 Y111.629
G0 X111.326 Y110.724
;TYPE:WALL-INNER
G1 F1500 E338.88439
G1 F2400 X110.993 Y110.9 E338.89691
G1 X110.62 Y111.421 E338.91823
G1 X110.506 Y111.77 E338.93044
G1 X110.588 Y112.482 E338.95427
G1 X110.851 Y112.951 E338.97216
G1 X111.182 Y113.242 E338.98682
G1 X111.971 Y113.538 E339.01485
G1 X112.691 Y113.334 E339.03974
G1 X112.983 Y113.117 E339.05184
G1 X113.299 Y112.727 E339.06853
G1 X113.48 Y112.164 E339.0882
G1 X113.389 Y111.465 E339.11164
G1 X113.04 Y110.931 E339.13286
G1 X112.731 Y110.683 E339.14604
G1 X112.322 Y110.542 E339.16043
G1 X111.664 Y110.545 E339.18232
G1 X111.326 Y110.724 E339.19504
G0 F4800 X113.549 Y110.992
G1 F2400 X113.323 Y110.646 E339.20878
G1 X112.928 Y110.328 E339.22565
G1 X112.411 Y110.149 E339.24384
G1 X111.577 Y110.152 E339.27158
G1 X111.2 Y110.283 E339.28486
G1 X110.731 Y110.594 E339.30358
G1 X110.462 Y110.888 E339.31683
G1 X110.105 Y111.711 E339.34667
G1 X110.122 Y112.463 E339.37168
G1 X110.553 Y113.222 E339.40072
G1 X110.955 Y113.575 E339.41851
G1 X111.35 Y113.779 E339.4333
G1 X111.823 Y113.9 E339.44953
G1 X112.258 Y113.873 E339.46403
G1 X112.871 Y113.699 E339.48522
G1 X113.262 Y113.408 E339.50144
G1 X113.639 Y112.942 E339.52137
G1 X113.879 Y112.218 E339.54674
G1 X113.888 Y111.875 E339.55815
G1 X113.769 Y111.331 E339.57667
G1 X113.549 Y110.992 E339.59012
G0 F4800 X110.287 Y113.003
G0 X110.04 Y113.117
G1 F2400 X110.255 Y113.493 E339.60452
G1 X110.729 Y113.908 E339.62548
G1 X111.207 Y114.155 E339.64337
G1 X111.785 Y114.303 E339.66322
G1 X112.326 Y114.269 E339.68124
G1 X113.05 Y114.064 E339.70627
G1 X113.541 Y113.699 E339.72662
G1 X114.097 Y113.013 E339.75599
G1 X114.277 Y112.271 E339.78138
G1 X114.29 Y111.837 E339.79583
G1 X114.149 Y111.197 E339.81762
G1 X113.932 Y110.76 E339.83385
G1 X113.606 Y110.36 E339.85101
G1 X113.125 Y109.973 E339.87155
G1 X112.501 Y109.757 E339.89351
G1 X112.042 Y109.704 E339.90888
G1 X111.491 Y109.758 E339.92729
G1 X111.021 Y109.922 E339.94385
G1 X110.469 Y110.288 E339.96588
G1 X110.137 Y110.652 E339.98226
G1 X109.884 Y111.096 E339.99926
G1 X109.703 Y111.652 E340.01871
G1 X109.719 Y112.279 E340.03957
G1 X109.827 Y112.743 E340.05541
G1 X110.04 Y113.117 E340.06973
G0 F4800 X110.287 Y113.003
G0 X113.522 Y113.233
G0 X114.071 Y113.68
;TYPE:WALL-OUTER
G1 F2400 X114.321 Y113.372 E340.08292
G1 X114.526 Y112.94 E340.09883
G1 X114.676 Y112.325 E340.11988
G1 X114.691 Y111.799 E340.13738
G1 X114.529 Y111.063 E340.16245
G1 X114.27 Y110.542 E340.1818
G1 X113.89 Y110.075 E340.20183
G1 X113.321 Y109.618 E340.2261
G1 X112.591 Y109.365 E340.2518
G1 X112.046 Y109.302 E340.27004
G1 X111.404 Y109.365 E340.2915
G1 X110.842 Y109.561 E340.3113
G1 X110.207 Y109.982 E340.33664
G1 X109.811 Y110.415 E340.35615
G1 X109.516 Y110.934 E340.37601
G1 X109.301 Y111.594 E340.39909
G1 X109.32 Y112.33 E340.42358
G1 X109.447 Y112.874 E340.44216
G1 X109.792 Y113.619 E340.46947
G1 X110.502 Y114.241 E340.50086
G1 X111.064 Y114.531 E340.5219
G1 X111.747 Y114.706 E340.54535
G1 X112.394 Y114.665 E340.56691
G1 X113.23 Y114.429 E340.5958
G1 X113.82 Y113.99 E340.62026
G1 X114.071 Y113.68 E340.63353
G0 F4800 X114.196 Y113.525
G0 X113.648 Y113.078
G0 X112.512 Y112.986
;TYPE:SKIN
G1 F1800 X112.97 Y112.525 E340.65514
G1 X113.088 Y112.055 E340.67126
G1 X112.068 Y113.075 E340.71924
G1 X111.895 Y113.109 E340.7251
G1 X111.585 Y112.992 E340.73612
G1 X113.007 Y111.57 E340.80301
G1 X112.784 Y111.228 E340.81659
G1 X111.231 Y112.78 E340.88961
G1 X111.001 Y112.445 E340.90313
G1 X112.43 Y111.016 E340.97034
G1 X112.248 Y110.918 E340.97722
G1 X111.96 Y110.92 E340.9868
G1 X110.909 Y111.971 E341.03623
G1 X110.892 Y111.825 E341.04112
G1 X111.144 Y111.245 E341.06216
G1 X111.752 Y110.922 E341.08506
G1 F1500 E331.08506
;MESH:I2C_LED_BTN-Body002.stl(3)
G0 F4800 X114.462 Y111.822
G0 X115.557 Y111.846
G0 X120.561 Y111.099
G0 X121.642 Y111.274
G0 X123.325 Y110.724
;TYPE:WALL-INNER
G1 F1500 E341.08506
G1 F2400 X122.994 Y110.9 E341.09752
G1 X122.733 Y111.185 E341.11038
G1 X122.579 Y111.546 E341.12343
G1 X122.494 Y112.073 E341.14119
G1 X122.588 Y112.484 E341.15521
G1 X122.851 Y112.951 E341.17303
G1 X123.182 Y113.242 E341.18769
G1 X123.971 Y113.538 E341.21572
G1 X124.691 Y113.334 E341.24061
G1 X124.983 Y113.117 E341.25271
G1 X125.299 Y112.727 E341.26941
G1 X125.48 Y112.164 E341.28908
G1 X125.389 Y111.465 E341.31252
G1 X125.04 Y110.931 E341.33374
G1 X124.731 Y110.683 E341.34692
G1 X124.322 Y110.542 E341.36131
G1 X123.664 Y110.545 E341.38319
G1 X123.325 Y110.724 E341.39594
G0 F4800 X125.549 Y110.992
G1 F2400 X125.323 Y110.646 E341.40969
G1 X124.928 Y110.328 E341.42655
G1 X124.411 Y110.149 E341.44475
G1 X123.577 Y110.152 E341.47249
G1 X123.2 Y110.283 E341.48576
G1 X122.732 Y110.594 E341.50445
G1 X122.393 Y110.966 E341.52119
G1 X122.192 Y111.433 E341.5381
G1 X122.087 Y112.086 E341.5601
G1 X122.208 Y112.614 E341.57812
G1 X122.553 Y113.222 E341.60137
G1 X122.955 Y113.575 E341.61916
G1 X123.35 Y113.779 E341.63395
G1 X123.823 Y113.9 E341.65019
G1 X124.258 Y113.873 E341.66468
G1 X124.871 Y113.699 E341.68588
G1 X125.262 Y113.408 E341.70209
G1 X125.639 Y112.942 E341.72202
G1 X125.879 Y112.218 E341.74739
G1 X125.888 Y111.875 E341.75881
G1 X125.769 Y111.331 E341.77733
G1 X125.549 Y110.992 E341.79077
G0 F4800 X122.288 Y113.005
G0 X122.041 Y113.119
G1 F2400 X122.255 Y113.493 E341.8051
G1 X122.729 Y113.908 E341.82605
G1 X123.207 Y114.155 E341.84395
G1 X123.785 Y114.303 E341.86379
G1 X124.326 Y114.269 E341.88182
G1 X125.05 Y114.064 E341.90685
G1 X125.541 Y113.699 E341.9272
G1 X126.097 Y113.013 E341.95657
G1 X126.277 Y112.271 E341.98196
G1 X126.29 Y111.837 E341.9964
G1 X126.149 Y111.197 E342.0182
G1 X125.932 Y110.76 E342.03443
G1 X125.606 Y110.36 E342.05159
G1 X125.125 Y109.973 E342.07213
G1 X124.501 Y109.757 E342.09409
G1 X124.042 Y109.704 E342.10946
G1 X123.491 Y109.758 E342.12787
G1 X123.021 Y109.922 E342.14443
G1 X122.47 Y110.288 E342.16643
G1 X122.052 Y110.746 E342.18705
G1 X121.805 Y111.321 E342.20787
G1 X121.679 Y112.099 E342.23408
G1 X121.827 Y112.744 E342.25609
G1 X122.041 Y113.119 E342.27045
G0 F4800 X122.288 Y113.005
G0 X125.522 Y113.233
G0 X126.071 Y113.68
;TYPE:WALL-OUTER
G1 F2400 X126.321 Y113.372 E342.28364
G1 X126.526 Y112.94 E342.29955
G1 X126.676 Y112.325 E342.3206
G1 X126.691 Y111.799 E342.33811
G1 X126.529 Y111.063 E342.36317
G1 X126.27 Y110.542 E342.38252
G1 X125.89 Y110.075 E342.40255
G1 X125.321 Y109.618 E342.42682
G1 X124.591 Y109.365 E342.45252
G1 X124.046 Y109.302 E342.47076
G1 X123.404 Y109.365 E342.49222
G1 X122.842 Y109.561 E342.51202
G1 X122.208 Y109.982 E342.53733
G1 X121.711 Y110.526 E342.56184
G1 X121.418 Y111.209 E342.58656
G1 X121.272 Y112.113 E342.61701
G1 X121.447 Y112.874 E342.64298
G1 X121.792 Y113.619 E342.67029
G1 X122.502 Y114.241 E342.70169
G1 X123.064 Y114.531 E342.72272
G1 X123.747 Y114.706 E342.74617
G1 X124.394 Y114.665 E342.76773
G1 X125.23 Y114.429 E342.79663
G1 X125.82 Y113.99 E342.82108
G1 X126.071 Y113.68 E342.83435
G0 F4800 X126.196 Y113.525
G0 X125.648 Y113.078
G0 X124.512 Y112.986
;TYPE:SKIN
G1 F1800 X124.97 Y112.525 E342.85596
G1 X125.097 Y112.12 E342.87008
G1 X125.026 Y111.597 E342.88764
G1 X124.96 Y111.497 E342.89162
G1 X123.498 Y112.959 E342.96039
G1 X123.167 Y112.723 E342.97391
G1 X124.719 Y111.172 E343.04689
G1 X124.352 Y110.973 E343.06077
G1 X122.992 Y112.333 E343.12474
G1 X122.882 Y112.068 E343.13429
G1 X123.066 Y111.385 E343.15781
G1 X123.24 Y111.196 E343.16636
G1 X123.752 Y110.922 E343.18567
G1 X123.838 Y110.921 E343.18853
G1 X122.953 Y111.806 E343.23016
G0 F4800 X123.918 Y113.105
G1 F1800 X125.074 Y111.948 E343.28456
G1 F1500 E333.28456
;MESH:NONMESH
G0 F1800 X125.074 Y111.948 Z8.2
G0 F4800 X121.505 Y112.111
G0 X120.425 Y111.936
G0 X113.742 Y108.85
G0 X112.788 Y108.52
G0 X112.054 Y108.432
G0 X111.216 Y108.518
G0 X103.557 Y111.846
G0 X102.462 Y111.822
G0 X99.618 Y110.194
;TIME_ELAPSED:516.246842
;LAYER:40
;TYPE:WALL-INNER
;MESH:I2C_LED_BTN-Body002.stl(4)
G1 F1500 E343.28456
G1 F2400 X99.2 Y110.283 E343.29874
G1 X98.732 Y110.594 E343.31743
G1 X98.393 Y110.966 E343.33417
G1 X98.187 Y111.446 E343.35154
G1 X98.083 Y111.991 E343.36999
G1 X98.205 Y112.605 E343.39081
G1 X98.373 Y112.997 E343.405
G1 X98.817 Y113.506 E343.42746
G1 X99.304 Y113.758 E343.4457
G1 X99.942 Y113.907 E343.46749
G1 X100.47 Y113.829 E343.48525
G1 X100.969 Y113.62 E343.50324
G1 X101.515 Y113.193 E343.52629
G1 X101.83 Y112.533 E343.55062
G1 X101.887 Y112.061 E343.56643
G1 X101.801 Y111.435 E343.58745
G1 X101.581 Y110.962 E343.6048
G1 X101.259 Y110.564 E343.62182
G1 X100.819 Y110.289 E343.63908
G1 X100.036 Y110.106 E343.66583
G1 X99.618 Y110.194 E343.68
G0 F4800 X101.936 Y111.735
G0 X102.241 Y111.694
G1 F2400 X102.189 Y111.32 E343.69256
G1 X101.923 Y110.749 E343.71351
G1 X101.528 Y110.26 E343.73442
G1 X100.992 Y109.926 E343.75542
G1 X100.502 Y109.757 E343.77266
G1 X100.039 Y109.704 E343.78816
G1 X99.491 Y109.758 E343.80648
G1 X99.021 Y109.922 E343.82303
G1 X98.47 Y110.288 E343.84503
G1 X98.052 Y110.746 E343.86566
G1 X97.802 Y111.329 E343.88675
G1 X97.676 Y111.993 E343.90923
G1 X97.821 Y112.725 E343.93405
G1 X98.031 Y113.212 E343.95169
G1 X98.566 Y113.827 E343.9788
G1 X99.165 Y114.136 E344.00122
G1 X99.926 Y114.314 E344.02722
G1 X100.578 Y114.217 E344.04914
G1 X101.173 Y113.969 E344.07058
G1 X101.647 Y113.597 E344.09062
G1 X101.954 Y113.202 E344.10726
G1 X102.219 Y112.646 E344.12775
G1 X102.29 Y112.058 E344.14744
G1 X102.241 Y111.694 E344.15966
G0 F4800 X102.637 Y111.637
;TYPE:WALL-OUTER
G1 F2400 X102.577 Y111.206 E344.17413
G1 X102.265 Y110.535 E344.19875
G1 X101.797 Y109.956 E344.22351
G1 X101.165 Y109.562 E344.24828
G1 X100.591 Y109.365 E344.26846
G1 X100.042 Y109.302 E344.28684
G1 X99.404 Y109.365 E344.30817
G1 X98.842 Y109.561 E344.32796
G1 X98.208 Y109.982 E344.35327
G1 X97.711 Y110.526 E344.37778
G1 X97.417 Y111.211 E344.40258
G1 X97.268 Y111.995 E344.42912
G1 X97.437 Y112.844 E344.45791
G1 X97.688 Y113.428 E344.47905
G1 X98.314 Y114.147 E344.51076
G1 X99.026 Y114.514 E344.5374
G1 X99.909 Y114.72 E344.56756
G1 X100.686 Y114.605 E344.59368
G1 X101.377 Y114.317 E344.61858
G1 X101.933 Y113.881 E344.64208
G1 X102.296 Y113.414 E344.66176
G1 X102.609 Y112.759 E344.6859
G1 X102.694 Y112.054 E344.70952
G1 X102.637 Y111.637 E344.72352
G0 F4800 X102.61 Y111.439
G0 X101.909 Y111.535
G0 X101.444 Y111.626
;TYPE:SKIN
G1 F1800 X100.396 Y110.578 E344.77281
G1 X100.662 Y110.64 E344.7819
G1 X101.005 Y110.854 E344.79534
G1 X101.432 Y111.542 E344.82228
G1 X101.503 Y112.059 E344.83963
G1 X101.483 Y112.231 E344.84539
G1 X99.795 Y110.543 E344.92479
G1 X99.336 Y110.65 E344.94047
G1 X101.327 Y112.641 E345.03412
G1 X101.114 Y112.994 E345.04783
G1 X98.996 Y110.876 E345.14745
G1 X98.723 Y111.168 E345.16075
G1 X100.813 Y113.258 E345.25906
G1 X100.424 Y113.435 E345.27327
G1 X98.588 Y111.599 E345.35963
G1 X98.485 Y112.062 E345.37541
G1 X99.939 Y113.515 E345.44377
G1 X99.437 Y113.398 E345.46092
G1 X99.064 Y113.206 E345.47487
G1 F1500 E335.47487
;MESH:I2C_LED_BTN-Body002.stl
G0 F4800 X102.407 Y111.491
G0 X103.471 Y111.342
G0 X108.564 Y111.077
G0 X109.639 Y111.28
G0 X111.618 Y110.194
;TYPE:WALL-INNER
G1 F1500 E345.47487
G1 F2400 X111.2 Y110.283 E345.48905
G1 X110.732 Y110.594 E345.50774
G1 X110.393 Y110.966 E345.52448
G1 X110.187 Y111.446 E345.54185
G1 X110.083 Y111.991 E345.56031
G1 X110.205 Y112.605 E345.58113
G1 X110.373 Y112.997 E345.59531
G1 X110.817 Y113.506 E345.61778
G1 X111.304 Y113.758 E345.63601
G1 X111.942 Y113.907 E345.65781
G1 X112.47 Y113.829 E345.67556
G1 X112.969 Y113.62 E345.69355
G1 X113.515 Y113.193 E345.71661
G1 X113.83 Y112.533 E345.74093
G1 X113.887 Y112.061 E345.75674
G1 X113.801 Y111.435 E345.77776
G1 X113.581 Y110.962 E345.79511
G1 X113.259 Y110.564 E345.81214
G1 X112.819 Y110.289 E345.82939
G1 X112.036 Y110.106 E345.85614
G1 X111.618 Y110.194 E345.87031
G0 F4800 X113.936 Y111.735
G0 X114.241 Y111.694
G1 F2400 X114.189 Y111.32 E345.88287
G1 X113.923 Y110.749 E345.90382
G1 X113.528 Y110.26 E345.92473
G1 X112.992 Y109.926 E345.94573
G1 X112.502 Y109.757 E345.96297
G1 X112.039 Y109.704 E345.97847
G1 X111.491 Y109.758 E345.99679
G1 X111.021 Y109.922 E346.01334
G1 X110.47 Y110.288 E346.03535
G1 X110.052 Y110.746 E346.05597
G1 X109.802 Y111.329 E346.07707
G1 X109.676 Y111.993 E346.09955
G1 X109.821 Y112.725 E346.12437
G1 X110.031 Y113.212 E346.14201
G1 X110.566 Y113.827 E346.16912
G1 X111.165 Y114.136 E346.19153
G1 X111.926 Y114.314 E346.21753
G1 X112.578 Y114.217 E346.23945
G1 X113.173 Y113.969 E346.26089
G1 X113.647 Y113.597 E346.28093
G1 X113.954 Y113.202 E346.29757
G1 X114.219 Y112.646 E346.31806
G1 X114.29 Y112.058 E346.33776
G1 X114.241 Y111.694 E346.34997
G0 F4800 X114.637 Y111.637
;TYPE:WALL-OUTER
G1 F2400 X114.577 Y111.206 E346.36445
G1 X114.265 Y110.535 E346.38906
G1 X113.797 Y109.956 E346.41382
G1 X113.165 Y109.562 E346.43859
G1 X112.591 Y109.365 E346.45878
G1 X112.042 Y109.302 E346.47716
G1 X111.404 Y109.365 E346.49848
G1 X110.842 Y109.561 E346.51827
G1 X110.208 Y109.982 E346.54359
G1 X109.711 Y110.526 E346.56809
G1 X109.417 Y111.211 E346.59289
G1 X109.268 Y111.995 E346.61943
G1 X109.437 Y112.844 E346.64822
G1 X109.688 Y113.428 E346.66936
G1 X110.314 Y114.147 E346.70107
G1 X111.026 Y114.514 E346.72771
G1 X111.909 Y114.72 E346.75787
G1 X112.686 Y114.605 E346.784
G1 X113.377 Y114.317 E346.8089
G1 X113.933 Y113.881 E346.8324
G1 X114.296 Y113.414 E346.85207
G1 X114.609 Y112.759 E346.87621
G1 X114.694 Y112.054 E346.89983
G1 X114.637 Y111.637 E346.91383
G0 F4800 X114.61 Y111.439
G0 X113.909 Y111.535
G0 X112.238 Y110.541
G0 X113.005 Y110.854
;TYPE:SKIN
G1 F1800 X113.432 Y111.543 E346.94079
G1 X113.463 Y111.766 E346.94828
G1 X112.238 Y110.541 E347.0059
G1 X112.662 Y110.64 E347.02038
G1 X113.005 Y110.854 E347.03383
G0 F4800 X112.238 Y110.541
G1 F1800 X112.03 Y110.492 E347.04093
G1 X111.695 Y110.563 E347.05232
G1 X113.47 Y112.339 E347.13584
G1 X113.281 Y112.716 E347.14986
G1 X111.264 Y110.698 E347.24476
G1 X110.935 Y110.935 E347.25825
G1 X113.062 Y113.062 E347.3583
G1 X112.739 Y113.305 E347.37174
G1 X110.691 Y111.257 E347.46807
G1 X110.56 Y111.692 E347.48318
G1 X112.332 Y113.463 E347.56651
G1 X111.958 Y113.52 E347.57909
G1 X111.436 Y113.398 E347.59692
G1 X111.055 Y113.201 E347.61119
G1 X110.608 Y112.688 E347.63382
G0 F4800 X110.514 Y112.211
G1 F1800 X111.782 Y113.479 E347.69346
G1 F1500 E337.69346
;MESH:I2C_LED_BTN-Body002.stl(3)
G0 F4800 X114.407 Y111.491
G0 X115.471 Y111.342
G0 X120.564 Y111.077
G0 X121.639 Y111.28
G0 X123.618 Y110.194
;TYPE:WALL-INNER
G1 F1500 E347.69346
G1 F2400 X123.2 Y110.283 E347.70764
G1 X122.732 Y110.594 E347.72633
G1 X122.393 Y110.966 E347.74307
G1 X122.187 Y111.446 E347.76044
G1 X122.083 Y111.991 E347.77889
G1 X122.205 Y112.605 E347.79971
G1 X122.373 Y112.997 E347.8139
G1 X122.817 Y113.506 E347.83636
G1 X123.304 Y113.758 E347.8546
G1 X123.942 Y113.907 E347.87639
G1 X124.47 Y113.829 E347.89415
G1 X124.969 Y113.62 E347.91214
G1 X125.515 Y113.193 E347.93519
G1 X125.83 Y112.533 E347.95952
G1 X125.887 Y112.061 E347.97533
G1 X125.801 Y111.435 E347.99635
G1 X125.581 Y110.962 E348.0137
G1 X125.259 Y110.564 E348.03072
G1 X124.819 Y110.289 E348.04798
G1 X124.036 Y110.106 E348.07473
G1 X123.618 Y110.194 E348.0889
G0 F4800 X125.936 Y111.735
G0 X126.241 Y111.694
G1 F2400 X126.189 Y111.32 E348.10146
G1 X125.923 Y110.749 E348.12241
G1 X125.528 Y110.26 E348.14332
G1 X124.992 Y109.926 E348.16432
G1 X124.502 Y109.757 E348.18156
G1 X124.039 Y109.704 E348.19706
G1 X123.491 Y109.758 E348.21538
G1 X123.021 Y109.922 E348.23193
G1 X122.47 Y110.288 E348.25393
G1 X122.052 Y110.746 E348.27456
G1 X121.802 Y111.329 E348.29566
G1 X121.676 Y111.993 E348.31813
G1 X121.821 Y112.725 E348.34295
G1 X122.031 Y113.212 E348.36059
G1 X122.566 Y113.827 E348.3877
G1 X123.165 Y114.136 E348.41012
G1 X123.926 Y114.314 E348.43612
G1 X124.578 Y114.217 E348.45804
G1 X125.173 Y113.969 E348.47948
G1 X125.647 Y113.597 E348.49952
G1 X125.954 Y113.202 E348.51616
G1 X126.219 Y112.646 E348.53665
G1 X126.29 Y112.058 E348.55634
G1 X126.241 Y111.694 E348.56856
G0 F4800 X126.637 Y111.637
;TYPE:WALL-OUTER
G1 F2400 X126.577 Y111.206 E348.58303
G1 X126.265 Y110.535 E348.60765
G1 X125.797 Y109.956 E348.63241
G1 X125.165 Y109.562 E348.65718
G1 X124.591 Y109.365 E348.67736
G1 X124.042 Y109.302 E348.69574
G1 X123.404 Y109.365 E348.71707
G1 X122.842 Y109.561 E348.73686
G1 X122.208 Y109.982 E348.76218
G1 X121.711 Y110.526 E348.78668
G1 X121.417 Y111.211 E348.81148
G1 X121.268 Y111.995 E348.83802
G1 X121.437 Y112.844 E348.86681
G1 X121.688 Y113.428 E348.88795
G1 X122.314 Y114.147 E348.91966
G1 X123.026 Y114.514 E348.9463
G1 X123.909 Y114.72 E348.97646
G1 X124.686 Y114.605 E349.00258
G1 X125.377 Y114.317 E349.02748
G1 X125.933 Y113.881 E349.05098
G1 X126.296 Y113.414 E349.07066
G1 X126.609 Y112.759 E349.0948
G1 X126.694 Y112.054 E349.11842
G1 X126.637 Y111.637 E349.13242
G0 F4800 X126.61 Y111.439
G0 X125.909 Y111.535
G0 X124.983 Y110.84
;TYPE:SKIN
G1 F1800 X124.662 Y110.64 E349.145
G1 X124.08 Y110.504 E349.16488
G1 X125.482 Y111.906 E349.23082
G1 X125.449 Y112.438 E349.24855
G1 X123.594 Y110.584 E349.33578
G1 X123.191 Y110.746 E349.35023
G1 X125.236 Y112.791 E349.44642
G1 X124.995 Y113.115 E349.45985
G1 X122.877 Y110.998 E349.55945
G1 X122.664 Y111.35 E349.57313
G1 X124.653 Y113.339 E349.66669
G1 X124.227 Y113.479 E349.6816
G1 X122.532 Y111.784 E349.76133
G1 X122.471 Y111.99 E349.76848
G1 X122.543 Y112.361 E349.78105
G1 X123.623 Y113.441 E349.83185
G1 X123.055 Y113.201 E349.85236
G1 X122.607 Y112.688 E349.87501
G1 F1500 E339.87501
;MESH:NONMESH
G0 F1800 X122.607 Y112.688 Z8.4
G0 F4800 X121.503 Y111.998
G0 X120.43 Y112.209
G0 X112.919 Y115.449
G0 X111.878 Y115.602
G0 X110.839 Y115.361
G0 X103.553 Y112.188
G0 X102.468 Y112.058
G0 X98.564 Y112.162
;TIME_ELAPSED:525.564058
;LAYER:41
;TYPE:WALL-INNER
;MESH:I2C_LED_BTN-Body002.stl(4)
G1 F1500 E349.87501
G1 F2400 X98.613 Y112.593 E349.88944
G1 X98.907 Y113.034 E349.90706
G1 X99.352 Y113.341 E349.92505
G1 X99.964 Y113.49 E349.946
G1 X100.297 Y113.471 E349.95709
G1 X100.994 Y113.131 E349.98288
G1 X101.29 Y112.745 E349.99906
G1 X101.483 Y112.157 E350.01964
G1 X101.491 Y111.779 E350.03222
G1 X101.263 Y111.204 E350.05279
G1 X100.993 Y110.87 E350.06708
G1 X100.622 Y110.642 E350.08156
G1 X100.103 Y110.511 E350.09936
G1 X99.652 Y110.548 E350.11441
G1 X99.16 Y110.765 E350.1323
G1 X98.702 Y111.263 E350.1548
G1 X98.521 Y111.782 E350.17308
G1 X98.564 Y112.162 E350.1858
G0 F4800 X98.639 Y110.751
G1 F2400 X98.352 Y111.064 E350.19993
G1 X98.121 Y111.739 E350.22366
G1 X98.12 Y112.231 E350.24002
G1 X98.239 Y112.754 E350.25786
G1 X98.617 Y113.32 E350.2805
G1 X99.166 Y113.698 E350.30267
G1 X99.946 Y113.891 E350.32939
G1 X100.381 Y113.866 E350.34389
G1 X100.856 Y113.686 E350.36078
G1 X101.266 Y113.433 E350.3768
G1 X101.633 Y112.955 E350.39685
G1 X101.882 Y112.21 E350.42297
G1 X101.892 Y111.72 E350.43928
G1 X101.598 Y110.983 E350.46567
G1 X101.261 Y110.566 E350.4835
G1 X100.799 Y110.281 E350.50155
G1 X100.12 Y110.108 E350.52486
G1 X99.567 Y110.154 E350.54331
G1 X98.925 Y110.439 E350.56668
G1 X98.639 Y110.751 E350.58075
G0 F4800 X98.888 Y113.617
G0 X98.713 Y113.871
G1 F2400 X98.98 Y114.055 E350.59154
G1 X99.407 Y114.215 E350.60671
G1 X99.928 Y114.293 E350.62423
G1 X100.465 Y114.262 E350.64212
G1 X101.033 Y114.047 E350.66232
G1 X101.539 Y113.735 E350.68209
G1 X102.094 Y113.013 E350.71238
G1 X102.281 Y112.264 E350.73806
G1 X102.294 Y111.661 E350.75812
G1 X102.047 Y110.903 E350.78463
G1 X101.529 Y110.261 E350.81207
G1 X100.815 Y109.822 E350.83995
G1 X100.137 Y109.705 E350.86283
G1 X99.483 Y109.76 E350.88466
G1 X98.831 Y109.988 E350.90763
G1 X98.292 Y110.462 E350.9315
G1 X98.002 Y110.866 E350.94805
G1 X97.721 Y111.517 E350.97163
G1 X97.72 Y112.276 E350.99687
G1 X97.865 Y112.914 E351.01863
G1 X98.327 Y113.606 E351.04631
G1 X98.713 Y113.871 E351.06188
G0 F4800 X98.485 Y114.2
;TYPE:WALL-OUTER
G1 F2400 X98.794 Y114.413 E351.07436
G1 X99.307 Y114.605 E351.09258
G1 X99.91 Y114.695 E351.11286
G1 X100.549 Y114.658 E351.13415
G1 X101.211 Y114.407 E351.1577
G1 X101.811 Y114.037 E351.18114
G1 X102.32 Y113.375 E351.20892
G1 X102.522 Y112.948 E351.22463
G1 X102.68 Y112.317 E351.24626
G1 X102.695 Y111.602 E351.27005
G1 X102.406 Y110.709 E351.30127
G1 X101.797 Y109.957 E351.33345
G1 X100.959 Y109.44 E351.3662
G1 X100.155 Y109.302 E351.39333
G1 X99.399 Y109.366 E351.41857
G1 X98.623 Y109.638 E351.44592
G1 X97.994 Y110.192 E351.4738
G1 X97.652 Y110.668 E351.49329
G1 X97.321 Y111.433 E351.52101
G1 X97.32 Y112.321 E351.55055
G1 X97.491 Y113.075 E351.57626
G1 X98.037 Y113.892 E351.60895
G1 X98.485 Y114.2 E351.62703
G0 F4800 X98.649 Y114.313
G0 X99.051 Y113.73
G0 X101.023 Y112.24
;TYPE:SKIN
G1 F1800 X100.174 Y113.09 E351.66699
G1 X100.208 Y113.095 E351.66813
G1 X100.74 Y112.837 E351.6878
G1 X100.956 Y112.555 E351.69961
G1 X101.109 Y111.842 E351.72386
G1 X101.037 Y111.661 E351.73034
G1 X99.679 Y113.019 E351.79422
G1 X99.293 Y112.839 E351.80838
G1 X100.842 Y111.29 E351.88125
G1 X100.534 Y111.033 E351.89459
G1 X99.032 Y112.534 E351.96521
G1 X98.974 Y112.449 E351.96864
G1 X98.905 Y111.825 E351.98952
G1 X99.035 Y111.457 E352.0025
G1 X99.385 Y111.077 E352.01968
G1 X99.74 Y110.921 E352.03258
G1 X100.102 Y110.898 E352.04464
G1 X98.933 Y112.068 E352.09965
G1 F1500 E342.09965
;MESH:I2C_LED_BTN-Body002.stl
G0 F4800 X102.458 Y111.989
G0 X103.552 Y112.011
G0 X108.456 Y112.011
G0 X109.551 Y112.013
G0 X110.564 Y112.162
;TYPE:WALL-INNER
G1 F1500 E352.09965
G1 F2400 X110.613 Y112.593 E352.11408
G1 X110.907 Y113.034 E352.13171
G1 X111.352 Y113.341 E352.14969
G1 X111.964 Y113.49 E352.17064
G1 X112.297 Y113.471 E352.18173
G1 X112.994 Y113.131 E352.20753
G1 X113.29 Y112.745 E352.2237
G1 X113.483 Y112.157 E352.24429
G1 X113.491 Y111.779 E352.25686
G1 X113.263 Y111.204 E352.27744
G1 X112.993 Y110.87 E352.29172
G1 X112.622 Y110.642 E352.3062
G1 X112.103 Y110.511 E352.32401
G1 X111.652 Y110.548 E352.33906
G1 X111.16 Y110.765 E352.35694
G1 X110.702 Y111.263 E352.37945
G1 X110.521 Y111.782 E352.39773
G1 X110.564 Y112.162 E352.41045
G0 F4800 X110.639 Y110.751
G1 F2400 X110.352 Y111.064 E352.42457
G1 X110.121 Y111.739 E352.4483
G1 X110.12 Y112.231 E352.46466
G1 X110.239 Y112.754 E352.4825
G1 X110.617 Y113.32 E352.50514
G1 X111.166 Y113.698 E352.52731
G1 X111.946 Y113.891 E352.55404
G1 X112.381 Y113.866 E352.56853
G1 X112.856 Y113.686 E352.58542
G1 X113.266 Y113.433 E352.60145
G1 X113.633 Y112.955 E352.62149
G1 X113.882 Y112.21 E352.64762
G1 X113.892 Y111.72 E352.66392
G1 X113.598 Y110.983 E352.69031
G1 X113.261 Y110.566 E352.70814
G1 X112.799 Y110.281 E352.7262
G1 X112.12 Y110.108 E352.7495
G1 X111.567 Y110.154 E352.76796
G1 X110.925 Y110.439 E352.79132
G1 X110.639 Y110.751 E352.8054
G0 F4800 X110.888 Y113.617
G0 X110.713 Y113.871
G1 F2400 X110.98 Y114.055 E352.81618
G1 X111.407 Y114.215 E352.83135
G1 X111.928 Y114.293 E352.84887
G1 X112.465 Y114.262 E352.86676
G1 X113.033 Y114.047 E352.88696
G1 X113.539 Y113.735 E352.90673
G1 X114.094 Y113.013 E352.93702
G1 X114.281 Y112.264 E352.9627
G1 X114.294 Y111.661 E352.98276
G1 X114.047 Y110.903 E353.00927
G1 X113.529 Y110.261 E353.03671
G1 X112.815 Y109.822 E353.06459
G1 X112.137 Y109.705 E353.08747
G1 X111.483 Y109.76 E353.1093
G1 X110.831 Y109.988 E353.13228
G1 X110.292 Y110.462 E353.15615
G1 X110.002 Y110.866 E353.17269
G1 X109.721 Y111.517 E353.19627
G1 X109.72 Y112.276 E353.22152
G1 X109.865 Y112.914 E353.24328
G1 X110.327 Y113.606 E353.27095
G1 X110.713 Y113.871 E353.28652
G0 F4800 X110.485 Y114.2
;TYPE:WALL-OUTER
G1 F2400 X110.794 Y114.413 E353.29901
G1 X111.307 Y114.605 E353.31723
G1 X111.91 Y114.695 E353.3375
G1 X112.549 Y114.658 E353.35879
G1 X113.211 Y114.407 E353.38234
G1 X113.811 Y114.037 E353.40579
G1 X114.32 Y113.375 E353.43356
G1 X114.522 Y112.948 E353.44927
G1 X114.68 Y112.317 E353.47091
G1 X114.695 Y111.602 E353.49469
G1 X114.406 Y110.709 E353.52591
G1 X113.797 Y109.957 E353.55809
G1 X112.959 Y109.44 E353.59084
G1 X112.155 Y109.302 E353.61798
G1 X111.399 Y109.366 E353.64321
G1 X110.623 Y109.638 E353.67056
G1 X109.994 Y110.192 E353.69844
G1 X109.652 Y110.668 E353.71793
G1 X109.321 Y111.433 E353.74566
G1 X109.32 Y112.321 E353.77519
G1 X109.491 Y113.075 E353.80091
G1 X110.037 Y113.892 E353.83359
G1 X110.485 Y114.2 E353.85167
G0 F4800 X110.649 Y114.313
G0 X111.051 Y113.73
G0 X112.208 Y113.095
;TYPE:SKIN
G1 F1800 X112.74 Y112.837 E353.87134
G1 X112.956 Y112.554 E353.88318
G1 X113.056 Y112.087 E353.89906
G1 X112.068 Y113.075 E353.94554
G1 X111.573 Y113.004 E353.96217
G1 X113.003 Y111.574 E354.02943
G1 X112.788 Y111.224 E354.04309
G1 X111.222 Y112.789 E354.11673
G1 X110.983 Y112.463 E354.13017
G1 X112.458 Y110.987 E354.19958
G1 X111.978 Y110.902 E354.21579
G1 X110.92 Y111.96 E354.26556
G1 X111.036 Y111.457 E354.28272
G1 X111.385 Y111.077 E354.29988
G1 X111.74 Y110.921 E354.31278
G1 F1500 E344.31278
;MESH:I2C_LED_BTN-Body002.stl(3)
G0 F4800 X114.458 Y111.989
G0 X115.552 Y112.011
G0 X120.456 Y112.011
G0 X121.551 Y112.013
G0 X122.564 Y112.162
;TYPE:WALL-INNER
G1 F1500 E354.31278
G1 F2400 X122.613 Y112.593 E354.32721
G1 X122.907 Y113.034 E354.34484
G1 X123.352 Y113.341 E354.36282
G1 X123.964 Y113.49 E354.38377
G1 X124.297 Y113.471 E354.39486
G1 X124.994 Y113.131 E354.42066
G1 X125.29 Y112.745 E354.43683
G1 X125.483 Y112.157 E354.45742
G1 X125.491 Y111.779 E354.46999
G1 X125.263 Y111.204 E354.49057
G1 X124.993 Y110.87 E354.50485
G1 X124.622 Y110.642 E354.51933
G1 X124.103 Y110.511 E354.53714
G1 X123.652 Y110.548 E354.55219
G1 X123.16 Y110.765 E354.57007
G1 X122.702 Y111.263 E354.59258
G1 X122.521 Y111.782 E354.61086
G1 X122.564 Y112.162 E354.62358
G0 F4800 X122.639 Y110.751
G1 F2400 X122.352 Y111.064 E354.6377
G1 X122.121 Y111.739 E354.66143
G1 X122.12 Y112.231 E354.67779
G1 X122.239 Y112.754 E354.69563
G1 X122.617 Y113.32 E354.71827
G1 X123.166 Y113.698 E354.74044
G1 X123.946 Y113.891 E354.76717
G1 X124.381 Y113.866 E354.78166
G1 X124.856 Y113.686 E354.79855
G1 X125.266 Y113.433 E354.81458
G1 X125.633 Y112.955 E354.83462
G1 X125.882 Y112.21 E354.86075
G1 X125.892 Y111.72 E354.87705
G1 X125.598 Y110.983 E354.90344
G1 X125.261 Y110.566 E354.92127
G1 X124.799 Y110.281 E354.93933
G1 X124.12 Y110.108 E354.96263
G1 X123.567 Y110.154 E354.98109
G1 X122.925 Y110.439 E355.00445
G1 X122.639 Y110.751 E355.01853
G0 F4800 X122.888 Y113.617
G0 X122.713 Y113.871
G1 F2400 X122.98 Y114.055 E355.02931
G1 X123.407 Y114.215 E355.04448
G1 X123.928 Y114.293 E355.062
G1 X124.465 Y114.262 E355.07989
G1 X125.033 Y114.047 E355.10009
G1 X125.539 Y113.735 E355.11986
G1 X126.094 Y113.013 E355.15015
G1 X126.281 Y112.264 E355.17583
G1 X126.294 Y111.661 E355.19589
G1 X126.047 Y110.903 E355.2224
G1 X125.529 Y110.261 E355.24984
G1 X124.815 Y109.822 E355.27772
G1 X124.137 Y109.705 E355.3006
G1 X123.483 Y109.76 E355.32243
G1 X122.831 Y109.988 E355.3454
G1 X122.292 Y110.462 E355.36928
G1 X122.002 Y110.866 E355.38582
G1 X121.721 Y111.517 E355.4094
G1 X121.72 Y112.276 E355.43465
G1 X121.865 Y112.914 E355.45641
G1 X122.327 Y113.606 E355.48408
G1 X122.713 Y113.871 E355.49965
G0 F4800 X122.485 Y114.2
;TYPE:WALL-OUTER
G1 F2400 X122.794 Y114.413 E355.51214
G1 X123.307 Y114.605 E355.53036
G1 X123.91 Y114.695 E355.55063
G1 X124.549 Y114.658 E355.57192
G1 X125.211 Y114.407 E355.59547
G1 X125.811 Y114.037 E355.61892
G1 X126.32 Y113.375 E355.64669
G1 X126.522 Y112.948 E355.6624
G1 X126.68 Y112.317 E355.68404
G1 X126.695 Y111.602 E355.70782
G1 X126.406 Y110.709 E355.73904
G1 X125.797 Y109.957 E355.77122
G1 X124.959 Y109.44 E355.80397
G1 X124.155 Y109.302 E355.83111
G1 X123.399 Y109.366 E355.85634
G1 X122.623 Y109.638 E355.88369
G1 X121.994 Y110.192 E355.91157
G1 X121.652 Y110.668 E355.93106
G1 X121.321 Y111.433 E355.95879
G1 X121.32 Y112.321 E355.98832
G1 X121.491 Y113.075 E356.01404
G1 X122.037 Y113.892 E356.04672
G1 X122.485 Y114.2 E356.0648
G0 F4800 X122.649 Y114.313
G0 X123.051 Y113.73
G0 X125.089 Y111.933
;TYPE:SKIN
G1 F1800 X123.962 Y113.06 E356.11781
G1 X124.208 Y113.095 E356.12608
G1 X124.74 Y112.837 E356.14574
G1 X124.956 Y112.555 E356.15756
G1 X125.109 Y111.842 E356.18181
G1 X124.968 Y111.488 E356.19449
G1 X123.485 Y112.972 E356.26426
G1 X123.162 Y112.729 E356.27771
G1 X124.734 Y111.157 E356.35165
G1 X124.362 Y110.963 E356.3656
G1 X122.964 Y112.361 E356.43136
G1 X122.905 Y111.825 E356.4493
G1 X123.035 Y111.457 E356.46228
G1 X123.385 Y111.077 E356.47946
G1 X123.848 Y110.912 E356.49581
G1 X122.909 Y111.851 E356.53998
G1 F1500 E346.53998
;MESH:NONMESH
G0 F1800 X122.909 Y111.851 Z8.6
G0 F4800 X121.55 Y112.3
G0 X120.456 Y112.298
G0 X112.732 Y115.516
G0 X111.869 Y115.566
G0 X111.094 Y115.451
G0 X103.554 Y111.917
G0 X102.46 Y111.895
G0 X98.328 Y112.794
;TIME_ELAPSED:534.706953
;LAYER:42
;TYPE:WALL-INNER
;MESH:I2C_LED_BTN-Body002.stl(4)
G1 F1500 E356.53998
G1 F2400 X98.504 Y113.164 E356.5536
G1 X98.849 Y113.522 E356.57014
G1 X99.432 Y113.805 E356.5917
G1 X100.273 Y113.888 E356.6198
G1 X100.796 Y113.718 E356.63809
G1 X101.374 Y113.302 E356.66178
G1 X101.605 Y112.999 E356.67445
G1 X101.812 Y112.534 E356.69138
G1 X101.888 Y112.041 E356.70797
G1 X101.8 Y111.421 E356.7288
G1 X101.607 Y110.97 E356.74512
G1 X101.264 Y110.594 E356.76204
G1 X100.796 Y110.283 E356.78073
G1 X100.132 Y110.11 E356.80356
G1 X99.565 Y110.155 E356.82247
G1 X99.2 Y110.283 E356.83534
G1 X98.656 Y110.642 E356.85702
G1 X98.351 Y111.065 E356.87436
G1 X98.112 Y111.838 E356.90127
G1 X98.156 Y112.432 E356.92108
G1 X98.328 Y112.794 E356.93441
G0 F4800 X101.937 Y111.724
G0 X102.242 Y111.682
G1 F2400 X102.189 Y111.312 E356.94684
G1 X101.948 Y110.75 E356.96718
G1 X101.526 Y110.288 E356.98799
G1 X100.975 Y109.922 E357.01
G1 X100.32 Y109.694 E357.03306
G1 X99.482 Y109.76 E357.06102
G1 X99.021 Y109.922 E357.07727
G1 X98.375 Y110.349 E357.10303
G1 X98.001 Y110.866 E357.12425
G1 X97.802 Y111.33 E357.14104
G1 X97.709 Y111.815 E357.15747
G1 X97.761 Y112.513 E357.18075
G1 X97.922 Y112.982 E357.19724
G1 X98.186 Y113.41 E357.21397
G1 X98.61 Y113.851 E357.23431
G1 X99.302 Y114.187 E357.2599
G1 X99.797 Y114.288 E357.2767
G1 X100.337 Y114.288 E357.29466
G1 X101.134 Y114.029 E357.32254
G1 X101.666 Y113.58 E357.34569
G1 X101.952 Y113.204 E357.3614
G1 X102.199 Y112.648 E357.38164
G1 X102.293 Y112.044 E357.40197
G1 X102.242 Y111.682 E357.41413
G0 F4800 X102.638 Y111.625
;TYPE:WALL-OUTER
G1 F2400 X102.577 Y111.203 E357.42831
G1 X102.289 Y110.53 E357.45266
G1 X101.788 Y109.982 E357.47735
G1 X101.154 Y109.561 E357.50267
G1 X100.589 Y109.364 E357.52257
G1 X100.154 Y109.306 E357.53716
G1 X99.398 Y109.366 E357.56239
G1 X98.842 Y109.561 E357.58198
G1 X98.093 Y110.055 E357.61183
G1 X97.651 Y110.668 E357.63696
G1 X97.417 Y111.212 E357.65666
G1 X97.306 Y111.792 E357.6763
G1 X97.366 Y112.595 E357.70308
G1 X97.558 Y113.154 E357.72274
G1 X97.868 Y113.656 E357.74236
G1 X98.372 Y114.179 E357.76652
G1 X99.173 Y114.569 E357.79615
G1 X99.757 Y114.688 E357.81598
G1 X100.4 Y114.688 E357.83736
G1 X101.334 Y114.384 E357.87003
G1 X101.958 Y113.857 E357.8972
G1 X102.298 Y113.409 E357.9159
G1 X102.586 Y112.762 E357.93946
G1 X102.697 Y112.046 E357.96356
G1 X102.638 Y111.625 E357.9777
G0 F4800 X102.61 Y111.427
G0 X101.909 Y111.524
G0 X101.446 Y111.628
;TYPE:SKIN
G1 F1800 X100.382 Y110.565 E358.02772
G1 X100.63 Y110.63 E358.03625
G1 X101.017 Y110.886 E358.05168
G1 X101.284 Y111.179 E358.06486
G1 X101.431 Y111.524 E358.07734
G1 X101.504 Y112.037 E358.09457
G1 X101.475 Y112.224 E358.10087
G1 X99.801 Y110.549 E358.17963
G1 X99.335 Y110.649 E358.19548
G1 X101.322 Y112.636 E358.28894
G1 X101.116 Y112.996 E358.30274
G1 X98.995 Y110.874 E358.40253
G1 X98.735 Y111.181 E358.41591
G1 X100.804 Y113.249 E358.5132
G1 X100.428 Y113.438 E358.5272
G1 X98.581 Y111.592 E358.61406
G1 X98.511 Y112.087 E358.63068
G1 X99.897 Y113.473 E358.69588
G1 X99.546 Y113.439 E358.70761
G1 X99.075 Y113.209 E358.72504
G1 X98.813 Y112.937 E358.7376
G1 X98.53 Y112.342 E358.75951
G1 F1500 E348.75951
;MESH:I2C_LED_BTN-Body002.stl
G0 F4800 X102.466 Y112.042
G0 X103.549 Y111.889
G0 X108.45 Y111.888
G0 X109.539 Y111.805
G0 X110.328 Y112.794
;TYPE:WALL-INNER
G1 F1500 E358.75951
G1 F2400 X110.504 Y113.164 E358.77314
G1 X110.849 Y113.522 E358.78968
G1 X111.432 Y113.805 E358.81123
G1 X112.273 Y113.888 E358.83934
G1 X112.796 Y113.718 E358.85763
G1 X113.374 Y113.302 E358.88132
G1 X113.605 Y112.999 E358.89399
G1 X113.812 Y112.534 E358.91092
G1 X113.888 Y112.041 E358.92751
G1 X113.8 Y111.421 E358.94834
G1 X113.607 Y110.97 E358.96465
G1 X113.264 Y110.594 E358.98158
G1 X112.796 Y110.283 E359.00027
G1 X112.132 Y110.11 E359.02309
G1 X111.565 Y110.155 E359.04201
G1 X111.2 Y110.283 E359.05487
G1 X110.656 Y110.642 E359.07655
G1 X110.353 Y111.063 E359.09381
G1 X110.111 Y111.834 E359.12068
G1 X110.156 Y112.432 E359.14063
G1 X110.328 Y112.794 E359.15396
G0 F4800 X113.937 Y111.724
G0 X114.242 Y111.682
G1 F2400 X114.189 Y111.312 E359.16639
G1 X113.948 Y110.75 E359.18673
G1 X113.526 Y110.288 E359.20754
G1 X112.975 Y109.922 E359.22954
G1 X112.32 Y109.694 E359.25261
G1 X111.482 Y109.76 E359.28057
G1 X111.021 Y109.922 E359.29682
G1 X110.375 Y110.348 E359.32256
G1 X110.002 Y110.865 E359.34376
G1 X109.791 Y111.362 E359.36172
G1 X109.709 Y111.813 E359.37696
G1 X109.761 Y112.513 E359.40031
G1 X109.922 Y112.982 E359.4168
G1 X110.186 Y113.41 E359.43353
G1 X110.61 Y113.851 E359.45388
G1 X111.302 Y114.187 E359.47946
G1 X111.797 Y114.288 E359.49626
G1 X112.337 Y114.288 E359.51423
G1 X113.134 Y114.029 E359.5421
G1 X113.666 Y113.58 E359.56525
G1 X113.952 Y113.204 E359.58096
G1 X114.199 Y112.648 E359.6012
G1 X114.293 Y112.044 E359.62153
G1 X114.242 Y111.682 E359.63369
G0 F4800 X114.638 Y111.625
;TYPE:WALL-OUTER
G1 F2400 X114.577 Y111.203 E359.64787
G1 X114.289 Y110.53 E359.67222
G1 X113.788 Y109.982 E359.69691
G1 X113.154 Y109.561 E359.72223
G1 X112.589 Y109.364 E359.74213
G1 X112.154 Y109.306 E359.75673
G1 X111.398 Y109.366 E359.78195
G1 X110.842 Y109.561 E359.80155
G1 X110.093 Y110.055 E359.83139
G1 X109.652 Y110.667 E359.85648
G1 X109.405 Y111.246 E359.87741
G1 X109.306 Y111.791 E359.89584
G1 X109.366 Y112.595 E359.92265
G1 X109.558 Y113.154 E359.94231
G1 X109.868 Y113.656 E359.96194
G1 X110.372 Y114.179 E359.98609
G1 X111.173 Y114.569 E360.01572
G1 X111.757 Y114.688 E360.03555
G1 X112.4 Y114.688 E360.05693
G1 X113.334 Y114.384 E360.0896
G1 X113.958 Y113.857 E360.11677
G1 X114.298 Y113.409 E360.13547
G1 X114.586 Y112.762 E360.15903
G1 X114.697 Y112.046 E360.18313
G1 X114.638 Y111.625 E360.19727
G0 F4800 X114.61 Y111.427
G0 X113.909 Y111.524
G0 X112.219 Y110.522
G0 X113.016 Y110.886
;TYPE:SKIN
G1 F1800 X113.283 Y111.177 E360.2104
G1 X113.431 Y111.524 E360.22295
G1 X113.466 Y111.769 E360.23118
G1 X112.219 Y110.522 E360.28984
G1 X112.63 Y110.63 E360.30397
G1 X113.016 Y110.886 E360.31938
G0 F4800 X112.219 Y110.522
G1 F1800 X111.698 Y110.567 E360.33677
G1 X113.459 Y112.327 E360.41958
G1 X113.278 Y112.712 E360.43373
G1 X111.262 Y110.696 E360.52855
G1 X110.922 Y110.922 E360.54213
G1 X113.061 Y113.061 E360.64274
G1 X112.733 Y113.299 E360.65622
G1 X110.688 Y111.253 E360.75244
G1 X110.552 Y111.683 E360.76744
G1 X112.336 Y113.467 E360.85135
G1 X112.222 Y113.505 E360.85535
G1 X111.545 Y113.439 E360.87797
G1 X111.075 Y113.209 E360.89538
G1 X110.813 Y112.937 E360.90794
G1 X110.53 Y112.342 E360.92985
G1 X110.52 Y112.217 E360.93402
G1 X111.762 Y113.46 E360.99246
G1 F1500 E350.99246
;MESH:I2C_LED_BTN-Body002.stl(3)
G0 F4800 X114.365 Y112.703
G0 X115.447 Y112.868
G0 X120.476 Y112.24
G0 X121.547 Y112.158
G0 X122.328 Y112.794
;TYPE:WALL-INNER
G1 F1500 E360.99246
G1 F2400 X122.504 Y113.164 E361.00609
G1 X122.849 Y113.522 E361.02263
G1 X123.432 Y113.805 E361.04418
G1 X124.273 Y113.888 E361.07229
G1 X124.796 Y113.718 E361.09058
G1 X125.374 Y113.302 E361.11427
G1 X125.605 Y112.999 E361.12694
G1 X125.812 Y112.534 E361.14387
G1 X125.888 Y112.041 E361.16046
G1 X125.8 Y111.421 E361.18129
G1 X125.607 Y110.97 E361.1976
G1 X125.264 Y110.594 E361.21453
G1 X124.796 Y110.283 E361.23322
G1 X124.132 Y110.11 E361.25604
G1 X123.565 Y110.155 E361.27496
G1 X123.2 Y110.283 E361.28783
G1 X122.656 Y110.642 E361.3095
G1 X122.351 Y111.065 E361.32685
G1 X122.112 Y111.838 E361.35376
G1 X122.156 Y112.432 E361.37357
G1 X122.328 Y112.794 E361.3869
G0 F4800 X125.937 Y111.724
G0 X126.242 Y111.682
G1 F2400 X126.189 Y111.312 E361.39933
G1 X125.948 Y110.75 E361.41967
G1 X125.526 Y110.288 E361.44048
G1 X124.975 Y109.922 E361.46248
G1 X124.32 Y109.694 E361.48555
G1 X123.482 Y109.76 E361.51351
G1 X123.021 Y109.922 E361.52976
G1 X122.375 Y110.349 E361.55552
G1 X122.001 Y110.866 E361.57674
G1 X121.802 Y111.33 E361.59353
G1 X121.709 Y111.815 E361.60996
G1 X121.761 Y112.513 E361.63324
G1 X121.922 Y112.982 E361.64973
G1 X122.186 Y113.41 E361.66645
G1 X122.61 Y113.851 E361.6868
G1 X123.302 Y114.187 E361.71239
G1 X123.797 Y114.288 E361.72919
G1 X124.337 Y114.288 E361.74715
G1 X125.134 Y114.029 E361.77502
G1 X125.666 Y113.58 E361.79818
G1 X125.952 Y113.204 E361.81389
G1 X126.199 Y112.648 E361.83413
G1 X126.293 Y112.044 E361.85446
G1 X126.242 Y111.682 E361.86662
G0 F4800 X126.638 Y111.625
;TYPE:WALL-OUTER
G1 F2400 X126.577 Y111.203 E361.8808
G1 X126.289 Y110.53 E361.90515
G1 X125.788 Y109.982 E361.92984
G1 X125.154 Y109.561 E361.95515
G1 X124.589 Y109.364 E361.97506
G1 X124.154 Y109.306 E361.98965
G1 X123.398 Y109.366 E362.01488
G1 X122.842 Y109.561 E362.03447
G1 X122.093 Y110.055 E362.06431
G1 X121.651 Y110.668 E362.08945
G1 X121.417 Y111.212 E362.10915
G1 X121.306 Y111.792 E362.12879
G1 X121.366 Y112.595 E362.15557
G1 X121.558 Y113.154 E362.17523
G1 X121.868 Y113.656 E362.19485
G1 X122.372 Y114.179 E362.21901
G1 X123.173 Y114.569 E362.24864
G1 X123.757 Y114.688 E362.26846
G1 X124.4 Y114.688 E362.28985
G1 X125.334 Y114.384 E362.32252
G1 X125.958 Y113.857 E362.34969
G1 X126.298 Y113.409 E362.36839
G1 X126.586 Y112.762 E362.39195
G1 X126.697 Y112.046 E362.41604
G1 X126.638 Y111.625 E362.43018
G0 F4800 X126.61 Y111.427
G0 X125.909 Y111.524
G0 X125.431 Y111.523
;TYPE:SKIN
G1 F1800 X125.284 Y111.179 E362.44263
G1 X125.017 Y110.886 E362.45581
G1 X124.63 Y110.63 E362.47124
G1 X124.054 Y110.478 E362.49106
G1 X125.487 Y111.91 E362.55844
G1 X125.44 Y112.429 E362.57577
G1 X123.596 Y110.585 E362.66251
G1 X123.19 Y110.745 E362.67702
G1 X125.234 Y112.789 E362.77316
G1 X124.992 Y113.112 E362.78659
G1 X122.871 Y110.992 E362.88633
G1 X122.658 Y111.344 E362.90001
G1 X124.664 Y113.35 E362.99437
G1 X124.245 Y113.497 E363.00914
G1 X122.524 Y111.776 E363.09009
G1 X122.53 Y112.342 E363.10892
G1 X123.629 Y113.447 E363.16075
G1 X123.546 Y113.439 E363.16352
G1 X123.075 Y113.209 E363.18096
G1 X122.812 Y112.937 E363.19354
G1 F1500 E353.19354
;MESH:NONMESH
G0 F1800 X122.812 Y112.937 Z8.8
G0 F4800 X121.596 Y112.554
G0 X120.506 Y112.637
G0 X112.541 Y115.552
G0 X111.673 Y115.553
G0 X111.043 Y115.424
G0 X103.447 Y112.868
G0 X102.365 Y112.703
G0 X99.302 Y113.266
;TIME_ELAPSED:544.027314
;LAYER:43
;TYPE:WALL-INNER
;MESH:I2C_LED_BTN-Body002.stl(4)
G1 F1500 E363.19354
G1 F2400 X99.618 Y113.44 E363.20554
G1 X100.196 Y113.477 E363.2248
G1 X100.662 Y113.354 E363.24083
G1 X100.987 Y113.113 E363.25429
G1 X101.286 Y112.75 E363.26993
G1 X101.483 Y112.149 E363.29097
G1 X101.491 Y111.784 E363.30311
G1 X101.332 Y111.331 E363.31908
G1 X100.94 Y110.842 E363.33992
G1 X100.476 Y110.584 E363.35758
G1 X99.973 Y110.511 E363.37449
G1 X99.379 Y110.644 E363.39473
G1 X98.996 Y110.899 E363.41004
G1 X98.622 Y111.421 E363.4314
G1 X98.506 Y111.784 E363.44407
G1 X98.516 Y112.149 E363.45621
G1 X98.712 Y112.748 E363.47718
G1 X98.997 Y113.098 E363.49219
G1 X99.302 Y113.266 E363.50377
G0 F4800 X101.752 Y112.588
G1 F2400 X101.882 Y112.202 E363.51728
G1 X101.892 Y111.72 E363.53332
G1 X101.694 Y111.154 E363.55326
G1 X101.192 Y110.527 E363.57998
G1 X100.577 Y110.194 E363.60324
G1 X99.981 Y110.108 E363.62327
G1 X99.2 Y110.283 E363.64989
G1 X98.733 Y110.593 E363.66853
G1 X98.254 Y111.26 E363.69584
G1 X98.105 Y111.727 E363.71215
G1 X98.117 Y112.202 E363.72795
G1 X98.373 Y112.965 E363.75472
G1 X98.722 Y113.394 E363.77311
G1 X99.138 Y113.683 E363.78996
G1 X99.516 Y113.83 E363.80345
G1 X100.259 Y113.875 E363.82821
G1 X100.839 Y113.721 E363.84817
G1 X101.265 Y113.405 E363.86581
G1 X101.626 Y112.966 E363.88471
G1 X101.752 Y112.588 E363.89793
G0 F4800 X100.281 Y110.06
G0 X100.326 Y109.754
G1 F2400 X99.988 Y109.705 E363.90929
G1 X99.493 Y109.758 E363.92585
G1 X99.021 Y109.922 E363.94247
G1 X98.47 Y110.287 E363.96445
G1 X98.137 Y110.654 E363.98093
G1 X97.885 Y111.098 E363.99791
G1 X97.703 Y111.67 E364.01788
G1 X97.719 Y112.255 E364.03734
G1 X97.856 Y112.819 E364.05665
G1 X98.033 Y113.182 E364.07008
G1 X98.448 Y113.691 E364.09192
G1 X98.949 Y114.038 E364.11219
G1 X99.414 Y114.219 E364.12879
G1 X100.133 Y114.322 E364.15295
G1 X101.015 Y114.089 E364.18329
G1 X101.543 Y113.697 E364.20516
G1 X102.085 Y113.038 E364.23354
G1 X102.281 Y112.256 E364.26035
G1 X102.293 Y111.656 E364.28031
G1 X102.056 Y110.978 E364.3042
G1 X101.782 Y110.551 E364.32108
G1 X101.443 Y110.212 E364.33702
G1 X100.831 Y109.827 E364.36107
G1 X100.326 Y109.754 E364.37804
G0 F4800 X100.38 Y109.358
;TYPE:WALL-OUTER
G1 F2400 X99.996 Y109.302 E364.39095
G1 X99.405 Y109.365 E364.41071
G1 X98.842 Y109.561 E364.43054
G1 X98.208 Y109.981 E364.45584
G1 X97.811 Y110.418 E364.47547
G1 X97.517 Y110.937 E364.49531
G1 X97.301 Y111.613 E364.51892
G1 X97.32 Y112.309 E364.54207
G1 X97.478 Y112.955 E364.56419
G1 X97.694 Y113.399 E364.58062
G1 X98.174 Y113.987 E364.60586
G1 X98.759 Y114.394 E364.62956
G1 X99.312 Y114.609 E364.6493
G1 X99.913 Y114.695 E364.66949
G1 X100.384 Y114.669 E364.68518
G1 X101.191 Y114.456 E364.71294
G1 X101.821 Y113.989 E364.73902
G1 X102.306 Y113.399 E364.76443
G1 X102.518 Y112.955 E364.78079
G1 X102.68 Y112.309 E364.80294
G1 X102.695 Y111.592 E364.8268
G1 X102.418 Y110.801 E364.85467
G1 X102.095 Y110.299 E364.87453
G1 X101.694 Y109.898 E364.89339
G1 X100.97 Y109.442 E364.92185
G1 X100.38 Y109.358 E364.94167
G0 F4800 X100.183 Y109.33
G0 X100.08 Y110.031
G0 X98.897 Y112.103
;TYPE:SKIN
G1 F1800 X100.09 Y110.911 E364.99776
G1 X99.541 Y110.993 E365.01622
G1 X99.254 Y111.182 E365.02765
G1 X98.97 Y111.582 E365.04397
G1 X98.894 Y112.093 E365.06115
G1 X99.035 Y112.531 E365.07645
G1 X100.525 Y111.041 E365.14654
G1 X100.828 Y111.304 E365.15988
G1 X99.297 Y112.835 E365.2319
G1 X99.662 Y113.036 E365.24576
G1 X101.042 Y111.656 E365.31067
G1 X101.109 Y111.846 E365.31737
G1 X100.958 Y112.545 E365.34115
G1 X100.481 Y113.01 E365.36331
G1 X100.172 Y113.091 E365.37393
G1 X101.024 Y112.24 E365.41399
G1 F1500 E355.41399
;MESH:I2C_LED_BTN-Body002.stl
G0 F4800 X102.453 Y112.286
G0 X103.548 Y112.305
G0 X108.455 Y112.312
G0 X109.548 Y112.286
G0 X111.302 Y113.266
;TYPE:WALL-INNER
G1 F1500 E365.41399
G1 F2400 X111.618 Y113.44 E365.42598
G1 X112.196 Y113.477 E365.44525
G1 X112.662 Y113.354 E365.46128
G1 X112.987 Y113.113 E365.47473
G1 X113.286 Y112.75 E365.49038
G1 X113.483 Y112.149 E365.51141
G1 X113.491 Y111.784 E365.52356
G1 X113.332 Y111.331 E365.53952
G1 X112.94 Y110.842 E365.56037
G1 X112.476 Y110.584 E365.57803
G1 X111.973 Y110.511 E365.59493
G1 X111.379 Y110.644 E365.61518
G1 X110.996 Y110.899 E365.63048
G1 X110.622 Y111.421 E365.65184
G1 X110.506 Y111.784 E365.66451
G1 X110.516 Y112.149 E365.67666
G1 X110.712 Y112.748 E365.69762
G1 X110.997 Y113.098 E365.71263
G1 X111.302 Y113.266 E365.72421
G0 F4800 X113.752 Y112.588
G1 F2400 X113.882 Y112.202 E365.73773
G1 X113.892 Y111.72 E365.75376
G1 X113.694 Y111.154 E365.77371
G1 X113.192 Y110.527 E365.80042
G1 X112.577 Y110.194 E365.82368
G1 X111.981 Y110.108 E365.84371
G1 X111.2 Y110.283 E365.87033
G1 X110.733 Y110.593 E365.88897
G1 X110.254 Y111.26 E365.91629
G1 X110.105 Y111.727 E365.93259
G1 X110.117 Y112.202 E365.94839
G1 X110.373 Y112.965 E365.97516
G1 X110.722 Y113.394 E365.99356
G1 X111.138 Y113.683 E366.0104
G1 X111.516 Y113.83 E366.02389
G1 X112.259 Y113.875 E366.04865
G1 X112.839 Y113.721 E366.06861
G1 X113.265 Y113.405 E366.08625
G1 X113.626 Y112.966 E366.10515
G1 X113.752 Y112.588 E366.11837
G0 F4800 X112.281 Y110.06
G0 X112.326 Y109.754
G1 F2400 X111.988 Y109.705 E366.12973
G1 X111.493 Y109.758 E366.14629
G1 X111.021 Y109.922 E366.16291
G1 X110.47 Y110.287 E366.18489
G1 X110.137 Y110.654 E366.20138
G1 X109.885 Y111.098 E366.21836
G1 X109.703 Y111.67 E366.23832
G1 X109.719 Y112.255 E366.25778
G1 X109.856 Y112.819 E366.27709
G1 X110.033 Y113.182 E366.29052
G1 X110.448 Y113.691 E366.31236
G1 X110.949 Y114.038 E366.33263
G1 X111.414 Y114.219 E366.34923
G1 X112.133 Y114.322 E366.37339
G1 X113.015 Y114.089 E366.40373
G1 X113.543 Y113.697 E366.4256
G1 X114.085 Y113.038 E366.45398
G1 X114.281 Y112.256 E366.4808
G1 X114.293 Y111.656 E366.50076
G1 X114.056 Y110.978 E366.52464
G1 X113.782 Y110.551 E366.54152
G1 X113.443 Y110.212 E366.55746
G1 X112.831 Y109.827 E366.58151
G1 X112.326 Y109.754 E366.59848
G0 F4800 X112.38 Y109.358
;TYPE:WALL-OUTER
G1 F2400 X111.996 Y109.302 E366.61139
G1 X111.405 Y109.365 E366.63116
G1 X110.842 Y109.561 E366.65099
G1 X110.208 Y109.981 E366.67628
G1 X109.811 Y110.418 E366.69592
G1 X109.517 Y110.937 E366.71576
G1 X109.301 Y111.613 E366.73936
G1 X109.32 Y112.309 E366.76252
G1 X109.478 Y112.955 E366.78464
G1 X109.694 Y113.399 E366.80106
G1 X110.174 Y113.987 E366.82631
G1 X110.759 Y114.394 E366.85001
G1 X111.312 Y114.609 E366.86974
G1 X111.913 Y114.695 E366.88994
G1 X112.384 Y114.669 E366.90562
G1 X113.191 Y114.456 E366.93339
G1 X113.821 Y113.989 E366.95947
G1 X114.306 Y113.399 E366.98487
G1 X114.518 Y112.955 E367.00124
G1 X114.68 Y112.309 E367.02339
G1 X114.695 Y111.592 E367.04724
G1 X114.418 Y110.801 E367.07511
G1 X114.095 Y110.299 E367.09497
G1 X113.694 Y109.898 E367.11383
G1 X112.97 Y109.442 E367.14229
G1 X112.38 Y109.358 E367.16211
G0 F4800 X112.183 Y109.33
G0 X112.08 Y110.031
G0 X111.984 Y110.896
;TYPE:SKIN
G1 F1800 X110.913 Y111.967 E367.21249
G1 X110.97 Y111.582 E367.22543
G1 X111.254 Y111.182 E367.24175
G1 X111.54 Y110.993 E367.25315
G1 X111.976 Y110.896 E367.26801
G1 X112.448 Y110.998 E367.28407
G1 X111.007 Y112.439 E367.35185
G1 X111.229 Y112.782 E367.36544
G1 X112.774 Y111.237 E367.43811
G1 X113.011 Y111.566 E367.45159
G1 X111.584 Y112.994 E367.51874
G1 X112.052 Y113.091 E367.53464
G1 X113.056 Y112.086 E367.58189
G1 X112.958 Y112.544 E367.59746
G1 X112.481 Y113.01 E367.61964
G1 X112.15 Y113.097 E367.63103
G1 F1500 E357.63103
;MESH:I2C_LED_BTN-Body002.stl(3)
G0 F4800 X114.453 Y112.286
G0 X115.548 Y112.305
G0 X120.455 Y112.312
G0 X121.548 Y112.286
G0 X123.302 Y113.266
;TYPE:WALL-INNER
G1 F1500 E367.63103
G1 F2400 X123.618 Y113.44 E367.64302
G1 X124.196 Y113.477 E367.66229
G1 X124.662 Y113.354 E367.67832
G1 X124.987 Y113.113 E367.69177
G1 X125.286 Y112.75 E367.70742
G1 X125.483 Y112.149 E367.72845
G1 X125.491 Y111.784 E367.7406
G1 X125.332 Y111.331 E367.75656
G1 X124.94 Y110.842 E367.77741
G1 X124.476 Y110.584 E367.79507
G1 X123.973 Y110.511 E367.81197
G1 X123.379 Y110.644 E367.83222
G1 X122.996 Y110.899 E367.84752
G1 X122.622 Y111.421 E367.86888
G1 X122.506 Y111.784 E367.88155
G1 X122.516 Y112.149 E367.8937
G1 X122.712 Y112.748 E367.91466
G1 X122.997 Y113.098 E367.92967
G1 X123.302 Y113.266 E367.94125
G0 F4800 X125.752 Y112.588
G1 F2400 X125.882 Y112.202 E367.95477
G1 X125.892 Y111.72 E367.9708
G1 X125.694 Y111.154 E367.99075
G1 X125.192 Y110.527 E368.01746
G1 X124.577 Y110.194 E368.04072
G1 X123.981 Y110.108 E368.06075
G1 X123.2 Y110.283 E368.08737
G1 X122.733 Y110.593 E368.10601
G1 X122.254 Y111.26 E368.13333
G1 X122.105 Y111.727 E368.14963
G1 X122.117 Y112.202 E368.16543
G1 X122.373 Y112.965 E368.1922
G1 X122.722 Y113.394 E368.2106
G1 X123.138 Y113.683 E368.22744
G1 X123.516 Y113.83 E368.24093
G1 X124.259 Y113.875 E368.26569
G1 X124.839 Y113.721 E368.28565
G1 X125.265 Y113.405 E368.30329
G1 X125.626 Y112.966 E368.32219
G1 X125.752 Y112.588 E368.33541
G0 F4800 X124.281 Y110.06
G0 X124.326 Y109.754
G1 F2400 X123.988 Y109.705 E368.34677
G1 X123.493 Y109.758 E368.36333
G1 X123.021 Y109.922 E368.37995
G1 X122.47 Y110.287 E368.40193
G1 X122.137 Y110.654 E368.41842
G1 X121.885 Y111.098 E368.4354
G1 X121.703 Y111.67 E368.45536
G1 X121.719 Y112.255 E368.47482
G1 X121.856 Y112.819 E368.49413
G1 X122.033 Y113.182 E368.50756
G1 X122.448 Y113.691 E368.5294
G1 X122.949 Y114.038 E368.54967
G1 X123.414 Y114.219 E368.56627
G1 X124.133 Y114.322 E368.59043
G1 X125.015 Y114.089 E368.62077
G1 X125.543 Y113.697 E368.64264
G1 X126.085 Y113.038 E368.67102
G1 X126.281 Y112.256 E368.69784
G1 X126.293 Y111.656 E368.7178
G1 X126.056 Y110.978 E368.74168
G1 X125.782 Y110.551 E368.75856
G1 X125.443 Y110.212 E368.7745
G1 X124.831 Y109.827 E368.79855
G1 X124.326 Y109.754 E368.81552
G0 F4800 X124.38 Y109.358
;TYPE:WALL-OUTER
G1 F2400 X123.996 Y109.302 E368.82843
G1 X123.405 Y109.365 E368.8482
G1 X122.842 Y109.561 E368.86803
G1 X122.208 Y109.981 E368.89332
G1 X121.811 Y110.418 E368.91296
G1 X121.517 Y110.937 E368.9328
G1 X121.301 Y111.613 E368.9564
G1 X121.32 Y112.309 E368.97956
G1 X121.478 Y112.955 E369.00168
G1 X121.694 Y113.399 E369.0181
G1 X122.174 Y113.987 E369.04335
G1 X122.759 Y114.394 E369.06705
G1 X123.312 Y114.609 E369.08678
G1 X123.913 Y114.695 E369.10698
G1 X124.384 Y114.669 E369.12266
G1 X125.191 Y114.456 E369.15042
G1 X125.821 Y113.989 E369.17651
G1 X126.306 Y113.399 E369.20191
G1 X126.518 Y112.955 E369.21828
G1 X126.68 Y112.309 E369.24043
G1 X126.695 Y111.592 E369.26428
G1 X126.418 Y110.801 E369.29215
G1 X126.095 Y110.299 E369.31201
G1 X125.694 Y109.898 E369.33087
G1 X124.97 Y109.442 E369.35933
G1 X124.38 Y109.358 E369.37915
G0 F4800 X124.183 Y109.33
G0 X124.08 Y110.031
G0 X122.934 Y111.825
;TYPE:SKIN
G1 F1800 X123.832 Y110.927 E369.42139
G1 X123.541 Y110.993 E369.43131
G1 X123.254 Y111.182 E369.44274
G1 X122.97 Y111.581 E369.45903
G1 X122.894 Y112.093 E369.47625
G1 X122.976 Y112.349 E369.48519
G1 X124.371 Y110.954 E369.55081
G1 X124.72 Y111.171 E369.56447
G1 X123.176 Y112.715 E369.6371
G1 X123.506 Y112.95 E369.65057
G1 X124.972 Y111.485 E369.71951
G1 X125.108 Y111.846 E369.73234
G1 X124.958 Y112.544 E369.75608
G1 X124.48 Y113.01 E369.77829
G1 X123.939 Y113.083 E369.79644
G1 X125.089 Y111.933 E369.85054
G1 F1500 E359.85054
;MESH:NONMESH
G0 F1800 X125.089 Y111.933 Z9
G0 F4800 X121.548 Y112.286
G0 X120.455 Y112.312
G0 X113.571 Y115.254
G0 X112.525 Y115.528
G0 X111.873 Y115.566
G0 X111.096 Y115.452
G0 X103.555 Y111.927
G0 X102.46 Y111.908
G0 X101.67 Y112.805
;TIME_ELAPSED:553.176360
;LAYER:44
;TYPE:WALL-INNER
;MESH:I2C_LED_BTN-Body002.stl(4)
G1 F1500 E369.85054
G1 F2400 X101.833 Y112.467 E369.86302
G1 X101.887 Y112.036 E369.87746
G1 X101.8 Y111.422 E369.89809
G1 X101.582 Y110.918 E369.91635
G1 X101.104 Y110.443 E369.93877
G1 X100.65 Y110.222 E369.95556
G1 X100.1 Y110.107 E369.97425
G1 X99.684 Y110.117 E369.98809
G1 X99.08 Y110.326 E370.00935
G1 X98.658 Y110.659 E370.02723
G1 X98.258 Y111.25 E370.05096
G1 X98.092 Y111.808 E370.07033
G1 X98.155 Y112.413 E370.09056
G1 X98.385 Y113.042 E370.11283
G1 X98.969 Y113.586 E370.13938
G1 X99.411 Y113.814 E370.15592
G1 X100.038 Y113.907 E370.177
G1 X100.581 Y113.812 E370.19534
G1 X101.028 Y113.581 E370.21207
G1 X101.512 Y113.133 E370.23401
G1 X101.67 Y112.805 E370.24612
G0 F4800 X102.025 Y112.973
G1 F2400 X102.224 Y112.56 E370.26136
G1 X102.29 Y112.033 E370.27903
G1 X102.189 Y111.313 E370.30321
G1 X101.919 Y110.689 E370.32582
G1 X101.339 Y110.113 E370.35301
G1 X100.78 Y109.841 E370.37369
G1 X100.136 Y109.706 E370.39557
G1 X99.612 Y109.718 E370.41301
G1 X98.885 Y109.97 E370.4386
G1 X98.229 Y110.488 E370.4664
G1 X97.888 Y111.093 E370.4895
G1 X97.686 Y111.77 E370.513
G1 X97.762 Y112.503 E370.53751
G1 X98.042 Y113.27 E370.56466
G1 X98.737 Y113.916 E370.59622
G1 X99.287 Y114.2 E370.61681
G1 X100.044 Y114.312 E370.64226
G1 X100.71 Y114.196 E370.66475
G1 X101.26 Y113.912 E370.68533
G1 X101.826 Y113.389 E370.71097
G1 X102.025 Y112.973 E370.7263
G0 F4800 X101.8 Y112.839
G0 X101.323 Y113.437
G0 X101.804 Y113.953
;TYPE:WALL-OUTER
G1 F2400 X102.139 Y113.644 E370.74146
G1 X102.442 Y113.141 E370.76099
G1 X102.616 Y112.653 E370.77823
G1 X102.694 Y112.03 E370.79911
G1 X102.577 Y111.203 E370.82689
G1 X102.255 Y110.459 E370.85385
G1 X101.574 Y109.782 E370.88579
G1 X100.91 Y109.459 E370.91035
G1 X100.173 Y109.305 E370.93539
G1 X99.54 Y109.32 E370.95645
G1 X98.69 Y109.614 E370.98637
G1 X98.103 Y110.078 E371.01125
G1 X97.813 Y110.412 E371.02596
G1 X97.518 Y110.935 E371.04594
G1 X97.28 Y111.732 E371.0736
G1 X97.369 Y112.594 E371.10242
G1 X97.609 Y113.251 E371.12569
G1 X97.86 Y113.647 E371.14128
G1 X98.505 Y114.246 E371.17056
G1 X99.163 Y114.586 E371.19519
G1 X100.049 Y114.717 E371.22498
G1 X100.839 Y114.58 E371.25165
G1 X101.492 Y114.242 E371.2761
G1 X101.804 Y113.953 E371.29025
G0 F4800 X101.95 Y113.818
G0 X101.469 Y113.301
G0 X101.446 Y111.628
;TYPE:SKIN
G1 F1800 X100.369 Y110.551 E371.34091
G1 X100.883 Y110.758 E371.35934
G1 X101.262 Y111.135 E371.37712
G1 X101.431 Y111.527 E371.39132
G1 X101.504 Y112.04 E371.40855
G1 X101.48 Y112.228 E371.41485
G1 X99.749 Y110.497 E371.49628
G1 X99.328 Y110.642 E371.51108
G1 X101.331 Y112.644 E371.60528
G1 X101.108 Y112.988 E371.61891
G1 X99.014 Y110.893 E371.71743
G1 X98.743 Y111.188 E371.73075
G1 X100.815 Y113.26 E371.82821
G1 X100.44 Y113.45 E371.8422
G1 X98.58 Y111.591 E371.92966
G1 X98.478 Y111.845 E371.93877
G1 X98.502 Y112.079 E371.94659
G1 X99.928 Y113.505 E372.01366
G1 X99.527 Y113.446 E372.02714
G1 X99.192 Y113.273 E372.03968
G1 X98.784 Y112.896 E372.05816
G1 X98.527 Y112.318 E372.0792
G1 F1500 E362.0792
;MESH:I2C_LED_BTN-Body002.stl
G0 F4800 X102.467 Y112.031
G0 X103.549 Y111.876
G0 X108.425 Y111.866
G0 X109.512 Y111.755
G0 X113.67 Y112.805
;TYPE:WALL-INNER
G1 F1500 E372.0792
G1 F2400 X113.833 Y112.467 E372.09168
G1 X113.887 Y112.036 E372.10613
G1 X113.8 Y111.422 E372.12675
G1 X113.582 Y110.918 E372.14502
G1 X113.104 Y110.443 E372.16743
G1 X112.65 Y110.222 E372.18423
G1 X112.1 Y110.107 E372.20291
G1 X111.684 Y110.117 E372.21675
G1 X111.08 Y110.326 E372.23801
G1 X110.658 Y110.659 E372.25589
G1 X110.258 Y111.25 E372.27963
G1 X110.092 Y111.808 E372.29899
G1 X110.155 Y112.413 E372.31922
G1 X110.385 Y113.042 E372.3415
G1 X110.969 Y113.586 E372.36804
G1 X111.411 Y113.814 E372.38458
G1 X112.038 Y113.907 E372.40567
G1 X112.581 Y113.812 E372.424
G1 X113.028 Y113.581 E372.44074
G1 X113.512 Y113.133 E372.46267
G1 X113.67 Y112.805 E372.47478
G0 F4800 X114.025 Y112.973
G1 F2400 X114.224 Y112.56 E372.49003
G1 X114.29 Y112.033 E372.50769
G1 X114.189 Y111.313 E372.53188
G1 X113.919 Y110.689 E372.55449
G1 X113.339 Y110.113 E372.58168
G1 X112.78 Y109.841 E372.60235
G1 X112.136 Y109.706 E372.62424
G1 X111.612 Y109.718 E372.64167
G1 X110.885 Y109.97 E372.66726
G1 X110.229 Y110.488 E372.69506
G1 X109.888 Y111.093 E372.71816
G1 X109.686 Y111.77 E372.74166
G1 X109.762 Y112.503 E372.76617
G1 X110.042 Y113.27 E372.79333
G1 X110.737 Y113.916 E372.82489
G1 X111.287 Y114.2 E372.84548
G1 X112.044 Y114.312 E372.87093
G1 X112.71 Y114.196 E372.89341
G1 X113.26 Y113.912 E372.914
G1 X113.826 Y113.389 E372.93963
G1 X114.025 Y112.973 E372.95497
G0 F4800 X113.8 Y112.839
G0 X113.323 Y113.437
G0 X113.804 Y113.953
;TYPE:WALL-OUTER
G1 F2400 X114.139 Y113.644 E372.97013
G1 X114.442 Y113.141 E372.98966
G1 X114.616 Y112.653 E373.00689
G1 X114.694 Y112.03 E373.02777
G1 X114.577 Y111.203 E373.05555
G1 X114.255 Y110.459 E373.08252
G1 X113.574 Y109.782 E373.11445
G1 X112.91 Y109.459 E373.13901
G1 X112.173 Y109.305 E373.16406
G1 X111.54 Y109.32 E373.18512
G1 X110.69 Y109.614 E373.21503
G1 X110.103 Y110.078 E373.23992
G1 X109.813 Y110.412 E373.25463
G1 X109.518 Y110.935 E373.2746
G1 X109.28 Y111.732 E373.30226
G1 X109.369 Y112.594 E373.33109
G1 X109.609 Y113.251 E373.35435
G1 X109.86 Y113.647 E373.36995
G1 X110.505 Y114.246 E373.39922
G1 X111.163 Y114.586 E373.42386
G1 X112.049 Y114.717 E373.45365
G1 X112.839 Y114.58 E373.48031
G1 X113.492 Y114.242 E373.50477
G1 X113.804 Y113.953 E373.51891
G0 F4800 X113.95 Y113.818
G0 X113.469 Y113.301
G0 X112.216 Y110.519
G0 X112.883 Y110.758
;TYPE:SKIN
G1 F1800 X113.262 Y111.135 E373.53669
G1 X113.431 Y111.527 E373.55089
G1 X113.465 Y111.768 E373.55899
G1 X112.216 Y110.519 E373.61774
G1 X112.528 Y110.585 E373.62834
G1 X112.883 Y110.758 E373.64148
G0 F4800 X112.216 Y110.519
G1 F1800 X111.885 Y110.449 E373.65273
G1 X111.659 Y110.528 E373.66069
G1 X113.467 Y112.335 E373.74571
G1 X113.291 Y112.726 E373.75997
G1 X111.248 Y110.683 E373.85607
G1 X110.951 Y110.951 E373.86938
G1 X113.046 Y113.046 E373.96792
G1 X112.737 Y113.303 E373.98129
G1 X110.708 Y111.274 E374.07672
G1 X110.546 Y111.677 E374.09117
G1 X112.337 Y113.468 E374.17541
G1 X112.035 Y113.521 E374.18561
G1 X111.527 Y113.446 E374.20269
G1 X111.191 Y113.273 E374.21526
G1 X110.785 Y112.896 E374.23369
G1 X110.527 Y112.318 E374.25474
G1 X110.516 Y112.213 E374.25825
G1 X111.787 Y113.484 E374.31804
G1 F1500 E364.31804
;MESH:I2C_LED_BTN-Body002.stl(3)
G0 F4800 X114.396 Y112.594
G0 X115.482 Y112.731
G0 X120.437 Y111.975
G0 X121.505 Y111.866
G0 X125.67 Y112.805
;TYPE:WALL-INNER
G1 F1500 E374.31804
G1 F2400 X125.833 Y112.467 E374.33052
G1 X125.887 Y112.036 E374.34496
G1 X125.8 Y111.422 E374.36559
G1 X125.582 Y110.918 E374.38385
G1 X125.104 Y110.443 E374.40627
G1 X124.65 Y110.222 E374.42306
G1 X124.1 Y110.107 E374.44175
G1 X123.684 Y110.117 E374.45559
G1 X123.08 Y110.326 E374.47685
G1 X122.658 Y110.659 E374.49473
G1 X122.258 Y111.25 E374.51846
G1 X122.092 Y111.808 E374.53783
G1 X122.155 Y112.413 E374.55806
G1 X122.385 Y113.042 E374.58033
G1 X122.969 Y113.586 E374.60688
G1 X123.411 Y113.814 E374.62342
G1 X124.038 Y113.907 E374.6445
G1 X124.581 Y113.812 E374.66284
G1 X125.028 Y113.581 E374.67957
G1 X125.512 Y113.133 E374.70151
G1 X125.67 Y112.805 E374.71362
G0 F4800 X126.025 Y112.973
G1 F2400 X126.224 Y112.56 E374.72886
G1 X126.29 Y112.033 E374.74653
G1 X126.189 Y111.313 E374.77071
G1 X125.919 Y110.689 E374.79332
G1 X125.339 Y110.113 E374.82051
G1 X124.78 Y109.841 E374.84119
G1 X124.136 Y109.706 E374.86307
G1 X123.612 Y109.718 E374.88051
G1 X122.885 Y109.97 E374.9061
G1 X122.229 Y110.488 E374.9339
G1 X121.888 Y111.093 E374.957
G1 X121.686 Y111.77 E374.9805
G1 X121.762 Y112.503 E375.00501
G1 X122.042 Y113.27 E375.03216
G1 X122.737 Y113.916 E375.06372
G1 X123.287 Y114.2 E375.08431
G1 X124.044 Y114.312 E375.10976
G1 X124.71 Y114.196 E375.13225
G1 X125.26 Y113.912 E375.15284
G1 X125.826 Y113.389 E375.17847
G1 X126.025 Y112.973 E375.1938
G0 F4800 X125.8 Y112.839
G0 X125.323 Y113.437
G0 X125.804 Y113.953
;TYPE:WALL-OUTER
G1 F2400 X126.139 Y113.644 E375.20896
G1 X126.442 Y113.141 E375.22849
G1 X126.616 Y112.653 E375.24573
G1 X126.694 Y112.03 E375.26661
G1 X126.577 Y111.203 E375.29439
G1 X126.255 Y110.459 E375.32135
G1 X125.574 Y109.782 E375.35329
G1 X124.91 Y109.459 E375.37785
G1 X124.173 Y109.305 E375.40289
G1 X123.54 Y109.32 E375.42395
G1 X122.69 Y109.614 E375.45387
G1 X122.103 Y110.078 E375.47875
G1 X121.813 Y110.412 E375.49346
G1 X121.518 Y110.935 E375.51344
G1 X121.28 Y111.732 E375.5411
G1 X121.369 Y112.594 E375.56992
G1 X121.609 Y113.251 E375.59319
G1 X121.86 Y113.647 E375.60878
G1 X122.505 Y114.246 E375.63806
G1 X123.163 Y114.586 E375.66269
G1 X124.049 Y114.717 E375.69248
G1 X124.839 Y114.58 E375.71915
G1 X125.492 Y114.242 E375.7436
G1 X125.804 Y113.953 E375.75775
G0 F4800 X125.95 Y113.818
G0 X125.469 Y113.301
G0 X125.485 Y111.909
;TYPE:SKIN
G1 F1800 X124.063 Y110.487 E375.82464
G1 X124.528 Y110.585 E375.84044
G1 X124.883 Y110.758 E375.85358
G1 X125.262 Y111.135 E375.87136
G1 X125.432 Y111.527 E375.88557
G1 X125.504 Y112.04 E375.9028
G1 X125.435 Y112.424 E375.91577
G1 X123.57 Y110.559 E376.0035
G1 X123.185 Y110.74 E376.01765
G1 X125.253 Y112.808 E376.11492
G1 X124.983 Y113.104 E376.12825
G1 X122.887 Y111.008 E376.22683
G1 X122.673 Y111.359 E376.24051
G1 X124.657 Y113.344 E376.33385
G1 X124.234 Y113.486 E376.34869
G1 X122.51 Y111.762 E376.42979
G1 X122.478 Y111.844 E376.43271
G1 X122.548 Y112.366 E376.45023
G1 X123.645 Y113.463 E376.50183
G1 X123.191 Y113.273 E376.5182
G1 X122.784 Y112.896 E376.53665
G1 F1500 E366.53665
;MESH:NONMESH
G0 F1800 X122.784 Y112.896 Z9.2
G0 F4800 X121.593 Y112.54
G0 X120.505 Y112.651
G0 X113.122 Y115.412
G0 X112.057 Y115.593
G0 X111.011 Y115.44
G0 X103.482 Y112.731
G0 X102.396 Y112.594
G0 X98.904 Y112.937
;TIME_ELAPSED:562.596029
;LAYER:45
;TYPE:WALL-INNER
;MESH:I2C_LED_BTN-Body002.stl(4)
G1 F1500 E376.53665
G1 F2400 X99.198 Y113.28 E376.55168
G1 X99.617 Y113.439 E376.56658
G1 X100.197 Y113.478 E376.58592
G1 X100.65 Y113.359 E376.60149
G1 X101.118 Y113.01 E376.62091
G1 X101.347 Y112.635 E376.63553
G1 X101.484 Y112.045 E376.65567
G1 X101.414 Y111.553 E376.6722
G1 X101.212 Y111.115 E376.68824
G1 X100.654 Y110.66 E376.71219
G1 X100.234 Y110.526 E376.72685
G1 X99.67 Y110.543 E376.74562
G1 X99.286 Y110.678 E376.75916
G1 X98.875 Y111.02 E376.77694
G1 X98.609 Y111.454 E376.79387
G1 X98.508 Y111.919 E376.8097
G1 X98.609 Y112.592 E376.83233
G1 X98.904 Y112.937 E376.84743
G0 F4800 X101.802 Y112.412
G1 F2400 X101.887 Y112.039 E376.86016
G1 X101.802 Y111.439 E376.88031
G1 X101.544 Y110.881 E376.90076
G1 X101.012 Y110.356 E376.92562
G1 X100.314 Y110.131 E376.95001
G1 X99.582 Y110.15 E376.97436
G1 X99.085 Y110.324 E376.99188
G1 X98.581 Y110.745 E377.01372
G1 X98.227 Y111.327 E377.03638
G1 X98.075 Y112.03 E377.0603
G1 X98.235 Y112.754 E377.08496
G1 X98.567 Y113.239 E377.10451
G1 X98.983 Y113.626 E377.12341
G1 X99.517 Y113.829 E377.14241
G1 X100.259 Y113.875 E377.16713
G1 X100.826 Y113.726 E377.18663
G1 X101.419 Y113.285 E377.21121
G1 X101.712 Y112.806 E377.22989
G1 X101.802 Y112.412 E377.24333
G0 F4800 X98.292 Y110.995
G0 X98.067 Y110.832
G1 F2400 X97.845 Y111.199 E377.2576
G1 X97.665 Y112.03 E377.28588
G1 X97.861 Y112.916 E377.31606
G1 X98.262 Y113.502 E377.33967
G1 X98.768 Y113.972 E377.36264
G1 X99.416 Y114.219 E377.38571
G1 X100.132 Y114.322 E377.40977
G1 X101.003 Y114.093 E377.43972
G1 X101.72 Y113.56 E377.46944
G1 X102.077 Y112.976 E377.4922
G1 X102.238 Y112.496 E377.50904
G1 X102.29 Y112.033 E377.52454
G1 X102.19 Y111.324 E377.54835
G1 X101.877 Y110.647 E377.57316
G1 X101.417 Y110.194 E377.59463
G1 X100.993 Y109.929 E377.61126
G1 X100.22 Y109.68 E377.63827
G1 X99.493 Y109.758 E377.66259
G1 X98.885 Y109.971 E377.68402
G1 X98.286 Y110.469 E377.70993
G1 X98.067 Y110.832 E377.72403
G0 F4800 X98.292 Y110.995
G0 X101.938 Y111.726
G0 X102.638 Y111.626
;TYPE:WALL-OUTER
G1 F2400 X102.578 Y111.21 E377.73801
G1 X102.209 Y110.413 E377.76722
G1 X101.667 Y109.878 E377.79255
G1 X101.163 Y109.563 E377.81232
G1 X100.472 Y109.342 E377.83645
G1 X100.003 Y109.301 E377.85211
G1 X99.405 Y109.365 E377.87211
G1 X98.685 Y109.617 E377.89748
G1 X97.992 Y110.194 E377.92747
G1 X97.508 Y110.861 E377.95488
G1 X97.305 Y111.804 E377.98697
G1 X97.316 Y112.303 E378.00357
G1 X97.487 Y113.078 E378.02996
G1 X97.957 Y113.764 E378.05762
G1 X98.552 Y114.318 E378.08466
G1 X99.315 Y114.609 E378.11182
G1 X99.913 Y114.695 E378.13192
G1 X100.384 Y114.669 E378.14761
G1 X101.179 Y114.46 E378.17495
G1 X102.021 Y113.834 E378.20984
G1 X102.441 Y113.146 E378.23665
G1 X102.631 Y112.584 E378.25638
G1 X102.694 Y112.027 E378.27503
G1 X102.638 Y111.626 E378.2885
G0 F4800 X102.61 Y111.428
G0 X101.909 Y111.528
G0 X101.061 Y112.202
;TYPE:SKIN
G1 F1800 X100.172 Y113.092 E378.33033
G1 X100.48 Y113.01 E378.34094
G1 X100.833 Y112.749 E378.35554
G1 X100.996 Y112.481 E378.36597
G1 X101.099 Y112.04 E378.38103
G1 X101.042 Y111.656 E378.39394
G1 X99.651 Y113.047 E378.45937
G1 X99.304 Y112.828 E378.47302
G1 X100.838 Y111.294 E378.54518
G1 X100.527 Y111.039 E378.55855
G1 X99.043 Y112.523 E378.62835
G1 X98.966 Y112.434 E378.63227
G1 X98.891 Y111.941 E378.64885
G1 X98.969 Y111.586 E378.66094
G1 X99.159 Y111.279 E378.67295
G1 X99.477 Y111.014 E378.68672
G1 X100.095 Y110.906 E378.70759
G1 X98.914 Y112.087 E378.76314
G1 F1500 E368.76314
;MESH:I2C_LED_BTN-Body002.stl
G0 F4800 X102.468 Y112.033
G0 X103.549 Y111.878
G0 X108.445 Y111.902
G0 X109.52 Y111.879
G0 X110.904 Y112.937
;TYPE:WALL-INNER
G1 F1500 E378.76314
G1 F2400 X111.198 Y113.28 E378.77816
G1 X111.617 Y113.439 E378.79307
G1 X112.197 Y113.478 E378.8124
G1 X112.65 Y113.359 E378.82798
G1 X113.118 Y113.01 E378.8474
G1 X113.347 Y112.635 E378.86201
G1 X113.484 Y112.045 E378.88216
G1 X113.414 Y111.553 E378.89869
G1 X113.212 Y111.115 E378.91473
G1 X112.654 Y110.66 E378.93868
G1 X112.234 Y110.526 E378.95334
G1 X111.67 Y110.543 E378.97211
G1 X111.286 Y110.678 E378.98564
G1 X110.875 Y111.02 E379.00343
G1 X110.609 Y111.454 E379.02036
G1 X110.508 Y111.919 E379.03618
G1 X110.609 Y112.592 E379.05882
G1 X110.904 Y112.937 E379.07392
G0 F4800 X113.802 Y112.412
G1 F2400 X113.887 Y112.039 E379.08664
G1 X113.802 Y111.439 E379.1068
G1 X113.544 Y110.881 E379.12724
G1 X113.012 Y110.356 E379.1521
G1 X112.314 Y110.131 E379.17649
G1 X111.582 Y110.15 E379.20085
G1 X111.085 Y110.324 E379.21836
G1 X110.581 Y110.745 E379.24021
G1 X110.227 Y111.327 E379.26286
G1 X110.075 Y112.03 E379.28678
G1 X110.235 Y112.754 E379.31145
G1 X110.567 Y113.239 E379.33099
G1 X110.983 Y113.626 E379.34989
G1 X111.517 Y113.829 E379.36889
G1 X112.259 Y113.875 E379.39362
G1 X112.826 Y113.726 E379.41312
G1 X113.419 Y113.285 E379.4377
G1 X113.712 Y112.806 E379.45637
G1 X113.802 Y112.412 E379.46982
G0 F4800 X110.292 Y110.995
G0 X110.067 Y110.832
G1 F2400 X109.845 Y111.199 E379.48408
G1 X109.665 Y112.03 E379.51236
G1 X109.861 Y112.916 E379.54254
G1 X110.262 Y113.502 E379.56616
G1 X110.768 Y113.972 E379.58913
G1 X111.416 Y114.219 E379.61219
G1 X112.132 Y114.322 E379.63625
G1 X113.003 Y114.093 E379.66621
G1 X113.72 Y113.56 E379.69592
G1 X114.077 Y112.976 E379.71869
G1 X114.238 Y112.496 E379.73553
G1 X114.29 Y112.033 E379.75102
G1 X114.19 Y111.324 E379.77484
G1 X113.877 Y110.647 E379.79965
G1 X113.417 Y110.194 E379.82112
G1 X112.993 Y109.929 E379.83775
G1 X112.22 Y109.68 E379.86476
G1 X111.493 Y109.758 E379.88908
G1 X110.885 Y109.971 E379.91051
G1 X110.286 Y110.469 E379.93642
G1 X110.067 Y110.832 E379.95052
G0 F4800 X110.292 Y110.995
G0 X113.938 Y111.726
G0 X114.638 Y111.626
;TYPE:WALL-OUTER
G1 F2400 X114.578 Y111.21 E379.96449
G1 X114.209 Y110.413 E379.99371
G1 X113.667 Y109.878 E380.01904
G1 X113.163 Y109.563 E380.0388
G1 X112.472 Y109.342 E380.06293
G1 X112.003 Y109.301 E380.07859
G1 X111.405 Y109.365 E380.0986
G1 X110.685 Y109.617 E380.12397
G1 X109.992 Y110.194 E380.15396
G1 X109.508 Y110.861 E380.18137
G1 X109.305 Y111.804 E380.21345
G1 X109.316 Y112.303 E380.23005
G1 X109.487 Y113.078 E380.25645
G1 X109.957 Y113.764 E380.28411
G1 X110.552 Y114.318 E380.31115
G1 X111.315 Y114.609 E380.33831
G1 X111.913 Y114.695 E380.3584
G1 X112.384 Y114.669 E380.37409
G1 X113.179 Y114.46 E380.40143
G1 X114.021 Y113.834 E380.43633
G1 X114.441 Y113.146 E380.46314
G1 X114.631 Y112.584 E380.48287
G1 X114.694 Y112.027 E380.50151
G1 X114.638 Y111.626 E380.51498
G0 F4800 X114.61 Y111.428
G0 X113.909 Y111.528
G0 X112.151 Y113.097
;TYPE:SKIN
G1 F1800 X112.48 Y113.011 E380.52629
G1 X112.833 Y112.75 E380.54089
G1 X112.996 Y112.481 E380.55135
G1 X113.097 Y112.045 E380.56624
G1 X112.052 Y113.09 E380.61539
G1 X111.564 Y113.013 E380.63183
G1 X113.003 Y111.574 E380.69951
G1 X112.772 Y111.239 E380.71305
G1 X111.249 Y112.762 E380.78468
G1 X110.987 Y112.458 E380.79803
G1 X112.453 Y110.993 E380.86696
G1 X111.969 Y110.911 E380.88329
G1 X110.898 Y111.982 E380.93367
G1 X110.969 Y111.586 E380.94705
G1 X111.159 Y111.279 E380.95906
G1 X111.477 Y111.014 E380.97282
G1 X111.748 Y110.919 E380.98238
G1 F1500 E370.98238
;MESH:I2C_LED_BTN-Body002.stl(3)
G0 F4800 X114.468 Y112.033
G0 X115.549 Y111.878
G0 X120.445 Y111.902
G0 X121.52 Y111.879
G0 X122.904 Y112.937
;TYPE:WALL-INNER
G1 F1500 E380.98238
G1 F2400 X123.198 Y113.28 E380.9974
G1 X123.617 Y113.439 E381.01231
G1 X124.197 Y113.478 E381.03164
G1 X124.65 Y113.359 E381.04722
G1 X125.118 Y113.01 E381.06664
G1 X125.347 Y112.635 E381.08125
G1 X125.484 Y112.045 E381.1014
G1 X125.414 Y111.553 E381.11793
G1 X125.212 Y111.115 E381.13397
G1 X124.654 Y110.66 E381.15791
G1 X124.234 Y110.526 E381.17258
G1 X123.67 Y110.543 E381.19135
G1 X123.286 Y110.678 E381.20488
G1 X122.875 Y111.02 E381.22267
G1 X122.609 Y111.454 E381.2396
G1 X122.508 Y111.919 E381.25542
G1 X122.609 Y112.592 E381.27806
G1 X122.904 Y112.937 E381.29316
G0 F4800 X125.802 Y112.412
G1 F2400 X125.887 Y112.039 E381.30588
G1 X125.802 Y111.439 E381.32604
G1 X125.544 Y110.881 E381.34648
G1 X125.012 Y110.356 E381.37134
G1 X124.314 Y110.131 E381.39573
G1 X123.582 Y110.15 E381.42009
G1 X123.085 Y110.324 E381.4376
G1 X122.581 Y110.745 E381.45944
G1 X122.227 Y111.327 E381.4821
G1 X122.075 Y112.03 E381.50602
G1 X122.235 Y112.754 E381.53069
G1 X122.567 Y113.239 E381.55023
G1 X122.983 Y113.626 E381.56913
G1 X123.517 Y113.829 E381.58813
G1 X124.259 Y113.875 E381.61286
G1 X124.826 Y113.726 E381.63236
G1 X125.419 Y113.285 E381.65694
G1 X125.712 Y112.806 E381.67561
G1 X125.802 Y112.412 E381.68906
G0 F4800 X122.292 Y110.995
G0 X122.067 Y110.832
G1 F2400 X121.845 Y111.199 E381.70332
G1 X121.665 Y112.03 E381.7316
G1 X121.861 Y112.916 E381.76178
G1 X122.262 Y113.502 E381.7854
G1 X122.768 Y113.972 E381.80837
G1 X123.416 Y114.219 E381.83143
G1 X124.132 Y114.322 E381.85549
G1 X125.003 Y114.093 E381.88545
G1 X125.72 Y113.56 E381.91516
G1 X126.077 Y112.976 E381.93793
G1 X126.238 Y112.496 E381.95477
G1 X126.29 Y112.033 E381.97026
G1 X126.19 Y111.324 E381.99408
G1 X125.877 Y110.647 E382.01889
G1 X125.417 Y110.194 E382.04036
G1 X124.993 Y109.929 E382.05699
G1 X124.22 Y109.68 E382.084
G1 X123.493 Y109.758 E382.10832
G1 X122.885 Y109.971 E382.12975
G1 X122.286 Y110.469 E382.15565
G1 X122.067 Y110.832 E382.16975
G0 F4800 X122.292 Y110.995
G0 X125.938 Y111.726
G0 X126.638 Y111.626
;TYPE:WALL-OUTER
G1 F2400 X126.578 Y111.21 E382.18373
G1 X126.209 Y110.413 E382.21295
G1 X125.667 Y109.878 E382.23828
G1 X125.163 Y109.563 E382.25804
G1 X124.472 Y109.342 E382.28217
G1 X124.003 Y109.301 E382.29783
G1 X123.405 Y109.365 E382.31783
G1 X122.685 Y109.617 E382.34321
G1 X121.992 Y110.194 E382.3732
G1 X121.508 Y110.861 E382.40061
G1 X121.305 Y111.804 E382.43269
G1 X121.316 Y112.303 E382.44929
G1 X121.487 Y113.078 E382.47569
G1 X121.957 Y113.764 E382.50335
G1 X122.552 Y114.318 E382.53039
G1 X123.315 Y114.609 E382.55755
G1 X123.913 Y114.695 E382.57764
G1 X124.384 Y114.669 E382.59333
G1 X125.179 Y114.46 E382.62067
G1 X126.021 Y113.834 E382.65557
G1 X126.441 Y113.146 E382.68238
G1 X126.631 Y112.584 E382.70211
G1 X126.694 Y112.027 E382.72075
G1 X126.638 Y111.626 E382.73422
G0 F4800 X126.61 Y111.428
G0 X125.909 Y111.528
G0 X125.084 Y111.938
;TYPE:SKIN
G1 F1800 X123.939 Y113.083 E382.78808
G1 X124.48 Y113.01 E382.80623
G1 X124.833 Y112.749 E382.82084
G1 X124.996 Y112.482 E382.83124
G1 X125.099 Y112.04 E382.84634
G1 X124.966 Y111.491 E382.86512
G1 X123.477 Y112.979 E382.93514
G1 X123.193 Y112.698 E382.94843
G1 X124.705 Y111.185 E383.01957
G1 X124.361 Y110.964 E383.03317
G1 X122.956 Y112.369 E383.09926
G1 X122.891 Y111.942 E383.11362
G1 X122.969 Y111.586 E383.12574
G1 X123.159 Y111.28 E383.13772
G1 X123.477 Y111.014 E383.15151
G1 X123.843 Y110.916 E383.16411
G1 X122.912 Y111.847 E383.20791
G1 F1500 E373.20791
;MESH:NONMESH
G0 F1800 X122.912 Y111.847 Z9.4
G0 F4800 X121.537 Y111.828
G0 X120.444 Y111.852
G0 X113.527 Y108.773
G0 X112.643 Y108.49
G0 X111.993 Y108.433
G0 X103.014 Y110.089
G0 X102.021 Y110.547
G0 X100.018 Y110.155
;TIME_ELAPSED:571.984641
;LAYER:46
;TYPE:WALL-INNER
;MESH:I2C_LED_BTN-Body002.stl(4)
G1 F1500 E383.20791
G1 F2400 X99.582 Y110.15 E383.22241
G1 X99.085 Y110.324 E383.23992
G1 X98.582 Y110.744 E383.26172
G1 X98.189 Y111.437 E383.28821
G1 X98.089 Y112.079 E383.30982
G1 X98.252 Y112.816 E383.33493
G1 X98.712 Y113.386 E383.35929
G1 X99.313 Y113.765 E383.38292
G1 X99.831 Y113.9 E383.40073
G1 X100.256 Y113.875 E383.41489
G1 X100.957 Y113.633 E383.43955
G1 X101.421 Y113.285 E383.45884
G1 X101.777 Y112.697 E383.48171
G1 X101.903 Y112.112 E383.50161
G1 X101.747 Y111.271 E383.53006
G1 X101.457 Y110.797 E383.54854
G1 X101.166 Y110.508 E383.56218
G1 X100.447 Y110.158 E383.58878
G1 X100.018 Y110.155 E383.60305
G0 F4800 X101.675 Y110.975
G0 X101.938 Y110.817
G1 F2400 X101.773 Y110.547 E383.61357
G1 X101.416 Y110.193 E383.63029
G1 X100.982 Y109.921 E383.64733
G1 X100.537 Y109.765 E383.66301
G1 X99.997 Y109.704 E383.68109
G1 X99.493 Y109.758 E383.69795
G1 X98.885 Y109.971 E383.71937
G1 X98.287 Y110.469 E383.74526
G1 X98.001 Y110.867 E383.76156
G1 X97.801 Y111.325 E383.77818
G1 X97.683 Y112.092 E383.80399
G1 X97.825 Y112.736 E383.82593
G1 X98.023 Y113.169 E383.84176
G1 X98.432 Y113.676 E383.86343
G1 X98.991 Y114.095 E383.88666
G1 X99.792 Y114.303 E383.91419
G1 X100.318 Y114.272 E383.93171
G1 X101.013 Y114.092 E383.95559
G1 X101.723 Y113.558 E383.98514
G1 X102.154 Y112.847 E384.01279
G1 X102.306 Y112.138 E384.03691
G1 X102.259 Y111.589 E384.05524
G1 X102.115 Y111.107 E384.07197
G1 X101.938 Y110.817 E384.08327
G0 F4800 X102.28 Y110.61
;TYPE:WALL-OUTER
G1 F2400 X102.089 Y110.297 E384.09546
G1 X101.666 Y109.878 E384.11527
G1 X101.156 Y109.558 E384.13529
G1 X100.627 Y109.373 E384.15393
G1 X99.999 Y109.302 E384.17495
G1 X99.405 Y109.365 E384.19482
G1 X98.685 Y109.617 E384.22019
G1 X97.992 Y110.194 E384.25018
G1 X97.651 Y110.668 E384.2696
G1 X97.414 Y111.213 E384.28937
G1 X97.276 Y112.105 E384.31939
G1 X97.443 Y112.864 E384.34524
G1 X97.68 Y113.381 E384.36416
G1 X98.152 Y113.966 E384.38916
G1 X98.815 Y114.462 E384.4167
G1 X99.752 Y114.706 E384.4489
G1 X100.38 Y114.669 E384.46982
G1 X100.962 Y114.519 E384.48981
G1 X101.375 Y114.32 E384.50506
G1 X102.025 Y113.831 E384.53212
G1 X102.531 Y112.997 E384.56456
G1 X102.71 Y112.163 E384.59293
G1 X102.654 Y111.514 E384.6146
G1 X102.483 Y110.943 E384.63442
G1 X102.28 Y110.61 E384.64739
G0 F4800 X102.176 Y110.44
G0 X101.571 Y110.804
G0 X101.427 Y111.61
;TYPE:SKIN
G1 F1800 X100.352 Y110.534 E384.69798
G1 X100.936 Y110.816 E384.71955
G1 X101.391 Y111.418 E384.74465
G1 X101.517 Y112.097 E384.76762
G1 X101.488 Y112.236 E384.77234
G1 X99.781 Y110.529 E384.85263
G1 X99.329 Y110.642 E384.86813
G1 X101.352 Y112.666 E384.96331
G1 X101.14 Y113.019 E384.97701
G1 X99.006 Y110.886 E385.07736
G1 X98.755 Y111.2 E385.09073
G1 X100.817 Y113.262 E385.18772
G1 X100.411 Y113.422 E385.20223
G1 X98.553 Y111.564 E385.28963
G1 X98.479 Y112.055 E385.30614
G1 X98.699 Y112.766 E385.3309
G1 X98.972 Y113.103 E385.34532
G1 X99.452 Y113.408 E385.36424
G1 X99.936 Y113.513 E385.38071
G1 X98.479 Y112.055 E385.44927
G1 F1500 E375.44927
;MESH:I2C_LED_BTN-Body002.stl
G0 F4800 X102.43 Y111.565
G0 X103.518 Y111.469
G0 X108.569 Y111.075
G0 X109.649 Y111.251
G0 X112.018 Y110.155
;TYPE:WALL-INNER
G1 F1500 E385.44927
G1 F2400 X111.582 Y110.15 E385.46377
G1 X111.085 Y110.324 E385.48128
G1 X110.582 Y110.744 E385.50308
G1 X110.2 Y111.416 E385.52879
G1 X110.09 Y112.083 E385.55127
G1 X110.252 Y112.815 E385.57621
G1 X110.712 Y113.386 E385.6006
G1 X111.313 Y113.765 E385.62423
G1 X111.831 Y113.9 E385.64203
G1 X112.256 Y113.875 E385.65619
G1 X112.957 Y113.633 E385.68086
G1 X113.421 Y113.285 E385.70015
G1 X113.777 Y112.697 E385.72301
G1 X113.903 Y112.112 E385.74291
G1 X113.747 Y111.271 E385.77136
G1 X113.457 Y110.797 E385.78984
G1 X113.166 Y110.508 E385.80349
G1 X112.447 Y110.158 E385.83008
G1 X112.018 Y110.155 E385.84435
G0 F4800 X113.675 Y110.975
G0 X113.938 Y110.817
G1 F2400 X113.773 Y110.547 E385.85488
G1 X113.416 Y110.193 E385.8716
G1 X112.982 Y109.921 E385.88863
G1 X112.537 Y109.765 E385.90432
G1 X111.997 Y109.704 E385.92239
G1 X111.493 Y109.758 E385.93925
G1 X110.885 Y109.971 E385.96068
G1 X110.287 Y110.469 E385.98656
G1 X110.002 Y110.866 E386.00282
G1 X109.813 Y111.302 E386.01862
G1 X109.683 Y112.095 E386.04535
G1 X109.825 Y112.736 E386.06718
G1 X110.023 Y113.169 E386.08302
G1 X110.432 Y113.676 E386.10469
G1 X110.991 Y114.095 E386.12792
G1 X111.792 Y114.303 E386.15545
G1 X112.318 Y114.272 E386.17297
G1 X113.013 Y114.092 E386.19685
G1 X113.723 Y113.558 E386.2264
G1 X114.154 Y112.847 E386.25405
G1 X114.306 Y112.138 E386.27817
G1 X114.259 Y111.589 E386.2965
G1 X114.115 Y111.107 E386.31323
G1 X113.938 Y110.817 E386.32453
G0 F4800 X114.28 Y110.61
;TYPE:WALL-OUTER
G1 F2400 X114.089 Y110.297 E386.33672
G1 X113.666 Y109.878 E386.35653
G1 X113.156 Y109.558 E386.37655
G1 X112.627 Y109.373 E386.39519
G1 X111.999 Y109.302 E386.41621
G1 X111.405 Y109.365 E386.43608
G1 X110.685 Y109.617 E386.46145
G1 X109.992 Y110.194 E386.49144
G1 X109.652 Y110.668 E386.51084
G1 X109.426 Y111.189 E386.52973
G1 X109.276 Y112.106 E386.56064
G1 X109.443 Y112.864 E386.58645
G1 X109.68 Y113.381 E386.60537
G1 X110.152 Y113.966 E386.63037
G1 X110.815 Y114.462 E386.65791
G1 X111.752 Y114.706 E386.69011
G1 X112.38 Y114.669 E386.71104
G1 X112.962 Y114.519 E386.73103
G1 X113.375 Y114.32 E386.74628
G1 X114.025 Y113.831 E386.77333
G1 X114.531 Y112.997 E386.80577
G1 X114.71 Y112.163 E386.83415
G1 X114.654 Y111.514 E386.85581
G1 X114.483 Y110.943 E386.87564
G1 X114.28 Y110.61 E386.88861
G0 F4800 X114.176 Y110.44
G0 X113.571 Y110.804
G0 X112.231 Y110.534
;TYPE:SKIN
G1 F1800 X113.454 Y111.757 E386.94613
G1 X113.391 Y111.418 E386.9576
G1 X112.936 Y110.815 E386.98273
G1 X112.36 Y110.534 E387.00404
G1 X111.659 Y110.528 E387.02736
G1 X113.466 Y112.335 E387.11235
G1 X113.307 Y112.741 E387.12686
G1 X111.248 Y110.683 E387.22368
G1 X110.941 Y110.941 E387.23702
G1 X113.071 Y113.071 E387.33721
G1 X112.743 Y113.309 E387.35069
G1 X110.711 Y111.277 E387.44627
G1 X110.542 Y111.673 E387.46059
G1 X112.321 Y113.452 E387.54427
G1 X111.87 Y113.518 E387.55943
G1 X111.453 Y113.408 E387.57377
G1 X110.972 Y113.103 E387.59271
G1 X110.699 Y112.767 E387.60711
G0 F4800 X110.528 Y112.225
G1 F1800 X111.803 Y113.5 E387.66708
G1 F1500 E377.66708
;MESH:I2C_LED_BTN-Body002.stl(3)
G0 F4800 X114.43 Y111.565
G0 X115.518 Y111.469
G0 X120.559 Y111.106
G0 X121.64 Y111.277
G0 X124.018 Y110.155
;TYPE:WALL-INNER
G1 F1500 E387.66708
G1 F2400 X123.582 Y110.15 E387.68159
G1 X123.085 Y110.324 E387.6991
G1 X122.582 Y110.744 E387.7209
G1 X122.189 Y111.437 E387.74739
G1 X122.089 Y112.079 E387.769
G1 X122.252 Y112.816 E387.79411
G1 X122.712 Y113.386 E387.81847
G1 X123.313 Y113.765 E387.8421
G1 X123.831 Y113.9 E387.85991
G1 X124.256 Y113.875 E387.87407
G1 X124.957 Y113.633 E387.89873
G1 X125.421 Y113.285 E387.91802
G1 X125.777 Y112.697 E387.94089
G1 X125.903 Y112.112 E387.96079
G1 X125.747 Y111.271 E387.98924
G1 X125.457 Y110.797 E388.00772
G1 X125.166 Y110.508 E388.02136
G1 X124.447 Y110.158 E388.04796
G1 X124.018 Y110.155 E388.06223
G0 F4800 X125.675 Y110.975
G0 X125.938 Y110.817
G1 F2400 X125.773 Y110.547 E388.07275
G1 X125.416 Y110.193 E388.08947
G1 X124.982 Y109.921 E388.10651
G1 X124.537 Y109.765 E388.12219
G1 X123.997 Y109.704 E388.14027
G1 X123.493 Y109.758 E388.15713
G1 X122.885 Y109.971 E388.17855
G1 X122.287 Y110.469 E388.20444
G1 X122.001 Y110.867 E388.22074
G1 X121.801 Y111.325 E388.23736
G1 X121.683 Y112.092 E388.26317
G1 X121.825 Y112.736 E388.2851
G1 X122.023 Y113.169 E388.30094
G1 X122.432 Y113.676 E388.32261
G1 X122.991 Y114.095 E388.34584
G1 X123.792 Y114.303 E388.37337
G1 X124.318 Y114.272 E388.39089
G1 X125.013 Y114.092 E388.41477
G1 X125.723 Y113.558 E388.44432
G1 X126.154 Y112.847 E388.47197
G1 X126.306 Y112.138 E388.49609
G1 X126.259 Y111.589 E388.51442
G1 X126.115 Y111.107 E388.53115
G1 X125.938 Y110.817 E388.54245
G0 F4800 X126.28 Y110.61
;TYPE:WALL-OUTER
G1 F2400 X126.089 Y110.297 E388.55464
G1 X125.666 Y109.878 E388.57445
G1 X125.156 Y109.558 E388.59447
G1 X124.627 Y109.373 E388.61311
G1 X123.999 Y109.302 E388.63413
G1 X123.405 Y109.365 E388.654
G1 X122.685 Y109.617 E388.67937
G1 X121.992 Y110.194 E388.70936
G1 X121.651 Y110.668 E388.72878
G1 X121.414 Y111.213 E388.74855
G1 X121.276 Y112.105 E388.77857
G1 X121.443 Y112.864 E388.80442
G1 X121.68 Y113.381 E388.82334
G1 X122.152 Y113.966 E388.84834
G1 X122.815 Y114.462 E388.87588
G1 X123.752 Y114.706 E388.90808
G1 X124.38 Y114.669 E388.929
G1 X124.962 Y114.519 E388.94899
G1 X125.375 Y114.32 E388.96424
G1 X126.025 Y113.831 E388.9913
G1 X126.531 Y112.997 E389.02374
G1 X126.71 Y112.163 E389.05211
G1 X126.654 Y111.514 E389.07378
G1 X126.483 Y110.943 E389.0936
G1 X126.28 Y110.61 E389.10657
G0 F4800 X126.176 Y110.44
G0 X125.571 Y110.804
G0 X125.391 Y111.418
;TYPE:SKIN
G1 F1800 X124.936 Y110.815 E389.1317
G1 X124.36 Y110.534 E389.15301
G1 X124.109 Y110.532 E389.16136
G1 X125.481 Y111.905 E389.22592
G1 X125.445 Y112.434 E389.24356
G1 X123.569 Y110.558 E389.3318
G1 X123.183 Y110.738 E389.34596
G1 X125.262 Y112.817 E389.44375
G1 X125.003 Y113.124 E389.45711
G1 X122.875 Y110.995 E389.55723
G1 X122.667 Y111.354 E389.57103
G1 X124.653 Y113.339 E389.66442
G1 X124.232 Y113.484 E389.67923
G1 X122.521 Y111.773 E389.75971
G1 X122.478 Y112.059 E389.76933
G1 X122.585 Y112.403 E389.78131
G1 X123.638 Y113.456 E389.83084
G1 X123.453 Y113.408 E389.8372
G1 X122.972 Y113.103 E389.85614
G1 X122.699 Y112.766 E389.87057
G1 F1500 E379.87057
;MESH:NONMESH
G0 F1800 X122.699 Y112.766 Z9.6
G0 F4800 X121.508 Y112.105
G0 X120.428 Y111.934
G0 X113.536 Y108.778
G0 X112.816 Y108.526
G0 X112.001 Y108.431
G0 X111.213 Y108.519
G0 X110.436 Y108.79
G0 X103.569 Y112.053
G0 X102.481 Y112.149
G0 X101.395 Y112.363
;TIME_ELAPSED:581.262946
;LAYER:47
;TYPE:WALL-INNER
;MESH:I2C_LED_BTN-Body002.stl(4)
G1 F1500 E389.87057
G1 F2400 X101.492 Y111.992 E389.88332
G1 X101.378 Y111.436 E389.9022
G1 X101.141 Y111.047 E389.91735
G1 X100.618 Y110.64 E389.93939
G1 X100.098 Y110.511 E389.95721
G1 X99.381 Y110.643 E389.98146
G1 X98.994 Y110.9 E389.99691
G1 X98.731 Y111.189 E390.00991
G1 X98.515 Y111.864 E390.03348
G1 X98.551 Y112.345 E390.04952
G1 X98.683 Y112.739 E390.06334
G1 X98.991 Y113.101 E390.07915
G1 X99.467 Y113.391 E390.09769
G1 X99.871 Y113.497 E390.11158
G1 X100.628 Y113.35 E390.13723
G1 X101.054 Y113.047 E390.15462
G1 X101.309 Y112.696 E390.16905
G1 X101.395 Y112.363 E390.18049
G0 F4800 X101.139 Y110.548
G1 F2400 X100.797 Y110.28 E390.19494
G1 X100.117 Y110.108 E390.21827
G1 X99.567 Y110.154 E390.23662
G1 X99.201 Y110.283 E390.24953
G1 X98.732 Y110.594 E390.26825
G1 X98.391 Y110.968 E390.28508
G1 X98.19 Y111.429 E390.30181
G1 X98.112 Y111.841 E390.31576
G1 X98.156 Y112.424 E390.3352
G1 X98.328 Y112.939 E390.35326
G1 X98.712 Y113.39 E390.37296
G1 X99.324 Y113.767 E390.39687
G1 X99.832 Y113.9 E390.41433
G1 X100.247 Y113.876 E390.42816
G1 X100.779 Y113.723 E390.44657
G1 X101.348 Y113.322 E390.46972
G1 X101.665 Y112.887 E390.48763
G1 X101.848 Y112.393 E390.50515
G1 X101.894 Y111.998 E390.51838
G1 X101.746 Y111.271 E390.54305
G1 X101.457 Y110.797 E390.56152
G1 X101.139 Y110.548 E390.57495
G0 F4800 X101.587 Y113.155
G0 X101.833 Y113.335
G1 F2400 X102.021 Y113.077 E390.58557
G1 X102.24 Y112.487 E390.6065
G1 X102.32 Y111.795 E390.62967
G1 X102.115 Y111.107 E390.65355
G1 X101.773 Y110.547 E390.67537
G1 X101.417 Y110.194 E390.69204
G1 X100.828 Y109.828 E390.71511
G1 X100.136 Y109.705 E390.73849
G1 X99.483 Y109.76 E390.76028
G1 X99.022 Y109.922 E390.77653
G1 X98.47 Y110.288 E390.79856
G1 X98.051 Y110.747 E390.81923
G1 X97.805 Y111.311 E390.8397
G1 X97.709 Y111.818 E390.85686
G1 X97.761 Y112.504 E390.87974
G1 X97.973 Y113.139 E390.90201
G1 X98.553 Y113.821 E390.93179
G1 X99.18 Y114.143 E390.95523
G1 X99.792 Y114.303 E390.97627
G1 X100.314 Y114.272 E390.99366
G1 X101.104 Y114.046 E391.02099
G1 X101.642 Y113.598 E391.04428
G1 X101.833 Y113.335 E391.05509
G0 F4800 X102.157 Y113.57
;TYPE:WALL-OUTER
G1 F2400 X102.377 Y113.268 E391.06751
G1 X102.632 Y112.581 E391.09189
G1 X102.698 Y112.009 E391.11104
G1 X102.654 Y111.514 E391.12757
G1 X102.483 Y110.943 E391.14739
G1 X102.089 Y110.297 E391.17256
G1 X101.667 Y109.878 E391.19234
G1 X100.972 Y109.447 E391.21954
G1 X100.154 Y109.302 E391.24717
G1 X99.399 Y109.366 E391.27237
G1 X98.842 Y109.561 E391.292
G1 X98.208 Y109.982 E391.31731
G1 X97.711 Y110.527 E391.34184
G1 X97.421 Y111.192 E391.36597
G1 X97.306 Y111.796 E391.38642
G1 X97.366 Y112.584 E391.41271
G1 X97.618 Y113.339 E391.43918
G1 X98.301 Y114.142 E391.47424
G1 X99.036 Y114.519 E391.50172
G1 X99.752 Y114.706 E391.52633
G1 X100.382 Y114.669 E391.54732
G1 X101.08 Y114.469 E391.57147
G1 X101.471 Y114.261 E391.5862
G1 X101.936 Y113.874 E391.60632
G1 X102.157 Y113.57 E391.61882
G0 F4800 X102.274 Y113.409
G0 X101.705 Y112.994
G0 X101.046 Y112.217
;TYPE:SKIN
G1 F1800 X100.215 Y113.049 E391.65793
G1 X100.478 Y112.996 E391.66686
G1 X100.777 Y112.781 E391.67911
G1 X100.967 Y112.518 E391.6899
G1 X101.107 Y111.987 E391.70816
G1 X101.038 Y111.659 E391.71931
G1 X99.683 Y113.015 E391.78307
G1 X99.294 Y112.838 E391.79728
G1 X100.816 Y111.316 E391.86887
G1 X100.673 Y111.123 E391.87686
G1 X100.508 Y111.058 E391.88276
G1 X99.025 Y112.541 E391.95252
G1 X98.901 Y111.885 E391.97472
G1 X99.056 Y111.404 E391.99153
G1 X99.549 Y110.992 E392.0129
G1 X100.11 Y110.891 E392.03186
G1 X98.936 Y112.065 E392.08708
G1 F1500 E382.08708
;MESH:I2C_LED_BTN-Body002.stl
G0 F4800 X102.469 Y112.004
G0 X103.557 Y111.908
G0 X108.45 Y111.893
G0 X109.539 Y111.814
G0 X113.395 Y112.363
;TYPE:WALL-INNER
G1 F1500 E392.08708
G1 F2400 X113.492 Y111.992 E392.09983
G1 X113.378 Y111.436 E392.11871
G1 X113.141 Y111.047 E392.13386
G1 X112.618 Y110.64 E392.1559
G1 X112.098 Y110.511 E392.17372
G1 X111.381 Y110.643 E392.19797
G1 X110.994 Y110.9 E392.21342
G1 X110.731 Y111.189 E392.22642
G1 X110.515 Y111.864 E392.24999
G1 X110.551 Y112.345 E392.26603
G1 X110.683 Y112.739 E392.27985
G1 X110.991 Y113.101 E392.29566
G1 X111.467 Y113.391 E392.3142
G1 X111.871 Y113.497 E392.32809
G1 X112.628 Y113.35 E392.35374
G1 X113.054 Y113.047 E392.37113
G1 X113.309 Y112.696 E392.38556
G1 X113.395 Y112.363 E392.397
G0 F4800 X113.139 Y110.548
G1 F2400 X112.797 Y110.28 E392.41145
G1 X112.117 Y110.108 E392.43478
G1 X111.567 Y110.154 E392.45314
G1 X111.201 Y110.283 E392.46604
G1 X110.732 Y110.594 E392.48476
G1 X110.391 Y110.968 E392.50159
G1 X110.19 Y111.429 E392.51832
G1 X110.112 Y111.841 E392.53227
G1 X110.156 Y112.424 E392.55171
G1 X110.328 Y112.939 E392.56977
G1 X110.712 Y113.39 E392.58947
G1 X111.324 Y113.767 E392.61338
G1 X111.832 Y113.9 E392.63085
G1 X112.247 Y113.876 E392.64467
G1 X112.779 Y113.723 E392.66308
G1 X113.348 Y113.322 E392.68624
G1 X113.665 Y112.887 E392.70414
G1 X113.848 Y112.393 E392.72166
G1 X113.894 Y111.998 E392.73489
G1 X113.746 Y111.271 E392.75956
G1 X113.457 Y110.797 E392.77803
G1 X113.139 Y110.548 E392.79146
G0 F4800 X113.587 Y113.155
G0 X113.833 Y113.335
G1 F2400 X114.021 Y113.077 E392.80208
G1 X114.24 Y112.487 E392.82301
G1 X114.32 Y111.795 E392.84618
G1 X114.115 Y111.107 E392.87006
G1 X113.773 Y110.547 E392.89188
G1 X113.417 Y110.194 E392.90856
G1 X112.828 Y109.828 E392.93162
G1 X112.136 Y109.705 E392.955
G1 X111.483 Y109.76 E392.97679
G1 X111.022 Y109.922 E392.99304
G1 X110.47 Y110.288 E393.01507
G1 X110.051 Y110.747 E393.03574
G1 X109.805 Y111.311 E393.05621
G1 X109.709 Y111.818 E393.07337
G1 X109.761 Y112.504 E393.09625
G1 X109.973 Y113.139 E393.11852
G1 X110.553 Y113.821 E393.1483
G1 X111.18 Y114.143 E393.17174
G1 X111.792 Y114.303 E393.19278
G1 X112.314 Y114.272 E393.21017
G1 X113.104 Y114.046 E393.2375
G1 X113.642 Y113.598 E393.26079
G1 X113.833 Y113.335 E393.2716
G0 F4800 X114.157 Y113.57
;TYPE:WALL-OUTER
G1 F2400 X114.377 Y113.268 E393.28403
G1 X114.632 Y112.581 E393.3084
G1 X114.698 Y112.009 E393.32755
G1 X114.654 Y111.514 E393.34408
G1 X114.483 Y110.943 E393.3639
G1 X114.089 Y110.297 E393.38907
G1 X113.667 Y109.878 E393.40885
G1 X112.972 Y109.447 E393.43605
G1 X112.154 Y109.302 E393.46368
G1 X111.399 Y109.366 E393.48888
G1 X110.842 Y109.561 E393.50851
G1 X110.208 Y109.982 E393.53382
G1 X109.711 Y110.527 E393.55835
G1 X109.421 Y111.192 E393.58248
G1 X109.306 Y111.796 E393.60293
G1 X109.366 Y112.584 E393.62922
G1 X109.618 Y113.339 E393.65569
G1 X110.301 Y114.142 E393.69075
G1 X111.036 Y114.519 E393.71823
G1 X111.752 Y114.706 E393.74284
G1 X112.382 Y114.669 E393.76383
G1 X113.08 Y114.469 E393.78798
G1 X113.471 Y114.261 E393.80271
G1 X113.936 Y113.874 E393.82283
G1 X114.157 Y113.57 E393.83533
G0 F4800 X114.274 Y113.409
G0 X113.705 Y112.994
G0 X112.478 Y112.996
;TYPE:SKIN
G1 F1800 X112.777 Y112.781 E393.84758
G1 X112.967 Y112.518 E393.85837
G1 X113.089 Y112.054 E393.87433
G1 X112.064 Y113.079 E393.92254
G1 X111.896 Y113.112 E393.92824
G1 X111.599 Y112.978 E393.93908
G1 X113.008 Y111.569 E394.00535
G1 X112.765 Y111.246 E394.01879
G1 X111.224 Y112.788 E394.0913
G1 X111.006 Y112.44 E394.10496
G1 X112.421 Y111.024 E394.17154
G1 X111.963 Y110.917 E394.18718
G1 X110.916 Y111.964 E394.23643
G1 X110.901 Y111.885 E394.23911
G1 X111.056 Y111.404 E394.25591
G1 X111.549 Y110.992 E394.27728
G1 F1500 E384.27728
;MESH:I2C_LED_BTN-Body002.stl(3)
G0 F4800 X114.43 Y111.565
G0 X115.518 Y111.469
G0 X120.45 Y111.893
G0 X121.539 Y111.814
G0 X125.301 Y111.385
;TYPE:WALL-INNER
G1 F1500 E394.27728
G1 F2400 X125.141 Y111.047 E394.28972
G1 X124.618 Y110.64 E394.31176
G1 X124.098 Y110.511 E394.32958
G1 X123.381 Y110.643 E394.35383
G1 X122.994 Y110.9 E394.36928
G1 X122.731 Y111.189 E394.38228
G1 X122.515 Y111.864 E394.40585
G1 X122.551 Y112.345 E394.42189
G1 X122.683 Y112.739 E394.43571
G1 X122.991 Y113.101 E394.45152
G1 X123.467 Y113.391 E394.47006
G1 X123.871 Y113.497 E394.48395
G1 X124.628 Y113.35 E394.5096
G1 X125.054 Y113.047 E394.52699
G1 X125.309 Y112.696 E394.54142
G1 X125.456 Y112.299 E394.5555
G1 X125.47 Y111.742 E394.57403
G1 X125.301 Y111.385 E394.58717
G0 F4800 X125.139 Y110.548
G1 F2400 X124.797 Y110.28 E394.60162
G1 X124.117 Y110.108 E394.62495
G1 X123.567 Y110.154 E394.64331
G1 X123.201 Y110.283 E394.65621
G1 X122.732 Y110.594 E394.67493
G1 X122.391 Y110.968 E394.69176
G1 X122.19 Y111.429 E394.70849
G1 X122.112 Y111.841 E394.72244
G1 X122.156 Y112.424 E394.74188
G1 X122.328 Y112.939 E394.75994
G1 X122.712 Y113.39 E394.77964
G1 X123.324 Y113.767 E394.80355
G1 X123.832 Y113.9 E394.82102
G1 X124.247 Y113.876 E394.83484
G1 X124.779 Y113.723 E394.85325
G1 X125.348 Y113.322 E394.87641
G1 X125.665 Y112.887 E394.89431
G1 X125.848 Y112.393 E394.91183
G1 X125.894 Y111.998 E394.92506
G1 X125.746 Y111.271 E394.94973
G1 X125.457 Y110.797 E394.9682
G1 X125.139 Y110.548 E394.98163
G0 F4800 X125.985 Y112.018
G0 X126.249 Y112.048
G1 F2400 X126.259 Y111.59 E394.99687
G1 X126.115 Y111.107 E395.01363
G1 X125.773 Y110.547 E395.03546
G1 X125.417 Y110.194 E395.05213
G1 X124.828 Y109.828 E395.07519
G1 X124.136 Y109.705 E395.09857
G1 X123.483 Y109.76 E395.12037
G1 X123.022 Y109.922 E395.13662
G1 X122.47 Y110.288 E395.15865
G1 X122.051 Y110.747 E395.17932
G1 X121.805 Y111.311 E395.19978
G1 X121.709 Y111.818 E395.21695
G1 X121.761 Y112.504 E395.23983
G1 X121.973 Y113.139 E395.26209
G1 X122.553 Y113.821 E395.29187
G1 X123.18 Y114.143 E395.31532
G1 X123.792 Y114.303 E395.33635
G1 X124.314 Y114.272 E395.35375
G1 X125.104 Y114.046 E395.38108
G1 X125.642 Y113.598 E395.40436
G1 X126.021 Y113.077 E395.42579
G1 X126.24 Y112.487 E395.44672
G1 X126.249 Y112.048 E395.46133
G0 F4800 X125.985 Y112.018
G0 X125.587 Y113.155
G0 X126.157 Y113.57
;TYPE:WALL-OUTER
G1 F2400 X126.377 Y113.268 E395.47375
G1 X126.632 Y112.581 E395.49813
G1 X126.698 Y112.009 E395.51728
G1 X126.654 Y111.514 E395.53381
G1 X126.483 Y110.943 E395.55363
G1 X126.089 Y110.297 E395.5788
G1 X125.667 Y109.878 E395.59858
G1 X124.972 Y109.447 E395.62578
G1 X124.154 Y109.302 E395.65341
G1 X123.399 Y109.366 E395.67861
G1 X122.842 Y109.561 E395.69824
G1 X122.208 Y109.982 E395.72355
G1 X121.711 Y110.527 E395.74808
G1 X121.421 Y111.192 E395.77221
G1 X121.306 Y111.796 E395.79266
G1 X121.366 Y112.584 E395.81895
G1 X121.618 Y113.339 E395.84542
G1 X122.301 Y114.142 E395.88048
G1 X123.036 Y114.519 E395.90796
G1 X123.752 Y114.706 E395.93257
G1 X124.382 Y114.669 E395.95356
G1 X125.08 Y114.469 E395.97771
G1 X125.471 Y114.261 E395.99244
G1 X125.936 Y113.874 E396.01256
G1 X126.157 Y113.57 E396.02506
G0 F4800 X126.274 Y113.409
G0 X125.705 Y112.994
G0 X124.478 Y112.996
;TYPE:SKIN
G1 F1800 X124.777 Y112.781 E396.03731
G1 X124.967 Y112.518 E396.0481
G1 X125.107 Y111.986 E396.0664
G1 X124.956 Y111.501 E396.08329
G1 X123.517 Y112.94 E396.15098
G1 X123.169 Y112.722 E396.16464
G1 X124.713 Y111.178 E396.23726
G1 X124.335 Y110.99 E396.25131
G1 X122.987 Y112.338 E396.31471
G1 X122.901 Y111.886 E396.33001
G1 X123.056 Y111.404 E396.34685
G1 X123.549 Y110.992 E396.36822
G1 X123.815 Y110.944 E396.37721
G1 X122.914 Y111.845 E396.41959
G0 F4800 X123.913 Y113.109
G1 F1800 X125.094 Y111.928 E396.47514
G1 F1500 E386.47514
;MESH:NONMESH
G0 F1800 X125.094 Y111.928 Z9.8
G0 F4800 X121.539 Y111.814
G0 X120.45 Y111.893
G0 X112.996 Y108.574
G0 X112.19 Y108.436
G0 X111.221 Y108.516
G0 X103.557 Y111.908
G0 X102.469 Y112.004
G0 X98.167 Y112.263
;TIME_ELAPSED:590.460901
;LAYER:48
;TYPE:WALL-INNER
;MESH:I2C_LED_BTN-Body002.stl(4)
G1 F1500 E396.47514
G1 F2400 X98.226 Y112.667 E396.48872
G1 X98.434 Y113.064 E396.50363
G1 X98.934 Y113.568 E396.52724
G1 X99.31 Y113.761 E396.5413
G1 X99.85 Y113.885 E396.55973
G1 X100.367 Y113.872 E396.57693
G1 X100.837 Y113.693 E396.59366
G1 X101.298 Y113.372 E396.61234
G1 X101.627 Y112.963 E396.6298
G1 X101.833 Y112.546 E396.64527
G1 X101.895 Y111.994 E396.66374
G1 X101.854 Y111.549 E396.67861
G1 X101.638 Y111.045 E396.69685
G1 X101.166 Y110.508 E396.72062
G1 X100.815 Y110.288 E396.7344
G1 X100.107 Y110.107 E396.75871
G1 X99.681 Y110.117 E396.77288
G1 X99.087 Y110.324 E396.7938
G1 X98.582 Y110.747 E396.81571
G1 X98.19 Y111.434 E396.84202
G1 X98.109 Y111.854 E396.85625
G1 X98.167 Y112.263 E396.86999
G0 F4800 X101.117 Y113.612
G0 X101.292 Y113.864
G1 F2400 X101.574 Y113.668 E396.88141
G1 X101.967 Y113.179 E396.90227
G1 X102.223 Y112.66 E396.92152
G1 X102.297 Y111.998 E396.94368
G1 X102.247 Y111.45 E396.96198
G1 X101.922 Y110.695 E396.98932
G1 X101.416 Y110.193 E397.01303
G1 X100.841 Y109.832 E397.03561
G1 X100.137 Y109.706 E397.05939
G1 X99.609 Y109.718 E397.07696
G1 X98.886 Y109.971 E397.10244
G1 X98.287 Y110.473 E397.12843
G1 X98 Y110.868 E397.14467
G1 X97.805 Y111.315 E397.16089
G1 X97.707 Y111.826 E397.1782
G1 X97.736 Y112.382 E397.19671
G1 X97.851 Y112.813 E397.21155
G1 X98.101 Y113.29 E397.22946
G1 X98.553 Y113.821 E397.25266
G1 X99.172 Y114.14 E397.27582
G1 X99.809 Y114.286 E397.29755
G1 X100.446 Y114.27 E397.31875
G1 X101.025 Y114.049 E397.33936
G1 X101.292 Y113.864 E397.35016
G0 F4800 X101.518 Y114.194
;TYPE:WALL-OUTER
G1 F2400 X101.85 Y113.964 E397.3636
G1 X102.306 Y113.395 E397.38785
G1 X102.613 Y112.774 E397.41089
G1 X102.699 Y112.002 E397.43673
G1 X102.639 Y111.35 E397.4585
G1 X102.259 Y110.466 E397.49051
G1 X101.666 Y109.878 E397.51828
G1 X100.988 Y109.451 E397.54493
G1 X100.168 Y109.305 E397.57263
G1 X99.537 Y109.32 E397.59363
G1 X98.685 Y109.617 E397.62364
G1 X97.992 Y110.198 E397.65372
G1 X97.651 Y110.668 E397.67303
G1 X97.421 Y111.196 E397.69218
G1 X97.305 Y111.798 E397.71257
G1 X97.339 Y112.444 E397.73409
G1 X97.476 Y112.959 E397.75181
G1 X97.767 Y113.515 E397.77269
G1 X98.301 Y114.142 E397.80008
G1 X99.034 Y114.518 E397.82748
G1 X99.769 Y114.687 E397.85256
G1 X100.524 Y114.668 E397.87768
G1 X101.213 Y114.405 E397.90221
G1 X101.518 Y114.194 E397.91455
G0 F4800 X101.682 Y114.081
G0 X101.277 Y113.5
G0 X98.587 Y112.528
;TYPE:SKIN
G1 F1800 X98.979 Y113.114 E397.938
G1 X99.447 Y113.403 E397.95629
G1 X99.926 Y113.502 E397.97256
G1 X98.525 Y112.102 E398.03843
G1 X98.552 Y111.563 E398.05638
G1 X100.416 Y113.427 E398.14406
G1 X100.784 Y113.229 E398.15796
G1 X98.756 Y111.201 E398.25335
G1 X99.007 Y110.886 E398.26675
G1 X101.104 Y112.983 E398.36538
G1 X101.326 Y112.639 E398.379
G1 X99.329 Y110.643 E398.47291
G1 X99.749 Y110.497 E398.4877
G1 X101.468 Y112.216 E398.56856
G1 X101.482 Y111.649 E398.58742
G1 X101.199 Y111.08 E398.60856
G1 X100.643 Y110.633 E398.63228
G1 X100.386 Y110.568 E398.6411
G1 X101.482 Y111.664 E398.69265
G1 F1500 E388.69265
;MESH:I2C_LED_BTN-Body002.stl
G0 F4800 X102.469 Y111.999
G0 X103.557 Y111.902
G0 X108.446 Y111.87
G0 X109.538 Y111.819
G0 X110.167 Y112.263
;TYPE:WALL-INNER
G1 F1500 E398.69265
G1 F2400 X110.226 Y112.667 E398.70623
G1 X110.434 Y113.064 E398.72114
G1 X110.934 Y113.568 E398.74475
G1 X111.31 Y113.761 E398.75881
G1 X111.85 Y113.885 E398.77724
G1 X112.367 Y113.872 E398.79444
G1 X112.837 Y113.693 E398.81117
G1 X113.298 Y113.372 E398.82985
G1 X113.627 Y112.963 E398.84731
G1 X113.833 Y112.546 E398.86278
G1 X113.895 Y111.994 E398.88125
G1 X113.854 Y111.549 E398.89612
G1 X113.638 Y111.045 E398.91435
G1 X113.166 Y110.508 E398.93813
G1 X112.815 Y110.288 E398.95191
G1 X112.107 Y110.107 E398.97622
G1 X111.681 Y110.117 E398.99039
G1 X111.087 Y110.324 E399.01131
G1 X110.582 Y110.747 E399.03322
G1 X110.19 Y111.434 E399.05953
G1 X110.109 Y111.854 E399.07376
G1 X110.167 Y112.263 E399.0875
G0 F4800 X113.117 Y113.612
G0 X113.292 Y113.864
G1 F2400 X113.574 Y113.668 E399.09892
G1 X113.967 Y113.179 E399.11978
G1 X114.223 Y112.66 E399.13903
G1 X114.297 Y111.998 E399.16119
G1 X114.247 Y111.45 E399.17949
G1 X113.922 Y110.695 E399.20683
G1 X113.416 Y110.193 E399.23054
G1 X112.841 Y109.832 E399.25312
G1 X112.137 Y109.706 E399.2769
G1 X111.609 Y109.718 E399.29447
G1 X110.886 Y109.971 E399.31995
G1 X110.287 Y110.473 E399.34594
G1 X110 Y110.868 E399.36218
G1 X109.805 Y111.315 E399.3784
G1 X109.707 Y111.826 E399.39571
G1 X109.736 Y112.382 E399.41422
G1 X109.851 Y112.813 E399.42906
G1 X110.101 Y113.29 E399.44697
G1 X110.553 Y113.821 E399.47017
G1 X111.172 Y114.14 E399.49333
G1 X111.809 Y114.286 E399.51506
G1 X112.446 Y114.27 E399.53626
G1 X113.025 Y114.049 E399.55687
G1 X113.292 Y113.864 E399.56767
G0 F4800 X113.518 Y114.194
;TYPE:WALL-OUTER
G1 F2400 X113.85 Y113.964 E399.58111
G1 X114.306 Y113.395 E399.60536
G1 X114.613 Y112.774 E399.6284
G1 X114.699 Y112.002 E399.65424
G1 X114.639 Y111.35 E399.67601
G1 X114.259 Y110.466 E399.70802
G1 X113.666 Y109.878 E399.73579
G1 X112.988 Y109.451 E399.76244
G1 X112.168 Y109.305 E399.79014
G1 X111.537 Y109.32 E399.81114
G1 X110.685 Y109.617 E399.84115
G1 X109.992 Y110.198 E399.87122
G1 X109.651 Y110.668 E399.89054
G1 X109.421 Y111.196 E399.90969
G1 X109.305 Y111.798 E399.93008
G1 X109.339 Y112.444 E399.9516
G1 X109.476 Y112.959 E399.96932
G1 X109.767 Y113.515 E399.9902
G1 X110.301 Y114.142 E400.01759
G1 X111.034 Y114.518 E400.04499
G1 X111.769 Y114.687 E400.07007
G1 X112.524 Y114.668 E400.09519
G1 X113.213 Y114.405 E400.11972
G1 X113.518 Y114.194 E400.13206
G0 F4800 X113.682 Y114.081
G0 X113.277 Y113.5
G0 X112.224 Y110.527
G0 X112.643 Y110.633
;TYPE:SKIN
G1 F1800 X113.199 Y111.08 E400.15579
G1 X113.482 Y111.649 E400.17692
G1 X113.479 Y111.782 E400.18135
G1 X112.224 Y110.527 E400.24038
G1 X112.643 Y110.633 E400.25475
G0 F4800 X112.224 Y110.527
G1 F1800 X111.659 Y110.528 E400.27354
G1 X113.466 Y112.335 E400.35854
G1 X113.279 Y112.713 E400.37257
G1 X111.249 Y110.683 E400.46805
G1 X110.942 Y110.942 E400.48141
G1 X113.056 Y113.056 E400.58085
G1 X112.706 Y113.271 E400.59451
G1 X110.712 Y111.277 E400.6883
G1 X110.533 Y111.664 E400.70248
G1 X112.338 Y113.469 E400.78738
G1 X111.887 Y113.503 E400.80243
G1 X111.447 Y113.403 E400.81744
G1 X110.979 Y113.114 E400.83573
G1 X110.587 Y112.528 E400.85918
G1 X110.546 Y112.243 E400.86876
G1 X111.782 Y113.479 E400.92689
G1 F1500 E390.92689
;MESH:I2C_LED_BTN-Body002.stl(3)
G0 F4800 X114.392 Y112.709
G0 X115.479 Y112.826
G0 X120.474 Y112.457
G0 X121.566 Y112.406
G0 X122.167 Y112.263
;TYPE:WALL-INNER
G1 F1500 E400.92689
G1 F2400 X122.226 Y112.667 E400.94047
G1 X122.434 Y113.064 E400.95538
G1 X122.934 Y113.568 E400.97899
G1 X123.31 Y113.761 E400.99305
G1 X123.85 Y113.885 E401.01148
G1 X124.367 Y113.872 E401.02868
G1 X124.837 Y113.693 E401.04541
G1 X125.298 Y113.372 E401.06409
G1 X125.627 Y112.963 E401.08155
G1 X125.833 Y112.546 E401.09702
G1 X125.895 Y111.994 E401.11549
G1 X125.854 Y111.549 E401.13036
G1 X125.638 Y111.045 E401.14859
G1 X125.166 Y110.508 E401.17237
G1 X124.815 Y110.288 E401.18615
G1 X124.107 Y110.107 E401.21046
G1 X123.681 Y110.117 E401.22463
G1 X123.087 Y110.324 E401.24555
G1 X122.582 Y110.747 E401.26746
G1 X122.19 Y111.434 E401.29377
G1 X122.109 Y111.854 E401.308
G1 X122.167 Y112.263 E401.32174
G0 F4800 X125.117 Y113.612
G0 X125.292 Y113.864
G1 F2400 X125.574 Y113.668 E401.33316
G1 X125.967 Y113.179 E401.35402
G1 X126.223 Y112.66 E401.37327
G1 X126.297 Y111.998 E401.39543
G1 X126.247 Y111.45 E401.41373
G1 X125.922 Y110.695 E401.44107
G1 X125.416 Y110.193 E401.46477
G1 X124.841 Y109.832 E401.48736
G1 X124.137 Y109.706 E401.51114
G1 X123.609 Y109.718 E401.52871
G1 X122.886 Y109.971 E401.55419
G1 X122.287 Y110.473 E401.58018
G1 X122 Y110.868 E401.59642
G1 X121.805 Y111.315 E401.61264
G1 X121.707 Y111.826 E401.62995
G1 X121.736 Y112.382 E401.64846
G1 X121.851 Y112.813 E401.6633
G1 X122.101 Y113.29 E401.68121
G1 X122.553 Y113.821 E401.70441
G1 X123.172 Y114.14 E401.72757
G1 X123.809 Y114.286 E401.7493
G1 X124.446 Y114.27 E401.7705
G1 X125.025 Y114.049 E401.79111
G1 X125.292 Y113.864 E401.80191
G0 F4800 X125.518 Y114.194
;TYPE:WALL-OUTER
G1 F2400 X125.85 Y113.964 E401.81535
G1 X126.306 Y113.395 E401.8396
G1 X126.613 Y112.774 E401.86264
G1 X126.699 Y112.002 E401.88847
G1 X126.639 Y111.35 E401.91025
G1 X126.259 Y110.466 E401.94225
G1 X125.666 Y109.878 E401.97003
G1 X124.988 Y109.451 E401.99668
G1 X124.168 Y109.305 E402.02438
G1 X123.537 Y109.32 E402.04538
G1 X122.685 Y109.617 E402.07539
G1 X121.992 Y110.198 E402.10546
G1 X121.651 Y110.668 E402.12478
G1 X121.421 Y111.196 E402.14393
G1 X121.305 Y111.798 E402.16432
G1 X121.339 Y112.444 E402.18584
G1 X121.476 Y112.959 E402.20356
G1 X121.767 Y113.515 E402.22444
G1 X122.301 Y114.142 E402.25183
G1 X123.034 Y114.518 E402.27923
G1 X123.769 Y114.687 E402.30431
G1 X124.524 Y114.668 E402.32943
G1 X125.213 Y114.405 E402.35396
G1 X125.518 Y114.194 E402.3663
G0 F4800 X125.682 Y114.081
G0 X125.277 Y113.5
G0 X122.587 Y112.528
;TYPE:SKIN
G1 F1800 X122.979 Y113.114 E402.38975
G1 X123.447 Y113.403 E402.40804
G1 X123.626 Y113.443 E402.41414
G1 X122.566 Y112.383 E402.464
G1 X122.493 Y111.871 E402.4812
G1 X122.513 Y111.765 E402.48479
G1 X124.243 Y113.495 E402.56616
G1 X124.628 Y113.314 E402.58031
G1 X122.668 Y111.354 E402.6725
G1 X122.876 Y110.997 E402.68625
G1 X124.995 Y113.116 E402.78592
G1 X125.231 Y112.786 E402.79941
G1 X123.184 Y110.739 E402.8957
G1 X123.569 Y110.558 E402.90985
G1 X125.462 Y112.452 E402.99891
G1 X125.476 Y111.9 E403.01728
G1 X124.065 Y110.489 E403.08365
G1 X124.643 Y110.633 E403.10346
G1 X125.199 Y111.079 E403.12716
G1 X125.482 Y111.649 E403.14833
G1 F1500 E393.14833
;MESH:NONMESH
G0 F1800 X125.482 Y111.649 Z10
G0 F4800 X121.541 Y112.278
G0 X120.468 Y112.329
G0 X112.696 Y115.529
G0 X111.681 Y115.556
G0 X110.915 Y115.38
G0 X103.479 Y112.826
G0 X102.392 Y112.709
G0 X100.681 Y113.266
;TIME_ELAPSED:599.806728
;LAYER:49
;TYPE:WALL-INNER
;MESH:I2C_LED_BTN-Body002.stl(4)
G1 F1500 E403.14833
G1 F2400 X101.029 Y113.079 E403.16147
G1 X101.347 Y112.633 E403.17969
G1 X101.465 Y112.273 E403.19229
G1 X101.461 Y111.649 E403.21304
G1 X101.286 Y111.239 E403.22787
G1 X100.915 Y110.824 E403.24639
G1 X100.436 Y110.569 E403.26443
G1 X99.754 Y110.515 E403.28719
G1 X99.288 Y110.678 E403.30361
G1 X98.877 Y111.022 E403.32143
G1 X98.584 Y111.536 E403.34111
G1 X98.498 Y112.062 E403.35884
G1 X98.609 Y112.529 E403.37481
G1 X98.837 Y112.933 E403.39023
G1 X99.242 Y113.283 E403.40804
G1 X99.949 Y113.501 E403.43265
G1 X100.344 Y113.448 E403.4459
G1 X100.681 Y113.266 E403.45864
G0 F4800 X98.392 Y111.08
G1 F2400 X98.196 Y111.423 E403.47178
G1 X98.091 Y112.078 E403.49384
G1 X98.233 Y112.676 E403.51429
G1 X98.51 Y113.168 E403.53306
G1 X99.039 Y113.63 E403.55642
G1 X99.424 Y113.801 E403.57044
G1 X99.935 Y113.906 E403.58779
G1 X100.448 Y113.837 E403.605
G1 X100.958 Y113.629 E403.62332
G1 X101.298 Y113.378 E403.63738
G1 X101.713 Y112.802 E403.66099
G1 X101.859 Y112.356 E403.6766
G1 X101.854 Y111.549 E403.70344
G1 X101.638 Y111.046 E403.72165
G1 X101.166 Y110.508 E403.74545
G1 X100.543 Y110.181 E403.76885
G1 X99.681 Y110.117 E403.7976
G1 X99.087 Y110.325 E403.81854
G1 X98.582 Y110.748 E403.84045
G1 X98.392 Y111.08 E403.85317
G0 F4800 X100.745 Y113.815
G0 X100.86 Y114.101
G1 F2400 X101.155 Y113.98 E403.86377
G1 X101.713 Y113.569 E403.88682
G1 X102.079 Y112.971 E403.91014
G1 X102.319 Y112.237 E403.93583
G1 X102.247 Y111.45 E403.96211
G1 X101.922 Y110.694 E403.98948
G1 X101.416 Y110.193 E404.01317
G1 X100.829 Y109.825 E404.03621
G1 X100.136 Y109.706 E404.0596
G1 X99.609 Y109.718 E404.07713
G1 X98.886 Y109.971 E404.10261
G1 X98.287 Y110.473 E404.1286
G1 X98.001 Y110.867 E404.14479
G1 X97.809 Y111.31 E404.16085
G1 X97.684 Y112.093 E404.18722
G1 X97.857 Y112.823 E404.21218
G1 X98.271 Y113.559 E404.24026
G1 X98.837 Y113.978 E404.26368
G1 X99.301 Y114.185 E404.28058
G1 X99.921 Y114.311 E404.30163
G1 X100.552 Y114.227 E404.3228
G1 X100.86 Y114.101 E404.33387
G0 F4800 X100.745 Y113.815
G0 X98.737 Y110.498
G0 X98.284 Y109.953
;TYPE:WALL-OUTER
G1 F2400 X97.992 Y110.198 E404.34654
G1 X97.651 Y110.668 E404.36586
G1 X97.422 Y111.197 E404.38503
G1 X97.276 Y112.108 E404.41572
G1 X97.481 Y112.97 E404.44519
G1 X97.856 Y113.638 E404.47067
G1 X98.16 Y113.975 E404.48576
G1 X98.634 Y114.326 E404.50538
G1 X99.178 Y114.568 E404.52518
G1 X99.907 Y114.717 E404.54993
G1 X100.656 Y114.617 E404.57506
G1 X101.353 Y114.332 E404.60011
G1 X102.016 Y113.841 E404.62755
G1 X102.445 Y113.139 E404.65491
G1 X102.647 Y112.522 E404.6765
G1 X102.699 Y111.999 E404.69399
G1 X102.639 Y111.35 E404.71566
G1 X102.259 Y110.466 E404.74767
G1 X101.666 Y109.878 E404.77544
G1 X100.974 Y109.443 E404.80263
G1 X100.165 Y109.305 E404.82992
G1 X99.537 Y109.32 E404.85082
G1 X98.685 Y109.617 E404.88083
G1 X98.284 Y109.953 E404.89823
G0 F4800 X98.131 Y110.081
G0 X98.583 Y110.626
G0 X98.905 Y112.096
;TYPE:SKIN
G1 F1800 X100.082 Y110.919 E404.95359
G1 X99.814 Y110.897 E404.96253
G1 X99.476 Y111.015 E404.97444
G1 X99.165 Y111.276 E404.98795
G1 X98.949 Y111.653 E405.0024
G1 X98.886 Y112.047 E405.01567
G1 X99.064 Y112.503 E405.03195
G1 X100.505 Y111.061 E405.09975
G1 X100.838 Y111.294 E405.11327
G1 X99.298 Y112.834 E405.18571
G1 X99.674 Y113.023 E405.1997
G1 X101.043 Y111.655 E405.26407
G1 X101.088 Y112.192 E405.282
G1 X100.862 Y112.693 E405.30028
G1 X100.575 Y112.939 E405.31285
G1 X100.228 Y113.035 E405.32482
G1 X101.087 Y112.176 E405.36523
G1 F1500 E395.36523
;MESH:I2C_LED_BTN-Body002.stl
G0 F4800 X102.443 Y112.271
G0 X103.531 Y112.378
G0 X108.447 Y112.362
G0 X109.509 Y112.106
G0 X112.681 Y113.266
;TYPE:WALL-INNER
G1 F1500 E405.36523
G1 F2400 X113.029 Y113.079 E405.37837
G1 X113.347 Y112.633 E405.39659
G1 X113.465 Y112.273 E405.40919
G1 X113.461 Y111.649 E405.42994
G1 X113.286 Y111.239 E405.44477
G1 X112.915 Y110.824 E405.46328
G1 X112.436 Y110.569 E405.48133
G1 X111.754 Y110.515 E405.50409
G1 X111.288 Y110.678 E405.52051
G1 X110.877 Y111.022 E405.53833
G1 X110.584 Y111.536 E405.55801
G1 X110.498 Y112.062 E405.57574
G1 X110.609 Y112.529 E405.5917
G1 X110.837 Y112.933 E405.60713
G1 X111.242 Y113.283 E405.62494
G1 X111.949 Y113.501 E405.64954
G1 X112.344 Y113.448 E405.6628
G1 X112.681 Y113.266 E405.67554
G0 F4800 X110.392 Y111.08
G1 F2400 X110.196 Y111.423 E405.68868
G1 X110.091 Y112.078 E405.71074
G1 X110.233 Y112.676 E405.73118
G1 X110.51 Y113.168 E405.74996
G1 X111.039 Y113.63 E405.77332
G1 X111.424 Y113.801 E405.78733
G1 X111.935 Y113.906 E405.80469
G1 X112.448 Y113.837 E405.8219
G1 X112.958 Y113.629 E405.84022
G1 X113.298 Y113.378 E405.85428
G1 X113.713 Y112.802 E405.87789
G1 X113.859 Y112.356 E405.8935
G1 X113.854 Y111.549 E405.92034
G1 X113.638 Y111.046 E405.93855
G1 X113.166 Y110.508 E405.96235
G1 X112.543 Y110.181 E405.98575
G1 X111.681 Y110.117 E406.0145
G1 X111.087 Y110.325 E406.03543
G1 X110.582 Y110.748 E406.05734
G1 X110.392 Y111.08 E406.07007
G0 F4800 X112.745 Y113.815
G0 X112.86 Y114.101
G1 F2400 X113.155 Y113.98 E406.08067
G1 X113.713 Y113.569 E406.10372
G1 X114.079 Y112.971 E406.12704
G1 X114.319 Y112.237 E406.15273
G1 X114.247 Y111.45 E406.17901
G1 X113.922 Y110.694 E406.20638
G1 X113.416 Y110.193 E406.23006
G1 X112.829 Y109.825 E406.25311
G1 X112.136 Y109.706 E406.27649
G1 X111.609 Y109.718 E406.29403
G1 X110.886 Y109.971 E406.3195
G1 X110.287 Y110.473 E406.3455
G1 X110.001 Y110.867 E406.36169
G1 X109.809 Y111.31 E406.37775
G1 X109.684 Y112.093 E406.40412
G1 X109.857 Y112.823 E406.42907
G1 X110.271 Y113.559 E406.45716
G1 X110.837 Y113.978 E406.48058
G1 X111.301 Y114.185 E406.49748
G1 X111.921 Y114.311 E406.51853
G1 X112.552 Y114.227 E406.5397
G1 X112.86 Y114.101 E406.55077
G0 F4800 X112.745 Y113.815
G0 X110.737 Y110.498
G0 X110.284 Y109.953
;TYPE:WALL-OUTER
G1 F2400 X109.992 Y110.198 E406.56344
G1 X109.651 Y110.668 E406.58276
G1 X109.422 Y111.197 E406.60193
G1 X109.276 Y112.108 E406.63262
G1 X109.481 Y112.97 E406.66209
G1 X109.856 Y113.638 E406.68756
G1 X110.16 Y113.975 E406.70266
G1 X110.634 Y114.326 E406.72228
G1 X111.178 Y114.568 E406.74208
G1 X111.907 Y114.717 E406.76683
G1 X112.656 Y114.617 E406.79196
G1 X113.353 Y114.332 E406.81701
G1 X114.016 Y113.841 E406.84445
G1 X114.445 Y113.139 E406.87181
G1 X114.647 Y112.522 E406.8934
G1 X114.699 Y111.999 E406.91088
G1 X114.639 Y111.35 E406.93256
G1 X114.259 Y110.466 E406.96457
G1 X113.666 Y109.878 E406.99234
G1 X112.974 Y109.443 E407.01953
G1 X112.165 Y109.305 E407.04682
G1 X111.537 Y109.32 E407.06772
G1 X110.685 Y109.617 E407.09773
G1 X110.284 Y109.953 E407.11513
G0 F4800 X110.131 Y110.081
G0 X110.583 Y110.626
G0 X111.813 Y110.897
;TYPE:SKIN
G1 F1800 X111.476 Y111.015 E407.127
G1 X111.166 Y111.276 E407.14048
G1 X110.949 Y111.653 E407.15495
G1 X110.896 Y111.984 E407.1661
G1 X111.971 Y110.909 E407.21666
G1 X112.435 Y111.011 E407.23246
G1 X111.03 Y112.416 E407.29855
G1 X111.233 Y112.779 E407.31238
G1 X112.767 Y111.244 E407.38456
G1 X113.003 Y111.574 E407.39806
G1 X111.582 Y112.995 E407.4649
G1 X112.061 Y113.082 E407.48109
G1 X113.087 Y112.056 E407.52935
G1 X113.088 Y112.193 E407.5339
G1 X112.862 Y112.692 E407.55212
G1 X112.575 Y112.938 E407.5647
G1 F1500 E397.5647
;MESH:I2C_LED_BTN-Body002.stl(3)
G0 F4800 X114.422 Y112.478
G0 X115.51 Y112.585
G0 X120.447 Y112.362
G0 X121.509 Y112.106
G0 X124.681 Y113.266
;TYPE:WALL-INNER
G1 F1500 E407.5647
G1 F2400 X125.029 Y113.079 E407.57784
G1 X125.347 Y112.633 E407.59605
G1 X125.465 Y112.273 E407.60866
G1 X125.461 Y111.649 E407.62941
G1 X125.286 Y111.239 E407.64424
G1 X124.915 Y110.824 E407.66275
G1 X124.436 Y110.569 E407.6808
G1 X123.754 Y110.515 E407.70355
G1 X123.288 Y110.678 E407.71997
G1 X122.877 Y111.022 E407.7378
G1 X122.584 Y111.536 E407.75748
G1 X122.498 Y112.062 E407.77521
G1 X122.609 Y112.529 E407.79117
G1 X122.837 Y112.933 E407.8066
G1 X123.242 Y113.283 E407.8244
G1 X123.949 Y113.501 E407.84901
G1 X124.344 Y113.448 E407.86227
G1 X124.681 Y113.266 E407.87501
G0 F4800 X122.392 Y111.08
G1 F2400 X122.196 Y111.423 E407.88814
G1 X122.091 Y112.078 E407.91021
G1 X122.233 Y112.676 E407.93065
G1 X122.51 Y113.168 E407.94943
G1 X123.039 Y113.63 E407.97279
G1 X123.424 Y113.801 E407.9868
G1 X123.935 Y113.906 E408.00415
G1 X124.448 Y113.837 E408.02137
G1 X124.958 Y113.629 E408.03969
G1 X125.298 Y113.378 E408.05374
G1 X125.713 Y112.802 E408.07736
G1 X125.859 Y112.356 E408.09297
G1 X125.854 Y111.549 E408.11981
G1 X125.638 Y111.046 E408.13801
G1 X125.166 Y110.508 E408.16182
G1 X124.543 Y110.181 E408.18522
G1 X123.681 Y110.117 E408.21397
G1 X123.087 Y110.325 E408.2349
G1 X122.582 Y110.748 E408.25681
G1 X122.392 Y111.08 E408.26953
G0 F4800 X124.745 Y113.815
G0 X124.86 Y114.101
G1 F2400 X125.155 Y113.98 E408.28014
G1 X125.713 Y113.569 E408.30319
G1 X126.079 Y112.971 E408.32651
G1 X126.319 Y112.237 E408.35219
G1 X126.247 Y111.45 E408.37848
G1 X125.922 Y110.694 E408.40585
G1 X125.416 Y110.193 E408.42953
G1 X124.829 Y109.825 E408.45258
G1 X124.136 Y109.706 E408.47596
G1 X123.609 Y109.718 E408.49349
G1 X122.886 Y109.971 E408.51897
G1 X122.287 Y110.473 E408.54497
G1 X122.001 Y110.867 E408.56116
G1 X121.809 Y111.31 E408.57722
G1 X121.684 Y112.093 E408.60359
G1 X121.857 Y112.823 E408.62854
G1 X122.271 Y113.559 E408.65663
G1 X122.837 Y113.978 E408.68005
G1 X123.301 Y114.185 E408.69695
G1 X123.921 Y114.311 E408.71799
G1 X124.552 Y114.227 E408.73916
G1 X124.86 Y114.101 E408.75023
G0 F4800 X124.745 Y113.815
G0 X122.737 Y110.498
G0 X122.284 Y109.953
;TYPE:WALL-OUTER
G1 F2400 X121.992 Y110.198 E408.76291
G1 X121.651 Y110.668 E408.78222
G1 X121.422 Y111.197 E408.8014
G1 X121.276 Y112.108 E408.83208
G1 X121.481 Y112.97 E408.86155
G1 X121.856 Y113.638 E408.88703
G1 X122.16 Y113.975 E408.90213
G1 X122.634 Y114.326 E408.92174
G1 X123.178 Y114.568 E408.94155
G1 X123.907 Y114.717 E408.9663
G1 X124.656 Y114.617 E408.99143
G1 X125.353 Y114.332 E409.01647
G1 X126.016 Y113.841 E409.04391
G1 X126.445 Y113.139 E409.07128
G1 X126.647 Y112.522 E409.09287
G1 X126.699 Y111.999 E409.11035
G1 X126.639 Y111.35 E409.13203
G1 X126.259 Y110.466 E409.16403
G1 X125.666 Y109.878 E409.19181
G1 X124.974 Y109.443 E409.21899
G1 X124.165 Y109.305 E409.24629
G1 X123.537 Y109.32 E409.26718
G1 X122.685 Y109.617 E409.29719
G1 X122.284 Y109.953 E409.31459
G0 F4800 X122.131 Y110.081
G0 X122.583 Y110.626
G0 X122.919 Y111.84
;TYPE:SKIN
G1 F1800 X123.859 Y110.901 E409.35878
G1 X123.476 Y111.015 E409.37208
G1 X123.165 Y111.276 E409.38558
G1 X122.949 Y111.654 E409.40006
G1 X122.886 Y112.047 E409.4133
G1 X122.996 Y112.329 E409.42337
G1 X124.364 Y110.961 E409.48771
G1 X124.696 Y111.195 E409.50122
G1 X123.167 Y112.723 E409.57312
G1 X123.49 Y112.967 E409.58658
G1 X124.963 Y111.493 E409.65589
G1 X125.085 Y111.741 E409.66508
G1 X125.088 Y112.193 E409.68012
G1 X124.862 Y112.693 E409.69837
G1 X124.575 Y112.939 E409.71094
G1 X123.894 Y113.128 E409.73445
G1 X125.086 Y111.936 E409.79051
G1 F1500 E399.79051
;MESH:NONMESH
G0 F1800 X125.086 Y111.936 Z10.2
G0 F4800 X121.509 Y112.106
G0 X120.429 Y111.934
G0 X112.992 Y108.573
G0 X112.228 Y108.44
G0 X111.379 Y108.462
G0 X110.468 Y108.779
G0 X103.557 Y111.9
G0 X102.468 Y111.998
G0 X98.393 Y111.078
;TIME_ELAPSED:609.226069
;LAYER:50
;TYPE:WALL-INNER
;MESH:I2C_LED_BTN-Body002.stl(4)
G1 F1500 E409.79051
G1 F2400 X98.193 Y111.427 E409.80389
G1 X98.089 Y112.078 E409.82582
G1 X98.202 Y112.599 E409.84355
G1 X98.381 Y112.982 E409.85761
G1 X98.845 Y113.501 E409.88077
G1 X99.323 Y113.763 E409.8989
G1 X99.937 Y113.904 E409.91985
G1 X100.45 Y113.834 E409.93707
G1 X100.963 Y113.628 E409.95546
G1 X101.275 Y113.396 E409.96839
G1 X101.633 Y112.956 E409.98726
G1 X101.836 Y112.545 E410.0025
G1 X101.895 Y111.985 E410.02123
G1 X101.738 Y111.241 E410.04652
G1 X101.334 Y110.657 E410.07014
G1 X101.017 Y110.404 E410.08363
G1 X100.512 Y110.177 E410.10204
G1 X99.681 Y110.116 E410.12976
G1 X99.087 Y110.324 E410.15069
G1 X98.582 Y110.748 E410.17262
G1 X98.393 Y111.078 E410.18527
G0 F4800 X101.524 Y113.238
G0 X101.76 Y113.432
G1 F2400 X101.971 Y113.173 E410.19635
G1 X102.226 Y112.658 E410.21547
G1 X102.318 Y111.786 E410.24463
G1 X102.059 Y110.919 E410.27473
G1 X101.618 Y110.372 E410.2981
G1 X101.228 Y110.06 E410.31471
G1 X100.63 Y109.791 E410.33652
G1 X100.135 Y109.706 E410.35322
G1 X99.609 Y109.718 E410.37072
G1 X98.886 Y109.971 E410.3962
G1 X98.287 Y110.473 E410.42219
G1 X98 Y110.868 E410.43843
G1 X97.805 Y111.314 E410.45462
G1 X97.682 Y112.09 E410.48075
G1 X97.82 Y112.727 E410.50243
G1 X98.037 Y113.191 E410.51947
G1 X98.464 Y113.748 E410.54281
G1 X99.179 Y114.141 E410.56995
G1 X99.919 Y114.31 E410.5952
G1 X100.553 Y114.223 E410.61648
G1 X101.16 Y113.98 E410.63823
G1 X101.553 Y113.687 E410.65453
G1 X101.76 Y113.432 E410.66543
G0 F4800 X101.524 Y113.238
G0 X100.728 Y113.822
G0 X100.993 Y114.478
;TYPE:WALL-OUTER
G1 F2400 X101.357 Y114.332 E410.67847
G1 X101.832 Y113.978 E410.69818
G1 X102.31 Y113.391 E410.72335
G1 X102.616 Y112.771 E410.74635
G1 X102.699 Y111.99 E410.77247
G1 X102.654 Y111.515 E410.78834
G1 X102.42 Y110.728 E410.81565
G1 X101.902 Y110.087 E410.84306
G1 X101.438 Y109.716 E410.86282
G1 X100.748 Y109.405 E410.88799
G1 X100.165 Y109.305 E410.90767
G1 X99.537 Y109.32 E410.92856
G1 X98.685 Y109.617 E410.95857
G1 X97.992 Y110.198 E410.98865
G1 X97.651 Y110.668 E411.00796
G1 X97.418 Y111.201 E411.02731
G1 X97.276 Y112.102 E411.05765
G1 X97.439 Y112.855 E411.08327
G1 X97.693 Y113.399 E411.10324
G1 X98.197 Y114.058 E411.13083
G1 X99.036 Y114.519 E411.16267
G1 X99.901 Y114.716 E411.19218
G1 X100.656 Y114.613 E411.21752
G1 X100.993 Y114.478 E411.2296
G0 F4800 X101.178 Y114.404
G0 X100.913 Y113.747
G0 X98.477 Y112.053
;TYPE:SKIN
G1 F1800 X99.937 Y113.513 E411.29827
G1 X99.457 Y113.404 E411.31464
G1 X99.076 Y113.196 E411.32908
G1 X98.712 Y112.785 E411.34734
G1 X98.477 Y112.053 E411.37291
G1 X98.554 Y111.565 E411.38934
G1 X100.423 Y113.434 E411.47726
G1 X100.827 Y113.272 E411.49173
G1 X98.755 Y111.2 E411.58919
G1 X99.007 Y110.886 E411.60258
G1 X101.113 Y112.993 E411.70167
G1 X101.368 Y112.682 E411.71504
G1 X99.329 Y110.643 E411.81095
G1 X99.751 Y110.499 E411.82578
G1 X101.487 Y112.235 E411.90744
G1 X101.512 Y111.995 E411.91547
G1 X101.383 Y111.388 E411.9361
G1 X101.06 Y110.924 E411.95491
G1 X100.408 Y110.546 E411.97998
G1 X100.361 Y110.543 E411.98154
G1 X101.431 Y111.613 E412.03187
G1 F1500 E402.03187
;MESH:I2C_LED_BTN-Body002.stl
G0 F4800 X102.47 Y111.803
G0 X103.54 Y111.706
G0 X108.43 Y111.928
G0 X109.51 Y112.099
G0 X110.393 Y111.078
;TYPE:WALL-INNER
G1 F1500 E412.03187
G1 F2400 X110.193 Y111.427 E412.04525
G1 X110.089 Y112.078 E412.06718
G1 X110.202 Y112.599 E412.08491
G1 X110.381 Y112.982 E412.09897
G1 X110.845 Y113.501 E412.12212
G1 X111.323 Y113.763 E412.14025
G1 X111.937 Y113.904 E412.16121
G1 X112.45 Y113.834 E412.17843
G1 X112.963 Y113.628 E412.19681
G1 X113.275 Y113.396 E412.20975
G1 X113.633 Y112.956 E412.22861
G1 X113.836 Y112.545 E412.24386
G1 X113.895 Y111.985 E412.26259
G1 X113.738 Y111.241 E412.28788
G1 X113.334 Y110.657 E412.3115
G1 X113.017 Y110.404 E412.32499
G1 X112.512 Y110.177 E412.3434
G1 X111.681 Y110.116 E412.37112
G1 X111.087 Y110.324 E412.39205
G1 X110.582 Y110.748 E412.41398
G1 X110.393 Y111.078 E412.42663
G0 F4800 X113.524 Y113.238
G0 X113.76 Y113.432
G1 F2400 X113.971 Y113.173 E412.43771
G1 X114.226 Y112.658 E412.45683
G1 X114.318 Y111.786 E412.48599
G1 X114.059 Y110.919 E412.51609
G1 X113.618 Y110.372 E412.53945
G1 X113.228 Y110.06 E412.55607
G1 X112.63 Y109.791 E412.57788
G1 X112.135 Y109.706 E412.59458
G1 X111.609 Y109.718 E412.61208
G1 X110.886 Y109.971 E412.63756
G1 X110.287 Y110.473 E412.66355
G1 X110 Y110.868 E412.67979
G1 X109.805 Y111.314 E412.69598
G1 X109.682 Y112.09 E412.72211
G1 X109.82 Y112.727 E412.74379
G1 X110.037 Y113.191 E412.76083
G1 X110.464 Y113.748 E412.78417
G1 X111.179 Y114.141 E412.81131
G1 X111.919 Y114.31 E412.83655
G1 X112.553 Y114.223 E412.85784
G1 X113.16 Y113.98 E412.87958
G1 X113.553 Y113.687 E412.89589
G1 X113.76 Y113.432 E412.90679
G0 F4800 X113.524 Y113.238
G0 X112.728 Y113.822
G0 X112.993 Y114.478
;TYPE:WALL-OUTER
G1 F2400 X113.357 Y114.332 E412.91983
G1 X113.832 Y113.978 E412.93953
G1 X114.31 Y113.391 E412.96471
G1 X114.616 Y112.771 E412.98771
G1 X114.699 Y111.99 E413.01383
G1 X114.654 Y111.515 E413.0297
G1 X114.42 Y110.728 E413.05701
G1 X113.902 Y110.087 E413.08442
G1 X113.438 Y109.716 E413.10418
G1 X112.748 Y109.405 E413.12935
G1 X112.165 Y109.305 E413.14902
G1 X111.537 Y109.32 E413.16992
G1 X110.685 Y109.617 E413.19993
G1 X109.992 Y110.198 E413.23001
G1 X109.651 Y110.668 E413.24932
G1 X109.418 Y111.201 E413.26867
G1 X109.276 Y112.102 E413.299
G1 X109.439 Y112.855 E413.32463
G1 X109.693 Y113.399 E413.3446
G1 X110.197 Y114.058 E413.37219
G1 X111.036 Y114.519 E413.40403
G1 X111.901 Y114.716 E413.43354
G1 X112.656 Y114.613 E413.45888
G1 X112.993 Y114.478 E413.47096
G0 F4800 X113.178 Y114.404
G0 X112.913 Y113.747
G0 X112.231 Y110.534
G0 X113.06 Y110.925
;TYPE:SKIN
G1 F1800 X113.383 Y111.388 E413.48973
G1 X113.464 Y111.767 E413.50262
G1 X112.231 Y110.534 E413.56062
G1 X112.408 Y110.546 E413.56652
G1 X113.06 Y110.925 E413.5916
G0 F4800 X112.231 Y110.534
G1 F1800 X111.659 Y110.528 E413.61063
G1 X113.475 Y112.344 E413.69605
G1 X113.45 Y112.58 E413.70394
G1 X113.313 Y112.747 E413.71113
G1 X111.249 Y110.683 E413.80821
G1 X110.942 Y110.942 E413.82157
G1 X113.059 Y113.059 E413.92115
G1 X112.741 Y113.307 E413.93456
G1 X110.711 Y111.277 E414.03004
G1 X110.538 Y111.669 E414.0443
G1 X112.335 Y113.466 E414.12882
G1 X111.955 Y113.518 E414.14158
G1 X111.457 Y113.404 E414.15857
G1 X111.076 Y113.196 E414.17301
G1 X110.712 Y112.785 E414.19127
G0 F4800 X110.531 Y112.228
G1 F1800 X111.781 Y113.478 E414.25006
G1 F1500 E404.25006
;MESH:I2C_LED_BTN-Body002.stl(3)
G0 F4800 X114.469 Y111.989
G0 X115.557 Y111.89
G0 X120.43 Y111.928
G0 X121.51 Y112.099
G0 X122.393 Y111.078
;TYPE:WALL-INNER
G1 F1500 E414.25006
G1 F2400 X122.193 Y111.427 E414.26344
G1 X122.089 Y112.078 E414.28537
G1 X122.202 Y112.599 E414.3031
G1 X122.381 Y112.982 E414.31716
G1 X122.845 Y113.501 E414.34032
G1 X123.323 Y113.763 E414.35845
G1 X123.937 Y113.904 E414.3794
G1 X124.45 Y113.834 E414.39662
G1 X124.963 Y113.628 E414.41501
G1 X125.275 Y113.396 E414.42794
G1 X125.633 Y112.956 E414.44681
G1 X125.836 Y112.545 E414.46205
G1 X125.895 Y111.985 E414.48078
G1 X125.738 Y111.241 E414.50607
G1 X125.334 Y110.657 E414.52969
G1 X125.017 Y110.404 E414.54318
G1 X124.512 Y110.177 E414.5616
G1 X123.681 Y110.116 E414.58931
G1 X123.087 Y110.324 E414.61024
G1 X122.582 Y110.748 E414.63217
G1 X122.393 Y111.078 E414.64482
G0 F4800 X125.524 Y113.238
G0 X125.76 Y113.432
G1 F2400 X125.971 Y113.173 E414.6559
G1 X126.226 Y112.658 E414.67502
G1 X126.318 Y111.786 E414.70418
G1 X126.059 Y110.919 E414.73428
G1 X125.618 Y110.372 E414.75765
G1 X125.228 Y110.06 E414.77426
G1 X124.63 Y109.791 E414.79607
G1 X124.135 Y109.706 E414.81277
G1 X123.609 Y109.718 E414.83027
G1 X122.886 Y109.971 E414.85575
G1 X122.287 Y110.473 E414.88174
G1 X122 Y110.868 E414.89798
G1 X121.805 Y111.314 E414.91417
G1 X121.682 Y112.09 E414.94031
G1 X121.82 Y112.727 E414.96198
G1 X122.037 Y113.191 E414.97902
G1 X122.464 Y113.748 E415.00236
G1 X123.179 Y114.141 E415.0295
G1 X123.919 Y114.31 E415.05475
G1 X124.553 Y114.223 E415.07603
G1 X125.16 Y113.98 E415.09778
G1 X125.553 Y113.687 E415.11408
G1 X125.76 Y113.432 E415.12498
G0 F4800 X125.524 Y113.238
G0 X124.728 Y113.822
G0 X124.993 Y114.478
;TYPE:WALL-OUTER
G1 F2400 X125.357 Y114.332 E415.13802
G1 X125.832 Y113.978 E415.15773
G1 X126.31 Y113.391 E415.1829
G1 X126.616 Y112.771 E415.2059
G1 X126.699 Y111.99 E415.23202
G1 X126.654 Y111.515 E415.24789
G1 X126.42 Y110.728 E415.2752
G1 X125.902 Y110.087 E415.30261
G1 X125.438 Y109.716 E415.32237
G1 X124.748 Y109.405 E415.34754
G1 X124.165 Y109.305 E415.36722
G1 X123.537 Y109.32 E415.38811
G1 X122.685 Y109.617 E415.41812
G1 X121.992 Y110.198 E415.4482
G1 X121.651 Y110.668 E415.46751
G1 X121.418 Y111.201 E415.48686
G1 X121.276 Y112.102 E415.5172
G1 X121.439 Y112.855 E415.54282
G1 X121.693 Y113.399 E415.56279
G1 X122.197 Y114.058 E415.59038
G1 X123.036 Y114.519 E415.62222
G1 X123.901 Y114.716 E415.65173
G1 X124.656 Y114.613 E415.67708
G1 X124.993 Y114.478 E415.68915
G0 F4800 X125.178 Y114.404
G0 X124.913 Y113.747
G0 X122.712 Y112.786
;TYPE:SKIN
G1 F1800 X123.076 Y113.196 E415.70739
G1 X123.624 Y113.442 E415.72736
G1 X122.588 Y112.406 E415.77609
G1 X122.476 Y112.059 E415.78822
G1 X122.522 Y111.774 E415.79782
G1 X124.228 Y113.48 E415.87807
G1 X124.654 Y113.341 E415.89297
G1 X122.668 Y111.354 E415.98641
G1 X122.876 Y110.997 E416.00015
G1 X125.004 Y113.125 E416.10025
G1 X125.259 Y112.814 E416.11362
G1 X123.184 Y110.739 E416.21123
G1 X123.569 Y110.558 E416.22538
G1 X125.464 Y112.453 E416.31451
G1 X125.497 Y111.92 E416.33227
G1 X124.101 Y110.524 E416.39794
G1 X124.408 Y110.546 E416.40817
G1 X125.06 Y110.924 E416.43324
G1 X125.383 Y111.388 E416.45204
G1 F1500 E406.45204
;MESH:NONMESH
G0 F1800 X125.383 Y111.388 Z10.4
G0 F4800 X121.51 Y112.099
G0 X120.43 Y111.928
G0 X113.007 Y108.575
G0 X112.226 Y108.44
G0 X111.379 Y108.462
G0 X103.518 Y111.467
G0 X102.43 Y111.566
G0 X100.922 Y110.884
;TIME_ELAPSED:618.772553
;LAYER:51
;TYPE:WALL-INNER
;MESH:I2C_LED_BTN-Body002.stl(4)
G1 F1500 E416.45204
G1 F2400 X100.644 Y110.654 E416.46404
G1 X99.993 Y110.509 E416.48623
G1 X99.67 Y110.543 E416.49703
G1 X99.091 Y110.819 E416.51836
G1 X98.781 Y111.142 E416.53325
G1 X98.495 Y111.853 E416.55874
G1 X98.629 Y112.618 E416.58457
G1 X98.934 Y113.04 E416.60189
G1 X99.238 Y113.295 E416.61509
G1 X99.604 Y113.435 E416.62812
G1 X100.051 Y113.484 E416.64308
G1 X100.654 Y113.335 E416.66374
G1 X100.993 Y113.098 E416.6775
G1 X101.318 Y112.676 E416.69521
G1 X101.449 Y112.319 E416.70786
G1 X101.482 Y111.866 E416.72297
G1 X101.251 Y111.155 E416.74783
G1 X100.922 Y110.884 E416.76201
G0 F4800 X100.405 Y110.2
G1 F2400 X99.995 Y110.107 E416.77599
G1 X99.582 Y110.15 E416.7898
G1 X98.836 Y110.506 E416.81729
G1 X98.458 Y110.902 E416.8355
G1 X98.258 Y111.255 E416.849
G1 X98.091 Y111.808 E416.86821
G1 X98.127 Y112.295 E416.88445
G1 X98.262 Y112.794 E416.90165
G1 X98.639 Y113.314 E416.92301
G1 X99.032 Y113.645 E416.9401
G1 X99.509 Y113.827 E416.95708
G1 X100.057 Y113.888 E416.97542
G1 X100.842 Y113.692 E417.00233
G1 X101.273 Y113.391 E417.01981
G1 X101.673 Y112.872 E417.04161
G1 X101.844 Y112.404 E417.05818
G1 X101.885 Y111.844 E417.07685
G1 X101.812 Y111.451 E417.09015
G1 X101.588 Y110.926 E417.10913
G1 X101.173 Y110.516 E417.12854
G1 X100.818 Y110.292 E417.1425
G1 X100.405 Y110.2 E417.15657
G0 F4800 X101.544 Y113.192
G0 X101.787 Y113.379
G1 F2400 X102.028 Y113.067 E417.16968
G1 X102.239 Y112.488 E417.19018
G1 X102.287 Y111.822 E417.21239
G1 X102.197 Y111.335 E417.22886
G1 X101.926 Y110.697 E417.25192
G1 X101.424 Y110.201 E417.27539
G1 X100.993 Y109.929 E417.29234
G1 X100.521 Y109.765 E417.30896
G1 X99.997 Y109.704 E417.3265
G1 X99.493 Y109.758 E417.34336
G1 X99.006 Y109.928 E417.36052
G1 X98.582 Y110.194 E417.37717
G1 X98.134 Y110.661 E417.39869
G1 X97.888 Y111.097 E417.41534
G1 X97.687 Y111.763 E417.43848
G1 X97.731 Y112.362 E417.45846
G1 X97.895 Y112.969 E417.47937
G1 X98.344 Y113.588 E417.5048
G1 X98.826 Y113.995 E417.52579
G1 X99.414 Y114.219 E417.54671
G1 X100.063 Y114.291 E417.56843
G1 X100.578 Y114.218 E417.58573
G1 X101.03 Y114.048 E417.60179
G1 X101.552 Y113.684 E417.62296
G1 X101.787 Y113.379 E417.63577
G0 F4800 X102.106 Y113.621
;TYPE:WALL-OUTER
G1 F2400 X102.382 Y113.262 E417.65083
G1 X102.634 Y112.573 E417.67523
G1 X102.69 Y111.8 E417.70101
G1 X102.583 Y111.219 E417.72065
G1 X102.263 Y110.467 E417.74784
G1 X101.674 Y109.886 E417.77535
G1 X101.168 Y109.566 E417.79527
G1 X100.611 Y109.373 E417.81487
G1 X99.999 Y109.302 E417.83536
G1 X99.405 Y109.365 E417.85523
G1 X98.832 Y109.566 E417.87543
G1 X98.328 Y109.881 E417.8952
G1 X97.81 Y110.421 E417.92008
G1 X97.518 Y110.939 E417.93986
G1 X97.283 Y111.719 E417.96696
G1 X97.335 Y112.43 E417.99067
G1 X97.528 Y113.144 E418.01527
G1 X98.048 Y113.862 E418.04475
G1 X98.62 Y114.345 E418.06965
G1 X99.32 Y114.611 E418.09456
G1 X100.069 Y114.694 E418.11962
G1 X100.678 Y114.608 E418.14008
G1 X101.218 Y114.405 E418.15927
G1 X101.832 Y113.977 E418.18416
G1 X102.106 Y113.621 E418.1991
G0 F4800 X102.227 Y113.463
G0 X101.667 Y113.032
G0 X101.025 Y112.238
;TYPE:SKIN
G1 F1800 X100.204 Y113.059 E418.23772
G1 X100.485 Y112.989 E418.24735
G1 X100.727 Y112.822 E418.25713
G1 X100.973 Y112.501 E418.27058
G1 X101.096 Y111.889 E418.29135
G1 X101.024 Y111.673 E418.29892
G1 X99.683 Y113.015 E418.36202
G1 X99.436 Y112.957 E418.37046
G1 X99.313 Y112.819 E418.37661
G1 X100.834 Y111.298 E418.44815
G1 X100.524 Y111.043 E418.4615
G1 X99.046 Y112.52 E418.531
G1 X98.98 Y112.448 E418.53425
G1 X98.883 Y111.896 E418.55289
G1 X99.099 Y111.359 E418.57214
G1 X99.323 Y111.125 E418.58291
G1 X99.866 Y110.867 E418.60291
G1 X100.085 Y110.915 E418.61036
G1 X98.916 Y112.084 E418.66535
G1 F1500 E408.66535
;MESH:I2C_LED_BTN-Body002.stl
G0 F4800 X102.461 Y111.816
G0 X103.551 Y111.891
G0 X108.425 Y111.824
G0 X109.515 Y111.744
G0 X112.922 Y110.884
;TYPE:WALL-INNER
G1 F1500 E418.66535
G1 F2400 X112.644 Y110.654 E418.67735
G1 X111.993 Y110.509 E418.69953
G1 X111.67 Y110.543 E418.71034
G1 X111.091 Y110.819 E418.73167
G1 X110.781 Y111.142 E418.74656
G1 X110.495 Y111.853 E418.77205
G1 X110.629 Y112.618 E418.79788
G1 X110.934 Y113.04 E418.8152
G1 X111.238 Y113.295 E418.8284
G1 X111.604 Y113.435 E418.84143
G1 X112.051 Y113.484 E418.85639
G1 X112.654 Y113.335 E418.87704
G1 X112.993 Y113.098 E418.8908
G1 X113.318 Y112.676 E418.90852
G1 X113.449 Y112.319 E418.92117
G1 X113.482 Y111.866 E418.93627
G1 X113.251 Y111.155 E418.96114
G1 X112.922 Y110.884 E418.97531
G0 F4800 X112.405 Y110.2
G1 F2400 X111.995 Y110.107 E418.9893
G1 X111.582 Y110.15 E419.00311
G1 X110.836 Y110.506 E419.0306
G1 X110.458 Y110.902 E419.04881
G1 X110.258 Y111.255 E419.0623
G1 X110.091 Y111.808 E419.08152
G1 X110.127 Y112.295 E419.09776
G1 X110.262 Y112.794 E419.11495
G1 X110.639 Y113.314 E419.13631
G1 X111.032 Y113.645 E419.1534
G1 X111.509 Y113.827 E419.17038
G1 X112.057 Y113.888 E419.18872
G1 X112.842 Y113.692 E419.21563
G1 X113.273 Y113.391 E419.23312
G1 X113.673 Y112.872 E419.25491
G1 X113.844 Y112.404 E419.27149
G1 X113.885 Y111.844 E419.29016
G1 X113.812 Y111.451 E419.30346
G1 X113.588 Y110.926 E419.32244
G1 X113.173 Y110.516 E419.34184
G1 X112.818 Y110.292 E419.3558
G1 X112.405 Y110.2 E419.36988
G0 F4800 X113.544 Y113.192
G0 X113.787 Y113.379
G1 F2400 X114.028 Y113.067 E419.38299
G1 X114.239 Y112.488 E419.40349
G1 X114.287 Y111.822 E419.4257
G1 X114.197 Y111.335 E419.44217
G1 X113.926 Y110.697 E419.46522
G1 X113.424 Y110.201 E419.48869
G1 X112.993 Y109.929 E419.50565
G1 X112.521 Y109.765 E419.52226
G1 X111.997 Y109.704 E419.53981
G1 X111.493 Y109.758 E419.55667
G1 X111.006 Y109.928 E419.57383
G1 X110.582 Y110.194 E419.59047
G1 X110.134 Y110.661 E419.612
G1 X109.888 Y111.097 E419.62865
G1 X109.687 Y111.763 E419.65179
G1 X109.731 Y112.362 E419.67176
G1 X109.895 Y112.969 E419.69268
G1 X110.344 Y113.588 E419.71811
G1 X110.826 Y113.995 E419.73909
G1 X111.414 Y114.219 E419.76002
G1 X112.063 Y114.291 E419.78174
G1 X112.578 Y114.218 E419.79904
G1 X113.03 Y114.048 E419.8151
G1 X113.552 Y113.684 E419.83627
G1 X113.787 Y113.379 E419.84907
G0 F4800 X114.106 Y113.621
;TYPE:WALL-OUTER
G1 F2400 X114.382 Y113.262 E419.86413
G1 X114.634 Y112.573 E419.88853
G1 X114.69 Y111.8 E419.91431
G1 X114.583 Y111.219 E419.93396
G1 X114.263 Y110.467 E419.96114
G1 X113.674 Y109.886 E419.98866
G1 X113.168 Y109.566 E420.00857
G1 X112.611 Y109.373 E420.02818
G1 X111.999 Y109.302 E420.04867
G1 X111.405 Y109.365 E420.06854
G1 X110.832 Y109.566 E420.08874
G1 X110.328 Y109.881 E420.1085
G1 X109.81 Y110.421 E420.13339
G1 X109.518 Y110.939 E420.15317
G1 X109.283 Y111.719 E420.18026
G1 X109.335 Y112.43 E420.20397
G1 X109.528 Y113.144 E420.22857
G1 X110.048 Y113.862 E420.25806
G1 X110.62 Y114.345 E420.28296
G1 X111.32 Y114.611 E420.30787
G1 X112.069 Y114.694 E420.33293
G1 X112.678 Y114.608 E420.35339
G1 X113.218 Y114.405 E420.37258
G1 X113.832 Y113.977 E420.39747
G1 X114.106 Y113.621 E420.41241
G0 F4800 X114.227 Y113.463
G0 X113.667 Y113.032
G0 X112.045 Y113.097
;TYPE:SKIN
G1 F1800 X113.056 Y112.087 E420.45994
G1 X112.973 Y112.501 E420.47398
G1 X112.727 Y112.822 E420.48744
G1 X112.485 Y112.989 E420.49722
G1 X112.045 Y113.097 E420.51228
G1 X111.585 Y112.992 E420.52798
G1 X112.994 Y111.583 E420.59425
G1 X112.926 Y111.375 E420.60153
G1 X112.768 Y111.243 E420.60838
G1 X111.256 Y112.755 E420.6795
G1 X110.989 Y112.457 E420.69281
G1 X112.449 Y110.997 E420.76148
G1 X111.987 Y110.893 E420.77723
G1 X110.899 Y111.981 E420.82841
G1 X110.884 Y111.896 E420.83128
G1 X111.099 Y111.359 E420.85052
G1 X111.323 Y111.125 E420.86129
G1 X111.866 Y110.867 E420.88129
G1 F1500 E410.88129
;MESH:I2C_LED_BTN-Body002.stl(3)
G0 F4800 X114.363 Y111.286
G0 X115.439 Y111.089
G0 X120.425 Y111.824
G0 X121.515 Y111.744
G0 X124.922 Y110.884
;TYPE:WALL-INNER
G1 F1500 E420.88129
G1 F2400 X124.644 Y110.654 E420.89329
G1 X123.993 Y110.509 E420.91547
G1 X123.67 Y110.543 E420.92627
G1 X123.091 Y110.819 E420.94761
G1 X122.781 Y111.142 E420.9625
G1 X122.495 Y111.853 E420.98799
G1 X122.629 Y112.618 E421.01382
G1 X122.934 Y113.04 E421.03113
G1 X123.238 Y113.295 E421.04433
G1 X123.604 Y113.435 E421.05737
G1 X124.051 Y113.484 E421.07232
G1 X124.654 Y113.335 E421.09298
G1 X124.993 Y113.098 E421.10674
G1 X125.318 Y112.676 E421.12445
G1 X125.449 Y112.319 E421.1371
G1 X125.482 Y111.866 E421.15221
G1 X125.251 Y111.155 E421.17707
G1 X124.922 Y110.884 E421.19125
G0 F4800 X124.405 Y110.2
G1 F2400 X123.995 Y110.107 E421.20523
G1 X123.582 Y110.15 E421.21904
G1 X122.836 Y110.506 E421.24654
G1 X122.458 Y110.902 E421.26474
G1 X122.258 Y111.255 E421.27824
G1 X122.091 Y111.808 E421.29745
G1 X122.127 Y112.295 E421.31369
G1 X122.262 Y112.794 E421.33089
G1 X122.639 Y113.314 E421.35225
G1 X123.032 Y113.645 E421.36934
G1 X123.509 Y113.827 E421.38632
G1 X124.057 Y113.888 E421.40466
G1 X124.842 Y113.692 E421.43157
G1 X125.273 Y113.391 E421.44906
G1 X125.673 Y112.872 E421.47085
G1 X125.844 Y112.404 E421.48742
G1 X125.885 Y111.844 E421.5061
G1 X125.812 Y111.451 E421.51939
G1 X125.588 Y110.926 E421.53838
G1 X125.173 Y110.516 E421.55778
G1 X124.818 Y110.292 E421.57174
G1 X124.405 Y110.2 E421.58581
G0 F4800 X125.544 Y113.192
G0 X125.787 Y113.379
G1 F2400 X126.028 Y113.067 E421.59893
G1 X126.239 Y112.488 E421.61942
G1 X126.287 Y111.822 E421.64163
G1 X126.197 Y111.335 E421.6581
G1 X125.926 Y110.697 E421.68116
G1 X125.424 Y110.201 E421.70463
G1 X124.993 Y109.929 E421.72158
G1 X124.521 Y109.765 E421.7382
G1 X123.997 Y109.704 E421.75575
G1 X123.493 Y109.758 E421.77261
G1 X123.006 Y109.928 E421.78976
G1 X122.582 Y110.194 E421.80641
G1 X122.134 Y110.661 E421.82793
G1 X121.888 Y111.097 E421.84458
G1 X121.687 Y111.763 E421.86772
G1 X121.731 Y112.362 E421.8877
G1 X121.895 Y112.969 E421.90861
G1 X122.344 Y113.588 E421.93405
G1 X122.826 Y113.995 E421.95503
G1 X123.414 Y114.219 E421.97596
G1 X124.063 Y114.291 E421.99767
G1 X124.578 Y114.218 E422.01497
G1 X125.03 Y114.048 E422.03104
G1 X125.552 Y113.684 E422.0522
G1 X125.787 Y113.379 E422.06501
G0 F4800 X126.106 Y113.621
;TYPE:WALL-OUTER
G1 F2400 X126.382 Y113.262 E422.08007
G1 X126.634 Y112.573 E422.10447
G1 X126.69 Y111.8 E422.13025
G1 X126.583 Y111.219 E422.1499
G1 X126.263 Y110.467 E422.17708
G1 X125.674 Y109.886 E422.2046
G1 X125.168 Y109.566 E422.22451
G1 X124.611 Y109.373 E422.24412
G1 X123.999 Y109.302 E422.26461
G1 X123.405 Y109.365 E422.28447
G1 X122.832 Y109.566 E422.30467
G1 X122.328 Y109.881 E422.32444
G1 X121.81 Y110.421 E422.34933
G1 X121.518 Y110.939 E422.3691
G1 X121.283 Y111.719 E422.3962
G1 X121.335 Y112.43 E422.41991
G1 X121.528 Y113.144 E422.44451
G1 X122.048 Y113.862 E422.474
G1 X122.62 Y114.345 E422.4989
G1 X123.32 Y114.611 E422.5238
G1 X124.069 Y114.694 E422.54887
G1 X124.678 Y114.608 E422.56932
G1 X125.218 Y114.405 E422.58851
G1 X125.832 Y113.977 E422.6134
G1 X126.106 Y113.621 E422.62835
G0 F4800 X126.227 Y113.463
G0 X125.667 Y113.032
G0 X125.086 Y111.936
;TYPE:SKIN
G1 F1800 X123.947 Y113.075 E422.68192
G1 X124.485 Y112.989 E422.70004
G1 X124.727 Y112.822 E422.70982
G1 X124.973 Y112.501 E422.72327
G1 X125.096 Y111.889 E422.74404
G1 X124.965 Y111.492 E422.75794
G1 X123.488 Y112.969 E422.82741
G1 X123.199 Y112.692 E422.84073
G1 X124.702 Y111.189 E422.91142
G1 X124.35 Y110.975 E422.92513
G1 X122.965 Y112.36 E422.99027
G1 X122.883 Y111.896 E423.00594
G1 X123.099 Y111.359 E423.0252
G1 X123.323 Y111.125 E423.03597
G1 X123.917 Y110.843 E423.05784
G1 X122.897 Y111.863 E423.10582
G1 F1500 E413.10582
;MESH:NONMESH
G0 F1800 X122.897 Y111.863 Z10.6
G0 F4800 X121.562 Y112.387
G0 X120.472 Y112.467
G0 X112.89 Y115.455
G0 X112.082 Y115.568
G0 X111.301 Y115.48
G0 X103.207 Y113.529
G0 X102.18 Y113.154
G0 X100.054 Y113.843
;TIME_ELAPSED:627.878927
;LAYER:52
;TYPE:WALL-INNER
;MESH:I2C_LED_BTN-Body002.stl(4)
G1 F1500 E423.10582
G1 F2400 X100.477 Y113.83 E423.11989
G1 X101.113 Y113.526 E423.14334
G1 X101.574 Y113.073 E423.16484
G1 X101.788 Y112.614 E423.18168
G1 X101.89 Y112.082 E423.1997
G1 X101.746 Y111.273 E423.22703
G1 X101.462 Y110.801 E423.24535
G1 X101.101 Y110.44 E423.26233
G1 X100.459 Y110.132 E423.28601
G1 X99.594 Y110.146 E423.31479
G1 X99.086 Y110.325 E423.3327
G1 X98.582 Y110.743 E423.35448
G1 X98.361 Y111.051 E423.36709
G1 X98.157 Y111.57 E423.38563
G1 X98.108 Y111.954 E423.39851
G1 X98.2 Y112.7 E423.42351
G1 X98.618 Y113.315 E423.44824
G1 X99.126 Y113.694 E423.46932
G1 X99.627 Y113.855 E423.48682
G1 X100.054 Y113.843 E423.50103
G0 F4800 X101.374 Y113.401
G0 X101.588 Y113.619
G1 F2400 X101.906 Y113.307 E423.51585
G1 X102.172 Y112.738 E423.53674
G1 X102.292 Y112.107 E423.5581
G1 X102.257 Y111.584 E423.57554
G1 X102.115 Y111.109 E423.59203
G1 X101.779 Y110.553 E423.61363
G1 X101.335 Y110.109 E423.63452
G1 X100.581 Y109.746 E423.66235
G1 X99.668 Y109.696 E423.69276
G1 X98.885 Y109.971 E423.72037
G1 X98.287 Y110.469 E423.74625
G1 X98.007 Y110.858 E423.76219
G1 X97.766 Y111.47 E423.78407
G1 X97.705 Y111.953 E423.80026
G1 X97.787 Y112.613 E423.82238
G1 X97.97 Y113.073 E423.83885
G1 X98.324 Y113.595 E423.85982
G1 X98.94 Y114.055 E423.88539
G1 X99.549 Y114.251 E423.90667
G1 X100.054 Y114.292 E423.92352
G1 X100.755 Y114.196 E423.94706
G1 X101.357 Y113.846 E423.97022
G1 X101.588 Y113.619 E423.98099
G0 F4800 X101.868 Y113.905
;TYPE:WALL-OUTER
G1 F2400 X102.238 Y113.542 E423.99823
G1 X102.556 Y112.862 E424.0232
G1 X102.694 Y112.131 E424.04794
G1 X102.653 Y111.512 E424.06857
G1 X102.483 Y110.946 E424.08823
G1 X102.097 Y110.305 E424.11312
G1 X101.57 Y109.778 E424.1379
G1 X100.887 Y109.449 E424.16312
G1 X100.457 Y109.339 E424.17788
G1 X99.613 Y109.292 E424.206
G1 X98.685 Y109.617 E424.2387
G1 X97.992 Y110.194 E424.26869
G1 X97.653 Y110.665 E424.28799
G1 X97.376 Y111.37 E424.31319
G1 X97.302 Y111.953 E424.33273
G1 X97.396 Y112.713 E424.3582
G1 X97.614 Y113.261 E424.37782
G1 X98.031 Y113.875 E424.40251
G1 X98.754 Y114.415 E424.43252
G1 X99.471 Y114.646 E424.45757
G1 X100.066 Y114.694 E424.47743
G1 X100.887 Y114.582 E424.50499
G1 X101.601 Y114.167 E424.53246
G1 X101.868 Y113.905 E424.5449
G0 F4800 X102.01 Y113.765
G0 X101.516 Y113.261
G0 X101.423 Y111.605
;TYPE:SKIN
G1 F1800 X100.372 Y110.555 E424.59431
G1 X100.884 Y110.76 E424.61265
G1 X101.39 Y111.417 E424.64024
G1 X101.504 Y112.07 E424.66228
G1 X101.461 Y112.209 E424.66712
G1 X99.773 Y110.521 E424.74652
G1 X99.329 Y110.643 E424.76184
G1 X101.326 Y112.64 E424.85577
G1 X101.26 Y112.849 E424.86306
G1 X101.113 Y112.993 E424.8699
G1 X99.007 Y110.886 E424.96899
G1 X98.723 Y111.168 E424.9823
G1 X100.808 Y113.253 E425.08037
G1 X100.426 Y113.437 E425.09447
G1 X98.563 Y111.574 E425.1821
G1 X98.474 Y111.803 E425.19027
G1 X98.508 Y112.085 E425.19972
G1 X99.894 Y113.471 E425.26491
G1 X99.304 Y113.353 E425.28493
G1 X98.937 Y113.079 E425.30016
G1 F1500 E415.30016
;MESH:I2C_LED_BTN-Body002.stl
G0 F4800 X102.465 Y112.114
G0 X103.541 Y112.316
G0 X108.538 Y112.798
G0 X109.623 Y112.66
G0 X112.054 Y113.843
;TYPE:WALL-INNER
G1 F1500 E425.30016
G1 F2400 X112.477 Y113.83 E425.31423
G1 X113.113 Y113.526 E425.33768
G1 X113.574 Y113.073 E425.35918
G1 X113.788 Y112.614 E425.37602
G1 X113.89 Y112.082 E425.39404
G1 X113.746 Y111.273 E425.42137
G1 X113.462 Y110.801 E425.43969
G1 X113.101 Y110.44 E425.45667
G1 X112.459 Y110.132 E425.48035
G1 X111.594 Y110.146 E425.50913
G1 X111.086 Y110.325 E425.52704
G1 X110.582 Y110.743 E425.54882
G1 X110.361 Y111.051 E425.56143
G1 X110.157 Y111.57 E425.57997
G1 X110.108 Y111.954 E425.59285
G1 X110.2 Y112.7 E425.61785
G1 X110.618 Y113.315 E425.64258
G1 X111.126 Y113.694 E425.66366
G1 X111.627 Y113.855 E425.68117
G1 X112.054 Y113.843 E425.69537
G0 F4800 X113.374 Y113.401
G0 X113.588 Y113.619
G1 F2400 X113.906 Y113.307 E425.71019
G1 X114.172 Y112.738 E425.73108
G1 X114.292 Y112.107 E425.75244
G1 X114.257 Y111.584 E425.76988
G1 X114.115 Y111.109 E425.78637
G1 X113.779 Y110.553 E425.80798
G1 X113.335 Y110.109 E425.82886
G1 X112.581 Y109.746 E425.85669
G1 X111.668 Y109.696 E425.8871
G1 X110.885 Y109.971 E425.91471
G1 X110.287 Y110.469 E425.94059
G1 X110.007 Y110.858 E425.95653
G1 X109.766 Y111.47 E425.97841
G1 X109.705 Y111.953 E425.9946
G1 X109.787 Y112.613 E426.01672
G1 X109.97 Y113.073 E426.03319
G1 X110.324 Y113.595 E426.05416
G1 X110.94 Y114.055 E426.07973
G1 X111.549 Y114.251 E426.10101
G1 X112.054 Y114.292 E426.11787
G1 X112.755 Y114.196 E426.1414
G1 X113.357 Y113.846 E426.16456
G1 X113.588 Y113.619 E426.17533
G0 F4800 X113.868 Y113.905
;TYPE:WALL-OUTER
G1 F2400 X114.238 Y113.542 E426.19257
G1 X114.556 Y112.862 E426.21754
G1 X114.694 Y112.131 E426.24228
G1 X114.653 Y111.512 E426.26291
G1 X114.483 Y110.946 E426.28257
G1 X114.097 Y110.305 E426.30746
G1 X113.57 Y109.778 E426.33225
G1 X112.887 Y109.449 E426.35746
G1 X112.457 Y109.339 E426.37222
G1 X111.613 Y109.292 E426.40034
G1 X110.685 Y109.617 E426.43304
G1 X109.992 Y110.194 E426.46303
G1 X109.653 Y110.665 E426.48234
G1 X109.376 Y111.37 E426.50753
G1 X109.302 Y111.953 E426.52707
G1 X109.396 Y112.713 E426.55255
G1 X109.614 Y113.261 E426.57216
G1 X110.031 Y113.875 E426.59685
G1 X110.754 Y114.415 E426.62686
G1 X111.471 Y114.646 E426.65192
G1 X112.066 Y114.694 E426.67177
G1 X112.887 Y114.582 E426.69933
G1 X113.601 Y114.167 E426.7268
G1 X113.868 Y113.905 E426.73924
G0 F4800 X114.01 Y113.765
G0 X113.516 Y113.261
G0 X112.211 Y110.514
;TYPE:SKIN
G1 F1800 X113.45 Y111.753 E426.79752
G1 X113.39 Y111.417 E426.80887
G1 X112.884 Y110.76 E426.83645
G1 X112.268 Y110.513 E426.85853
G1 X111.659 Y110.528 E426.87879
G1 X113.433 Y112.301 E426.96221
G1 X113.298 Y112.732 E426.97723
G1 X111.249 Y110.683 E427.07361
G1 X110.941 Y110.941 E427.08697
G1 X113.052 Y113.052 E427.18627
G1 X112.726 Y113.292 E427.19973
G1 X110.688 Y111.254 E427.29559
G1 X110.529 Y111.661 E427.31012
G1 X112.326 Y113.457 E427.39463
G1 X111.69 Y113.477 E427.41579
G1 X111.304 Y113.353 E427.42927
G1 X110.904 Y113.054 E427.44589
G1 X110.548 Y112.408 E427.47042
G1 X110.525 Y112.222 E427.47665
G1 X111.777 Y113.474 E427.53554
G1 F1500 E417.53554
;MESH:I2C_LED_BTN-Body002.stl(3)
G0 F4800 X114.465 Y112.114
G0 X115.541 Y112.316
G0 X120.538 Y112.798
G0 X121.623 Y112.66
G0 X124.054 Y113.843
;TYPE:WALL-INNER
G1 F1500 E427.53554
G1 F2400 X124.477 Y113.83 E427.54962
G1 X125.113 Y113.526 E427.57306
G1 X125.574 Y113.073 E427.59456
G1 X125.788 Y112.614 E427.6114
G1 X125.89 Y112.082 E427.62942
G1 X125.746 Y111.273 E427.65675
G1 X125.462 Y110.801 E427.67507
G1 X125.101 Y110.44 E427.69205
G1 X124.459 Y110.132 E427.71574
G1 X123.594 Y110.146 E427.74451
G1 X123.086 Y110.325 E427.76242
G1 X122.582 Y110.743 E427.7842
G1 X122.361 Y111.051 E427.79681
G1 X122.157 Y111.57 E427.81536
G1 X122.108 Y111.954 E427.82823
G1 X122.2 Y112.7 E427.85323
G1 X122.618 Y113.315 E427.87797
G1 X123.126 Y113.694 E427.89905
G1 X123.627 Y113.855 E427.91655
G1 X124.054 Y113.843 E427.93076
G0 F4800 X125.374 Y113.401
G0 X125.588 Y113.619
G1 F2400 X125.906 Y113.307 E427.94557
G1 X126.172 Y112.738 E427.96646
G1 X126.292 Y112.107 E427.98783
G1 X126.257 Y111.584 E428.00526
G1 X126.115 Y111.109 E428.02175
G1 X125.779 Y110.553 E428.04336
G1 X125.335 Y110.109 E428.06424
G1 X124.581 Y109.746 E428.09208
G1 X123.668 Y109.696 E428.12249
G1 X122.885 Y109.971 E428.15009
G1 X122.287 Y110.469 E428.17597
G1 X122.007 Y110.858 E428.19191
G1 X121.766 Y111.47 E428.21379
G1 X121.705 Y111.953 E428.22998
G1 X121.787 Y112.613 E428.2521
G1 X121.97 Y113.073 E428.26857
G1 X122.324 Y113.595 E428.28955
G1 X122.94 Y114.055 E428.31512
G1 X123.549 Y114.251 E428.3364
G1 X124.054 Y114.292 E428.35325
G1 X124.755 Y114.196 E428.37678
G1 X125.357 Y113.846 E428.39994
G1 X125.588 Y113.619 E428.41071
G0 F4800 X125.868 Y113.905
;TYPE:WALL-OUTER
G1 F2400 X126.238 Y113.542 E428.42795
G1 X126.556 Y112.862 E428.45292
G1 X126.694 Y112.131 E428.47766
G1 X126.653 Y111.512 E428.4983
G1 X126.483 Y110.946 E428.51795
G1 X126.097 Y110.305 E428.54284
G1 X125.57 Y109.778 E428.56763
G1 X124.887 Y109.449 E428.59284
G1 X124.457 Y109.339 E428.60761
G1 X123.613 Y109.292 E428.63572
G1 X122.685 Y109.617 E428.66842
G1 X121.992 Y110.194 E428.69842
G1 X121.653 Y110.665 E428.71772
G1 X121.376 Y111.37 E428.74291
G1 X121.302 Y111.953 E428.76246
G1 X121.396 Y112.713 E428.78793
G1 X121.614 Y113.261 E428.80754
G1 X122.031 Y113.875 E428.83223
G1 X122.754 Y114.415 E428.86224
G1 X123.471 Y114.646 E428.8873
G1 X124.066 Y114.694 E428.90715
G1 X124.887 Y114.582 E428.93471
G1 X125.601 Y114.167 E428.96218
G1 X125.868 Y113.905 E428.97462
G0 F4800 X126.01 Y113.765
G0 X125.516 Y113.261
G0 X125.39 Y111.417
;TYPE:SKIN
G1 F1800 X124.884 Y110.76 E429.0022
G1 X124.268 Y110.513 E429.02428
G1 X124.092 Y110.516 E429.03013
G1 X125.475 Y111.899 E429.09518
G1 X125.505 Y112.07 E429.10096
G1 X125.404 Y112.393 E429.11221
G1 X123.57 Y110.559 E429.19848
G1 X123.184 Y110.739 E429.21265
G1 X125.268 Y112.823 E429.31067
G1 X124.992 Y113.112 E429.32396
G1 X122.875 Y110.995 E429.42354
G1 X122.655 Y111.341 E429.43718
G1 X124.645 Y113.332 E429.5308
G1 X124.209 Y113.461 E429.54593
G1 X122.463 Y111.715 E429.62805
G1 X122.543 Y112.361 E429.6497
G1 X123.644 Y113.462 E429.70149
G1 X123.304 Y113.353 E429.71337
G1 X122.904 Y113.054 E429.72998
G1 X122.549 Y112.408 E429.75449
G1 F1500 E419.75449
;MESH:NONMESH
G0 F1800 X122.549 Y112.408 Z10.8
G0 F4800 X121.534 Y111.953
G0 X120.448 Y112.092
G0 X113.447 Y115.26
G0 X112.868 Y115.46
G0 X112.094 Y115.567
G0 X111.305 Y115.501
G0 X110.536 Y115.256
G0 X103.556 Y112.041
G0 X102.465 Y112.114
G0 X98.67 Y112.553
;TIME_ELAPSED:637.167294
;LAYER:53
;TYPE:WALL-INNER
;MESH:I2C_LED_BTN-Body002.stl(4)
G1 F1500 E429.75449
G1 F2400 X98.825 Y112.925 E429.7679
G1 X99.229 Y113.272 E429.78561
G1 X99.628 Y113.437 E429.79997
G1 X100.353 Y113.445 E429.82409
G1 X100.763 Y113.276 E429.83884
G1 X101.118 Y113.01 E429.85359
G1 X101.343 Y112.637 E429.86808
G1 X101.472 Y112.214 E429.88279
G1 X101.428 Y111.568 E429.90432
G1 X101.095 Y110.985 E429.92665
G1 X100.639 Y110.649 E429.94549
G1 X100.126 Y110.513 E429.96315
G1 X99.648 Y110.55 E429.97909
G1 X98.996 Y110.898 E430.00367
G1 X98.626 Y111.418 E430.0249
G1 X98.506 Y111.805 E430.03838
G1 X98.523 Y112.199 E430.05149
G1 X98.67 Y112.553 E430.06424
G0 F4800 X101.842 Y111.874
G1 F2400 X101.813 Y111.451 E430.07834
G1 X101.397 Y110.72 E430.10632
G1 X100.814 Y110.287 E430.13047
G1 X100.138 Y110.11 E430.15371
G1 X99.565 Y110.155 E430.17283
G1 X99.201 Y110.283 E430.18566
G1 X98.733 Y110.593 E430.20433
G1 X98.256 Y111.259 E430.23158
G1 X98.103 Y111.754 E430.24881
G1 X98.126 Y112.265 E430.26583
G1 X98.284 Y112.798 E430.28432
G1 X98.503 Y113.164 E430.2985
G1 X99.03 Y113.623 E430.32175
G1 X99.528 Y113.829 E430.33967
G1 X100.062 Y113.888 E430.35754
G1 X100.458 Y113.834 E430.37083
G1 X100.962 Y113.627 E430.38895
G1 X101.42 Y113.284 E430.40799
G1 X101.711 Y112.801 E430.42674
G1 X101.87 Y112.282 E430.4448
G1 X101.842 Y111.874 E430.4584
G0 F4800 X99.784 Y113.952
G0 X99.75 Y114.255
G1 F2400 X100.068 Y114.291 E430.46904
G1 X100.562 Y114.223 E430.48563
G1 X101.161 Y113.977 E430.50716
G1 X101.722 Y113.557 E430.53047
G1 X102.079 Y112.965 E430.55347
G1 X102.267 Y112.35 E430.57486
G1 X102.289 Y111.831 E430.59213
G1 X102.198 Y111.335 E430.60891
G1 X102.002 Y110.877 E430.62547
G1 X101.591 Y110.305 E430.6489
G1 X100.989 Y109.924 E430.6726
G1 X100.327 Y109.694 E430.69591
G1 X99.482 Y109.76 E430.7241
G1 X99.022 Y109.922 E430.74032
G1 X98.471 Y110.287 E430.7623
G1 X98.138 Y110.654 E430.77878
G1 X97.887 Y111.099 E430.79578
G1 X97.7 Y111.702 E430.81677
G1 X97.729 Y112.332 E430.83775
G1 X97.914 Y112.96 E430.85952
G1 X98.273 Y113.559 E430.88275
G1 X98.831 Y113.974 E430.90588
G1 X99.427 Y114.22 E430.92733
G1 X99.75 Y114.255 E430.93813
G0 F4800 X99.708 Y114.653
;TYPE:WALL-OUTER
G1 F2400 X100.073 Y114.694 E430.95035
G1 X100.667 Y114.613 E430.97029
G1 X101.36 Y114.328 E430.99521
G1 X102.024 Y113.831 E431.0228
G1 X102.447 Y113.129 E431.05006
G1 X102.665 Y112.418 E431.07479
G1 X102.691 Y111.803 E431.09526
G1 X102.583 Y111.219 E431.11502
G1 X102.352 Y110.679 E431.13455
G1 X101.871 Y110.008 E431.16201
G1 X101.164 Y109.562 E431.18981
G1 X100.381 Y109.289 E431.21739
G1 X99.398 Y109.366 E431.25019
G1 X98.842 Y109.561 E431.26979
G1 X98.208 Y109.981 E431.29508
G1 X97.812 Y110.418 E431.31469
G1 X97.517 Y110.94 E431.33464
G1 X97.298 Y111.65 E431.35935
G1 X97.331 Y112.398 E431.38425
G1 X97.545 Y113.122 E431.40936
G1 X97.972 Y113.834 E431.43698
G1 X98.632 Y114.324 E431.46432
G1 X99.327 Y114.612 E431.48934
G1 X99.708 Y114.653 E431.50208
G0 F4800 X99.906 Y114.675
G0 X99.984 Y113.974
G0 X101.071 Y112.192
;TYPE:SKIN
G1 F1800 X100.194 Y113.069 E431.54333
G1 X100.254 Y113.069 E431.54533
G1 X100.826 Y112.745 E431.5672
G1 X101.09 Y112.149 E431.58888
G1 X101.044 Y111.654 E431.60541
G1 X99.666 Y113.032 E431.67023
G1 X99.3 Y112.832 E431.6841
G1 X100.838 Y111.294 E431.75644
G1 X100.529 Y111.038 E431.76979
G1 X99.019 Y112.547 E431.84079
G1 X98.892 Y111.842 E431.86462
G1 X98.975 Y111.577 E431.87385
G1 X99.249 Y111.19 E431.88962
G1 X99.743 Y110.922 E431.90832
G1 X100.102 Y110.896 E431.92029
G1 X98.933 Y112.068 E431.97535
G1 F1500 E421.97535
;MESH:I2C_LED_BTN-Body002.stl
G0 F4800 X102.446 Y112.202
G0 X103.539 Y112.247
G0 X108.45 Y111.958
G0 X109.523 Y111.914
G0 X110.67 Y112.553
;TYPE:WALL-INNER
G1 F1500 E431.97535
G1 F2400 X110.825 Y112.925 E431.98875
G1 X111.229 Y113.272 E432.00646
G1 X111.628 Y113.437 E432.02082
G1 X112.353 Y113.445 E432.04494
G1 X112.763 Y113.276 E432.05969
G1 X113.118 Y113.01 E432.07444
G1 X113.343 Y112.637 E432.08893
G1 X113.472 Y112.214 E432.10364
G1 X113.428 Y111.568 E432.12517
G1 X113.095 Y110.985 E432.14751
G1 X112.639 Y110.649 E432.16634
G1 X112.126 Y110.513 E432.184
G1 X111.648 Y110.55 E432.19994
G1 X110.996 Y110.898 E432.22452
G1 X110.626 Y111.418 E432.24575
G1 X110.506 Y111.805 E432.25923
G1 X110.523 Y112.199 E432.27234
G1 X110.67 Y112.553 E432.28509
G0 F4800 X113.842 Y111.874
G1 F2400 X113.813 Y111.451 E432.29919
G1 X113.397 Y110.72 E432.32717
G1 X112.814 Y110.287 E432.35132
G1 X112.138 Y110.11 E432.37456
G1 X111.565 Y110.155 E432.39368
G1 X111.201 Y110.283 E432.40651
G1 X110.733 Y110.593 E432.42519
G1 X110.256 Y111.259 E432.45243
G1 X110.103 Y111.754 E432.46966
G1 X110.126 Y112.265 E432.48668
G1 X110.284 Y112.798 E432.50517
G1 X110.503 Y113.164 E432.51935
G1 X111.03 Y113.623 E432.5426
G1 X111.528 Y113.829 E432.56052
G1 X112.062 Y113.888 E432.57839
G1 X112.458 Y113.834 E432.59168
G1 X112.962 Y113.627 E432.60981
G1 X113.42 Y113.284 E432.62884
G1 X113.711 Y112.801 E432.64759
G1 X113.87 Y112.282 E432.66565
G1 X113.842 Y111.874 E432.67925
G0 F4800 X111.784 Y113.952
G0 X111.75 Y114.255
G1 F2400 X112.068 Y114.291 E432.68989
G1 X112.562 Y114.223 E432.70648
G1 X113.161 Y113.977 E432.72802
G1 X113.722 Y113.557 E432.75132
G1 X114.079 Y112.965 E432.77432
G1 X114.267 Y112.35 E432.79571
G1 X114.289 Y111.831 E432.81298
G1 X114.198 Y111.335 E432.82976
G1 X114.002 Y110.877 E432.84633
G1 X113.591 Y110.305 E432.86975
G1 X112.989 Y109.924 E432.89345
G1 X112.327 Y109.694 E432.91676
G1 X111.482 Y109.76 E432.94495
G1 X111.022 Y109.922 E432.96117
G1 X110.471 Y110.287 E432.98315
G1 X110.138 Y110.654 E432.99963
G1 X109.887 Y111.099 E433.01663
G1 X109.7 Y111.702 E433.03763
G1 X109.729 Y112.332 E433.0586
G1 X109.914 Y112.96 E433.08038
G1 X110.273 Y113.559 E433.1036
G1 X110.831 Y113.974 E433.12673
G1 X111.427 Y114.22 E433.14818
G1 X111.75 Y114.255 E433.15898
G0 F4800 X111.708 Y114.653
;TYPE:WALL-OUTER
G1 F2400 X112.073 Y114.694 E433.1712
G1 X112.667 Y114.613 E433.19114
G1 X113.36 Y114.328 E433.21606
G1 X114.024 Y113.831 E433.24365
G1 X114.447 Y113.129 E433.27091
G1 X114.665 Y112.418 E433.29564
G1 X114.691 Y111.803 E433.31612
G1 X114.583 Y111.219 E433.33587
G1 X114.352 Y110.679 E433.3554
G1 X113.871 Y110.008 E433.38286
G1 X113.164 Y109.562 E433.41067
G1 X112.381 Y109.289 E433.43825
G1 X111.398 Y109.366 E433.47104
G1 X110.842 Y109.561 E433.49064
G1 X110.208 Y109.981 E433.51593
G1 X109.812 Y110.418 E433.53555
G1 X109.517 Y110.94 E433.55549
G1 X109.298 Y111.65 E433.5802
G1 X109.331 Y112.398 E433.6051
G1 X109.545 Y113.122 E433.63021
G1 X109.972 Y113.834 E433.65783
G1 X110.632 Y114.324 E433.68517
G1 X111.327 Y114.612 E433.71019
G1 X111.708 Y114.653 E433.72294
G0 F4800 X111.906 Y114.675
G0 X111.984 Y113.974
G0 X112.254 Y113.068
;TYPE:SKIN
G1 F1800 X112.826 Y112.745 E433.74478
G1 X113.09 Y112.149 E433.76646
G1 X113.083 Y112.059 E433.76947
G1 X112.076 Y113.067 E433.81686
G1 X111.726 Y113.063 E433.8285
G1 X111.589 Y112.989 E433.83368
G1 X113 Y111.577 E433.90007
G1 X112.786 Y111.226 E433.91374
G1 X111.222 Y112.789 E433.98728
G1 X111.001 Y112.445 E434.00088
G1 X112.455 Y110.991 E434.06928
G1 X111.975 Y110.905 E434.08549
G1 X110.915 Y111.965 E434.13535
G1 X110.975 Y111.577 E434.14841
G1 X111.249 Y111.19 E434.16418
G1 X111.743 Y110.923 E434.18286
G1 F1500 E424.18286
G1 F1800 Z10.9
;MESH:I2C_LED_BTN-Body002.stl(3)
G0 F4800 X111.743 Y110.923 Z10.9
G0 X122.67 Y112.553
;TYPE:WALL-INNER
G1 F1800 Z10.8
G1 F1500 E434.18286
G1 F2400 X122.825 Y112.925 E434.19626
G1 X123.229 Y113.272 E434.21398
G1 X123.628 Y113.437 E434.22834
G1 X124.353 Y113.445 E434.25245
G1 X124.763 Y113.276 E434.2672
G1 X125.118 Y113.01 E434.28196
G1 X125.343 Y112.637 E434.29645
G1 X125.472 Y112.214 E434.31115
G1 X125.428 Y111.568 E434.33269
G1 X125.095 Y110.985 E434.35502
G1 X124.639 Y110.649 E434.37386
G1 X124.126 Y110.513 E434.39151
G1 X123.648 Y110.55 E434.40746
G1 X122.996 Y110.898 E434.43204
G1 X122.626 Y111.418 E434.45327
G1 X122.506 Y111.805 E434.46674
G1 X122.523 Y112.199 E434.47986
G1 X122.67 Y112.553 E434.49261
G0 F4800 X125.842 Y111.874
G1 F2400 X125.813 Y111.451 E434.50671
G1 X125.397 Y110.72 E434.53468
G1 X124.814 Y110.287 E434.55884
G1 X124.138 Y110.11 E434.58208
G1 X123.565 Y110.155 E434.6012
G1 X123.201 Y110.283 E434.61403
G1 X122.733 Y110.593 E434.6327
G1 X122.256 Y111.259 E434.65995
G1 X122.103 Y111.754 E434.67718
G1 X122.126 Y112.265 E434.69419
G1 X122.284 Y112.798 E434.71268
G1 X122.503 Y113.164 E434.72687
G1 X123.03 Y113.623 E434.75011
G1 X123.528 Y113.829 E434.76804
G1 X124.062 Y113.888 E434.78591
G1 X124.458 Y113.834 E434.7992
G1 X124.962 Y113.627 E434.81732
G1 X125.42 Y113.284 E434.83635
G1 X125.711 Y112.801 E434.85511
G1 X125.87 Y112.282 E434.87316
G1 X125.842 Y111.874 E434.88676
G0 F4800 X123.784 Y113.952
G0 X123.75 Y114.255
G1 F2400 X124.068 Y114.291 E434.89741
G1 X124.562 Y114.223 E434.91399
G1 X125.161 Y113.977 E434.93553
G1 X125.722 Y113.557 E434.95884
G1 X126.079 Y112.965 E434.98183
G1 X126.267 Y112.35 E435.00322
G1 X126.289 Y111.831 E435.0205
G1 X126.198 Y111.335 E435.03727
G1 X126.002 Y110.877 E435.05384
G1 X125.591 Y110.305 E435.07727
G1 X124.989 Y109.924 E435.10096
G1 X124.327 Y109.694 E435.12427
G1 X123.482 Y109.76 E435.15246
G1 X123.022 Y109.922 E435.16868
G1 X122.471 Y110.287 E435.19067
G1 X122.138 Y110.654 E435.20715
G1 X121.887 Y111.099 E435.22414
G1 X121.7 Y111.702 E435.24514
G1 X121.729 Y112.332 E435.26612
G1 X121.914 Y112.96 E435.28789
G1 X122.273 Y113.559 E435.31112
G1 X122.831 Y113.974 E435.33425
G1 X123.427 Y114.22 E435.35569
G1 X123.75 Y114.255 E435.3665
G0 F4800 X123.708 Y114.653
;TYPE:WALL-OUTER
G1 F2400 X124.073 Y114.694 E435.37872
G1 X124.667 Y114.613 E435.39865
G1 X125.36 Y114.328 E435.42358
G1 X126.024 Y113.831 E435.45116
G1 X126.447 Y113.129 E435.47842
G1 X126.665 Y112.418 E435.50316
G1 X126.691 Y111.803 E435.52363
G1 X126.583 Y111.219 E435.54338
G1 X126.352 Y110.679 E435.56292
G1 X125.871 Y110.008 E435.59038
G1 X125.164 Y109.562 E435.61818
G1 X124.381 Y109.289 E435.64576
G1 X123.398 Y109.366 E435.67856
G1 X122.842 Y109.561 E435.69815
G1 X122.208 Y109.981 E435.72345
G1 X121.812 Y110.418 E435.74306
G1 X121.517 Y110.94 E435.763
G1 X121.298 Y111.65 E435.78772
G1 X121.331 Y112.398 E435.81262
G1 X121.545 Y113.122 E435.83773
G1 X121.972 Y113.834 E435.86534
G1 X122.632 Y114.324 E435.89268
G1 X123.327 Y114.612 E435.91771
G1 X123.708 Y114.653 E435.93045
G0 F4800 X123.906 Y114.675
G0 X123.984 Y113.974
G0 X125.076 Y111.946
;TYPE:SKIN
G1 F1800 X123.957 Y113.066 E435.98311
G1 X124.254 Y113.069 E435.99299
G1 X124.826 Y112.745 E436.01485
G1 X125.09 Y112.149 E436.03653
G1 X125.058 Y111.678 E436.05223
G1 X124.956 Y111.501 E436.05903
G1 X123.51 Y112.946 E436.12702
G1 X123.172 Y112.719 E436.14056
G1 X124.717 Y111.174 E436.21323
G1 X124.36 Y110.966 E436.22698
G1 X122.982 Y112.343 E436.29177
G1 X122.892 Y111.842 E436.3087
G1 X122.975 Y111.577 E436.31794
G1 X123.249 Y111.19 E436.33371
G1 X123.743 Y110.923 E436.35238
G1 X123.844 Y110.915 E436.35575
G1 X122.897 Y111.863 E436.40032
G1 F1500 E426.40032
;MESH:NONMESH
G0 F1800 X122.897 Y111.863 Z11
G0 F4800 X121.532 Y111.679
G0 X120.44 Y111.724
G0 X113.545 Y108.782
G0 X112.806 Y108.524
G0 X112.188 Y108.436
G0 X111.222 Y108.516
G0 X103.555 Y111.868
G0 X102.462 Y111.823
G0 X101.819 Y111.682
;TIME_ELAPSED:646.037011
;LAYER:54
;TYPE:WALL-INNER
;MESH:I2C_LED_BTN-Body002.stl(4)
G1 F1500 E436.40032
G1 F2400 X101.747 Y111.273 E436.41413
G1 X101.46 Y110.799 E436.43256
G1 X101.095 Y110.437 E436.44966
G1 X100.632 Y110.216 E436.46673
G1 X100.105 Y110.109 E436.48461
G1 X99.567 Y110.154 E436.50257
G1 X99.201 Y110.283 E436.51548
G1 X98.733 Y110.593 E436.53415
G1 X98.464 Y110.889 E436.54745
G1 X98.142 Y111.635 E436.57447
G1 X98.117 Y112.195 E436.59312
G1 X98.221 Y112.694 E436.61007
G1 X98.573 Y113.281 E436.63284
G1 X99.031 Y113.624 E436.65187
G1 X99.528 Y113.829 E436.66975
G1 X100.062 Y113.888 E436.68762
G1 X100.454 Y113.834 E436.70078
G1 X100.964 Y113.626 E436.7191
G1 X101.267 Y113.4 E436.73167
G1 X101.682 Y112.861 E436.7543
G1 X101.89 Y112.089 E436.78089
G1 X101.819 Y111.682 E436.79463
G0 F4800 X101.545 Y113.19
G0 X101.789 Y113.377
G1 F2400 X102.033 Y113.06 E436.80794
G1 X102.217 Y112.597 E436.82451
G1 X102.292 Y112.106 E436.84103
G1 X102.258 Y111.584 E436.85843
G1 X102.115 Y111.11 E436.87489
G1 X101.776 Y110.55 E436.89666
G1 X101.329 Y110.106 E436.91762
G1 X100.76 Y109.834 E436.9386
G1 X100.128 Y109.706 E436.96004
G1 X99.483 Y109.76 E436.98157
G1 X99.022 Y109.922 E436.99782
G1 X98.471 Y110.287 E437.01981
G1 X98.138 Y110.654 E437.03629
G1 X97.887 Y111.098 E437.05325
G1 X97.744 Y111.567 E437.06956
G1 X97.715 Y112.227 E437.09153
G1 X97.843 Y112.842 E437.11243
G1 X98.27 Y113.554 E437.14004
G1 X98.832 Y113.974 E437.16337
G1 X99.427 Y114.22 E437.18479
G1 X100.067 Y114.291 E437.20621
G1 X100.559 Y114.223 E437.22273
G1 X101.162 Y113.977 E437.24439
G1 X101.55 Y113.688 E437.26048
G1 X101.789 Y113.377 E437.27352
G0 F4800 X102.108 Y113.62
;TYPE:WALL-OUTER
G1 F2400 X102.384 Y113.26 E437.28861
G1 X102.605 Y112.703 E437.30854
G1 X102.694 Y112.123 E437.32806
G1 X102.654 Y111.512 E437.34842
G1 X102.483 Y110.946 E437.36809
G1 X102.093 Y110.301 E437.39316
G1 X101.563 Y109.774 E437.41802
G1 X100.888 Y109.452 E437.44289
G1 X100.152 Y109.302 E437.46788
G1 X99.399 Y109.366 E437.49301
G1 X98.842 Y109.561 E437.51264
G1 X98.208 Y109.981 E437.53793
G1 X97.812 Y110.418 E437.55755
G1 X97.517 Y110.94 E437.57749
G1 X97.347 Y111.499 E437.59692
G1 X97.313 Y112.259 E437.62223
G1 X97.465 Y112.99 E437.64706
G1 X97.968 Y113.827 E437.67954
G1 X98.632 Y114.324 E437.70712
G1 X99.327 Y114.612 E437.73215
G1 X100.073 Y114.694 E437.75711
G1 X100.663 Y114.613 E437.77692
G1 X101.36 Y114.328 E437.80196
G1 X101.834 Y113.976 E437.8216
G1 X102.108 Y113.62 E437.83654
G0 F4800 X102.229 Y113.462
G0 X101.667 Y113.031
G0 X101.423 Y111.605
;TYPE:SKIN
G1 F1800 X100.421 Y110.604 E437.88365
G1 X100.874 Y110.753 E437.89951
G1 X101.158 Y111.036 E437.91284
G1 X101.391 Y111.42 E437.92778
G1 X101.504 Y112.072 E437.94979
G1 X101.466 Y112.214 E437.95468
G1 X99.802 Y110.55 E438.03295
G1 X99.338 Y110.652 E438.04875
G1 X101.347 Y112.66 E438.14322
G1 X101.106 Y112.986 E438.15671
G1 X99.027 Y110.906 E438.25452
G1 X98.744 Y111.189 E438.26783
G1 X100.826 Y113.271 E438.36576
G1 X100.424 Y113.435 E438.3802
G1 X98.572 Y111.583 E438.46732
G1 X98.502 Y112.079 E438.48398
G1 X99.878 Y113.455 E438.5487
G1 X99.614 Y113.453 E438.55748
G1 X99.219 Y113.291 E438.57168
G1 X98.834 Y112.976 E438.58823
G1 F1500 E428.58823
;MESH:I2C_LED_BTN-Body002.stl
G0 F4800 X102.466 Y112.112
G0 X103.556 Y112.039
G0 X108.452 Y112.198
G0 X109.545 Y112.244
G0 X113.819 Y111.682
;TYPE:WALL-INNER
G1 F1500 E438.58823
G1 F2400 X113.747 Y111.273 E438.60204
G1 X113.46 Y110.799 E438.62047
G1 X113.095 Y110.437 E438.63757
G1 X112.632 Y110.216 E438.65463
G1 X112.105 Y110.109 E438.67252
G1 X111.567 Y110.154 E438.69047
G1 X111.201 Y110.283 E438.70338
G1 X110.733 Y110.593 E438.72205
G1 X110.464 Y110.889 E438.73535
G1 X110.142 Y111.635 E438.76238
G1 X110.117 Y112.195 E438.78102
G1 X110.221 Y112.694 E438.79798
G1 X110.573 Y113.281 E438.82074
G1 X111.031 Y113.624 E438.83977
G1 X111.528 Y113.829 E438.85765
G1 X112.062 Y113.888 E438.87552
G1 X112.454 Y113.834 E438.88868
G1 X112.964 Y113.626 E438.907
G1 X113.267 Y113.4 E438.91958
G1 X113.682 Y112.861 E438.9422
G1 X113.89 Y112.089 E438.96879
G1 X113.819 Y111.682 E438.98253
G0 F4800 X113.545 Y113.19
G0 X113.789 Y113.377
G1 F2400 X114.033 Y113.06 E438.99584
G1 X114.217 Y112.597 E439.01241
G1 X114.292 Y112.106 E439.02893
G1 X114.258 Y111.584 E439.04633
G1 X114.115 Y111.11 E439.0628
G1 X113.776 Y110.55 E439.08457
G1 X113.329 Y110.106 E439.10552
G1 X112.76 Y109.834 E439.1265
G1 X112.128 Y109.706 E439.14795
G1 X111.483 Y109.76 E439.16948
G1 X111.022 Y109.922 E439.18573
G1 X110.471 Y110.287 E439.20771
G1 X110.138 Y110.654 E439.22419
G1 X109.887 Y111.098 E439.24116
G1 X109.744 Y111.567 E439.25746
G1 X109.715 Y112.227 E439.27944
G1 X109.843 Y112.842 E439.30033
G1 X110.27 Y113.554 E439.32794
G1 X110.832 Y113.974 E439.35128
G1 X111.427 Y114.22 E439.37269
G1 X112.067 Y114.291 E439.39411
G1 X112.559 Y114.223 E439.41063
G1 X113.162 Y113.977 E439.43229
G1 X113.55 Y113.688 E439.44838
G1 X113.789 Y113.377 E439.46143
G0 F4800 X114.108 Y113.62
;TYPE:WALL-OUTER
G1 F2400 X114.384 Y113.26 E439.47652
G1 X114.605 Y112.703 E439.49645
G1 X114.694 Y112.123 E439.51596
G1 X114.654 Y111.512 E439.53633
G1 X114.483 Y110.946 E439.55599
G1 X114.093 Y110.301 E439.58106
G1 X113.563 Y109.774 E439.60592
G1 X112.888 Y109.452 E439.6308
G1 X112.152 Y109.302 E439.65578
G1 X111.399 Y109.366 E439.68091
G1 X110.842 Y109.561 E439.70054
G1 X110.208 Y109.981 E439.72584
G1 X109.812 Y110.418 E439.74545
G1 X109.517 Y110.94 E439.76539
G1 X109.347 Y111.499 E439.78483
G1 X109.313 Y112.259 E439.81013
G1 X109.465 Y112.99 E439.83496
G1 X109.968 Y113.827 E439.86744
G1 X110.632 Y114.324 E439.89503
G1 X111.327 Y114.612 E439.92005
G1 X112.073 Y114.694 E439.94501
G1 X112.663 Y114.613 E439.96482
G1 X113.36 Y114.328 E439.98986
G1 X113.834 Y113.976 E440.0095
G1 X114.108 Y113.62 E440.02444
G0 F4800 X114.229 Y113.462
G0 X113.667 Y113.031
G0 X112.241 Y110.544
G0 X113.158 Y111.036
;TYPE:SKIN
G1 F1800 X113.391 Y111.42 E440.03938
G1 X113.449 Y111.752 E440.05059
G1 X112.241 Y110.544 E440.10741
G1 X112.874 Y110.753 E440.12958
G1 X113.158 Y111.036 E440.14292
G0 F4800 X112.241 Y110.544
G1 F1800 X112.093 Y110.495 E440.1481
G1 X111.701 Y110.57 E440.16138
G1 X113.44 Y112.309 E440.24318
G1 X113.3 Y112.734 E440.25806
G1 X111.271 Y110.705 E440.3535
G1 X110.961 Y110.961 E440.36687
G1 X113.054 Y113.054 E440.46532
G1 X112.914 Y113.235 E440.47293
G1 X112.74 Y113.305 E440.47917
G1 X110.707 Y111.273 E440.57477
G1 X110.536 Y111.667 E440.58905
G1 X112.327 Y113.458 E440.6733
G1 X111.614 Y113.452 E440.69701
G1 X111.219 Y113.291 E440.7112
G1 X110.861 Y113.022 E440.72609
G1 X110.58 Y112.552 E440.74431
G1 X110.507 Y112.204 E440.75613
G1 X111.756 Y113.453 E440.81488
G1 F1500 E430.81488
;MESH:I2C_LED_BTN-Body002.stl(3)
G0 F4800 X114.38 Y112.653
G0 X115.462 Y112.822
G0 X120.475 Y112.469
G0 X121.545 Y112.244
G0 X125.819 Y111.682
;TYPE:WALL-INNER
G1 F1500 E440.81488
G1 F2400 X125.747 Y111.273 E440.82869
G1 X125.46 Y110.799 E440.84712
G1 X125.095 Y110.437 E440.86422
G1 X124.632 Y110.216 E440.88129
G1 X124.105 Y110.109 E440.89917
G1 X123.567 Y110.154 E440.91713
G1 X123.201 Y110.283 E440.93004
G1 X122.733 Y110.593 E440.94871
G1 X122.464 Y110.889 E440.96201
G1 X122.142 Y111.635 E440.98903
G1 X122.117 Y112.195 E441.00768
G1 X122.221 Y112.694 E441.02463
G1 X122.573 Y113.281 E441.0474
G1 X123.031 Y113.624 E441.06643
G1 X123.528 Y113.829 E441.08431
G1 X124.062 Y113.888 E441.10218
G1 X124.454 Y113.834 E441.11534
G1 X124.964 Y113.626 E441.13366
G1 X125.267 Y113.4 E441.14623
G1 X125.682 Y112.861 E441.16886
G1 X125.89 Y112.089 E441.19545
G1 X125.819 Y111.682 E441.20919
G0 F4800 X125.545 Y113.19
G0 X125.789 Y113.377
G1 F2400 X126.033 Y113.06 E441.2225
G1 X126.217 Y112.597 E441.23907
G1 X126.292 Y112.106 E441.25559
G1 X126.258 Y111.584 E441.27299
G1 X126.115 Y111.11 E441.28945
G1 X125.776 Y110.55 E441.31123
G1 X125.329 Y110.106 E441.33218
G1 X124.76 Y109.834 E441.35316
G1 X124.128 Y109.706 E441.3746
G1 X123.483 Y109.76 E441.39613
G1 X123.022 Y109.922 E441.41238
G1 X122.471 Y110.287 E441.43437
G1 X122.138 Y110.654 E441.45085
G1 X121.887 Y111.098 E441.46781
G1 X121.744 Y111.567 E441.48412
G1 X121.715 Y112.227 E441.50609
G1 X121.843 Y112.842 E441.52699
G1 X122.27 Y113.554 E441.5546
G1 X122.832 Y113.974 E441.57794
G1 X123.427 Y114.22 E441.59935
G1 X124.067 Y114.291 E441.62077
G1 X124.559 Y114.223 E441.63729
G1 X125.162 Y113.977 E441.65895
G1 X125.55 Y113.688 E441.67504
G1 X125.789 Y113.377 E441.68808
G0 F4800 X126.108 Y113.62
;TYPE:WALL-OUTER
G1 F2400 X126.384 Y113.26 E441.70317
G1 X126.605 Y112.703 E441.7231
G1 X126.694 Y112.123 E441.74262
G1 X126.654 Y111.512 E441.76298
G1 X126.483 Y110.946 E441.78265
G1 X126.093 Y110.301 E441.80772
G1 X125.563 Y109.774 E441.83258
G1 X124.888 Y109.452 E441.85745
G1 X124.152 Y109.302 E441.88244
G1 X123.399 Y109.366 E441.90757
G1 X122.842 Y109.561 E441.9272
G1 X122.208 Y109.981 E441.95249
G1 X121.812 Y110.418 E441.97211
G1 X121.517 Y110.94 E441.99205
G1 X121.347 Y111.499 E442.01148
G1 X121.313 Y112.259 E442.03679
G1 X121.465 Y112.99 E442.06162
G1 X121.968 Y113.827 E442.0941
G1 X122.632 Y114.324 E442.12168
G1 X123.327 Y114.612 E442.14671
G1 X124.073 Y114.694 E442.17167
G1 X124.663 Y114.613 E442.19148
G1 X125.36 Y114.328 E442.21652
G1 X125.834 Y113.976 E442.23616
G1 X126.108 Y113.62 E442.2511
G0 F4800 X126.229 Y113.462
G0 X125.667 Y113.031
G0 X125.391 Y111.42
;TYPE:SKIN
G1 F1800 X125.158 Y111.036 E442.26604
G1 X124.874 Y110.753 E442.27937
G1 X124.06 Y110.484 E442.30789
G1 X125.475 Y111.898 E442.37442
G1 X125.415 Y112.405 E442.3914
G1 X123.599 Y110.589 E442.47682
G1 X123.358 Y110.634 E442.48498
G1 X123.205 Y110.76 E442.49157
G1 X125.248 Y112.803 E442.58766
G1 X125.002 Y113.122 E442.60106
G1 X122.894 Y111.014 E442.70022
G1 X122.67 Y111.357 E442.71384
G1 X124.654 Y113.341 E442.80716
G1 X124.205 Y113.457 E442.82259
G1 X122.515 Y111.767 E442.90208
G1 X122.539 Y112.357 E442.92172
G1 X123.635 Y113.453 E442.97327
G1 X123.219 Y113.291 E442.98812
G1 X122.861 Y113.022 E443.00301
G1 X122.58 Y112.552 E443.02123
G1 F1500 E433.02123
;MESH:NONMESH
G0 F1800 X122.58 Y112.552 Z11.2
G0 F4800 X121.545 Y112.244
G0 X120.452 Y112.198
G0 X112.89 Y115.456
G0 X112.088 Y115.568
G0 X111.212 Y115.47
G0 X103.462 Y112.822
G0 X102.38 Y112.653
G0 X100.407 Y113.382
;TIME_ELAPSED:655.363896
;LAYER:55
;TYPE:WALL-INNER
;MESH:I2C_LED_BTN-Body002.stl(4)
G1 F1500 E443.02123
G1 F2400 X100.768 Y113.275 E443.03375
G1 X101.171 Y112.926 E443.05148
G1 X101.458 Y112.305 E443.07424
G1 X101.472 Y111.747 E443.0928
G1 X101.349 Y111.344 E443.10681
G1 X101.029 Y110.922 E443.12443
G1 X100.385 Y110.558 E443.14903
G1 X99.656 Y110.548 E443.17328
G1 X99.091 Y110.819 E443.19412
G1 X98.633 Y111.4 E443.21873
G1 X98.515 Y112.105 E443.24251
G1 X98.693 Y112.775 E443.26556
G1 X99.217 Y113.263 E443.28938
G1 X99.539 Y113.428 E443.30141
G1 X100.056 Y113.485 E443.31871
G1 X100.407 Y113.382 E443.33088
G0 F4800 X101.676 Y112.77
G1 F2400 X101.851 Y112.389 E443.34482
G1 X101.866 Y111.668 E443.36881
G1 X101.711 Y111.159 E443.38651
G1 X101.317 Y110.639 E443.40821
G1 X101.011 Y110.399 E443.42114
G1 X100.503 Y110.173 E443.43963
G1 X100.124 Y110.108 E443.45242
G1 X99.571 Y110.154 E443.47088
G1 X98.836 Y110.506 E443.49798
G1 X98.456 Y110.904 E443.51629
G1 X98.26 Y111.246 E443.5294
G1 X98.119 Y111.768 E443.54738
G1 X98.115 Y112.155 E443.56025
G1 X98.286 Y112.801 E443.58248
G1 X98.481 Y113.123 E443.595
G1 X98.985 Y113.593 E443.61792
G1 X99.421 Y113.817 E443.63422
G1 X100.062 Y113.888 E443.65567
G1 X100.455 Y113.834 E443.66887
G1 X100.966 Y113.626 E443.68722
G1 X101.494 Y113.167 E443.71049
G1 X101.676 Y112.77 E443.72501
G0 F4800 X98.67 Y113.427
G0 X98.46 Y113.651
G1 F2400 X98.753 Y113.924 E443.7383
G1 X99.304 Y114.207 E443.7589
G1 X100.067 Y114.291 E443.78443
G1 X100.559 Y114.223 E443.80095
G1 X101.165 Y113.977 E443.82271
G1 X101.728 Y113.554 E443.84613
G1 X102.083 Y112.96 E443.86914
G1 X102.245 Y112.473 E443.88621
G1 X102.316 Y111.775 E443.90955
G1 X102.073 Y110.974 E443.93739
G1 X101.604 Y110.357 E443.96317
G1 X101.219 Y110.054 E443.97946
G1 X100.62 Y109.787 E444.00127
G1 X100.141 Y109.705 E444.01744
G1 X99.487 Y109.76 E444.03927
G1 X99.006 Y109.928 E444.05621
G1 X98.582 Y110.194 E444.07286
G1 X98.133 Y110.662 E444.09443
G1 X97.888 Y111.092 E444.11089
G1 X97.72 Y111.712 E444.13226
G1 X97.714 Y112.205 E444.14865
G1 X97.914 Y112.959 E444.1746
G1 X98.167 Y113.378 E444.19088
G1 X98.46 Y113.651 E444.20417
G0 F4800 X98.189 Y113.944
;TYPE:WALL-OUTER
G1 F2400 X98.521 Y114.254 E444.21927
G1 X99.187 Y114.597 E444.24419
G1 X100.073 Y114.694 E444.27383
G1 X100.663 Y114.613 E444.29364
G1 X101.364 Y114.328 E444.31881
G1 X102.029 Y113.829 E444.34646
G1 X102.449 Y113.128 E444.37364
G1 X102.639 Y112.557 E444.39366
G1 X102.699 Y111.963 E444.41352
G1 X102.654 Y111.512 E444.42859
G1 X102.435 Y110.789 E444.45372
G1 X101.892 Y110.074 E444.48358
G1 X101.427 Y109.709 E444.50324
G1 X100.737 Y109.401 E444.52837
G1 X100.159 Y109.302 E444.54788
G1 X99.403 Y109.366 E444.57311
G1 X98.832 Y109.566 E444.59323
G1 X98.328 Y109.881 E444.613
G1 X97.81 Y110.421 E444.63789
G1 X97.515 Y110.938 E444.65769
G1 X97.32 Y111.656 E444.68243
G1 X97.313 Y112.255 E444.70236
G1 X97.542 Y113.117 E444.73202
G1 X97.853 Y113.632 E444.75203
G1 X98.189 Y113.944 E444.76728
G0 F4800 X98.335 Y114.08
G0 X98.817 Y113.564
G0 X101.083 Y112.18
;TYPE:SKIN
G1 F1800 X100.217 Y113.047 E444.80804
G1 X100.581 Y112.938 E444.82068
G1 X100.863 Y112.694 E444.83308
G1 X101.082 Y112.222 E444.85039
G1 X101.046 Y111.652 E444.86938
G1 X99.642 Y113.056 E444.93542
G1 X99.306 Y112.826 E444.94897
G1 X100.835 Y111.297 E445.02088
G1 X100.508 Y111.058 E445.03436
G1 X99.025 Y112.542 E445.10414
G1 X98.9 Y112.072 E445.12031
G1 X98.988 Y111.553 E445.13782
G1 X99.334 Y111.119 E445.15628
G1 X99.737 Y110.925 E445.17116
G1 X100.073 Y110.928 E445.18233
G1 X98.907 Y112.094 E445.23718
G1 F1500 E435.23718
;MESH:I2C_LED_BTN-Body002.stl
G0 F4800 X102.427 Y112.389
G0 X103.515 Y112.495
G0 X108.449 Y112.213
G0 X109.544 Y112.227
G0 X112.407 Y113.382
;TYPE:WALL-INNER
G1 F1500 E445.23718
G1 F2400 X112.768 Y113.275 E445.2497
G1 X113.171 Y112.926 E445.26743
G1 X113.458 Y112.305 E445.29019
G1 X113.472 Y111.747 E445.30875
G1 X113.349 Y111.344 E445.32276
G1 X113.029 Y110.922 E445.34038
G1 X112.385 Y110.558 E445.36498
G1 X111.656 Y110.548 E445.38923
G1 X111.091 Y110.819 E445.41007
G1 X110.633 Y111.4 E445.43468
G1 X110.515 Y112.105 E445.45846
G1 X110.693 Y112.775 E445.48151
G1 X111.217 Y113.263 E445.50533
G1 X111.539 Y113.428 E445.51736
G1 X112.056 Y113.485 E445.53466
G1 X112.407 Y113.382 E445.54683
G0 F4800 X113.676 Y112.77
G1 F2400 X113.851 Y112.389 E445.56077
G1 X113.866 Y111.668 E445.58476
G1 X113.711 Y111.159 E445.60246
G1 X113.317 Y110.639 E445.62416
G1 X113.011 Y110.399 E445.63709
G1 X112.503 Y110.173 E445.65558
G1 X112.124 Y110.108 E445.66837
G1 X111.571 Y110.154 E445.68683
G1 X110.836 Y110.506 E445.71393
G1 X110.456 Y110.904 E445.73224
G1 X110.26 Y111.246 E445.74535
G1 X110.119 Y111.768 E445.76333
G1 X110.115 Y112.155 E445.7762
G1 X110.286 Y112.801 E445.79843
G1 X110.481 Y113.123 E445.81095
G1 X110.985 Y113.593 E445.83387
G1 X111.421 Y113.817 E445.85017
G1 X112.062 Y113.888 E445.87162
G1 X112.455 Y113.834 E445.88482
G1 X112.966 Y113.626 E445.90317
G1 X113.494 Y113.167 E445.92644
G1 X113.676 Y112.77 E445.94096
G0 F4800 X110.67 Y113.427
G0 X110.46 Y113.651
G1 F2400 X110.753 Y113.924 E445.95425
G1 X111.304 Y114.207 E445.97485
G1 X112.067 Y114.291 E446.00038
G1 X112.559 Y114.223 E446.0169
G1 X113.165 Y113.977 E446.03866
G1 X113.728 Y113.554 E446.06208
G1 X114.083 Y112.96 E446.08509
G1 X114.245 Y112.473 E446.10216
G1 X114.316 Y111.775 E446.1255
G1 X114.073 Y110.974 E446.15334
G1 X113.604 Y110.357 E446.17912
G1 X113.219 Y110.054 E446.19541
G1 X112.62 Y109.787 E446.21722
G1 X112.141 Y109.705 E446.23339
G1 X111.487 Y109.76 E446.25522
G1 X111.006 Y109.928 E446.27216
G1 X110.582 Y110.194 E446.28881
G1 X110.133 Y110.662 E446.31038
G1 X109.888 Y111.092 E446.32684
G1 X109.72 Y111.712 E446.34821
G1 X109.714 Y112.205 E446.3646
G1 X109.914 Y112.959 E446.39055
G1 X110.167 Y113.378 E446.40683
G1 X110.46 Y113.651 E446.42012
G0 F4800 X110.189 Y113.944
;TYPE:WALL-OUTER
G1 F2400 X110.521 Y114.254 E446.43522
G1 X111.187 Y114.597 E446.46014
G1 X112.073 Y114.694 E446.48978
G1 X112.663 Y114.613 E446.50959
G1 X113.364 Y114.328 E446.53476
G1 X114.029 Y113.829 E446.56241
G1 X114.449 Y113.128 E446.58959
G1 X114.639 Y112.557 E446.60961
G1 X114.699 Y111.963 E446.62947
G1 X114.654 Y111.512 E446.64454
G1 X114.435 Y110.789 E446.66967
G1 X113.892 Y110.074 E446.69953
G1 X113.427 Y109.709 E446.71919
G1 X112.737 Y109.401 E446.74432
G1 X112.159 Y109.302 E446.76383
G1 X111.403 Y109.366 E446.78906
G1 X110.832 Y109.566 E446.80918
G1 X110.328 Y109.881 E446.82895
G1 X109.81 Y110.421 E446.85384
G1 X109.515 Y110.938 E446.87364
G1 X109.32 Y111.656 E446.89838
G1 X109.313 Y112.255 E446.91831
G1 X109.542 Y113.117 E446.94797
G1 X109.853 Y113.632 E446.96798
G1 X110.189 Y113.944 E446.98323
G0 F4800 X110.335 Y114.08
G0 X110.817 Y113.564
G0 X112.581 Y112.938
;TYPE:SKIN
G1 F1800 X112.863 Y112.694 E446.99563
G1 X113.082 Y112.222 E447.01294
G1 X113.086 Y112.057 E447.01843
G1 X112.044 Y113.099 E447.06744
G1 X111.536 Y113.041 E447.08445
G1 X113.017 Y111.56 E447.15411
G1 X112.783 Y111.229 E447.16759
G1 X111.243 Y112.768 E447.24001
G1 X111 Y112.446 E447.25342
G1 X112.431 Y111.015 E447.32073
G1 X112.279 Y110.931 E447.32651
G1 X111.953 Y110.927 E447.33735
G1 X110.919 Y111.961 E447.38599
G1 X110.987 Y111.553 E447.39975
G1 X111.334 Y111.119 E447.41823
G1 X111.737 Y110.925 E447.4331
G1 F1500 E437.4331
;MESH:I2C_LED_BTN-Body002.stl(3)
G0 F4800 X114.427 Y112.389
G0 X115.515 Y112.495
G0 X120.449 Y112.213
G0 X121.544 Y112.227
G0 X124.407 Y113.382
;TYPE:WALL-INNER
G1 F1500 E447.4331
G1 F2400 X124.768 Y113.275 E447.44563
G1 X125.171 Y112.926 E447.46336
G1 X125.458 Y112.305 E447.48611
G1 X125.472 Y111.747 E447.50468
G1 X125.349 Y111.344 E447.51869
G1 X125.029 Y110.922 E447.53631
G1 X124.385 Y110.558 E447.56091
G1 X123.656 Y110.548 E447.58516
G1 X123.091 Y110.819 E447.606
G1 X122.633 Y111.4 E447.63061
G1 X122.515 Y112.105 E447.65438
G1 X122.693 Y112.775 E447.67744
G1 X123.217 Y113.263 E447.70126
G1 X123.539 Y113.428 E447.71329
G1 X124.056 Y113.485 E447.73059
G1 X124.407 Y113.382 E447.74276
G0 F4800 X125.676 Y112.77
G1 F2400 X125.851 Y112.389 E447.7567
G1 X125.866 Y111.668 E447.78069
G1 X125.711 Y111.159 E447.79838
G1 X125.317 Y110.639 E447.82008
G1 X125.011 Y110.399 E447.83302
G1 X124.503 Y110.173 E447.85151
G1 X124.124 Y110.108 E447.8643
G1 X123.571 Y110.154 E447.88276
G1 X122.836 Y110.506 E447.90986
G1 X122.456 Y110.904 E447.92816
G1 X122.26 Y111.246 E447.94127
G1 X122.119 Y111.768 E447.95926
G1 X122.115 Y112.155 E447.97213
G1 X122.286 Y112.801 E447.99436
G1 X122.481 Y113.123 E448.00688
G1 X122.985 Y113.593 E448.0298
G1 X123.421 Y113.817 E448.0461
G1 X124.062 Y113.888 E448.06755
G1 X124.455 Y113.834 E448.08075
G1 X124.966 Y113.626 E448.0991
G1 X125.494 Y113.167 E448.12236
G1 X125.676 Y112.77 E448.13689
G0 F4800 X122.67 Y113.427
G0 X122.46 Y113.651
G1 F2400 X122.753 Y113.924 E448.15018
G1 X123.304 Y114.207 E448.17078
G1 X124.067 Y114.291 E448.19631
G1 X124.559 Y114.223 E448.21283
G1 X125.165 Y113.977 E448.23458
G1 X125.728 Y113.554 E448.258
G1 X126.083 Y112.96 E448.28102
G1 X126.245 Y112.473 E448.29809
G1 X126.316 Y111.775 E448.32143
G1 X126.073 Y110.974 E448.34927
G1 X125.604 Y110.357 E448.37504
G1 X125.219 Y110.054 E448.39134
G1 X124.62 Y109.787 E448.41315
G1 X124.141 Y109.705 E448.42931
G1 X123.487 Y109.76 E448.45114
G1 X123.006 Y109.928 E448.46809
G1 X122.582 Y110.194 E448.48474
G1 X122.133 Y110.662 E448.50631
G1 X121.888 Y111.092 E448.52277
G1 X121.72 Y111.712 E448.54413
G1 X121.714 Y112.205 E448.56053
G1 X121.914 Y112.959 E448.58648
G1 X122.167 Y113.378 E448.60276
G1 X122.46 Y113.651 E448.61604
G0 F4800 X122.189 Y113.944
;TYPE:WALL-OUTER
G1 F2400 X122.521 Y114.254 E448.63115
G1 X123.187 Y114.597 E448.65607
G1 X124.073 Y114.694 E448.68571
G1 X124.663 Y114.613 E448.70552
G1 X125.364 Y114.328 E448.73069
G1 X126.029 Y113.829 E448.75834
G1 X126.449 Y113.128 E448.78552
G1 X126.639 Y112.557 E448.80554
G1 X126.699 Y111.963 E448.82539
G1 X126.654 Y111.512 E448.84047
G1 X126.435 Y110.789 E448.86559
G1 X125.892 Y110.074 E448.89546
G1 X125.427 Y109.709 E448.91512
G1 X124.737 Y109.401 E448.94025
G1 X124.159 Y109.302 E448.95975
G1 X123.403 Y109.366 E448.98499
G1 X122.832 Y109.566 E449.00511
G1 X122.328 Y109.881 E449.02488
G1 X121.81 Y110.421 E449.04977
G1 X121.515 Y110.938 E449.06956
G1 X121.32 Y111.656 E449.09431
G1 X121.313 Y112.255 E449.11423
G1 X121.542 Y113.117 E449.1439
G1 X121.853 Y113.632 E449.16391
G1 X122.189 Y113.944 E449.17916
G0 F4800 X122.335 Y114.08
G0 X122.817 Y113.564
G0 X125.089 Y111.933
;TYPE:SKIN
G1 F1800 X123.933 Y113.089 E449.23353
G1 X124.038 Y113.1 E449.23705
G1 X124.581 Y112.938 E449.25589
G1 X124.863 Y112.694 E449.2683
G1 X125.082 Y112.222 E449.2856
G1 X125.094 Y111.81 E449.29931
G1 X124.975 Y111.481 E449.31095
G1 X123.474 Y112.983 E449.38157
G1 X123.181 Y112.71 E449.39489
G1 X124.715 Y111.176 E449.46705
G1 X124.353 Y110.973 E449.48085
G1 X122.974 Y112.351 E449.54569
G1 X122.9 Y112.071 E449.55532
G1 X122.988 Y111.553 E449.5728
G1 X123.334 Y111.119 E449.59126
G1 X123.833 Y110.926 E449.60906
G1 X122.944 Y111.816 E449.65089
G1 F1500 E439.65089
;MESH:NONMESH
G0 F1800 X122.944 Y111.816 Z11.4
G0 F4800 X121.544 Y112.227
G0 X120.449 Y112.213
G0 X112.891 Y115.456
G0 X112.089 Y115.568
G0 X111.052 Y115.452
G0 X103.556 Y111.859
G0 X102.468 Y111.964
G0 X101.803 Y112.378
;TIME_ELAPSED:664.496494
;LAYER:56
;TYPE:WALL-INNER
;MESH:I2C_LED_BTN-Body002.stl(4)
G1 F1500 E449.65089
G1 F2400 X101.891 Y111.959 E449.66513
G1 X101.742 Y111.269 E449.68861
G1 X101.459 Y110.799 E449.70686
G1 X101.168 Y110.51 E449.7205
G1 X100.427 Y110.155 E449.74783
G1 X99.875 Y110.111 E449.76625
G1 X99.496 Y110.174 E449.77903
G1 X98.982 Y110.404 E449.79776
G1 X98.462 Y110.893 E449.8215
G1 X98.254 Y111.26 E449.83553
G1 X98.107 Y111.979 E449.85994
G1 X98.145 Y112.388 E449.8736
G1 X98.481 Y113.124 E449.90051
G1 X98.984 Y113.592 E449.92336
G1 X99.422 Y113.816 E449.93972
G1 X100.055 Y113.906 E449.96099
G1 X100.569 Y113.804 E449.97842
G1 X101.302 Y113.373 E450.0067
G1 X101.718 Y112.786 E450.03063
G1 X101.803 Y112.378 E450.04449
G0 F4800 X98.672 Y113.426
G0 X98.461 Y113.651
G1 F2400 X98.752 Y113.923 E450.05774
G1 X99.3 Y114.203 E450.07821
G1 X100.066 Y114.311 E450.10393
G1 X100.69 Y114.188 E450.12509
G1 X101.155 Y113.982 E450.142
G1 X101.715 Y113.564 E450.16525
G1 X102.083 Y112.954 E450.18894
G1 X102.244 Y112.471 E450.20587
G1 X102.311 Y111.772 E450.22923
G1 X102.11 Y111.106 E450.25237
G1 X101.776 Y110.55 E450.27394
G1 X101.417 Y110.194 E450.29076
G1 X100.991 Y109.929 E450.30744
G1 X100.51 Y109.761 E450.32439
G1 X99.858 Y109.709 E450.34614
G1 X99.379 Y109.788 E450.36229
G1 X98.621 Y110.127 E450.38991
G1 X98.137 Y110.656 E450.41376
G1 X97.8 Y111.248 E450.43641
G1 X97.704 Y111.972 E450.4607
G1 X97.751 Y112.471 E450.47737
G1 X97.913 Y112.955 E450.49435
G1 X98.167 Y113.378 E450.51076
G1 X98.461 Y113.651 E450.5241
G0 F4800 X98.187 Y113.943
;TYPE:WALL-OUTER
G1 F2400 X98.52 Y114.254 E450.53926
G1 X99.178 Y114.59 E450.56383
G1 X100.078 Y114.717 E450.59406
G1 X100.811 Y114.572 E450.61891
G1 X101.358 Y114.33 E450.63881
G1 X102.017 Y113.838 E450.66616
G1 X102.449 Y113.123 E450.69395
G1 X102.638 Y112.554 E450.71389
G1 X102.716 Y111.733 E450.74132
G1 X102.479 Y110.942 E450.76878
G1 X102.093 Y110.301 E450.79367
G1 X101.667 Y109.878 E450.81364
G1 X101.165 Y109.566 E450.8333
G1 X100.594 Y109.366 E450.85342
G1 X99.841 Y109.306 E450.87854
G1 X99.263 Y109.402 E450.89803
G1 X98.382 Y109.796 E450.93013
G1 X97.811 Y110.419 E450.95824
G1 X97.413 Y111.12 E450.98505
G1 X97.302 Y111.964 E451.01336
G1 X97.357 Y112.554 E451.03307
G1 X97.547 Y113.123 E451.05302
G1 X97.853 Y113.632 E451.07278
G1 X98.187 Y113.943 E451.08795
G0 F4800 X98.333 Y114.079
G0 X98.816 Y113.561
G0 X98.518 Y112.298
;TYPE:SKIN
G1 F1800 X98.787 Y112.891 E451.10961
G1 X99.202 Y113.278 E451.12849
G1 X99.538 Y113.45 E451.14104
G1 X99.927 Y113.503 E451.1541
G1 X98.497 Y112.074 E451.22134
G1 X98.573 Y111.584 E451.23783
G1 X100.434 Y113.445 E451.32536
G1 X100.792 Y113.237 E451.33914
G1 X98.735 Y111.181 E451.43587
G1 X99.013 Y110.892 E451.4492
G1 X101.111 Y112.991 E451.54791
G1 X101.345 Y112.659 E451.56142
G1 X99.345 Y110.659 E451.6555
G1 X99.735 Y110.483 E451.66973
G1 X101.455 Y112.203 E451.75063
G1 X101.506 Y111.958 E451.75895
G1 X101.389 Y111.421 E451.77723
G1 X101.162 Y111.044 E451.79187
G1 X100.643 Y110.633 E451.81389
G1 X100.349 Y110.531 E451.82424
G1 X101.431 Y111.613 E451.87513
G1 F1500 E441.87513
;MESH:I2C_LED_BTN-Body002.stl
G0 F4800 X102.467 Y111.959
G0 X103.555 Y111.853
G0 X108.448 Y111.828
G0 X109.533 Y111.966
G0 X113.803 Y112.378
;TYPE:WALL-INNER
G1 F1500 E451.87513
G1 F2400 X113.891 Y111.959 E451.88937
G1 X113.742 Y111.269 E451.91285
G1 X113.459 Y110.799 E451.9311
G1 X113.168 Y110.51 E451.94474
G1 X112.427 Y110.155 E451.97207
G1 X111.875 Y110.111 E451.99049
G1 X111.496 Y110.174 E452.00326
G1 X110.982 Y110.404 E452.02199
G1 X110.462 Y110.893 E452.04573
G1 X110.254 Y111.26 E452.05977
G1 X110.107 Y111.979 E452.08417
G1 X110.145 Y112.388 E452.09784
G1 X110.481 Y113.124 E452.12475
G1 X110.984 Y113.592 E452.1476
G1 X111.422 Y113.816 E452.16396
G1 X112.055 Y113.906 E452.18522
G1 X112.569 Y113.804 E452.20265
G1 X113.302 Y113.373 E452.23094
G1 X113.718 Y112.786 E452.25487
G1 X113.803 Y112.378 E452.26873
G0 F4800 X110.672 Y113.426
G0 X110.461 Y113.651
G1 F2400 X110.752 Y113.923 E452.28198
G1 X111.3 Y114.203 E452.30244
G1 X112.066 Y114.311 E452.32817
G1 X112.69 Y114.188 E452.34933
G1 X113.155 Y113.982 E452.36624
G1 X113.715 Y113.564 E452.38948
G1 X114.083 Y112.954 E452.41318
G1 X114.244 Y112.471 E452.43011
G1 X114.311 Y111.772 E452.45347
G1 X114.11 Y111.106 E452.47661
G1 X113.776 Y110.55 E452.49818
G1 X113.417 Y110.194 E452.51499
G1 X112.991 Y109.929 E452.53168
G1 X112.51 Y109.761 E452.54863
G1 X111.858 Y109.709 E452.57038
G1 X111.379 Y109.788 E452.58653
G1 X110.621 Y110.127 E452.61415
G1 X110.137 Y110.656 E452.63799
G1 X109.8 Y111.248 E452.66065
G1 X109.704 Y111.972 E452.68494
G1 X109.751 Y112.471 E452.70161
G1 X109.913 Y112.955 E452.71859
G1 X110.167 Y113.378 E452.735
G1 X110.461 Y113.651 E452.74834
G0 F4800 X110.187 Y113.943
;TYPE:WALL-OUTER
G1 F2400 X110.52 Y114.254 E452.7635
G1 X111.178 Y114.59 E452.78807
G1 X112.078 Y114.717 E452.8183
G1 X112.811 Y114.572 E452.84315
G1 X113.358 Y114.33 E452.86305
G1 X114.017 Y113.838 E452.8904
G1 X114.449 Y113.123 E452.91819
G1 X114.638 Y112.554 E452.93813
G1 X114.716 Y111.733 E452.96556
G1 X114.479 Y110.942 E452.99302
G1 X114.093 Y110.301 E453.01791
G1 X113.667 Y109.878 E453.03787
G1 X113.165 Y109.566 E453.05753
G1 X112.594 Y109.366 E453.07766
G1 X111.841 Y109.306 E453.10278
G1 X111.263 Y109.402 E453.12227
G1 X110.382 Y109.796 E453.15437
G1 X109.811 Y110.419 E453.18247
G1 X109.413 Y111.12 E453.20929
G1 X109.302 Y111.964 E453.2376
G1 X109.357 Y112.554 E453.25731
G1 X109.547 Y113.123 E453.27726
G1 X109.853 Y113.632 E453.29701
G1 X110.187 Y113.943 E453.31219
G0 F4800 X110.333 Y114.079
G0 X110.816 Y113.561
G0 X112.217 Y110.52
G0 X112.643 Y110.633
;TYPE:SKIN
G1 F1800 X113.163 Y111.044 E453.33424
G1 X113.388 Y111.421 E453.34884
G1 X113.464 Y111.767 E453.36062
G1 X112.217 Y110.52 E453.41928
G1 X112.346 Y110.53 E453.42358
G1 X112.643 Y110.633 E453.43404
G0 F4800 X112.217 Y110.52
G1 F1800 X111.652 Y110.521 E453.45283
G1 X113.434 Y112.303 E453.53665
G1 X113.295 Y112.729 E453.55155
G1 X111.262 Y110.696 E453.64718
G1 X110.951 Y110.951 E453.66055
G1 X113.061 Y113.061 E453.7598
G1 X112.716 Y113.281 E453.77341
G1 X110.692 Y111.258 E453.86859
G1 X110.553 Y111.684 E453.8835
G1 X112.332 Y113.464 E453.9672
G1 X112.046 Y113.52 E453.97689
G1 X111.538 Y113.449 E453.99395
G1 X111.202 Y113.278 E454.00649
G1 X110.787 Y112.891 E454.02536
G1 X110.518 Y112.298 E454.04702
G1 X110.509 Y112.207 E454.05006
G1 X111.786 Y113.483 E454.11011
G1 F1500 E444.11011
;MESH:I2C_LED_BTN-Body002.stl(3)
G0 F4800 X114.413 Y112.51
G0 X115.502 Y112.616
G0 X120.445 Y112.073
G0 X121.533 Y111.966
G0 X125.803 Y112.378
;TYPE:WALL-INNER
G1 F1500 E454.11011
G1 F2400 X125.891 Y111.959 E454.12435
G1 X125.742 Y111.269 E454.14782
G1 X125.459 Y110.799 E454.16607
G1 X125.168 Y110.51 E454.17971
G1 X124.427 Y110.155 E454.20704
G1 X123.875 Y110.111 E454.22546
G1 X123.496 Y110.174 E454.23824
G1 X122.982 Y110.404 E454.25697
G1 X122.462 Y110.893 E454.28071
G1 X122.254 Y111.26 E454.29474
G1 X122.107 Y111.979 E454.31915
G1 X122.145 Y112.388 E454.33281
G1 X122.481 Y113.124 E454.35972
G1 X122.984 Y113.592 E454.38257
G1 X123.422 Y113.816 E454.39893
G1 X124.055 Y113.906 E454.4202
G1 X124.569 Y113.804 E454.43763
G1 X125.302 Y113.373 E454.46591
G1 X125.718 Y112.786 E454.48984
G1 X125.803 Y112.378 E454.5037
G0 F4800 X122.672 Y113.426
G0 X122.461 Y113.651
G1 F2400 X122.752 Y113.923 E454.51695
G1 X123.3 Y114.203 E454.53742
G1 X124.066 Y114.311 E454.56314
G1 X124.69 Y114.188 E454.5843
G1 X125.155 Y113.982 E454.60121
G1 X125.715 Y113.564 E454.62446
G1 X126.083 Y112.954 E454.64815
G1 X126.244 Y112.471 E454.66508
G1 X126.311 Y111.772 E454.68844
G1 X126.11 Y111.106 E454.71158
G1 X125.776 Y110.55 E454.73315
G1 X125.417 Y110.194 E454.74997
G1 X124.991 Y109.929 E454.76665
G1 X124.51 Y109.761 E454.7836
G1 X123.858 Y109.709 E454.80535
G1 X123.379 Y109.788 E454.8215
G1 X122.621 Y110.127 E454.84912
G1 X122.137 Y110.656 E454.87297
G1 X121.8 Y111.248 E454.89562
G1 X121.704 Y111.972 E454.91991
G1 X121.751 Y112.471 E454.93658
G1 X121.913 Y112.955 E454.95356
G1 X122.167 Y113.378 E454.96997
G1 X122.461 Y113.651 E454.98331
G0 F4800 X122.187 Y113.943
;TYPE:WALL-OUTER
G1 F2400 X122.52 Y114.254 E454.99847
G1 X123.178 Y114.59 E455.02304
G1 X124.078 Y114.717 E455.05327
G1 X124.811 Y114.572 E455.07813
G1 X125.358 Y114.33 E455.09802
G1 X126.017 Y113.838 E455.12537
G1 X126.449 Y113.123 E455.15316
G1 X126.638 Y112.554 E455.1731
G1 X126.716 Y111.733 E455.20053
G1 X126.479 Y110.942 E455.22799
G1 X126.093 Y110.301 E455.25288
G1 X125.667 Y109.878 E455.27285
G1 X125.165 Y109.566 E455.29251
G1 X124.594 Y109.366 E455.31263
G1 X123.841 Y109.306 E455.33775
G1 X123.263 Y109.402 E455.35724
G1 X122.382 Y109.796 E455.38934
G1 X121.811 Y110.419 E455.41745
G1 X121.413 Y111.12 E455.44426
G1 X121.302 Y111.964 E455.47257
G1 X121.357 Y112.554 E455.49228
G1 X121.547 Y113.123 E455.51223
G1 X121.853 Y113.632 E455.53199
G1 X122.187 Y113.943 E455.54716
G0 F4800 X122.333 Y114.079
G0 X122.816 Y113.561
G0 X122.788 Y112.891
;TYPE:SKIN
G1 F1800 X123.202 Y113.279 E455.56604
G1 X123.646 Y113.464 E455.58203
G1 X122.549 Y112.367 E455.63363
G1 X122.532 Y111.784 E455.65303
G1 X124.232 Y113.484 E455.733
G1 X124.64 Y113.326 E455.74755
G1 X122.648 Y111.335 E455.84122
G1 X122.889 Y111.009 E455.85471
G1 X124.995 Y113.116 E455.95379
G1 X125.246 Y112.801 E455.96719
G1 X123.18 Y110.735 E456.06436
G1 X123.569 Y110.558 E456.07858
G1 X125.413 Y112.402 E456.16531
G1 X125.498 Y111.922 E456.18153
G1 X124.086 Y110.509 E456.24797
G1 X124.643 Y110.633 E456.26695
G1 X125.162 Y111.044 E456.28897
G1 X125.388 Y111.421 E456.30359
G1 F1500 E446.30359
;MESH:NONMESH
G0 F1800 X125.388 Y111.421 Z11.6
G0 F4800 X121.533 Y111.966
G0 X120.445 Y112.073
G0 X113.075 Y115.402
G0 X112.102 Y115.594
G0 X111.037 Y115.445
G0 X103.502 Y112.616
G0 X102.413 Y112.51
G0 X99.666 Y113.205
;TIME_ELAPSED:673.888470
;LAYER:57
;TYPE:WALL-INNER
;MESH:I2C_LED_BTN-Body002.stl(4)
G1 F1500 E456.30359
G1 F2400 X100.008 Y113.3 E456.31539
G1 X100.352 Y113.24 E456.32701
G1 X100.859 Y112.962 E456.34624
G1 X101.183 Y112.506 E456.36484
G1 X101.288 Y111.943 E456.38389
G1 X101.142 Y111.399 E456.40262
G1 X100.776 Y110.967 E456.42146
G1 X100.267 Y110.736 E456.44005
G1 X99.908 Y110.704 E456.45203
G1 X99.559 Y110.786 E456.46396
G1 X99.082 Y111.09 E456.48277
G1 X98.752 Y111.622 E456.50359
G1 X98.727 Y112.217 E456.5234
G1 X98.973 Y112.783 E456.54393
G1 X99.36 Y113.121 E456.56102
G1 X99.666 Y113.205 E456.57157
G0 F4800 X99.565 Y113.584
G1 F2400 X100.011 Y113.706 E456.58695
G1 X100.465 Y113.626 E456.60228
G1 X101.127 Y113.263 E456.62739
G1 X101.553 Y112.664 E456.65184
G1 X101.69 Y111.927 E456.67677
G1 X101.499 Y111.213 E456.70136
G1 X101.019 Y110.646 E456.72607
G1 X100.348 Y110.342 E456.75057
G1 X99.88 Y110.299 E456.7662
G1 X99.422 Y110.407 E456.78185
G1 X98.797 Y110.806 E456.80651
G1 X98.364 Y111.505 E456.83386
G1 X98.332 Y112.294 E456.86012
G1 X98.654 Y113.029 E456.88681
G1 X99.168 Y113.475 E456.90945
G1 X99.565 Y113.584 E456.92314
G0 F4800 X101.755 Y112.324
G0 X102.007 Y112.371
G1 F2400 X102.092 Y111.912 E456.93867
G1 X101.856 Y111.027 E456.96913
G1 X101.263 Y110.325 E456.99969
G1 X100.43 Y109.948 E457.03011
G1 X99.851 Y109.895 E457.04944
G1 X99.286 Y110.029 E457.06876
G1 X98.512 Y110.522 E457.09928
G1 X98.222 Y110.888 E457.11481
G1 X97.975 Y111.388 E457.13336
G1 X97.874 Y112.175 E457.15975
G1 X98.099 Y112.883 E457.18446
G1 X98.335 Y113.275 E457.19968
G1 X98.976 Y113.829 E457.22785
G1 X99.451 Y114.022 E457.24491
G1 X100.014 Y114.111 E457.26387
G1 X100.578 Y114.012 E457.28291
G1 X101.394 Y113.564 E457.31387
G1 X101.924 Y112.822 E457.3442
G1 X102.007 Y112.371 E457.35945
G0 F4800 X102.472 Y112.183
;TYPE:WALL-OUTER
G1 F2400 X102.494 Y111.896 E457.36903
G1 X102.413 Y111.36 E457.38706
G1 X102.213 Y110.841 E457.40556
G1 X101.91 Y110.39 E457.42363
G1 X101.506 Y110.005 E457.44219
G1 X101.032 Y109.724 E457.46052
G1 X100.511 Y109.554 E457.47874
G1 X99.823 Y109.491 E457.50172
G1 X99.149 Y109.65 E457.52476
G1 X98.657 Y109.894 E457.54302
G1 X98.227 Y110.238 E457.56134
G1 X97.882 Y110.672 E457.57978
G1 X97.587 Y111.271 E457.60198
G1 X97.501 Y111.941 E457.62445
G1 X97.542 Y112.449 E457.6414
G1 X97.732 Y113.049 E457.66234
G1 X98.016 Y113.521 E457.68066
G1 X98.581 Y114.1 E457.70756
G1 X99.343 Y114.41 E457.73493
G1 X100.018 Y114.517 E457.75766
G1 X100.691 Y114.398 E457.78039
G1 X101.207 Y114.183 E457.79898
G1 X101.662 Y113.865 E457.81744
G1 X102.024 Y113.458 E457.83556
G1 X102.294 Y112.98 E457.85382
G1 X102.453 Y112.451 E457.87219
G1 X102.472 Y112.183 E457.88113
G0 F4800 X102.487 Y111.984
G0 X101.785 Y111.931
G0 X100.633 Y112.63
;TYPE:SKIN
G1 F1800 X100.833 Y112.348 E457.89263
G1 X100.868 Y111.83 E457.90989
G1 X99.835 Y112.863 E457.95848
G1 X99.441 Y112.691 E457.97278
G1 X100.671 Y111.461 E458.03064
G1 X100.544 Y111.275 E458.03813
G1 X100.37 Y111.196 E458.04448
G1 X99.201 Y112.365 E458.09947
G1 X99.106 Y112.146 E458.10741
G1 X99.124 Y111.736 E458.12106
G1 X99.357 Y111.361 E458.13574
G1 X99.684 Y111.152 E458.14865
G1 X99.861 Y111.14 E458.15455
G1 X99.118 Y111.883 E458.1895
G0 F4800 X101.642 Y112.701
G0 X102.387 Y113.026
G1 F1200 X102.551 Y112.493 E458.19009
G1 X102.595 Y111.919 E458.19069
G1 X102.511 Y111.333 E458.19133
G1 X102.319 Y110.83 E458.19191
G1 X101.984 Y110.324 E458.19258
G1 X101.523 Y109.882 E458.19325
G1 X101.07 Y109.638 E458.19382
G0 F4800 X100.53 Y109.454
G1 F1200 X100.007 Y109.401 E458.19439
G1 X99.818 Y109.402 E458.19461
G0 F4800 X99.111 Y109.558
G1 F1200 X98.552 Y109.828 E458.19525
G1 X98.055 Y110.264 E458.1959
G1 X97.69 Y110.823 E458.19655
G1 X97.445 Y111.486 E458.1972
G1 X97.418 Y112.321 E458.19789
G1 F1500 E448.19789
;MESH:I2C_LED_BTN-Body002.stl
G0 F4800 X98.239 Y112.257
G0 X102.23 Y112.41
G0 X103.321 Y112.488
G0 X108.681 Y112.497
G0 X109.77 Y112.408
G0 X111.666 Y113.205
;TYPE:WALL-INNER
G1 F1500 E458.19789
G1 F2400 X112.008 Y113.3 E458.2097
G1 X112.352 Y113.24 E458.22131
G1 X112.859 Y112.962 E458.24054
G1 X113.183 Y112.506 E458.25915
G1 X113.288 Y111.943 E458.2782
G1 X113.142 Y111.399 E458.29693
G1 X112.776 Y110.967 E458.31576
G1 X112.267 Y110.736 E458.33435
G1 X111.908 Y110.704 E458.34634
G1 X111.559 Y110.786 E458.35827
G1 X111.082 Y111.09 E458.37708
G1 X110.752 Y111.622 E458.3979
G1 X110.727 Y112.217 E458.41771
G1 X110.973 Y112.783 E458.43823
G1 X111.36 Y113.121 E458.45532
G1 X111.666 Y113.205 E458.46588
G0 F4800 X111.565 Y113.584
G1 F2400 X112.011 Y113.706 E458.48126
G1 X112.465 Y113.626 E458.49659
G1 X113.127 Y113.263 E458.5217
G1 X113.553 Y112.664 E458.54615
G1 X113.69 Y111.927 E458.57108
G1 X113.499 Y111.213 E458.59566
G1 X113.019 Y110.646 E458.62037
G1 X112.348 Y110.342 E458.64487
G1 X111.88 Y110.299 E458.66051
G1 X111.422 Y110.407 E458.67616
G1 X110.797 Y110.806 E458.70082
G1 X110.364 Y111.505 E458.72817
G1 X110.332 Y112.294 E458.75443
G1 X110.654 Y113.029 E458.78112
G1 X111.168 Y113.475 E458.80375
G1 X111.565 Y113.584 E458.81745
G0 F4800 X113.755 Y112.324
G0 X114.007 Y112.371
G1 F2400 X114.092 Y111.912 E458.83297
G1 X113.856 Y111.027 E458.86344
G1 X113.263 Y110.325 E458.894
G1 X112.43 Y109.948 E458.92441
G1 X111.851 Y109.895 E458.94375
G1 X111.286 Y110.029 E458.96306
G1 X110.512 Y110.522 E458.99359
G1 X110.222 Y110.888 E459.00912
G1 X109.975 Y111.388 E459.02767
G1 X109.874 Y112.175 E459.05406
G1 X110.099 Y112.883 E459.07876
G1 X110.335 Y113.275 E459.09398
G1 X110.976 Y113.829 E459.12216
G1 X111.451 Y114.022 E459.13921
G1 X112.014 Y114.111 E459.15817
G1 X112.578 Y114.012 E459.17722
G1 X113.394 Y113.564 E459.20818
G1 X113.924 Y112.822 E459.23851
G1 X114.007 Y112.371 E459.25376
G0 F4800 X114.472 Y112.183
;TYPE:WALL-OUTER
G1 F2400 X114.494 Y111.896 E459.26333
G1 X114.413 Y111.36 E459.28136
G1 X114.213 Y110.841 E459.29986
G1 X113.91 Y110.39 E459.31793
G1 X113.506 Y110.005 E459.3365
G1 X113.032 Y109.724 E459.35482
G1 X112.511 Y109.554 E459.37305
G1 X111.823 Y109.491 E459.39603
G1 X111.149 Y109.65 E459.41906
G1 X110.657 Y109.894 E459.43733
G1 X110.227 Y110.238 E459.45564
G1 X109.882 Y110.672 E459.47408
G1 X109.587 Y111.271 E459.49629
G1 X109.501 Y111.941 E459.51876
G1 X109.542 Y112.449 E459.53571
G1 X109.732 Y113.049 E459.55664
G1 X110.016 Y113.521 E459.57496
G1 X110.581 Y114.1 E459.60187
G1 X111.343 Y114.41 E459.62923
G1 X112.018 Y114.517 E459.65196
G1 X112.691 Y114.398 E459.67469
G1 X113.207 Y114.183 E459.69329
G1 X113.662 Y113.865 E459.71175
G1 X114.024 Y113.458 E459.72987
G1 X114.294 Y112.98 E459.74813
G1 X114.453 Y112.451 E459.7665
G1 X114.472 Y112.183 E459.77543
G0 F4800 X114.487 Y111.984
G0 X113.785 Y111.931
G0 X112.835 Y112.308
;TYPE:SKIN
G1 F1800 X112.378 Y112.765 E459.79693
G1 X112.016 Y112.913 E459.80994
G1 X111.741 Y112.837 E459.81943
G1 X112.851 Y111.726 E459.87166
G1 X112.622 Y111.39 E459.88519
G1 X111.376 Y112.635 E459.94377
G1 X111.165 Y112.281 E459.95748
G1 X112.287 Y111.159 E460.01025
G1 X111.731 Y111.149 E460.02875
G1 X111.123 Y111.757 E460.05735
G1 X111.357 Y111.361 E460.07265
G1 X111.684 Y111.152 E460.08555
G0 F4800 X113.642 Y112.701
G0 X114.387 Y113.026
G1 F1200 X114.551 Y112.493 E460.08615
G1 X114.595 Y111.919 E460.08674
G1 X114.511 Y111.333 E460.08738
G1 X114.319 Y110.83 E460.08797
G1 X113.984 Y110.324 E460.08863
G1 X113.523 Y109.882 E460.08931
G1 X113.07 Y109.638 E460.08987
G0 F4800 X112.53 Y109.454
G1 F1200 X112.007 Y109.401 E460.09044
G1 X111.818 Y109.402 E460.09066
G0 F4800 X111.876 Y110.205
G0 X110.239 Y112.257
G0 X109.418 Y112.321
G1 F1200 X109.445 Y111.486 E460.09136
G1 X109.69 Y110.823 E460.09201
G1 X110.055 Y110.264 E460.09266
G1 X110.552 Y109.828 E460.0933
G1 X111.111 Y109.558 E460.09394
G1 F1500 E450.09394
;MESH:I2C_LED_BTN-Body002.stl(3)
G0 F4800 X111.393 Y110.322
G0 X114.192 Y111.417
G0 X115.273 Y111.255
G0 X120.681 Y112.497
G0 X121.77 Y112.408
G0 X123.666 Y113.205
;TYPE:WALL-INNER
G1 F1500 E460.09394
G1 F2400 X124.008 Y113.3 E460.10575
G1 X124.352 Y113.24 E460.11736
G1 X124.859 Y112.962 E460.1366
G1 X125.183 Y112.506 E460.1552
G1 X125.288 Y111.943 E460.17425
G1 X125.142 Y111.399 E460.19298
G1 X124.776 Y110.967 E460.21181
G1 X124.267 Y110.736 E460.23041
G1 X123.908 Y110.704 E460.24239
G1 X123.559 Y110.786 E460.25432
G1 X123.082 Y111.09 E460.27313
G1 X122.752 Y111.622 E460.29395
G1 X122.727 Y112.217 E460.31376
G1 X122.973 Y112.783 E460.33429
G1 X123.36 Y113.121 E460.35138
G1 X123.666 Y113.205 E460.36193
G0 F4800 X123.565 Y113.584
G1 F2400 X124.011 Y113.706 E460.37731
G1 X124.465 Y113.626 E460.39264
G1 X125.127 Y113.263 E460.41775
G1 X125.553 Y112.664 E460.4422
G1 X125.69 Y111.927 E460.46713
G1 X125.499 Y111.213 E460.49172
G1 X125.019 Y110.646 E460.51642
G1 X124.348 Y110.342 E460.54093
G1 X123.88 Y110.299 E460.55656
G1 X123.422 Y110.407 E460.57221
G1 X122.797 Y110.806 E460.59687
G1 X122.364 Y111.505 E460.62422
G1 X122.332 Y112.294 E460.65048
G1 X122.654 Y113.029 E460.67717
G1 X123.168 Y113.475 E460.69981
G1 X123.565 Y113.584 E460.7135
G0 F4800 X125.755 Y112.324
G0 X126.007 Y112.371
G1 F2400 X126.092 Y111.912 E460.72903
G1 X125.856 Y111.027 E460.75949
G1 X125.263 Y110.325 E460.79005
G1 X124.43 Y109.948 E460.82046
G1 X123.851 Y109.895 E460.8398
G1 X123.286 Y110.029 E460.85912
G1 X122.512 Y110.522 E460.88964
G1 X122.222 Y110.888 E460.90517
G1 X121.975 Y111.388 E460.92372
G1 X121.874 Y112.175 E460.95011
G1 X122.099 Y112.883 E460.97482
G1 X122.335 Y113.275 E460.99003
G1 X122.976 Y113.829 E461.01821
G1 X123.451 Y114.022 E461.03527
G1 X124.014 Y114.111 E461.05422
G1 X124.578 Y114.012 E461.07327
G1 X125.394 Y113.564 E461.10423
G1 X125.924 Y112.822 E461.13456
G1 X126.007 Y112.371 E461.14981
G0 F4800 X126.472 Y112.183
;TYPE:WALL-OUTER
G1 F2400 X126.494 Y111.896 E461.15939
G1 X126.413 Y111.36 E461.17742
G1 X126.213 Y110.841 E461.19592
G1 X125.91 Y110.39 E461.21399
G1 X125.506 Y110.005 E461.23255
G1 X125.032 Y109.724 E461.25088
G1 X124.511 Y109.554 E461.2691
G1 X123.823 Y109.491 E461.29208
G1 X123.149 Y109.65 E461.31511
G1 X122.657 Y109.894 E461.33338
G1 X122.227 Y110.238 E461.3517
G1 X121.882 Y110.672 E461.37014
G1 X121.587 Y111.271 E461.39234
G1 X121.501 Y111.941 E461.41481
G1 X121.542 Y112.449 E461.43176
G1 X121.732 Y113.049 E461.45269
G1 X122.016 Y113.521 E461.47102
G1 X122.581 Y114.1 E461.49792
G1 X123.343 Y114.41 E461.52528
G1 X124.018 Y114.517 E461.54802
G1 X124.691 Y114.398 E461.57075
G1 X125.207 Y114.183 E461.58934
G1 X125.662 Y113.865 E461.6078
G1 X126.024 Y113.458 E461.62592
G1 X126.294 Y112.98 E461.64418
G1 X126.453 Y112.451 E461.66255
G1 X126.472 Y112.183 E461.67149
G0 F4800 X126.487 Y111.984
G0 X125.785 Y111.931
G0 X124.603 Y112.673
;TYPE:SKIN
G1 F1800 X124.833 Y112.348 E461.68473
G1 X124.873 Y111.758 E461.7044
G1 X124.802 Y111.654 E461.70859
G1 X123.647 Y112.81 E461.76294
G1 X123.312 Y112.579 E461.77647
G1 X124.573 Y111.318 E461.83578
G1 X124.205 Y111.12 E461.84968
G1 X123.128 Y112.197 E461.90034
G1 X123.124 Y111.736 E461.91568
G1 X123.471 Y111.288 E461.93452
G0 F4800 X124.844 Y112.178
G1 F1800 X124.174 Y112.849 E461.96606
G0 F4800 X122.239 Y112.257
G0 X121.418 Y112.321
G1 F1200 X121.445 Y111.486 E461.96676
G1 X121.69 Y110.823 E461.9674
G1 X122.055 Y110.264 E461.96806
G1 X122.552 Y109.828 E461.9687
G1 X123.111 Y109.558 E461.96934
G0 F4800 X123.818 Y109.402
G1 F1200 X124.007 Y109.401 E461.96957
G1 X124.53 Y109.454 E461.97013
G0 F4800 X125.07 Y109.638
G1 F1200 X125.523 Y109.882 E461.9707
G1 X125.984 Y110.324 E461.97138
G1 X126.319 Y110.83 E461.97204
G1 X126.511 Y111.333 E461.97263
G1 X126.595 Y111.919 E461.97327
G1 X126.551 Y112.493 E461.97386
G1 X126.387 Y113.026 E461.97445
G1 F1500 E451.97445
;MESH:NONMESH
G0 F1800 X126.387 Y113.026 Z11.8
G0 F4800 X125.642 Y112.701
G0 X121.732 Y111.944
G0 X120.643 Y112.033
G0 X113.394 Y108.935
G0 X112.688 Y108.702
G0 X111.762 Y108.616
G0 X111.248 Y108.738
G0 X103.273 Y111.255
G0 X102.192 Y111.417
G0 X99.997 Y110.553
;TIME_ELAPSED:683.767864
;LAYER:58
;TYPE:WALL-INNER
;MESH:I2C_LED_BTN-Body002.stl(4)
G1 F1500 E461.97445
G1 F2400 X99.59 Y110.554 E461.98799
G1 X99.137 Y110.766 E462.00463
G1 X98.663 Y111.33 E462.02913
G1 X98.524 Y111.706 E462.04246
G1 X98.509 Y112.206 E462.0591
G1 X98.795 Y112.882 E462.08351
G1 X99.074 Y113.183 E462.09716
G1 X99.444 Y113.384 E462.11117
G1 X100.165 Y113.495 E462.13543
G1 X100.636 Y113.362 E462.15171
G1 X101.047 Y113.078 E462.16833
G1 X101.339 Y112.684 E462.18464
G1 X101.464 Y112.284 E462.19857
G1 X101.444 Y111.626 E462.22047
G1 X101.143 Y111.04 E462.24238
G1 X100.862 Y110.766 E462.25544
G1 X100.408 Y110.552 E462.27213
G1 X99.997 Y110.553 E462.2858
G0 F4800 X101.585 Y111.957
G0 X101.847 Y111.945
G1 F2400 X101.834 Y111.528 E462.29967
G1 X101.454 Y110.784 E462.32746
G1 X101.093 Y110.432 E462.34423
G1 X100.518 Y110.162 E462.36536
G1 X99.999 Y110.104 E462.38273
G1 X99.479 Y110.163 E462.40013
G1 X98.906 Y110.432 E462.42119
G1 X98.541 Y110.785 E462.43808
G1 X98.304 Y111.149 E462.45252
G1 X98.126 Y111.629 E462.46955
G1 X98.107 Y112.261 E462.49058
G1 X98.327 Y112.965 E462.51511
G1 X98.825 Y113.503 E462.5395
G1 X99.476 Y113.856 E462.56413
G1 X100.209 Y113.899 E462.58855
G1 X100.809 Y113.729 E462.60929
G1 X101.329 Y113.37 E462.63031
G1 X101.701 Y112.868 E462.65109
G1 X101.859 Y112.361 E462.66875
G1 X101.847 Y111.945 E462.68259
G0 F4800 X101.585 Y111.957
G0 X99.246 Y113.383
G0 X98.91 Y114.004
;TYPE:WALL-OUTER
G1 F2400 X99.14 Y114.129 E462.6913
G1 X99.618 Y114.265 E462.70783
G1 X100.253 Y114.302 E462.72898
G1 X100.981 Y114.096 E462.75415
G1 X101.611 Y113.662 E462.77959
G1 X102.063 Y113.052 E462.80485
G1 X102.254 Y112.437 E462.82626
G1 X102.294 Y111.938 E462.84291
G1 X102.224 Y111.43 E462.85997
G1 X102.052 Y110.967 E462.8764
G1 X101.764 Y110.528 E462.89386
G1 X101.324 Y110.099 E462.9143
G1 X100.628 Y109.772 E462.93988
G1 X99.999 Y109.702 E462.96093
G1 X99.368 Y109.772 E462.98204
G1 X98.676 Y110.099 E463.0075
G1 X98.231 Y110.529 E463.02808
G1 X97.944 Y110.967 E463.0455
G1 X97.728 Y111.551 E463.06621
G1 X97.705 Y112.316 E463.09166
G1 X97.893 Y112.919 E463.11267
G1 X98.147 Y113.36 E463.1296
G1 X98.577 Y113.823 E463.15061
G1 X98.91 Y114.004 E463.16322
G0 F4800 X99.085 Y114.099
G0 X99.401 Y113.468
G0 X100.099 Y113.11
;TYPE:SKIN
G1 F1800 X98.897 Y111.908 E463.21976
G1 X98.891 Y112.145 E463.22764
G1 X99.11 Y112.663 E463.24635
G1 X99.304 Y112.872 E463.25583
G1 X99.827 Y113.095 E463.27474
G1 X100.126 Y113.112 E463.2847
G1 X100.529 Y112.974 E463.29887
G1 X99.047 Y111.492 E463.36858
G1 X99.278 Y111.158 E463.38209
G1 X100.84 Y112.72 E463.45556
G1 X101.028 Y112.342 E463.4696
G1 X99.616 Y110.93 E463.53602
G1 X100.312 Y110.927 E463.55917
G1 X100.633 Y111.078 E463.57096
G1 X100.99 Y111.506 E463.5895
G1 X101.067 Y111.815 E463.60009
G1 X100.18 Y110.928 E463.64182
G0 F4800 X101.423 Y112.727
G0 X102.141 Y113.088
G1 F1200 X102.067 Y113.214 E463.64199
G1 X101.612 Y113.828 E463.64283
G1 X100.899 Y114.225 E463.64374
G1 X100.206 Y114.4 E463.64452
G1 X99.601 Y114.351 E463.64525
G0 F4800 X99.1 Y114.226
G1 F1200 X98.557 Y113.93 E463.64593
G1 X98.067 Y113.409 E463.64677
G1 X97.806 Y112.959 E463.64739
G1 X97.629 Y112.328 E463.64828
G1 X97.644 Y111.483 E463.64941
G1 X97.855 Y110.918 E463.65011
G1 X98.158 Y110.461 E463.6507
G1 X98.578 Y110.052 E463.65137
G1 X99.339 Y109.667 E463.65232
G1 X100 Y109.614 E463.65308
G1 X100.766 Y109.698 E463.65407
G1 X101.42 Y110.049 E463.65498
G1 X101.849 Y110.47 E463.65566
G1 X102.143 Y110.926 E463.65623
G1 X102.323 Y111.406 E463.65678
G1 X102.396 Y111.934 E463.65734
G1 X102.352 Y112.46 E463.6579
G1 X102.326 Y112.592 E463.65802
G1 F1500 E453.65802
;MESH:I2C_LED_BTN-Body002.stl
G0 F4800 X101.543 Y112.344
G0 X102.067 Y111.941
G0 X103.149 Y111.793
G0 X108.861 Y111.567
G0 X109.956 Y111.598
G0 X111.997 Y110.553
;TYPE:WALL-INNER
G1 F1500 E463.65802
G1 F2400 X111.59 Y110.554 E463.67156
G1 X111.137 Y110.766 E463.6882
G1 X110.663 Y111.33 E463.7127
G1 X110.524 Y111.706 E463.72603
G1 X110.509 Y112.206 E463.74267
G1 X110.795 Y112.882 E463.76708
G1 X111.074 Y113.183 E463.78073
G1 X111.444 Y113.384 E463.79474
G1 X112.165 Y113.495 E463.819
G1 X112.636 Y113.362 E463.83528
G1 X113.047 Y113.078 E463.8519
G1 X113.339 Y112.684 E463.86821
G1 X113.464 Y112.284 E463.88215
G1 X113.444 Y111.626 E463.90404
G1 X113.143 Y111.04 E463.92595
G1 X112.862 Y110.766 E463.93901
G1 X112.408 Y110.552 E463.9557
G1 X111.997 Y110.553 E463.96937
G0 F4800 X113.585 Y111.957
G0 X113.847 Y111.945
G1 F2400 X113.834 Y111.528 E463.98325
G1 X113.454 Y110.784 E464.01103
G1 X113.093 Y110.432 E464.0278
G1 X112.518 Y110.162 E464.04893
G1 X111.999 Y110.104 E464.0663
G1 X111.479 Y110.163 E464.08371
G1 X110.906 Y110.432 E464.10476
G1 X110.541 Y110.785 E464.12165
G1 X110.304 Y111.149 E464.13609
G1 X110.126 Y111.629 E464.15312
G1 X110.107 Y112.261 E464.17415
G1 X110.327 Y112.965 E464.19868
G1 X110.825 Y113.503 E464.22307
G1 X111.476 Y113.856 E464.2477
G1 X112.209 Y113.899 E464.27212
G1 X112.809 Y113.729 E464.29286
G1 X113.329 Y113.37 E464.31388
G1 X113.701 Y112.868 E464.33466
G1 X113.859 Y112.361 E464.35232
G1 X113.847 Y111.945 E464.36616
G0 F4800 X113.585 Y111.957
G0 X111.246 Y113.383
G0 X110.91 Y114.004
;TYPE:WALL-OUTER
G1 F2400 X111.14 Y114.129 E464.37487
G1 X111.618 Y114.265 E464.3914
G1 X112.253 Y114.302 E464.41256
G1 X112.981 Y114.096 E464.43772
G1 X113.611 Y113.662 E464.46316
G1 X114.063 Y113.052 E464.48842
G1 X114.254 Y112.437 E464.50983
G1 X114.294 Y111.938 E464.52648
G1 X114.224 Y111.43 E464.54354
G1 X114.052 Y110.967 E464.55997
G1 X113.764 Y110.528 E464.57743
G1 X113.324 Y110.099 E464.59787
G1 X112.628 Y109.772 E464.62345
G1 X111.999 Y109.702 E464.6445
G1 X111.368 Y109.772 E464.66561
G1 X110.676 Y110.099 E464.69107
G1 X110.231 Y110.529 E464.71165
G1 X109.944 Y110.967 E464.72907
G1 X109.728 Y111.551 E464.74978
G1 X109.705 Y112.316 E464.77523
G1 X109.893 Y112.919 E464.79624
G1 X110.147 Y113.36 E464.81317
G1 X110.577 Y113.823 E464.83418
G1 X110.91 Y114.004 E464.84679
G0 F4800 X111.085 Y114.099
G0 X111.401 Y113.468
G0 X110.891 Y112.145
;TYPE:SKIN
G1 F1800 X111.11 Y112.663 E464.86549
G1 X111.304 Y112.872 E464.87498
G1 X111.827 Y113.095 E464.89389
G1 X111.972 Y113.103 E464.89872
G1 X110.894 Y112.026 E464.9494
G1 X111.007 Y111.573 E464.96493
G1 X112.453 Y113.019 E465.03295
G1 X112.788 Y112.788 E465.04648
G1 X111.217 Y111.217 E465.12038
G1 X111.557 Y110.991 E465.13395
G1 X113.006 Y112.441 E465.20213
G1 X113.105 Y111.973 E465.21804
G1 X112.99 Y111.506 E465.23404
G1 X112.634 Y111.078 E465.25256
G1 X112.312 Y110.927 E465.26439
G1 X112.06 Y110.929 E465.27277
G1 X113.105 Y111.973 E465.3219
G0 F4800 X113.423 Y112.727
G0 X114.141 Y113.088
G1 F1200 X114.067 Y113.214 E465.32207
G1 X113.612 Y113.828 E465.32291
G1 X112.899 Y114.225 E465.32382
G1 X112.206 Y114.4 E465.3246
G1 X111.601 Y114.351 E465.32533
G0 F4800 X111.1 Y114.226
G1 F1200 X110.557 Y113.93 E465.32601
G1 X110.067 Y113.409 E465.32685
G1 X109.806 Y112.959 E465.32748
G1 X109.629 Y112.328 E465.32836
G1 X109.644 Y111.483 E465.3295
G1 X109.855 Y110.918 E465.33019
G1 X110.158 Y110.461 E465.33078
G1 X110.578 Y110.052 E465.33145
G1 X111.339 Y109.667 E465.3324
G1 X112 Y109.614 E465.33317
G1 X112.766 Y109.698 E465.33415
G1 X113.42 Y110.049 E465.33506
G1 X113.849 Y110.47 E465.33574
G1 X114.143 Y110.926 E465.33632
G1 X114.323 Y111.406 E465.33686
G1 X114.396 Y111.934 E465.33742
G1 X114.352 Y112.46 E465.33798
G1 X114.326 Y112.592 E465.33811
G1 F1500 E455.33811
;MESH:I2C_LED_BTN-Body002.stl(3)
G0 F4800 X113.543 Y112.344
G0 X114.067 Y111.941
G0 X115.149 Y111.793
G0 X120.861 Y111.567
G0 X121.956 Y111.598
G0 X123.997 Y110.553
;TYPE:WALL-INNER
G1 F1500 E465.33811
G1 F2400 X123.59 Y110.554 E465.35164
G1 X123.137 Y110.766 E465.36828
G1 X122.663 Y111.33 E465.39278
G1 X122.524 Y111.706 E465.40611
G1 X122.509 Y112.206 E465.42275
G1 X122.795 Y112.882 E465.44717
G1 X123.074 Y113.183 E465.46082
G1 X123.444 Y113.384 E465.47482
G1 X124.165 Y113.495 E465.49908
G1 X124.636 Y113.362 E465.51536
G1 X125.047 Y113.078 E465.53198
G1 X125.339 Y112.684 E465.54829
G1 X125.464 Y112.284 E465.56223
G1 X125.444 Y111.626 E465.58412
G1 X125.143 Y111.04 E465.60603
G1 X124.862 Y110.766 E465.61909
G1 X124.408 Y110.552 E465.63578
G1 X123.997 Y110.553 E465.64945
G0 F4800 X125.585 Y111.957
G0 X125.847 Y111.945
G1 F2400 X125.834 Y111.528 E465.66333
G1 X125.454 Y110.784 E465.69111
G1 X125.093 Y110.432 E465.70788
G1 X124.518 Y110.162 E465.72901
G1 X123.999 Y110.104 E465.74638
G1 X123.479 Y110.163 E465.76379
G1 X122.906 Y110.432 E465.78484
G1 X122.541 Y110.785 E465.80173
G1 X122.304 Y111.149 E465.81618
G1 X122.126 Y111.629 E465.8332
G1 X122.107 Y112.261 E465.85423
G1 X122.327 Y112.965 E465.87877
G1 X122.825 Y113.503 E465.90315
G1 X123.476 Y113.856 E465.92778
G1 X124.209 Y113.899 E465.9522
G1 X124.809 Y113.729 E465.97294
G1 X125.329 Y113.37 E465.99396
G1 X125.701 Y112.868 E466.01474
G1 X125.859 Y112.361 E466.0324
G1 X125.847 Y111.945 E466.04625
G0 F4800 X125.585 Y111.957
G0 X123.246 Y113.383
G0 X122.91 Y114.004
;TYPE:WALL-OUTER
G1 F2400 X123.14 Y114.129 E466.05495
G1 X123.618 Y114.265 E466.07148
G1 X124.253 Y114.302 E466.09264
G1 X124.981 Y114.096 E466.1178
G1 X125.611 Y113.662 E466.14325
G1 X126.063 Y113.052 E466.1685
G1 X126.254 Y112.437 E466.18992
G1 X126.294 Y111.938 E466.20657
G1 X126.224 Y111.43 E466.22362
G1 X126.052 Y110.967 E466.24005
G1 X125.764 Y110.528 E466.25751
G1 X125.324 Y110.099 E466.27795
G1 X124.628 Y109.772 E466.30353
G1 X123.999 Y109.702 E466.32458
G1 X123.368 Y109.772 E466.34569
G1 X122.676 Y110.099 E466.37115
G1 X122.231 Y110.529 E466.39173
G1 X121.944 Y110.967 E466.40915
G1 X121.728 Y111.551 E466.42986
G1 X121.705 Y112.316 E466.45531
G1 X121.893 Y112.919 E466.47632
G1 X122.147 Y113.36 E466.49325
G1 X122.577 Y113.823 E466.51427
G1 X122.91 Y114.004 E466.52687
G0 F4800 X123.085 Y114.099
G0 X123.401 Y113.468
G0 X123.843 Y113.095
;TYPE:SKIN
G1 F1800 X122.892 Y112.145 E466.57158
G1 X123.11 Y112.663 E466.59027
G1 X123.305 Y112.872 E466.59978
G1 X123.827 Y113.095 E466.61866
G1 X124.36 Y113.046 E466.63646
G1 X122.967 Y111.654 E466.70196
G1 X123.156 Y111.277 E466.71599
G1 X124.72 Y112.841 E466.78955
G1 X124.978 Y112.533 E466.80292
G1 X123.474 Y111.028 E466.87368
G1 X123.687 Y110.929 E466.8815
G1 X124.312 Y110.927 E466.90228
G1 X124.633 Y111.078 E466.91408
G1 X124.99 Y111.506 E466.93262
G1 X125.084 Y112.073 E466.95174
G1 X123.94 Y110.929 E467.00555
G0 F4800 X125.423 Y112.727
G0 X126.141 Y113.088
G1 F1200 X126.067 Y113.214 E467.00572
G1 X125.612 Y113.828 E467.00656
G1 X124.899 Y114.225 E467.00747
G1 X124.206 Y114.4 E467.00825
G1 X123.601 Y114.351 E467.00898
G0 F4800 X123.1 Y114.226
G1 F1200 X122.557 Y113.93 E467.00966
G1 X122.067 Y113.409 E467.0105
G1 X121.806 Y112.959 E467.01112
G1 X121.629 Y112.328 E467.01201
G1 X121.644 Y111.483 E467.01314
G1 X121.855 Y110.918 E467.01384
G1 X122.158 Y110.461 E467.01443
G1 X122.578 Y110.052 E467.0151
G1 X123.339 Y109.667 E467.01605
G1 X124 Y109.614 E467.01681
G1 X124.766 Y109.698 E467.0178
G1 X125.42 Y110.049 E467.01871
G1 X125.849 Y110.47 E467.01939
G1 X126.143 Y110.926 E467.01996
G1 X126.323 Y111.406 E467.02051
G1 X126.396 Y111.934 E467.02107
G1 X126.352 Y112.46 E467.02163
G1 X126.326 Y112.592 E467.02175
G1 F1500 E457.02175
;MESH:NONMESH
G0 F1800 X126.326 Y112.592 Z12
G0 F4800 X125.543 Y112.344
G0 X121.936 Y112.287
G0 X120.842 Y112.256
G0 X113.36 Y114.889
G0 X112.35 Y115.173
G0 X111.479 Y115.124
G0 X103.157 Y112.028
G0 X102.067 Y111.941
G0 X100.832 Y111.908
;TIME_ELAPSED:694.014307
;LAYER:59
;TYPE:WALL-INNER
;MESH:I2C_LED_BTN-Body002.stl(4)
G1 F1500 E467.02175
G1 F2400 X100.797 Y111.601 E467.03203
G1 X100.545 Y111.295 E467.04522
G1 X100.13 Y111.12 E467.0602
G1 X99.761 Y111.142 E467.07249
G1 X99.412 Y111.33 E467.08568
G1 X99.201 Y111.605 E467.0972
G1 X99.114 Y111.937 E467.10862
G1 X99.168 Y112.314 E467.12129
G1 X99.35 Y112.607 E467.13276
G1 X99.687 Y112.839 E467.14637
G1 X100.052 Y112.875 E467.15857
G1 X100.361 Y112.807 E467.16909
G1 X100.65 Y112.607 E467.18078
G1 X100.867 Y112.228 E467.1953
G1 X100.832 Y111.908 E467.20601
G0 F4800 X101.09 Y112.627
G1 F2400 X101.261 Y112.329 E467.21744
G1 X101.29 Y111.97 E467.22942
G1 X101.157 Y111.42 E467.24824
G1 X100.792 Y110.978 E467.2673
G1 X100.489 Y110.791 E467.27915
G1 X100.165 Y110.718 E467.29019
G1 X99.651 Y110.746 E467.30731
G1 X99.174 Y111.004 E467.32535
G1 X98.842 Y111.423 E467.34313
G1 X98.71 Y111.939 E467.36085
G1 X98.78 Y112.424 E467.37714
G1 X99.054 Y112.879 E467.39481
G1 X99.565 Y113.229 E467.41541
G1 X100.077 Y113.28 E467.43252
G1 X100.501 Y113.185 E467.44697
G1 X100.944 Y112.881 E467.46484
G1 X101.09 Y112.627 E467.47459
G0 F4800 X101.43 Y112.819
G1 F2400 X101.654 Y112.429 E467.48955
G1 X101.692 Y111.96 E467.5052
G1 X101.516 Y111.24 E467.52985
G1 X101.04 Y110.66 E467.55481
G1 X100.642 Y110.416 E467.57033
G1 X100.199 Y110.316 E467.58544
G1 X99.541 Y110.35 E467.60735
G1 X98.937 Y110.678 E467.63021
G1 X98.483 Y111.241 E467.65427
G1 X98.306 Y111.941 E467.67828
G1 X98.391 Y112.534 E467.69821
G1 X98.757 Y113.151 E467.72207
G1 X99.443 Y113.619 E467.74969
G1 X100.102 Y113.685 E467.77172
G1 X100.641 Y113.564 E467.79009
G1 X101.238 Y113.156 E467.81414
G1 X101.43 Y112.819 E467.82704
G0 F4800 X101.498 Y113.394
;TYPE:WALL-OUTER
G1 F2400 X101.814 Y113.054 E467.84248
G1 X102.047 Y112.529 E467.86158
G1 X102.094 Y111.95 E467.8809
G1 X101.876 Y111.059 E467.91141
G1 X101.288 Y110.343 E467.94223
G1 X100.795 Y110.04 E467.96147
G1 X100.234 Y109.914 E467.9806
G1 X99.431 Y109.954 E468.00734
G1 X98.699 Y110.352 E468.03505
G1 X98.399 Y110.637 E468.04881
G1 X98.124 Y111.059 E468.06557
G1 X97.964 Y111.486 E468.08073
G1 X97.902 Y111.943 E468.09607
G1 X98.003 Y112.644 E468.11963
G1 X98.171 Y113.031 E468.13366
G1 X98.792 Y113.715 E468.16439
G1 X99.321 Y114.009 E468.18452
G1 X100.127 Y114.089 E468.21146
G1 X100.781 Y113.942 E468.23375
G1 X101.19 Y113.725 E468.24915
G1 X101.498 Y113.394 E468.26419
G0 F4800 X101.634 Y113.248
G1 F1500 E458.26419
G0 F4800 X100.383 Y111.749
;TYPE:SKIN
G1 F1500 E468.26419
G1 F1800 X99.737 Y112.395 E468.29458
G1 X99.801 Y112.461 E468.29763
G1 X100.231 Y112.441 E468.31195
G1 X100.49 Y112.131 E468.32539
G1 X100.487 Y111.869 E468.3341
G1 X100.196 Y111.532 E468.34891
G1 X100.039 Y111.527 E468.35413
G1 X99.515 Y112.052 E468.37881
G1 X99.667 Y111.623 E468.39394
G1 X99.858 Y111.522 E468.40113
G0 F4800 X99.853 Y111.768
G1 F1200 X100.106 Y111.774 E468.40134
G1 X100.221 Y112.038 E468.40158
G1 X100.084 Y112.194 E468.40175
G1 X99.853 Y112.201 E468.40194
G1 X99.721 Y112.02 E468.40213
G1 X99.819 Y111.767 E468.40236
G1 X99.853 Y111.768 E468.40238
G0 F4800 X99.865 Y111.617
G1 F1200 X100.176 Y111.68 E468.40265
G1 X100.337 Y112.058 E468.40299
G1 X100.132 Y112.294 E468.40325
G1 X99.805 Y112.305 E468.40352
G1 X99.609 Y112.036 E468.4038
G1 X99.745 Y111.684 E468.40411
G1 X99.865 Y111.617 E468.40423
G1 F1500 E458.40423
G0 F4800 X99.052 Y110.027
G1 F1500 E468.40423
G1 F1200 X99.402 Y109.838 E468.40456
G1 X100.243 Y109.799 E468.40526
G1 X100.84 Y109.931 E468.40577
G1 X101.356 Y110.252 E468.40627
G1 X101.709 Y110.596 E468.40668
G1 X101.979 Y111.007 E468.40709
G1 X102.213 Y111.95 E468.4079
G1 X102.158 Y112.559 E468.40841
G1 X101.912 Y113.11 E468.40891
G1 X101.619 Y113.505 E468.40932
G1 X101.251 Y113.822 E468.40972
G1 X100.822 Y114.052 E468.41013
G1 X100.137 Y114.205 E468.41071
G1 X99.288 Y114.119 E468.41142
G1 X98.725 Y113.806 E468.41195
G1 X98.373 Y113.505 E468.41234
G1 X98.068 Y113.086 E468.41277
G1 X97.889 Y112.678 E468.41314
G1 X97.787 Y111.939 E468.41376
G1 X97.853 Y111.457 E468.41417
G1 X98.021 Y111.007 E468.41457
G1 X98.311 Y110.564 E468.41501
G1 X98.626 Y110.257 E468.41537
G1 X99.052 Y110.027 E468.41577
G0 F4800 X99.1 Y110.115
G1 F1200 X99.43 Y109.938 E468.41609
G1 X100.231 Y109.899 E468.41675
G1 X100.8 Y110.024 E468.41724
G1 X101.296 Y110.332 E468.41772
G1 X101.625 Y110.652 E468.4181
G1 X101.885 Y111.049 E468.4185
G1 X102.109 Y111.956 E468.41927
G1 X102.058 Y112.535 E468.41976
G1 X101.824 Y113.054 E468.42023
G1 X101.543 Y113.437 E468.42063
G1 X100.786 Y113.956 E468.42139
G1 X100.129 Y114.101 E468.42195
G1 X99.316 Y114.019 E468.42263
G1 X98.781 Y113.722 E468.42314
G1 X98.441 Y113.433 E468.42351
G1 X97.985 Y112.654 E468.42426
G1 X97.887 Y111.939 E468.42486
G1 X98.111 Y111.053 E468.42562
G1 X98.523 Y110.427 E468.42624
G1 X99.1 Y110.115 E468.42679
G0 F4800 X99.146 Y110.202
G1 F1200 X99.458 Y110.034 E468.42708
G1 X100.219 Y109.999 E468.42772
G1 X100.76 Y110.119 E468.42818
G1 X101.226 Y110.407 E468.42863
G1 X101.79 Y111.091 E468.42937
G1 X102.005 Y111.964 E468.43012
G1 X101.958 Y112.511 E468.43057
G1 X101.736 Y112.998 E468.43102
G1 X101.468 Y113.367 E468.4314
G1 X100.747 Y113.861 E468.43212
G1 X100.121 Y113.997 E468.43266
G1 X99.344 Y113.919 E468.43331
G1 X98.837 Y113.638 E468.43379
G1 X98.519 Y113.367 E468.43414
G1 X98.081 Y112.623 E468.43485
G1 X97.987 Y111.943 E468.43542
G1 X98.203 Y111.093 E468.43615
G1 X98.591 Y110.502 E468.43674
G1 X99.146 Y110.202 E468.43727
G0 F4800 X99.196 Y110.29
G1 F1200 X99.486 Y110.134 E468.43754
G1 X100.207 Y110.099 E468.43814
G1 X100.72 Y110.212 E468.43858
G1 X101.154 Y110.479 E468.439
G1 X101.694 Y111.135 E468.43971
G1 X101.901 Y111.973 E468.44042
G1 X101.858 Y112.483 E468.44085
G1 X101.644 Y112.954 E468.44128
G1 X101.396 Y113.291 E468.44163
G1 X100.707 Y113.765 E468.44232
G1 X100.113 Y113.893 E468.44283
G1 X99.372 Y113.819 E468.44345
G1 X98.669 Y113.43 E468.44412
G1 X98.177 Y112.587 E468.44493
G1 X98.087 Y111.947 E468.44547
G1 X98.295 Y111.133 E468.44616
G1 X98.659 Y110.579 E468.44672
G1 X99.196 Y110.29 E468.44722
G0 F4800 X99.241 Y110.377
G1 F1200 X99.514 Y110.23 E468.44748
G1 X100.195 Y110.199 E468.44805
G1 X100.68 Y110.307 E468.44846
G1 X101.082 Y110.555 E468.44885
G1 X101.598 Y111.18 E468.44953
G1 X101.797 Y111.981 E468.45021
G1 X101.758 Y112.455 E468.45061
G1 X101.324 Y113.219 E468.45134
G1 X100.667 Y113.669 E468.452
G1 X100.105 Y113.789 E468.45248
G1 X99.4 Y113.719 E468.45307
G1 X98.741 Y113.354 E468.45369
G1 X98.273 Y112.551 E468.45447
G1 X98.187 Y111.951 E468.45497
G1 X98.387 Y111.173 E468.45564
G1 X98.727 Y110.655 E468.45615
G1 X99.241 Y110.377 E468.45664
G0 F4800 X99.291 Y110.464
G1 F1200 X99.542 Y110.33 E468.45688
G1 X100.183 Y110.299 E468.45741
G1 X100.64 Y110.399 E468.4578
G1 X101.01 Y110.631 E468.45816
G1 X101.506 Y111.228 E468.45881
G1 X101.693 Y111.989 E468.45946
G1 X101.659 Y112.424 E468.45982
G1 X101.25 Y113.145 E468.46051
G1 X100.627 Y113.573 E468.46114
G1 X100.097 Y113.685 E468.46159
G1 X99.428 Y113.619 E468.46215
G1 X98.813 Y113.278 E468.46273
G1 X98.369 Y112.515 E468.46347
G1 X98.287 Y111.955 E468.46394
G1 X98.479 Y111.213 E468.46458
G1 X98.795 Y110.731 E468.46506
G1 X99.291 Y110.464 E468.46552
G0 F4800 X99.336 Y110.552
G1 F1200 X99.57 Y110.426 E468.46574
G1 X100.171 Y110.399 E468.46625
G1 X100.6 Y110.492 E468.46661
G1 X100.938 Y110.703 E468.46694
G1 X101.41 Y111.276 E468.46756
G1 X101.589 Y111.997 E468.46818
G1 X101.558 Y112.393 E468.46851
G1 X101.174 Y113.073 E468.46916
G1 X100.583 Y113.477 E468.46975
G1 X100.089 Y113.581 E468.47017
G1 X99.456 Y113.519 E468.4707
G1 X98.885 Y113.202 E468.47124
G1 X98.465 Y112.479 E468.47194
G1 X98.387 Y111.959 E468.47238
G1 X98.571 Y111.253 E468.47298
G1 X98.863 Y110.807 E468.47343
G1 X99.336 Y110.552 E468.47387
G0 F4800 X99.386 Y110.639
G1 F1200 X99.598 Y110.526 E468.47407
G1 X100.159 Y110.499 E468.47454
G1 X100.561 Y110.587 E468.47488
G1 X100.866 Y110.775 E468.47518
G1 X101.314 Y111.324 E468.47577
G1 X101.485 Y112.005 E468.47635
G1 X101.458 Y112.361 E468.47665
G1 X101.098 Y113.001 E468.47726
G1 X100.544 Y113.381 E468.47782
G1 X100.081 Y113.477 E468.47821
G1 X99.484 Y113.419 E468.47871
G1 X98.957 Y113.126 E468.47921
G1 X98.561 Y112.443 E468.47987
G1 X98.487 Y111.963 E468.48027
G1 X98.663 Y111.293 E468.48085
G1 X98.931 Y110.883 E468.48126
G1 X99.386 Y110.639 E468.48168
G0 F4800 X99.431 Y110.726
G1 F1200 X99.626 Y110.622 E468.48187
G1 X100.147 Y110.599 E468.4823
G1 X100.525 Y110.68 E468.48262
G1 X100.798 Y110.847 E468.48289
G1 X101.218 Y111.367 E468.48345
G1 X101.381 Y112.013 E468.484
G1 X101.358 Y112.329 E468.48426
G1 X101.022 Y112.929 E468.48483
G1 X100.503 Y113.285 E468.48536
G1 X100.077 Y113.373 E468.48572
G1 X99.512 Y113.319 E468.48619
G1 X99.029 Y113.05 E468.48665
G1 X98.653 Y112.403 E468.48727
G1 X98.587 Y111.971 E468.48764
G1 X98.755 Y111.333 E468.48819
G1 X98.999 Y110.959 E468.48856
G1 X99.431 Y110.726 E468.48896
G0 F4800 X99.481 Y110.814
G1 F1200 X99.654 Y110.722 E468.48913
G1 X100.139 Y110.699 E468.48953
G1 X100.726 Y110.919 E468.49005
G1 X101.122 Y111.407 E468.49058
G1 X101.277 Y112.021 E468.4911
G1 X101.258 Y112.301 E468.49134
G1 X100.946 Y112.857 E468.49187
G1 X100.46 Y113.189 E468.49235
G1 X100.069 Y113.269 E468.49269
G1 X99.54 Y113.219 E468.49313
G1 X99.101 Y112.974 E468.49355
G1 X98.745 Y112.363 E468.49413
G1 X98.687 Y111.979 E468.49446
G1 X98.847 Y111.373 E468.49498
G1 X99.067 Y111.035 E468.49531
G1 X99.481 Y110.814 E468.4957
G0 F4800 X99.526 Y110.901
G1 F1200 X99.682 Y110.818 E468.49585
G1 X100.124 Y110.799 E468.49622
G1 X100.661 Y110.999 E468.4967
G1 X101.026 Y111.451 E468.49718
G1 X101.173 Y112.033 E468.49768
G1 X101.158 Y112.273 E468.49788
G1 X100.87 Y112.785 E468.49837
G1 X100.42 Y113.092 E468.49882
G1 X100.065 Y113.165 E468.49912
G1 X99.568 Y113.119 E468.49954
G1 X99.173 Y112.898 E468.49991
G1 X98.837 Y112.323 E468.50047
G1 X98.787 Y111.987 E468.50075
G1 X98.939 Y111.413 E468.50124
G1 X99.135 Y111.111 E468.50154
G1 X99.526 Y110.901 E468.50191
G0 F4800 X99.576 Y110.989
G1 F1200 X99.71 Y110.918 E468.50204
G1 X100.108 Y110.899 E468.50237
G1 X100.601 Y111.082 E468.5028
G1 X100.93 Y111.495 E468.50324
G1 X101.102 Y112.164 E468.50382
G1 X100.794 Y112.713 E468.50434
G1 X100.38 Y112.996 E468.50476
G1 X100.057 Y113.061 E468.50503
G1 X99.596 Y113.019 E468.50542
G1 X99.245 Y112.822 E468.50575
G1 X98.932 Y112.287 E468.50627
G1 X98.887 Y111.991 E468.50652
G1 X99.031 Y111.457 E468.50698
G1 X99.204 Y111.186 E468.50724
G1 X99.576 Y110.989 E468.50759
G0 F4800 X99.621 Y111.076
G1 F1200 X99.738 Y111.014 E468.5077
G1 X100.092 Y110.999 E468.508
G1 X100.541 Y111.166 E468.5084
G1 X100.834 Y111.535 E468.50879
G1 X100.994 Y112.149 E468.50932
G1 X100.718 Y112.641 E468.50979
G1 X100.34 Y112.9 E468.51017
G1 X99.624 Y112.919 E468.51076
G1 X99.317 Y112.747 E468.51105
G1 X99.025 Y112.247 E468.51154
G1 X98.987 Y111.995 E468.51175
G1 X99.123 Y111.497 E468.51218
G1 X99.272 Y111.262 E468.51241
G1 X99.621 Y111.076 E468.51274
G0 F4800 X99.668 Y111.163
G1 F1200 X99.762 Y111.114 E468.51283
G1 X100.076 Y111.099 E468.51309
G1 X100.481 Y111.25 E468.51345
G1 X100.738 Y111.575 E468.51379
G1 X100.886 Y112.137 E468.51427
G1 X100.642 Y112.569 E468.51469
G1 X100.303 Y112.802 E468.51503
G1 X99.649 Y112.817 E468.51557
G1 X99.389 Y112.671 E468.51582
G1 X99.117 Y112.207 E468.51627
G1 X99.088 Y112.006 E468.51644
G1 X99.344 Y111.336 E468.51703
G1 X99.668 Y111.163 E468.51734
G0 F4800 X99.714 Y111.25
G1 F1200 X99.79 Y111.21 E468.51741
G1 X100.059 Y111.199 E468.51763
G1 X100.417 Y111.334 E468.51795
G1 X100.642 Y111.616 E468.51825
G1 X100.778 Y112.125 E468.51869
G1 X100.566 Y112.497 E468.51905
G1 X100.271 Y112.698 E468.51934
G1 X99.673 Y112.717 E468.51984
G1 X99.461 Y112.595 E468.52004
G1 X99.164 Y112.087 E468.52053
G1 X99.424 Y111.404 E468.52114
G1 X99.714 Y111.25 E468.52141
G0 F4800 X99.762 Y111.337
G1 F1200 X99.814 Y111.31 E468.52146
G1 X100.043 Y111.299 E468.52165
G1 X100.357 Y111.418 E468.52193
G1 X100.55 Y111.663 E468.52219
G1 X100.67 Y112.109 E468.52258
G1 X100.49 Y112.425 E468.52288
G1 X100.239 Y112.594 E468.52313
G1 X99.697 Y112.617 E468.52358
G1 X99.533 Y112.519 E468.52374
G1 X99.276 Y112.075 E468.52417
G1 X99.505 Y111.472 E468.5247
G1 X99.762 Y111.337 E468.52494
G0 F4800 X99.88 Y111.419
G1 F1200 X100.296 Y111.506 E468.5253
G1 X100.458 Y111.708 E468.52551
G1 X100.562 Y112.093 E468.52584
G1 X100.414 Y112.353 E468.52609
G1 X100.207 Y112.494 E468.5263
G1 X99.722 Y112.513 E468.5267
G1 X99.605 Y112.443 E468.52682
G1 X99.388 Y112.063 E468.52718
G1 X99.585 Y111.544 E468.52764
G1 X99.832 Y111.409 E468.52788
G1 X99.88 Y111.419 E468.52792
G0 F4800 X99.86 Y111.516
G1 F1200 X100.24 Y111.594 E468.52824
G1 X100.366 Y111.752 E468.52841
G1 X100.454 Y112.077 E468.52869
G1 X100.175 Y112.394 E468.52904
G1 X99.757 Y112.409 E468.52939
G1 X99.497 Y112.052 E468.52975
G1 X99.665 Y111.615 E468.53014
G1 X99.849 Y111.513 E468.53032
G1 X99.86 Y111.516 E468.53033
G1 F1500 E458.53033
;MESH:I2C_LED_BTN-Body002.stl
G0 F4800 X100.407 Y109.067
G0 X112.31 Y109.047
G0 X113.126 Y109.229
G0 X113.827 Y109.659
G0 X114.294 Y110.118
G0 X114.584 Y110.562
G0 X114.837 Y111.166
G0 X112.832 Y111.908
;TYPE:WALL-INNER
G1 F1500 E468.53033
G1 F2400 X112.797 Y111.601 E468.54061
G1 X112.545 Y111.295 E468.55379
G1 X112.13 Y111.12 E468.56877
G1 X111.761 Y111.142 E468.58106
G1 X111.412 Y111.33 E468.59425
G1 X111.201 Y111.605 E468.60578
G1 X111.114 Y111.937 E468.61719
G1 X111.168 Y112.314 E468.62986
G1 X111.35 Y112.607 E468.64133
G1 X111.687 Y112.839 E468.65494
G1 X112.052 Y112.875 E468.66714
G1 X112.361 Y112.807 E468.67766
G1 X112.65 Y112.607 E468.68935
G1 X112.867 Y112.228 E468.70388
G1 X112.832 Y111.908 E468.71458
G1 F1500 E458.71458
G0 F4800 X110.787 Y112.277
G1 F1500 E468.71458
G1 F2400 X110.868 Y112.629 E468.7266
G1 X111.256 Y113.057 E468.74581
G1 X111.565 Y113.229 E468.75757
G1 X112.077 Y113.28 E468.77469
G1 X112.501 Y113.185 E468.78914
G1 X112.944 Y112.881 E468.80701
G1 X113.261 Y112.329 E468.82818
G1 X113.29 Y111.97 E468.84016
G1 X113.157 Y111.42 E468.85898
G1 X112.792 Y110.978 E468.87805
G1 X112.489 Y110.791 E468.88989
G1 X112.165 Y110.718 E468.90094
G1 X111.651 Y110.746 E468.91806
G1 X111.174 Y111.004 E468.93609
G1 X110.842 Y111.423 E468.95387
G1 X110.71 Y111.939 E468.97159
G1 X110.787 Y112.277 E468.98312
G1 F1500 E458.98312
G0 F4800 X113.43 Y112.819
G1 F1500 E468.98312
G1 F2400 X113.654 Y112.429 E468.99808
G1 X113.692 Y111.96 E469.01373
G1 X113.516 Y111.24 E469.03838
G1 X113.04 Y110.66 E469.06334
G1 X112.642 Y110.416 E469.07886
G1 X112.199 Y110.316 E469.09397
G1 X111.541 Y110.35 E469.11588
G1 X110.937 Y110.678 E469.13874
G1 X110.483 Y111.241 E469.1628
G1 X110.306 Y111.941 E469.18681
G1 X110.391 Y112.534 E469.20674
G1 X110.52 Y112.83 E469.21748
G1 X111.024 Y113.386 E469.24244
G1 X111.443 Y113.619 E469.25838
G1 X112.102 Y113.685 E469.28041
G1 X112.641 Y113.564 E469.29878
G1 X113.238 Y113.156 E469.32283
G1 X113.43 Y112.819 E469.33573
G0 F4800 X113.498 Y113.394
;TYPE:WALL-OUTER
G1 F2400 X113.814 Y113.054 E469.35117
G1 X114.047 Y112.529 E469.37028
G1 X114.094 Y111.95 E469.3896
G1 X113.876 Y111.059 E469.42011
G1 X113.288 Y110.343 E469.45092
G1 X112.795 Y110.04 E469.47017
G1 X112.234 Y109.914 E469.48929
G1 X111.431 Y109.954 E469.51603
G1 X110.699 Y110.352 E469.54375
G1 X110.399 Y110.637 E469.55751
G1 X110.124 Y111.059 E469.57426
G1 X109.964 Y111.486 E469.58943
G1 X109.902 Y111.943 E469.60477
G1 X110.003 Y112.644 E469.62832
G1 X110.171 Y113.031 E469.64236
G1 X110.792 Y113.715 E469.67308
G1 X111.321 Y114.009 E469.69321
G1 X112.127 Y114.089 E469.72015
G1 X112.781 Y113.942 E469.74245
G1 X113.19 Y113.725 E469.75785
G1 X113.498 Y113.394 E469.77288
G0 F4800 X113.634 Y113.248
G1 F1500 E459.77288
G0 F4800 X112.132 Y112.446
;TYPE:SKIN
G1 F1500 E469.77288
G1 F1800 X112.489 Y112.088 E469.7897
G1 X112.487 Y111.869 E469.79698
G1 X112.327 Y111.684 E469.80512
G1 X111.676 Y112.335 E469.83574
G1 X111.535 Y112.193 E469.8424
G1 X111.501 Y111.965 E469.85006
G1 X111.667 Y111.623 E469.86271
G1 X111.922 Y111.523 E469.87182
G1 X111.52 Y111.926 E469.89075
G0 F4800 X111.727 Y112.005
G1 F1200 X111.819 Y111.767 E469.89096
G1 X112.106 Y111.774 E469.8912
G1 X112.221 Y112.038 E469.89144
G1 X112.084 Y112.194 E469.89161
G1 X111.853 Y112.201 E469.8918
G1 X111.721 Y112.02 E469.89199
G1 X111.727 Y112.005 E469.892
G0 F4800 X111.635 Y111.97
G1 F1200 X111.745 Y111.684 E469.89226
G1 X111.865 Y111.617 E469.89237
G1 X112.176 Y111.68 E469.89264
G1 X112.337 Y112.058 E469.89298
G1 X112.132 Y112.294 E469.89324
G1 X111.805 Y112.305 E469.89351
G1 X111.609 Y112.036 E469.89379
G1 X111.635 Y111.97 E469.89385
G1 F1500 E459.89385
G0 F4800 X109.821 Y111.693
G1 F1500 E469.89385
G1 F1200 X109.853 Y111.457 E469.89404
G1 X110.021 Y111.007 E469.89444
G1 X110.311 Y110.564 E469.89488
G1 X110.626 Y110.257 E469.89525
G1 X111.402 Y109.838 E469.89598
G1 X112.243 Y109.799 E469.89668
G1 X112.84 Y109.931 E469.89719
G1 X113.356 Y110.252 E469.8977
G1 X113.709 Y110.596 E469.89811
G1 X113.979 Y111.007 E469.89852
G1 X114.213 Y111.95 E469.89932
G1 X114.158 Y112.559 E469.89983
G1 X113.912 Y113.11 E469.90033
G1 X113.619 Y113.505 E469.90074
G1 X113.251 Y113.822 E469.90115
G1 X112.822 Y114.052 E469.90155
G1 X112.137 Y114.205 E469.90214
G1 X111.288 Y114.119 E469.90284
G1 X110.725 Y113.806 E469.90338
G1 X110.373 Y113.505 E469.90377
G1 X110.068 Y113.086 E469.9042
G1 X109.889 Y112.678 E469.90457
G1 X109.787 Y111.939 E469.90519
G1 X109.821 Y111.693 E469.90539
G0 F4800 X109.989 Y111.538
G1 F1200 X110.111 Y111.053 E469.90581
G1 X110.523 Y110.427 E469.90643
G1 X111.43 Y109.938 E469.90729
G1 X112.231 Y109.899 E469.90796
G1 X112.8 Y110.024 E469.90844
G1 X113.296 Y110.332 E469.90893
G1 X113.625 Y110.652 E469.90931
G1 X113.885 Y111.049 E469.9097
G1 X114.109 Y111.956 E469.91048
G1 X114.058 Y112.535 E469.91096
G1 X113.824 Y113.054 E469.91144
G1 X113.543 Y113.437 E469.91183
G1 X112.786 Y113.956 E469.91259
G1 X112.129 Y114.101 E469.91315
G1 X111.316 Y114.019 E469.91383
G1 X110.781 Y113.722 E469.91434
G1 X110.441 Y113.433 E469.91471
G1 X109.985 Y112.654 E469.91546
G1 X109.887 Y111.939 E469.91606
G1 X109.989 Y111.538 E469.91641
G0 F4800 X110.085 Y111.561
G1 F1200 X110.203 Y111.093 E469.91681
G1 X110.591 Y110.502 E469.9174
G1 X111.458 Y110.034 E469.91822
G1 X112.219 Y109.999 E469.91885
G1 X112.76 Y110.119 E469.91931
G1 X113.226 Y110.407 E469.91977
G1 X113.79 Y111.091 E469.9205
G1 X114.005 Y111.964 E469.92125
G1 X113.958 Y112.511 E469.92171
G1 X113.736 Y112.998 E469.92215
G1 X113.468 Y113.367 E469.92253
G1 X112.747 Y113.861 E469.92326
G1 X112.121 Y113.997 E469.92379
G1 X111.344 Y113.919 E469.92444
G1 X110.837 Y113.638 E469.92492
G1 X110.519 Y113.367 E469.92527
G1 X110.081 Y112.623 E469.92599
G1 X109.987 Y111.943 E469.92656
G1 X110.085 Y111.561 E469.92689
G0 F4800 X110.18 Y111.583
G1 F1200 X110.295 Y111.133 E469.92727
G1 X110.659 Y110.579 E469.92782
G1 X111.486 Y110.134 E469.9286
G1 X112.207 Y110.099 E469.9292
G1 X112.72 Y110.212 E469.92964
G1 X113.154 Y110.479 E469.93007
G1 X113.694 Y111.135 E469.93077
G1 X113.901 Y111.973 E469.93149
G1 X113.858 Y112.483 E469.93191
G1 X113.644 Y112.954 E469.93235
G1 X113.396 Y113.291 E469.93269
G1 X112.707 Y113.765 E469.93339
G1 X112.113 Y113.893 E469.93389
G1 X111.372 Y113.819 E469.93451
G1 X110.669 Y113.43 E469.93518
G1 X110.177 Y112.587 E469.93599
G1 X110.087 Y111.947 E469.93653
G1 X110.18 Y111.583 E469.93684
G0 F4800 X110.276 Y111.606
G1 F1200 X110.387 Y111.173 E469.93721
G1 X110.727 Y110.655 E469.93773
G1 X111.514 Y110.23 E469.93847
G1 X112.195 Y110.199 E469.93904
G1 X112.68 Y110.307 E469.93945
G1 X113.082 Y110.555 E469.93985
G1 X113.598 Y111.18 E469.94052
G1 X113.797 Y111.981 E469.94121
G1 X113.758 Y112.455 E469.9416
G1 X113.324 Y113.219 E469.94233
G1 X112.667 Y113.669 E469.94299
G1 X112.105 Y113.789 E469.94347
G1 X111.4 Y113.719 E469.94406
G1 X110.741 Y113.354 E469.94469
G1 X110.273 Y112.551 E469.94546
G1 X110.187 Y111.951 E469.94596
G1 X110.276 Y111.606 E469.94626
G0 F4800 X110.372 Y111.628
G1 F1200 X110.479 Y111.213 E469.94662
G1 X110.795 Y110.731 E469.9471
G1 X111.542 Y110.33 E469.9478
G1 X112.183 Y110.299 E469.94833
G1 X112.64 Y110.399 E469.94872
G1 X113.01 Y110.631 E469.94909
G1 X113.506 Y111.228 E469.94973
G1 X113.693 Y111.989 E469.95038
G1 X113.659 Y112.424 E469.95075
G1 X113.25 Y113.145 E469.95144
G1 X112.627 Y113.573 E469.95206
G1 X112.097 Y113.685 E469.95251
G1 X111.428 Y113.619 E469.95307
G1 X110.813 Y113.278 E469.95366
G1 X110.369 Y112.515 E469.95439
G1 X110.287 Y111.955 E469.95486
G1 X110.372 Y111.628 E469.95514
G0 F4800 X110.468 Y111.651
G1 F1200 X110.571 Y111.253 E469.95549
G1 X110.863 Y110.807 E469.95593
G1 X111.57 Y110.426 E469.9566
G1 X112.171 Y110.399 E469.9571
G1 X112.6 Y110.492 E469.95746
G1 X112.938 Y110.703 E469.95779
G1 X113.41 Y111.276 E469.95841
G1 X113.589 Y111.997 E469.95903
G1 X113.558 Y112.393 E469.95936
G1 X113.174 Y113.073 E469.96001
G1 X112.583 Y113.477 E469.9606
G1 X112.089 Y113.581 E469.96102
G1 X111.456 Y113.519 E469.96155
G1 X110.885 Y113.202 E469.9621
G1 X110.465 Y112.479 E469.96279
G1 X110.387 Y111.959 E469.96323
G1 X110.468 Y111.651 E469.96349
G0 F4800 X110.563 Y111.674
G1 F1200 X110.663 Y111.293 E469.96382
G1 X110.931 Y110.883 E469.96423
G1 X111.598 Y110.526 E469.96486
G1 X112.159 Y110.499 E469.96532
G1 X112.561 Y110.587 E469.96567
G1 X112.866 Y110.775 E469.96596
G1 X113.314 Y111.324 E469.96655
G1 X113.485 Y112.005 E469.96714
G1 X113.458 Y112.361 E469.96743
G1 X113.098 Y113.001 E469.96804
G1 X112.544 Y113.381 E469.9686
G1 X112.081 Y113.477 E469.969
G1 X111.484 Y113.419 E469.96949
G1 X110.957 Y113.126 E469.97
G1 X110.561 Y112.443 E469.97065
G1 X110.487 Y111.963 E469.97106
G1 X110.563 Y111.674 E469.9713
G0 F4800 X110.659 Y111.699
G1 F1200 X110.755 Y111.333 E469.97162
G1 X110.999 Y110.959 E469.97199
G1 X111.626 Y110.622 E469.97258
G1 X112.147 Y110.599 E469.97302
G1 X112.525 Y110.68 E469.97334
G1 X112.798 Y110.847 E469.9736
G1 X113.218 Y111.367 E469.97416
G1 X113.381 Y112.013 E469.97471
G1 X113.358 Y112.329 E469.97498
G1 X113.022 Y112.929 E469.97555
G1 X112.503 Y113.285 E469.97607
G1 X112.077 Y113.373 E469.97643
G1 X111.512 Y113.319 E469.97691
G1 X111.029 Y113.05 E469.97737
G1 X110.653 Y112.403 E469.97799
G1 X110.587 Y111.971 E469.97835
G1 X110.659 Y111.699 E469.97858
G0 F4800 X110.755 Y111.723
G1 F1200 X110.847 Y111.373 E469.97889
G1 X111.067 Y111.035 E469.97922
G1 X111.654 Y110.722 E469.97977
G1 X112.139 Y110.699 E469.98018
G1 X112.726 Y110.919 E469.9807
G1 X113.122 Y111.407 E469.98122
G1 X113.277 Y112.021 E469.98175
G1 X113.258 Y112.301 E469.98198
G1 X112.946 Y112.857 E469.98251
G1 X112.46 Y113.189 E469.983
G1 X112.069 Y113.269 E469.98333
G1 X111.54 Y113.219 E469.98377
G1 X111.101 Y112.974 E469.98419
G1 X110.745 Y112.363 E469.98478
G1 X110.687 Y111.979 E469.9851
G1 X110.755 Y111.723 E469.98532
G0 F4800 X110.851 Y111.748
G1 F1200 X110.939 Y111.413 E469.98561
G1 X111.135 Y111.111 E469.98591
G1 X111.682 Y110.818 E469.98643
G1 X112.124 Y110.799 E469.9868
G1 X112.661 Y110.999 E469.98727
G1 X113.026 Y111.451 E469.98775
G1 X113.173 Y112.033 E469.98825
G1 X113.158 Y112.273 E469.98845
G1 X112.87 Y112.785 E469.98894
G1 X112.42 Y113.092 E469.9894
G1 X112.065 Y113.165 E469.9897
G1 X111.568 Y113.119 E469.99011
G1 X111.173 Y112.898 E469.99049
G1 X110.837 Y112.323 E469.99104
G1 X110.787 Y111.987 E469.99132
G1 X110.851 Y111.748 E469.99153
G0 F4800 X110.947 Y111.771
G1 F1200 X111.031 Y111.457 E469.9918
G1 X111.204 Y111.186 E469.99207
G1 X111.71 Y110.918 E469.99254
G1 X112.108 Y110.899 E469.99288
G1 X112.601 Y111.082 E469.99331
G1 X112.93 Y111.495 E469.99375
G1 X113.102 Y112.164 E469.99433
G1 X112.794 Y112.713 E469.99485
G1 X112.38 Y112.996 E469.99527
G1 X112.057 Y113.061 E469.99554
G1 X111.596 Y113.019 E469.99592
G1 X111.245 Y112.822 E469.99626
G1 X110.932 Y112.287 E469.99678
G1 X110.887 Y111.991 E469.99702
G1 X110.947 Y111.771 E469.99721
G0 F4800 X111.042 Y111.795
G1 F1200 X111.123 Y111.497 E469.99747
G1 X111.272 Y111.262 E469.9977
G1 X111.738 Y111.014 E469.99814
G1 X112.092 Y110.999 E469.99844
G1 X112.541 Y111.166 E469.99883
G1 X112.834 Y111.535 E469.99923
G1 X112.994 Y112.149 E469.99975
G1 X112.718 Y112.641 E470.00022
G1 X112.34 Y112.9 E470.0006
G1 X111.624 Y112.919 E470.0012
G1 X111.317 Y112.747 E470.00149
G1 X111.025 Y112.247 E470.00197
G1 X110.987 Y111.995 E470.00218
G1 X111.042 Y111.795 E470.00236
G0 F4800 X111.17 Y111.792
G1 F1200 X111.344 Y111.336 E470.00276
G1 X111.762 Y111.114 E470.00316
G1 X112.076 Y111.099 E470.00342
G1 X112.481 Y111.25 E470.00378
G1 X112.738 Y111.575 E470.00412
G1 X112.886 Y112.137 E470.00461
G1 X112.642 Y112.569 E470.00502
G1 X112.303 Y112.802 E470.00536
G1 X111.649 Y112.817 E470.0059
G1 X111.389 Y112.671 E470.00615
G1 X111.117 Y112.207 E470.0066
G1 X111.088 Y112.006 E470.00677
G1 X111.17 Y111.792 E470.00696
G0 F4800 X111.263 Y111.828
G1 F1200 X111.424 Y111.404 E470.00734
G1 X111.79 Y111.21 E470.00768
G1 X112.059 Y111.199 E470.0079
G1 X112.417 Y111.334 E470.00822
G1 X112.642 Y111.616 E470.00852
G1 X112.778 Y112.125 E470.00896
G1 X112.566 Y112.497 E470.00932
G1 X112.271 Y112.698 E470.00961
G1 X111.673 Y112.717 E470.01011
G1 X111.461 Y112.595 E470.01031
G1 X111.164 Y112.087 E470.0108
G1 X111.263 Y111.828 E470.01103
G0 F4800 X111.357 Y111.863
G1 F1200 X111.505 Y111.472 E470.01138
G1 X111.814 Y111.31 E470.01167
G1 X112.043 Y111.299 E470.01186
G1 X112.357 Y111.418 E470.01214
G1 X112.55 Y111.663 E470.0124
G1 X112.67 Y112.109 E470.01278
G1 X112.49 Y112.425 E470.01309
G1 X112.239 Y112.594 E470.01334
G1 X111.697 Y112.617 E470.01379
G1 X111.533 Y112.519 E470.01395
G1 X111.276 Y112.075 E470.01437
G1 X111.357 Y111.863 E470.01456
G0 F4800 X111.451 Y111.899
G1 F1200 X111.585 Y111.544 E470.01488
G1 X111.832 Y111.409 E470.01511
G1 X112.296 Y111.506 E470.01551
G1 X112.458 Y111.708 E470.01572
G1 X112.562 Y112.093 E470.01605
G1 X112.414 Y112.353 E470.0163
G1 X112.207 Y112.494 E470.01651
G1 X111.722 Y112.513 E470.01691
G1 X111.605 Y112.443 E470.01703
G1 X111.388 Y112.063 E470.01739
G1 X111.451 Y111.899 E470.01754
G0 F4800 X111.543 Y111.934
G1 F1200 X111.665 Y111.615 E470.01782
G1 X111.849 Y111.513 E470.018
G1 X112.24 Y111.594 E470.01833
G1 X112.366 Y111.752 E470.0185
G1 X112.454 Y112.077 E470.01878
G1 X112.175 Y112.394 E470.01913
G1 X111.757 Y112.409 E470.01948
G1 X111.497 Y112.052 E470.01984
G1 X111.543 Y111.934 E470.01995
G1 F1500 E460.01995
;MESH:I2C_LED_BTN-Body002.stl(3)
G0 F4800 X109.199 Y111.067
G0 X109.727 Y110.091
G0 X110.188 Y109.645
G0 X111.195 Y109.102
G0 X112.31 Y109.047
G0 X124.31 Y109.047
G0 X125.126 Y109.229
G0 X125.827 Y109.659
G0 X126.294 Y110.118
G0 X126.652 Y110.666
G0 X126.926 Y111.62
G0 X124.832 Y111.908
;TYPE:WALL-INNER
G1 F1500 E470.01995
G1 F2400 X124.797 Y111.601 E470.03023
G1 X124.545 Y111.295 E470.04341
G1 X124.13 Y111.12 E470.05839
G1 X123.761 Y111.142 E470.07068
G1 X123.412 Y111.33 E470.08387
G1 X123.201 Y111.605 E470.0954
G1 X123.114 Y111.937 E470.10681
G1 X123.168 Y112.314 E470.11948
G1 X123.35 Y112.607 E470.13095
G1 X123.687 Y112.839 E470.14456
G1 X124.052 Y112.875 E470.15676
G1 X124.361 Y112.807 E470.16728
G1 X124.65 Y112.607 E470.17897
G1 X124.867 Y112.228 E470.1935
G1 X124.832 Y111.908 E470.2042
G0 F4800 X125.09 Y112.627
G1 F2400 X125.261 Y112.329 E470.21563
G1 X125.29 Y111.97 E470.22761
G1 X125.157 Y111.42 E470.24643
G1 X124.792 Y110.978 E470.2655
G1 X124.489 Y110.791 E470.27734
G1 X124.165 Y110.718 E470.28839
G1 X123.651 Y110.746 E470.30551
G1 X123.174 Y111.004 E470.32354
G1 X122.842 Y111.423 E470.34132
G1 X122.71 Y111.939 E470.35904
G1 X122.78 Y112.424 E470.37534
G1 X123.054 Y112.879 E470.393
G1 X123.565 Y113.229 E470.4136
G1 X124.077 Y113.28 E470.43072
G1 X124.501 Y113.185 E470.44517
G1 X124.944 Y112.881 E470.46304
G1 X125.09 Y112.627 E470.47278
G0 F4800 X125.43 Y112.819
G1 F2400 X125.654 Y112.429 E470.48774
G1 X125.692 Y111.96 E470.50339
G1 X125.516 Y111.24 E470.52804
G1 X125.04 Y110.66 E470.553
G1 X124.642 Y110.416 E470.56853
G1 X124.199 Y110.316 E470.58363
G1 X123.541 Y110.35 E470.60555
G1 X122.937 Y110.678 E470.62841
G1 X122.483 Y111.241 E470.65246
G1 X122.306 Y111.941 E470.67648
G1 X122.391 Y112.534 E470.6964
G1 X122.757 Y113.151 E470.72026
G1 X123.443 Y113.619 E470.74788
G1 X124.102 Y113.685 E470.76991
G1 X124.641 Y113.564 E470.78828
G1 X125.238 Y113.156 E470.81233
G1 X125.43 Y112.819 E470.82523
G0 F4800 X125.498 Y113.394
;TYPE:WALL-OUTER
G1 F2400 X125.814 Y113.054 E470.84067
G1 X126.047 Y112.529 E470.85978
G1 X126.094 Y111.95 E470.8791
G1 X125.876 Y111.059 E470.90961
G1 X125.288 Y110.343 E470.94042
G1 X124.795 Y110.04 E470.95967
G1 X124.234 Y109.914 E470.97879
G1 X123.431 Y109.954 E471.00553
G1 X122.699 Y110.352 E471.03325
G1 X122.399 Y110.637 E471.04701
G1 X122.124 Y111.059 E471.06376
G1 X121.964 Y111.486 E471.07893
G1 X121.902 Y111.943 E471.09427
G1 X122.003 Y112.644 E471.11782
G1 X122.171 Y113.031 E471.13186
G1 X122.792 Y113.715 E471.16258
G1 X123.321 Y114.009 E471.18271
G1 X124.127 Y114.089 E471.20965
G1 X124.781 Y113.942 E471.23195
G1 X125.19 Y113.725 E471.24735
G1 X125.498 Y113.394 E471.26238
G0 F4800 X125.634 Y113.248
G1 F1500 E461.26238
G0 F4800 X124.005 Y112.451
;TYPE:SKIN
G1 F1500 E471.26238
G1 F1800 X124.488 Y111.969 E471.28508
G1 X124.49 Y112.131 E471.29047
G1 X124.231 Y112.441 E471.3039
G1 X123.801 Y112.46 E471.31822
G1 X123.616 Y112.274 E471.32695
G1 X124.271 Y111.62 E471.35773
G1 X124.196 Y111.532 E471.36158
G1 X123.857 Y111.522 E471.37286
G1 X123.634 Y111.691 E471.38216
G0 F4800 X123.819 Y111.767
G1 F1200 X124.106 Y111.774 E471.3824
G1 X124.221 Y112.038 E471.38264
G1 X124.084 Y112.194 E471.38281
G1 X123.853 Y112.201 E471.38301
G1 X123.721 Y112.02 E471.38319
G1 X123.819 Y111.767 E471.38342
G0 F4800 X123.745 Y111.684
G1 F1200 X123.865 Y111.617 E471.38353
G1 X124.176 Y111.68 E471.3838
G1 X124.337 Y112.058 E471.38414
G1 X124.132 Y112.294 E471.3844
G1 X123.805 Y112.305 E471.38467
G1 X123.609 Y112.036 E471.38495
G1 X123.729 Y111.727 E471.38522
G1 X123.745 Y111.684 E471.38526
G1 F1500 E461.38526
G0 F4800 X122.192 Y110.746
G1 F1500 E471.38526
G1 F1200 X122.311 Y110.564 E471.38544
G1 X122.626 Y110.257 E471.38581
G1 X123.402 Y109.838 E471.38654
G1 X124.243 Y109.799 E471.38724
G1 X124.84 Y109.931 E471.38775
G1 X125.356 Y110.252 E471.38825
G1 X125.709 Y110.596 E471.38866
G1 X125.979 Y111.007 E471.38907
G1 X126.213 Y111.95 E471.38988
G1 X126.158 Y112.559 E471.39039
G1 X125.912 Y113.11 E471.39089
G1 X125.619 Y113.505 E471.3913
G1 X125.251 Y113.822 E471.3917
G1 X124.822 Y114.052 E471.39211
G1 X124.137 Y114.205 E471.39269
G1 X123.288 Y114.119 E471.3934
G1 X122.725 Y113.806 E471.39394
G1 X122.373 Y113.505 E471.39432
G1 X122.068 Y113.086 E471.39475
G1 X121.889 Y112.678 E471.39512
G1 X121.787 Y111.939 E471.39574
G1 X121.853 Y111.457 E471.39615
G1 X122.021 Y111.007 E471.39655
G1 X122.192 Y110.746 E471.39681
G0 F4800 X122.279 Y110.798
G1 F1200 X122.523 Y110.427 E471.39718
G1 X123.43 Y109.938 E471.39803
G1 X124.231 Y109.899 E471.3987
G1 X124.8 Y110.024 E471.39918
G1 X125.296 Y110.332 E471.39967
G1 X125.625 Y110.652 E471.40005
G1 X125.885 Y111.049 E471.40045
G1 X126.109 Y111.956 E471.40122
G1 X126.058 Y112.535 E471.40171
G1 X125.824 Y113.054 E471.40218
G1 X125.543 Y113.437 E471.40257
G1 X124.786 Y113.956 E471.40334
G1 X124.129 Y114.101 E471.4039
G1 X123.316 Y114.019 E471.40458
G1 X122.781 Y113.722 E471.40509
G1 X122.441 Y113.433 E471.40546
G1 X121.985 Y112.654 E471.40621
G1 X121.887 Y111.939 E471.40681
G1 X122.111 Y111.053 E471.40757
G1 X122.279 Y110.798 E471.40782
G0 F4800 X122.36 Y110.854
G1 F1200 X122.591 Y110.502 E471.40817
G1 X123.458 Y110.034 E471.40899
G1 X124.219 Y109.999 E471.40962
G1 X124.76 Y110.119 E471.41008
G1 X125.226 Y110.407 E471.41054
G1 X125.79 Y111.091 E471.41128
G1 X126.005 Y111.964 E471.41202
G1 X125.958 Y112.511 E471.41248
G1 X125.736 Y112.998 E471.41293
G1 X125.468 Y113.367 E471.41331
G1 X124.747 Y113.861 E471.41403
G1 X124.121 Y113.997 E471.41456
G1 X123.344 Y113.919 E471.41521
G1 X122.837 Y113.638 E471.4157
G1 X122.519 Y113.367 E471.41604
G1 X122.081 Y112.623 E471.41676
G1 X121.987 Y111.943 E471.41733
G1 X122.203 Y111.093 E471.41806
G1 X122.36 Y110.854 E471.4183
G0 F4800 X122.443 Y110.908
G1 F1200 X122.659 Y110.579 E471.41863
G1 X123.486 Y110.134 E471.41941
G1 X124.207 Y110.099 E471.42001
G1 X124.72 Y110.212 E471.42044
G1 X125.154 Y110.479 E471.42087
G1 X125.694 Y111.135 E471.42157
G1 X125.901 Y111.973 E471.42229
G1 X125.858 Y112.483 E471.42272
G1 X125.644 Y112.954 E471.42315
G1 X125.396 Y113.291 E471.4235
G1 X124.707 Y113.765 E471.42419
G1 X124.113 Y113.893 E471.4247
G1 X123.372 Y113.819 E471.42532
G1 X122.669 Y113.43 E471.42598
G1 X122.177 Y112.587 E471.4268
G1 X122.087 Y111.947 E471.42733
G1 X122.295 Y111.133 E471.42803
G1 X122.443 Y110.908 E471.42826
G0 F4800 X122.525 Y110.962
G1 F1200 X122.727 Y110.655 E471.42856
G1 X123.514 Y110.23 E471.4293
G1 X124.195 Y110.199 E471.42987
G1 X124.68 Y110.307 E471.43028
G1 X125.082 Y110.555 E471.43068
G1 X125.598 Y111.18 E471.43135
G1 X125.797 Y111.981 E471.43204
G1 X125.758 Y112.455 E471.43243
G1 X125.324 Y113.219 E471.43316
G1 X124.667 Y113.669 E471.43383
G1 X124.105 Y113.789 E471.4343
G1 X123.4 Y113.719 E471.43489
G1 X122.741 Y113.354 E471.43552
G1 X122.273 Y112.551 E471.43629
G1 X122.187 Y111.951 E471.4368
G1 X122.387 Y111.173 E471.43746
G1 X122.525 Y110.962 E471.43767
G0 F4800 X122.608 Y111.017
G1 F1200 X122.795 Y110.731 E471.43796
G1 X123.542 Y110.33 E471.43866
G1 X124.183 Y110.299 E471.4392
G1 X124.64 Y110.399 E471.43959
G1 X125.01 Y110.631 E471.43995
G1 X125.506 Y111.228 E471.44059
G1 X125.693 Y111.989 E471.44125
G1 X125.659 Y112.424 E471.44161
G1 X125.25 Y113.145 E471.4423
G1 X124.627 Y113.573 E471.44293
G1 X124.097 Y113.685 E471.44338
G1 X123.428 Y113.619 E471.44394
G1 X122.813 Y113.278 E471.44452
G1 X122.369 Y112.515 E471.44525
G1 X122.287 Y111.955 E471.44572
G1 X122.479 Y111.213 E471.44636
G1 X122.608 Y111.017 E471.44656
G0 F4800 X122.69 Y111.072
G1 F1200 X122.863 Y110.807 E471.44682
G1 X123.57 Y110.426 E471.44749
G1 X124.171 Y110.399 E471.44799
G1 X124.6 Y110.492 E471.44835
G1 X124.938 Y110.703 E471.44868
G1 X125.41 Y111.276 E471.4493
G1 X125.589 Y111.997 E471.44992
G1 X125.558 Y112.393 E471.45025
G1 X125.174 Y113.073 E471.4509
G1 X124.583 Y113.477 E471.45149
G1 X124.089 Y113.581 E471.45191
G1 X123.456 Y113.519 E471.45244
G1 X122.885 Y113.202 E471.45299
G1 X122.465 Y112.479 E471.45368
G1 X122.387 Y111.959 E471.45412
G1 X122.571 Y111.253 E471.45473
G1 X122.69 Y111.072 E471.45491
G0 F4800 X122.772 Y111.127
G1 F1200 X122.931 Y110.883 E471.45515
G1 X123.598 Y110.526 E471.45578
G1 X124.159 Y110.499 E471.45624
G1 X124.561 Y110.587 E471.45659
G1 X124.866 Y110.775 E471.45688
G1 X125.314 Y111.324 E471.45747
G1 X125.485 Y112.005 E471.45806
G1 X125.458 Y112.361 E471.45835
G1 X125.098 Y113.001 E471.45896
G1 X124.544 Y113.381 E471.45952
G1 X124.081 Y113.477 E471.45992
G1 X123.484 Y113.419 E471.46041
G1 X122.957 Y113.126 E471.46092
G1 X122.561 Y112.443 E471.46157
G1 X122.487 Y111.963 E471.46198
G1 X122.663 Y111.293 E471.46255
G1 X122.772 Y111.127 E471.46272
G0 F4800 X122.854 Y111.181
G1 F1200 X122.999 Y110.959 E471.46294
G1 X123.626 Y110.622 E471.46353
G1 X124.147 Y110.599 E471.46396
G1 X124.525 Y110.68 E471.46429
G1 X124.798 Y110.847 E471.46455
G1 X125.218 Y111.367 E471.46511
G1 X125.381 Y112.013 E471.46566
G1 X125.358 Y112.329 E471.46592
G1 X125.022 Y112.929 E471.4665
G1 X124.503 Y113.285 E471.46702
G1 X124.077 Y113.373 E471.46738
G1 X123.512 Y113.319 E471.46785
G1 X123.029 Y113.05 E471.46831
G1 X122.653 Y112.403 E471.46894
G1 X122.587 Y111.971 E471.4693
G1 X122.755 Y111.333 E471.46985
G1 X122.854 Y111.181 E471.47
G0 F4800 X122.936 Y111.236
G1 F1200 X123.067 Y111.035 E471.4702
G1 X123.654 Y110.722 E471.47075
G1 X124.139 Y110.699 E471.47115
G1 X124.726 Y110.919 E471.47168
G1 X125.122 Y111.407 E471.4722
G1 X125.277 Y112.021 E471.47272
G1 X125.258 Y112.301 E471.47296
G1 X124.946 Y112.857 E471.47349
G1 X124.46 Y113.189 E471.47398
G1 X124.069 Y113.269 E471.47431
G1 X123.54 Y113.219 E471.47475
G1 X123.101 Y112.974 E471.47517
G1 X122.745 Y112.363 E471.47576
G1 X122.687 Y111.979 E471.47608
G1 X122.847 Y111.373 E471.4766
G1 X122.936 Y111.236 E471.47674
G0 F4800 X123.019 Y111.291
G1 F1200 X123.135 Y111.111 E471.47692
G1 X123.682 Y110.818 E471.47743
G1 X124.124 Y110.799 E471.4778
G1 X124.661 Y110.999 E471.47828
G1 X125.026 Y111.451 E471.47876
G1 X125.173 Y112.033 E471.47926
G1 X125.158 Y112.273 E471.47946
G1 X124.87 Y112.785 E471.47995
G1 X124.42 Y113.092 E471.4804
G1 X124.065 Y113.165 E471.4807
G1 X123.568 Y113.119 E471.48112
G1 X123.173 Y112.898 E471.48149
G1 X122.837 Y112.323 E471.48205
G1 X122.787 Y111.987 E471.48233
G1 X122.939 Y111.413 E471.48282
G1 X123.019 Y111.291 E471.48294
G0 F4800 X123.1 Y111.349
G1 F1200 X123.204 Y111.186 E471.4831
G1 X123.71 Y110.918 E471.48358
G1 X124.108 Y110.899 E471.48391
G1 X124.601 Y111.082 E471.48435
G1 X124.93 Y111.495 E471.48479
G1 X125.102 Y112.164 E471.48536
G1 X124.794 Y112.713 E471.48588
G1 X124.38 Y112.996 E471.4863
G1 X124.057 Y113.061 E471.48657
G1 X123.596 Y113.019 E471.48696
G1 X123.245 Y112.822 E471.48729
G1 X122.932 Y112.287 E471.48781
G1 X122.887 Y111.991 E471.48806
G1 X123.031 Y111.457 E471.48852
G1 X123.1 Y111.349 E471.48862
G0 F4800 X123.182 Y111.404
G1 F1200 X123.272 Y111.262 E471.48876
G1 X123.738 Y111.014 E471.4892
G1 X124.092 Y110.999 E471.4895
G1 X124.541 Y111.166 E471.4899
G1 X124.834 Y111.535 E471.49029
G1 X124.994 Y112.149 E471.49082
G1 X124.718 Y112.641 E471.49128
G1 X124.34 Y112.9 E471.49167
G1 X123.624 Y112.919 E471.49226
G1 X123.317 Y112.747 E471.49255
G1 X123.025 Y112.247 E471.49303
G1 X122.987 Y111.995 E471.49325
G1 X123.123 Y111.497 E471.49368
G1 X123.182 Y111.404 E471.49377
G0 F4800 X123.263 Y111.549
G1 F1200 X123.344 Y111.336 E471.49396
G1 X123.762 Y111.114 E471.49435
G1 X124.076 Y111.099 E471.49461
G1 X124.481 Y111.25 E471.49497
G1 X124.738 Y111.575 E471.49532
G1 X124.886 Y112.137 E471.4958
G1 X124.642 Y112.569 E471.49621
G1 X124.303 Y112.802 E471.49655
G1 X123.649 Y112.817 E471.4971
G1 X123.389 Y112.671 E471.49735
G1 X123.117 Y112.207 E471.49779
G1 X123.088 Y112.006 E471.49796
G1 X123.263 Y111.549 E471.49837
G0 F4800 X123.356 Y111.584
G1 F1200 X123.424 Y111.404 E471.49853
G1 X123.79 Y111.21 E471.49887
G1 X124.059 Y111.199 E471.4991
G1 X124.417 Y111.334 E471.49942
G1 X124.642 Y111.616 E471.49972
G1 X124.778 Y112.125 E471.50015
G1 X124.566 Y112.497 E471.50051
G1 X124.271 Y112.698 E471.50081
G1 X123.673 Y112.717 E471.5013
G1 X123.461 Y112.595 E471.50151
G1 X123.164 Y112.087 E471.502
G1 X123.356 Y111.584 E471.50244
G0 F4800 X123.449 Y111.62
G1 F1200 X123.505 Y111.472 E471.50258
G1 X123.814 Y111.31 E471.50287
G1 X124.043 Y111.299 E471.50306
G1 X124.357 Y111.418 E471.50334
G1 X124.55 Y111.663 E471.50359
G1 X124.67 Y112.109 E471.50398
G1 X124.49 Y112.425 E471.50428
G1 X124.239 Y112.594 E471.50453
G1 X123.697 Y112.617 E471.50498
G1 X123.533 Y112.519 E471.50514
G1 X123.276 Y112.075 E471.50557
G1 X123.449 Y111.62 E471.50597
G0 F4800 X123.543 Y111.656
G1 F1200 X123.585 Y111.544 E471.50607
G1 X123.832 Y111.409 E471.50631
G1 X124.296 Y111.506 E471.5067
G1 X124.458 Y111.708 E471.50692
G1 X124.562 Y112.093 E471.50725
G1 X124.414 Y112.353 E471.5075
G1 X124.207 Y112.494 E471.50771
G1 X123.722 Y112.513 E471.50811
G1 X123.605 Y112.443 E471.50822
G1 X123.388 Y112.063 E471.50859
G1 X123.543 Y111.656 E471.50895
G0 F4800 X123.636 Y111.691
G1 F1200 X123.665 Y111.615 E471.50902
G1 X123.849 Y111.513 E471.50919
G1 X124.24 Y111.594 E471.50952
G1 X124.366 Y111.752 E471.50969
G1 X124.454 Y112.077 E471.50997
G1 X124.175 Y112.394 E471.51032
G1 X123.757 Y112.409 E471.51067
G1 X123.497 Y112.052 E471.51104
G1 X123.636 Y111.691 E471.51136
;TIME_ELAPSED:730.654624
G1 F1500 E461.51136
M140 S0
M107
M104 S0 ; turn off extruder
M140 S0 ; turn off bed
M84 ; disable motors
M107
G91 ;relative positioning
G1 E-1 F300 ;retract the filament a bit before lifting the nozzle, to release some of the pressure
G1 Z+0.5 E-5 ;X-20 Y-20 F80 ;move Z up a bit and retract filament even more
G28 X0 ;Y0 ;move X/Y to min endstops, so the head is out of the way
G1 Y180 F2000
M84 ;steppers off
G90
M300 P300 S4000
M82 ;absolute extrusion mode
M104 S0
;End of Gcode
;SETTING_3 {"global_quality": "[general]\\nversion = 4\\nname = My PLA/PLA+ 0.4m
;SETTING_3 m Modified\\ndefinition = anycubic_i3_mega\\n\\n[metadata]\\ntype = q
;SETTING_3 uality_changes\\nquality_type = normal\\nsetting_version = 24\\n\\n[v
;SETTING_3 alues]\\nacceleration_enabled = False\\nadhesion_type = brim\\nbridge
;SETTING_3 _settings_enabled = True\\njerk_enabled = False\\nlayer_height_0 = 0.
;SETTING_3 2\\nmaterial_bed_temperature = =default_material_bed_temperature\\nma
;SETTING_3 terial_bed_temperature_layer_0 = =material_bed_temperature\\nspeed_sl
;SETTING_3 owdown_layers = 1\\nsupport_enable = False\\nsupport_structure = norm
;SETTING_3 al\\nsupport_type = everywhere\\n\\n", "extruder_quality": ["[general
;SETTING_3 ]\\nversion = 4\\nname = My PLA/PLA+ 0.4mm Modified\\ndefinition = an
;SETTING_3 ycubic_i3_mega\\n\\n[metadata]\\ntype = quality_changes\\nquality_typ
;SETTING_3 e = normal\\nintent_category = default\\nposition = 0\\nsetting_versi
;SETTING_3 on = 24\\n\\n[values]\\nacceleration_layer_0 = 2500\\nacceleration_pr
;SETTING_3 int = 4000\\nacceleration_print_layer_0 = =acceleration_layer_0\\nacc
;SETTING_3 eleration_topbottom = 3000\\nacceleration_travel = 10000\\naccelerati
;SETTING_3 on_travel_layer_0 = 3000\\nacceleration_wall_0 = 4000\\nalternate_ext
;SETTING_3 ra_perimeter = True\\nbottom_thickness = 1.2\\nbridge_enable_more_lay
;SETTING_3 ers = False\\nbridge_fan_speed_2 = 100.0\\nbridge_fan_speed_3 = 100.0
;SETTING_3 \\nbridge_skin_density_3 = 100.0\\nbridge_skin_material_flow = 50.0\\
;SETTING_3 nbridge_skin_material_flow_2 = 75.0\\nbridge_skin_material_flow_3 = 1
;SETTING_3 00.0\\nbridge_skin_speed = 40.0\\nbridge_wall_speed = 40.0\\nbrim_lin
;SETTING_3 e_count = 10\\nbrim_width = 2.0\\nconical_overhang_enabled = False\\n
;SETTING_3 connect_infill_polygons = True\\ncool_fan_full_at_height = =0 if reso
;SETTING_3 lveOrValue('adhesion_type') == 'raft' else resolveOrValue('layer_heig
;SETTING_3 ht_0')\\ncool_fan_full_layer = 2\\ncool_fan_speed = =100.0 if cool_fa
;SETTING_3 n_enabled else 0.0\\ncool_fan_speed_0 = 25\\nexpand_skins_expand_dist
;SETTING_3 ance = =wall_line_width_0 + (wall_line_count - 1) * wall_line_width_x
;SETTING_3 \\ninfill_material_flow = =material_flow\\ninfill_overlap = =10 if in
;SETTING_3 fill_sparse_density < 95 and infill_pattern != 'concentric' else 0\\n
;SETTING_3 infill_pattern = ='lines' if infill_sparse_density > 25 else 'grid'\\
;SETTING_3 ninfill_sparse_density = 100.0\\ninfill_wall_line_count = 0\\ninfill_
;SETTING_3 wipe_dist = =wall_line_width_0 / 4 if wall_line_count == 1 else wall_
;SETTING_3 line_width_x / 4\\ninitial_layer_line_width_factor = =130 - resolveOr
;SETTING_3 Value('layer_height_0') * 100\\nironing_enabled = True\\nironing_patt
;SETTING_3 ern = concentric\\njerk_layer_0 = 2.5\\njerk_print = 4\\njerk_topbott
;SETTING_3 om = 3\\njerk_travel_layer_0 = 3\\njerk_wall = 4\\njerk_wall_0 = =jer
;SETTING_3 k_wall\\njerk_wall_x = 4\\nmaterial_final_print_temperature = =materi
;SETTING_3 al_print_temperature\\nmaterial_flow = 100\\nmaterial_flow_layer_0 = 
;SETTING_3 100\\nmaterial_initial_print_temperature = =material_print_temperatur
;SETTING_3 e\\nmaterial_print_temperature = =default_material_print_temperature\
;SETTING_3 \nmaterial_print_temperature_layer_0 = =material_print_temperature\\n
;SETTING_3 meshfix_maximum_deviation = 0.05\\nmeshfix_maximum_travel_resolution 
;SETTING_3 = 0.5\\noptimize_wall_printing_order = True\\nprime_tower_flow = =mat
;SETTING_3 erial_flow\\nretract_at_layer_change = False\\nretraction_amount = 10
;SETTING_3 \\nretraction_extra_prime_amount = 0\\nretraction_extrusion_window = 
;SETTING_3 =retraction_amount\\nretraction_hop = 0.1\\nretraction_min_travel = 1
;SETTING_3 .5\\nretraction_prime_speed = =retraction_speed\\nretraction_retract_
;SETTING_3 speed = =retraction_speed\\nretraction_speed = 25.0\\nroofing_layer_c
;SETTING_3 ount = 0\\nskin_material_flow = =material_flow\\nskin_outline_count =
;SETTING_3  0\\nskin_overlap = =5 if top_bottom_pattern != 'concentric' else 0\\
;SETTING_3 nskin_preshrink = =wall_line_width_0 + (wall_line_count - 1) * wall_l
;SETTING_3 ine_width_x\\nskirt_brim_material_flow = =material_flow\\nskirt_brim_
;SETTING_3 speed = 15\\nspeed_equalize_flow_width_factor = =100 if (False) else 
;SETTING_3 0\\nspeed_infill = =speed_print\\nspeed_layer_0 = 15\\nspeed_print = 
;SETTING_3 40\\nspeed_roofing = 16\\nspeed_topbottom = 30\\nspeed_travel = 80\\n
;SETTING_3 speed_travel_layer_0 = =speed_layer_0 * speed_travel / speed_print\\n
;SETTING_3 speed_wall = =speed_print\\nspeed_wall_0 = =speed_wall\\nspeed_wall_x
;SETTING_3  = =speed_print\\nspeed_z_hop = 30\\nsupport_bottom_stair_step_min_sl
;SETTING_3 ope = 1\\nsupport_conical_angle = -10\\nsupport_conical_min_width = 1
;SETTING_3 0\\nsupport_infill_angles = [90]\\nsupport_infill_rate = 20.0\\nsuppo
;SETTING_3 rt_interface_enable = False\\nsupport_join_distance = 2.4\\nsupport_o
;SETTING_3 ffset = 0.4\\nsupport_pattern = zigzag\\nsupport_roof_enable = False\
;SETTING_3 \nsupport_top_distance = 0.01\\nsupport_tree_angle = 30.0\\nsupport_t
;SETTING_3 ree_branch_diameter_angle = 5.0\\nsupport_xy_distance = 0.3\\nsupport
;SETTING_3 _xy_distance_overhang = =machine_nozzle_size / 2\\nsupport_z_distance
;SETTING_3  = 0.01\\nswitch_extruder_prime_speed = 1\\nswitch_extruder_retractio
;SETTING_3 n_amount = 40\\nswitch_extruder_retraction_speed = =switch_extruder_r
;SETTING_3 etraction_speeds\\nswitch_extruder_retraction_speeds = 40\\ntop_botto
;SETTING_3 m_pattern = zigzag\\ntop_bottom_thickness = 1.2\\ntravel_avoid_distan
;SETTING_3 ce = =machine_nozzle_tip_outer_diameter / 2 * 1.25\\nwall_0_material_
;SETTING_3 flow = =wall_material_flow\\nwall_0_wipe_dist = =machine_nozzle_size 
;SETTING_3 / 2\\nwall_thickness = 1.2\\nwall_x_material_flow = =wall_material_fl
;SETTING_3 ow\\nz_seam_relative = True\\nz_seam_type = back\\nz_seam_x = 0.0\\nz
;SETTING_3 _seam_y = 0.0\\nzig_zaggify_infill = True\\n\\n"]}
